{"organizations": [], "uuid": "ad53a689818dec6f8ffd548ae2f167509eb9a979", "thread": {"social": {"gplus": {"shares": 0}, "pinterest": {"shares": 0}, "vk": {"shares": 0}, "linkedin": {"shares": 0}, "facebook": {"likes": 0, "shares": 0, "comments": 0}, "stumbledupon": {"shares": 0}}, "site_full": "www.reuters.com", "main_image": "", "site_section": "http://www.reuters.com/finance/personal-finance", "section_title": "Wealth, Personal Finance &amp; Money | Reuters.com", "url": "http://www.reuters.com/article/2015/08/05/markets-stocks-europe-idUSL5N10G16T20150805", "country": "US", "title": "European shares rise, SocGen jumps 7 pct", "performance_score": 0, "site": "reuters.com", "participants_count": 1, "title_full": "European shares rise, SocGen jumps 7 pct | Reuters", "spam_score": 0.0, "site_type": "news", "published": "2015-08-05T11:14:00.000+03:00", "replies_count": 0, "uuid": "ad53a689818dec6f8ffd548ae2f167509eb9a979"}, "author": "Reuters", "url": "http://www.reuters.com/article/2015/08/05/markets-stocks-europe-idUSL5N10G16T20150805", "ord_in_thread": 0, "title": "European shares rise, SocGen jumps 7 pct", "locations": [], "entities": {"persons": [], "locations": [], "organizations": []}, "highlightText": "", "language": "english", "persons": [], "text": "LONDON Aug 5 European shares rose on Wednesday, led higher by Societe Generale which jumped 7 percent after posting its second-quarter results.\nThe French bank reported better-than-expected earnings and said it would target a slightly bigger cushion of capital and higher cost savings.\nThe pan-European FTSEurofirst 300 index was up 0.6 percent by 0707 GMT, and the euro zone's blue-chip Euro STOXX 50 index was up 0.6 percent. (Reporting by Liisa Tuhkanen; Editing by Alistair Smout )", "external_links": [], "published": "2015-08-05T11:14:00.000+03:00", "crawled": "2015-08-05T10:24:22.908+03:00", "highlightTitle": ""}