{"organizations": [], "uuid": "93a180929c57e1f9ff13bb08405a968d68ff2880", "thread": {"social": {"gplus": {"shares": 0}, "pinterest": {"shares": 0}, "vk": {"shares": 0}, "linkedin": {"shares": 0}, "facebook": {"likes": 0, "shares": 0, "comments": 0}, "stumbledupon": {"shares": 0}}, "site_full": "www.moneylife.in", "main_image": "http://moneylife.in/site/userimage/image/thumbnail/sc013815.jpg", "site_section": "http://www.moneylife.in/site/rss.php", "section_title": "Moneylife Personal Finance Magazine", "url": "http://www.moneylife.in/article/guidelines-sought-from-sc-for-orderly-functioning-of-parliament/43079.html", "country": "IN", "title": "Guidelines sought from SC for orderly functioning of parliament", "performance_score": 0, "site": "moneylife.in", "participants_count": 1, "title_full": "Guidelines sought from SC for orderly functioning of parliament", "spam_score": 0.0, "site_type": "news", "published": "2015-08-13T09:54:00.000+03:00", "replies_count": 0, "uuid": "93a180929c57e1f9ff13bb08405a968d68ff2880"}, "author": "IANS", "url": "http://www.moneylife.in/article/guidelines-sought-from-sc-for-orderly-functioning-of-parliament/43079.html", "ord_in_thread": 0, "title": "Guidelines sought from SC for orderly functioning of parliament", "locations": [], "entities": {"persons": [], "locations": [], "organizations": []}, "highlightText": "", "language": "english", "persons": [], "text": "Moneylife » Guidelines sought from SC for orderly functioning of parliament 43079 Guidelines sought from SC for orderly functioning of parliament 0 Comments, Be the first to comment + COMMENT IANS | 13/08/2015 12:24 PM | In the wake of continued disruption of the monsoon session by the opposition, an NGO moved the Supreme Court on Wednesday to seek the framing of guidelines for parliament's smooth functioning. The PIL filed by NGO Foundation for Restoration of National Values (FRNV) sought laying down of guidelines to ensure that parliament functioned without disruptions and impediments from its members, in the discharge of its legislative and representative responsibilities. The PIL sought sought the guidelines so that public at large and public exchequer were not adversely affected on account of parliamentary proceedings being \"unreasonably and unjustifiably obstructed, stalled and disrupted\" by the opposition. The non-governmental organisation (NGO) said it was concerned over the \"deterioration in the standards of governance in India and the commensurate inability of the State to abide by the commitments and principles enshrined in our constitution\". \"The fact that governance is indeed on the decline, is borne by the fact that numerous Committees and commissions appointed by the government of India have, over the years, pointed to systemic and other lapses that are still in need of urgent remedy,\" the PIL said. The PIL filed by advocate Ravi Prakash Mehrotra said the Foundation was \"deeply concerned that any further lack of action on part of the State to redress the lapses will gravely hinder its ability to adhere to its constitutional obligations\". \"There is urgent and pressing need to improve the overall structures, systems, skills, styles, policies and procedures needed for good governance, with a robust, wholesome and socially responsible administration,\" the non-governmental organisation said. It said this has to be done by simultaneously instilling in those responsible for public administration \"a deeper understanding of their responsibility to further the welfare of the people of our country\". More in Moneylife", "external_links": [], "published": "2015-08-13T09:54:00.000+03:00", "crawled": "2015-08-13T11:02:32.083+03:00", "highlightTitle": ""}