{"organizations": [], "uuid": "f9d57f11793af26c8ee624cc6fd1d164c526f450", "thread": {"social": {"gplus": {"shares": 0}, "pinterest": {"shares": 0}, "vk": {"shares": 0}, "linkedin": {"shares": 0}, "facebook": {"likes": 0, "shares": 0, "comments": 0}, "stumbledupon": {"shares": 0}}, "site_full": "uk.finance.yahoo.com", "main_image": "https://s.yimg.com/bt/api/res/1.2/6rik6AZwuPGCiADf_9dhPQ--/YXBwaWQ9eW5ld3M7cT03NTt3PTYwMA--/http://l.yimg.com/os/mit/media/m/social/images/social_default_logo-1481777.png", "site_section": "https://uk.finance.yahoo.com/news/sector-banks/?format=rss", "section_title": "Banking News - Yahoo! Finance UK", "url": "https://uk.finance.yahoo.com/news/form-8-dd-ball-corp-102300153.html", "country": "US", "title": "Form 8 (DD) - BALL CORP", "performance_score": 0, "site": "yahoo.com", "participants_count": 0, "title_full": "Form 8 (DD) - BALL CORP", "spam_score": 0.0, "site_type": "news", "published": "2015-08-05T13:23:00.000+03:00", "replies_count": 0, "uuid": "f9d57f11793af26c8ee624cc6fd1d164c526f450"}, "author": "", "url": "https://uk.finance.yahoo.com/news/form-8-dd-ball-corp-102300153.html", "ord_in_thread": 0, "title": "Form 8 (DD) - BALL CORP", "locations": ["LONDON"], "entities": {"persons": [], "locations": [], "organizations": []}, "highlightText": "", "language": "english", "persons": [], "text": "LONDON--(BUSINESSWIRE)-- FORM 8 (DD) PUBLIC DEALING DISCLOSURE BY A PARTY TO AN OFFER OR PERSON ACTING IN CONCERT (INCLUDING DEALINGS FOR THE ACCOUNT OF DISCRETIONARY INVESTMENT CLIENTS) Rules 8.1, 8.2 and 8.4 of the Takeover Code (the “Code”) \n1. KEY INFORMATION (a) Full name of discloser: Barclays Plc (b) Owner or controller of interests and short positions disclosed, if different from 1(a): The naming of nominee or vehicle companies is insufficient. For a trust, the trustee(s), settlor and beneficiaries must be named. (c) Name of offeror/offeree in relation to whose relevant securities this form relates: Use a separate form for each offeror/offeree Ball Corporation (d) Status of person making the disclosure: e.g. offeror, offeree, person acting in concert with the offeror/offeree (specify name of offeror/offeree) Connected to Rexam Plc (e) Date dealing undertaken: 04 August 2015 (f) In addition to the company in 1(c) above, is the discloser making disclosures in respect of any other party to the offer? If it is a cash offer or possible cash offer, state “N/A” NO If YES, specify which: \n2. POSITIONS OF THE PERSON MAKING THE DISCLOSURE \nIf there are positions or rights to subscribe to disclose in more than one class of relevant securities of the offeror or offeree named in 1(c), copy table 2(a) or (b) (as appropriate) for each additional class of relevant security. \n(a) Interests and short positions in the relevant securities of the offeror or offeree to which the disclosure relates following the dealing Class of relevant security:", "external_links": [], "published": "2015-08-05T13:23:00.000+03:00", "crawled": "2015-08-05T13:37:17.290+03:00", "highlightTitle": ""}