{"organizations": [], "uuid": "7a123cc0f6c8051ff5459467ab642887a298c03c", "thread": {"social": {"gplus": {"shares": 0}, "pinterest": {"shares": 0}, "vk": {"shares": 0}, "linkedin": {"shares": 0}, "facebook": {"likes": 0, "shares": 0, "comments": 0}, "stumbledupon": {"shares": 0}}, "site_full": "uk.finance.yahoo.com", "main_image": "https://s.yimg.com/bt/api/res/1.2/MAQlqD.If2b9YSGPS7WbWA--/YXBwaWQ9eW5ld3M7aWw9cGxhbmU7cT03NTt3PTYwMA--/http://globalfinance.zenfs.com/images/UK_AFTP_AFP_LIVE_1/cc41fb01f5b45d2dc7d5980fe92e397829812546_original.jpg", "site_section": "https://uk.finance.yahoo.com/news/sector-basic-materials/?format=rss", "section_title": "Basic Resources News | Yahoo! Finance", "url": "https://uk.finance.yahoo.com/news/wintershall-join-russia-germany-pipeline-234938806.html", "country": "US", "title": "Wintershall to join Russia-Germany pipeline expansion", "performance_score": 0, "site": "yahoo.com", "participants_count": 0, "title_full": "Wintershall to join Russia-Germany pipeline expansion", "spam_score": 0.0, "site_type": "news", "published": "2015-08-01T02:49:00.000+03:00", "replies_count": 0, "uuid": "7a123cc0f6c8051ff5459467ab642887a298c03c"}, "author": "", "url": "https://uk.finance.yahoo.com/news/wintershall-join-russia-germany-pipeline-234938806.html", "ord_in_thread": 0, "title": "Wintershall to join Russia-Germany pipeline expansion", "locations": [], "entities": {"persons": [], "locations": [], "organizations": []}, "highlightText": "", "language": "english", "persons": [], "text": "View Photo \n\nEnergy company Wintershall, a subsidiary of German chemicals group BASF, said Friday it planned to help Russia's Gazprom enlarge the Nord Stream gas pipeline between Russia and Germany. \n\"BASF subsidiary Wintershall intends to participate in expanding the capacities of the Nord Stream pipeline, which delivers Russian natural gas to European customers via the Baltic Sea,\" it said in a statement. \nWintershall with its memorandum of understanding joins Anglo-Dutch Shell, Germany's E.ON and Austria's OMV (Amsterdam: OM6.AS - news ) in plans to build two new pipelines with a capacity of 55 billion cubic metres per year, the statement said. \nRussia and the West have been locked in a bitter standoff over Moscow's role in the Ukraine conflict. \nRussia has sought more routes to deliver its gas to the European Union avoiding crisis-hit Ukraine, despite the 28-nation bloc insisting it wants to cut its energy dependence on Russia. \nIn the statement, Gazprom deputy chairman Alexander Medvedev said the project \"will help to further improve the security of the gas supply for the European continent\". \nBASF executive board member Hans-Ulrich Engel said the company \"looks forward to working with Gazprom and further European partners on this important infrastructure project\". \nThe first two Nord Stream lines, in which Wintershall has a 15.5 percent stake, were opened in 2012.", "external_links": [], "published": "2015-08-01T02:49:00.000+03:00", "crawled": "2015-08-01T03:15:17.472+03:00", "highlightTitle": ""}