{"organizations": [], "uuid": "c5e667d0c6f2a8899179abe6f61293a08085901d", "thread": {"social": {"gplus": {"shares": 0}, "pinterest": {"shares": 0}, "vk": {"shares": 0}, "linkedin": {"shares": 0}, "facebook": {"likes": 0, "shares": 0, "comments": 0}, "stumbledupon": {"shares": 0}}, "site_full": "www.reuters.com", "main_image": "", "site_section": "http://www.reuters.com/finance/personal-finance", "section_title": "Wealth, Personal Finance &amp; Money | Reuters.com", "url": "http://www.reuters.com/article/2015/08/13/ireland-economy-risks-idUSL5N10O39A20150813", "country": "US", "title": "Ireland sees housing shortage, UK leaving EU among key risks to recovery", "performance_score": 0, "site": "reuters.com", "participants_count": 1, "title_full": "Ireland sees housing shortage, UK leaving EU among key risks to recovery | Reuters", "spam_score": 0.0, "site_type": "news", "published": "2015-08-13T17:12:00.000+03:00", "replies_count": 0, "uuid": "c5e667d0c6f2a8899179abe6f61293a08085901d"}, "author": "Reuters", "url": "http://www.reuters.com/article/2015/08/13/ireland-economy-risks-idUSL5N10O39A20150813", "ord_in_thread": 0, "title": "Ireland sees housing shortage, UK leaving EU among key risks to recovery", "locations": [], "entities": {"persons": [], "locations": [], "organizations": []}, "highlightText": "", "language": "english", "persons": [], "text": "DUBLIN Aug 13 A housing shortage and the possibility of Britain leaving the European Union are among the key economic and social risks to Ireland's economic recovery, a government report said on Thursday.\nThe Irish economy is forecast to be the fastest-growing in Europe for the second year running in 2015, a dramatic recovery from a property and banking crash that prompted the government to start issuing annual risk assessments.\nThis year's report highlighted the increasing mismatch between household formation and housing supply with fewer than 10,000 units built a year since 2011 compared to an average of 23,000 during the 1970s, when Ireland was a much poorer country.\nAverage Dublin rents climbed 9.6 percent in the year to March, according to the latest statistics from the Private Residential Tenancies Board, and are less than 5 percent below their 2007 peak.\n\"Improving housing supply is both an immediate issue of concern - with lack of supply leading to higher rents, increased pressure on social housing and increased homelessness - and one of long-term strategic importance,\" the report said.\n\"A lack of housing and associated high prices and rental costs could also affect Ireland's attractiveness for inward investments and skilled immigrants.\"\nThe report also highlighted the economy's \"heavy dependence on a relatively small number of multinational corporations\", leaving employment, economic growth and tax revenues vulnerable to changes in Ireland's attractiveness as a location for those companies.\nOn Britain's planned EU membership referendum, the report said a fundamental change to the role of the United Kingdom in the EU, or a period of continuing uncertainty, could present significant challenges for the union and Ireland in particular.\nIt emphasized Britain's position as an important ally within the EU on negotiations, Ireland's significant economic and trading ties with its nearest neighbour, and the impact any changes would have on British-controlled Northern Ireland.\nOther risks identified included the high level of household debt in Ireland - second only to the Netherlands in the euro zone - and the 60 percent of all unemployed people who have been out of work for more than a year and might not share in the recovery in employment. (Reporting by Padraic Halpin ; Editing by Mark Heinrich )", "external_links": [], "published": "2015-08-13T17:12:00.000+03:00", "crawled": "2015-08-13T16:18:43.378+03:00", "highlightTitle": ""}