{"organizations": [], "uuid": "4fb190ea47113628283969a4ac90cc37056fcc3a", "thread": {"social": {"gplus": {"shares": 0}, "pinterest": {"shares": 0}, "vk": {"shares": 0}, "linkedin": {"shares": 0}, "facebook": {"likes": 0, "shares": 0, "comments": 0}, "stumbledupon": {"shares": 0}}, "site_full": "au.finance.yahoo.com", "main_image": "https://s.yimg.com/bt/api/res/1.2/6rik6AZwuPGCiADf_9dhPQ--/YXBwaWQ9eW5ld3M7cT03NTt3PTYwMA--/http://l.yimg.com/os/mit/media/m/social/images/social_default_logo-1481777.png", "site_section": "https://au.finance.yahoo.com/news/topic-top-stories/?format=rss", "section_title": "Australian Business & World Finance News - Yahoo!7 Finance", "url": "https://au.finance.yahoo.com/news/super-rate-9-5pc-simply-034657618.html", "country": "GB", "title": "Super rate of 9.5pc 'simply too low': FSC", "performance_score": 0, "site": "yahoo.com", "participants_count": 0, "title_full": "Super rate of 9.5pc 'simply too low': FSC", "spam_score": 0.0, "site_type": "news", "published": "2015-08-06T14:04:00.000+03:00", "replies_count": 0, "uuid": "4fb190ea47113628283969a4ac90cc37056fcc3a"}, "author": "", "url": "https://au.finance.yahoo.com/news/super-rate-9-5pc-simply-034657618.html", "ord_in_thread": 0, "title": "Super rate of 9.5pc 'simply too low': FSC", "locations": [], "entities": {"persons": [], "locations": [], "organizations": []}, "highlightText": "", "language": "english", "persons": [], "text": "Print \nThe financial services industry has warned that 80 per cent of Australians will still be accessing either the full or part pension by 2050. \nFinancial Services Council chief executive Sally Loane told a conference on the Gold Coast this would be a \"huge number\", considering that by then the compulsory superannuation system would have been running for 60 years. \nShe said while the government's commitment to no negative changes to the tax treatment of super in this term or the next was welcome after years of tinkering, Australians were still not saving enough. \nEven under the Abbott government's proposed increase in the age pension eligibility age to 70, seven in 10 retirees will still receive some form of the age pension by 2055. \n\"A superannuation guarantee rate of 9.5 per cent is simply too low to help Australians self-fund their retirement,\" Ms Loane said. \nLast September the government froze the super guarantee at 9.5 per cent until 2021, at which point it will start increasing incrementally in order to reach 12 per cent by July 2025. \nMs Loane wants the government and the opposition to commit to a 12 per cent rate by 2022, the 30th anniversary of compulsory superannuation. \n\"We can't sustain a budget where 80 per cent of us will be on the age pension,\" she says. \nResearch by Rice Warner shows the decision to pause and slow down increases in the super guarantee has resulted in a $136 billion blow-out in the retirement savings gap. \nThat is the difference between what workers save and what they require for an adequate retirement. \nThe research shows this gap closes when the super guarantee rises to 12 per cent. \nLabor's spokesman for superannuation Bernie Ripoll said the research confirms the damage done by the government to the super balances of millions of Australian workers. \nHe said Tony Abbott had promised before the last election no adverse changes to superannuation and then froze the super guarantee and scrapped the low income superannuation contribution. \n\"These new figures confirm once again that Tony Abbott and the Liberal Party can never be trusted with the super balances of low and middle-income Australians,\" Mr Ripoll said in a statement. @y7finance on Twitter, become a fan on Facebook Women jobseekers boost jobless rate AAP \nA surge in the number of women looking for work has pushed up Australia's unemployment rate. The nation's jobless …", "external_links": [], "published": "2015-08-06T14:04:00.000+03:00", "crawled": "2015-08-06T15:02:12.496+03:00", "highlightTitle": ""}