{"organizations": [], "uuid": "46f1ddf86e47bca30f41491457f0277c469db76d", "thread": {"social": {"gplus": {"shares": 0}, "pinterest": {"shares": 0}, "vk": {"shares": 0}, "linkedin": {"shares": 0}, "facebook": {"likes": 0, "shares": 0, "comments": 0}, "stumbledupon": {"shares": 0}}, "site_full": "www.equipmentfa.com", "main_image": "", "site_section": "http://www.equipmentfa.com/rss/feeds/latestnews.xml", "section_title": "Equipment Finance Advisor", "url": "http://www.equipmentfa.com/news/4559/med-one-capital-expands-into-general-equipment-leasing", "country": "US", "title": "Med One Capital Expands Into General Equipment Leasing", "performance_score": 0, "site": "equipmentfa.com", "participants_count": 0, "title_full": "Med One Capital Expands Into General Equipment Leasing", "spam_score": 0.0, "site_type": "news", "published": "2015-08-05T14:18:00.000+03:00", "replies_count": 0, "uuid": "46f1ddf86e47bca30f41491457f0277c469db76d"}, "author": "", "url": "http://www.equipmentfa.com/news/4559/med-one-capital-expands-into-general-equipment-leasing", "ord_in_thread": 0, "title": "Med One Capital Expands Into General Equipment Leasing", "locations": [], "entities": {"persons": [], "locations": [], "organizations": []}, "highlightText": "", "language": "english", "persons": [], "text": "  Med One Capital Expands Into General Equipment Leasing August 05, 2015, 07:18 AM Filed Under: Industry News \nVenturing beyond their normal medical industry clientele, Med One Capital announced the company now offers leases to businesses that operate in other industry and equipment sectors.At a time when small and middle market business is booming, Med One Capital has expanded beyond health care leasing to include general commercial leasing. After 25 years of leasing experience, their flexible financing solutions and leasing infrastructure are now available to help companies outside of the medical industry acquire the equipment they need to operate their businesses.In recent years, middle-market companies have occupied the healthiest sector of the job market. Med One Capital aims to assist businesses in achieving their goals. In accordance with their resolution to provide flexible financing solutions, Med One Capital provides both capital lease and operating lease options that can be completely tailored to individual business needs.Med One Capital offers general leasing services directly to businesses or by partnering with equipment vendors for a variety of equipment types based on each individual company’s need and credit profile.Larry Stevens, president and CEO of Med One Capital, stated, \"More and more we are finding opportunities to assist businesses that are outside of the healthcare arena with their equipment needs. The collective years of experience in the equipment leasing industry represented by our team members makes this a logical step in our efforts to offer the Med One way of doing things to a much wider customer base.\"Med One Capital aims to assist small and middle market businesses in achieving their company goals. Today's Other News", "external_links": [], "published": "2015-08-05T14:18:00.000+03:00", "crawled": "2015-08-06T06:20:00.374+03:00", "highlightTitle": ""}