{"organizations": [], "uuid": "d5af4da4779d699b631fd5c7000ac142a26e6c94", "thread": {"social": {"gplus": {"shares": 0}, "pinterest": {"shares": 0}, "vk": {"shares": 0}, "linkedin": {"shares": 0}, "facebook": {"likes": 0, "shares": 0, "comments": 0}, "stumbledupon": {"shares": 0}}, "site_full": "www.equipmentfa.com", "main_image": "", "site_section": "http://www.equipmentfa.com/rss/feeds/latestnews.xml", "section_title": "Equipment Finance Advisor", "url": "http://www.equipmentfa.com/news/4562/patriot-equipment-finance-expands-into-canada-hires-managing-director", "country": "US", "title": "Patriot Equipment Finance Expands Into Canada, Hires Managing Director", "performance_score": 0, "site": "equipmentfa.com", "participants_count": 0, "title_full": "Patriot Equipment Finance Expands Into Canada, Hires Managing Director", "spam_score": 0.0, "site_type": "news", "published": "2015-08-05T14:10:00.000+03:00", "replies_count": 0, "uuid": "d5af4da4779d699b631fd5c7000ac142a26e6c94"}, "author": "", "url": "http://www.equipmentfa.com/news/4562/patriot-equipment-finance-expands-into-canada-hires-managing-director", "ord_in_thread": 0, "title": "Patriot Equipment Finance Expands Into Canada, Hires Managing Director", "locations": ["Canada"], "entities": {"persons": [], "locations": [], "organizations": []}, "highlightText": "", "language": "english", "persons": [], "text": "  Patriot Equipment Finance Expands Into Canada, Hires Managing Director August 05, 2015, 07:10 AM Related: Patriot Equipment Finance \nPatriot Equipment Finance, LLC. (\"PEF\") is expanding and opening their first of several offices in Canada. This office will allow PEF to better serve existing and future clients in a market where they already had many existing relationships. \n\"This is an important move for PEF as it demonstrates our commitment to serving North America and it will ensure that PEF is committed to providing an infield relationship to our Canadian clients\" said Anthony Salm, President and Managing Director of Patriot. \"PEF is committed to our core belief that our company will be a trusted advisor in the industries we serve when it comes to providing tailored equipment finance solutions.\"In conjunction with the new office opening, PEF is announcing Claudio Mancuso as the new Managing Director, Canada, based out of the new Toronto operation. \"Claudio is a former CEO, CFO and Vice President, Treasurer of public companies and has raised billions of dollars in the open credit markets. He has overseen both lease and debt financing, and understands the challenges a Financial Manager/CFO faces each and every day. His extensive capital markets experience gives us valuable insight on how our solutions can better serve our clients especially in the construction and mining markets,\" explains Mr. Salm. \"Claudio will be responsible for building a staff in Canada and growing and building on our existing relationships to better serve the equipment finance needs of Canadian domiciled companies\".PEF has built a formidable business in a very short time starting in January of 2015. Clients benefit from PEF's expertise in structuring highly complicated equipment lease solutions that allow customers to benefit from both funding transactions from its private equity, as well as its expertise in matching wholesale capital to credit quality in the vertical markets they serve. Today's Other News", "external_links": [], "published": "2015-08-05T14:10:00.000+03:00", "crawled": "2015-08-06T06:20:17.747+03:00", "highlightTitle": ""}