{"organizations": [], "uuid": "bf1ad1c2eb56b4ebc99d81db45c4c0543493504f", "thread": {"social": {"gplus": {"shares": 0}, "pinterest": {"shares": 0}, "vk": {"shares": 0}, "linkedin": {"shares": 0}, "facebook": {"likes": 0, "shares": 0, "comments": 0}, "stumbledupon": {"shares": 0}}, "site_full": "www.simplyhired.com", "main_image": "", "site_section": "http://www.simplyhired.com/a/job-feed/rss/o-13205", "section_title": "Finance jobs | Simply Hired", "url": "http://www.simplyhired.com/job/yz2cj22gs4", "country": "US", "title": "Private Group in Indiana Seeks Additional FP - Easy Access to Chicago - 213413 at CompHealth (Indiana)", "performance_score": 0, "site": "simplyhired.com", "participants_count": 0, "title_full": "Private Group in Indiana Seeks Additional FP - Easy Access to Chicago - 213413 at CompHealth (Indiana)", "spam_score": 0.0, "site_type": "news", "published": "2015-08-05T09:18:00.000+03:00", "replies_count": 0, "uuid": "bf1ad1c2eb56b4ebc99d81db45c4c0543493504f"}, "author": "", "url": "http://www.simplyhired.com/job/yz2cj22gs4", "ord_in_thread": 0, "title": "Private Group in Indiana Seeks Additional FP - Easy Access to Chicago - 213413 at CompHealth (Indiana)", "locations": ["Indiana", "Chicago"], "entities": {"persons": [], "locations": [], "organizations": []}, "highlightText": "", "language": "english", "persons": [], "text": "Source: Locum Jobs Online Join thriving group with beautiful facilities4-1/2 day work weekStay in the office all day and utilize HospitalistsSee an average of 20 patients per dayPartnership offered after 2 yearsSigning bonusLive in a community of 50,000MalpracticeHealth benefitsRelocation package up to $10,000$5K for CMERetirement planGrowing MSG is adding an FP to office-only practice; no hospital work. Located in northern Indiana with easy access to Chicago. At CompHealth, we do more than fill jobs and present opportunities. We deliver a rewarding experience that results in the best possible outcome for clients, healthcare providers and their patients.", "external_links": [], "published": "2015-08-05T09:18:00.000+03:00", "crawled": "2015-08-05T11:40:29.913+03:00", "highlightTitle": ""}