{"organizations": ["National Association of Realtors"], "uuid": "7c1027b6e4ae6b79f9aefbbe1307016e6ed727a3", "thread": {"social": {"gplus": {"shares": 0}, "pinterest": {"shares": 0}, "vk": {"shares": 0}, "linkedin": {"shares": 0}, "facebook": {"likes": 0, "shares": 0, "comments": 0}, "stumbledupon": {"shares": 0}}, "site_full": "money.cnn.com", "main_image": "http://i2.cdn.turner.com/money/dam/assets/150811121845-san-jose-real-estate-620xa.jpg", "site_section": "http://rss.cnn.com/rss/money_pf.rss", "section_title": "Personal finance news - CNNMoney.com", "url": "http://money.cnn.com/2015/08/11/real_estate/median-home-price/index.html?section=money_pf", "country": "US", "title": "The median home price here is $980,000", "performance_score": 0, "site": "cnn.com", "participants_count": 0, "title_full": "The median home price here is $980,000", "spam_score": 0.0, "site_type": "news", "published": "2015-08-11T20:11:00.000+03:00", "replies_count": 0, "uuid": "7c1027b6e4ae6b79f9aefbbe1307016e6ed727a3"}, "author": "", "url": "http://money.cnn.com/2015/08/11/real_estate/median-home-price/index.html?section=money_pf", "ord_in_thread": 0, "title": "The median home price here is $980,000", "locations": ["Calif.", "U.S.", "San Jose"], "entities": {"persons": [], "locations": [], "organizations": []}, "highlightText": "", "language": "english", "persons": ["Kathryn Vasel"], "text": "The median home price here is $980,000 By Kathryn Vasel @KathrynVasel The median price of an existing home in San Jose, Calif., was $980,000. Home prices are soaring across the country, increasing in 93% of markets in the U.S., according to the National Association of Realtors, with 19% experiencing double-digit growth. \nNationwide, the median existing home price rose to $229,400 in the second quarter, up 8.2% from last year. \nBut tell that to the people who live in northern California . The San Jose, Calif., metro area -- which includes Silicon Valley -- is the most expensive with a median home price of $980,000. \nThe Golden State is home to four out of the five most expensive housing markets in the nation. \nRelated: Looking to buy a home? Here's your 10-step guide \nA number of factors are propping up home prices , including rising rents and more economic confidence. But lack of inventory remains the biggest accelerator. \n\"If supply were plentiful, prices wouldn't be rising as quickly in spite of jobs and rents rising,\" said Danielle Hale, director of housing statistics at the National Association of Realtors. \"The supply is really the clinching factor.\" \nWhile home prices have recovered, sales remain a drag. \"New construction is needed, particularly at the low and middle end,\" said Hale. \nRelated: Here's where rents are rising the fastest \nFirst-time buyers have been creeping back into the market, making up 30% of buyers in June, she added. \nRising home prices are good news for owners gaining equity and sellers , but they can hurt affordability. According to the NAR, to buy a $229,400 home with a 20% down payment a buyer would need an income of $41,427. \nHere are the median home prices of single-family homes in the five most expensive markets: \nSan Jose, Calif.: $980,000", "external_links": [], "published": "2015-08-11T20:11:00.000+03:00", "crawled": "2015-08-11T20:38:18.394+03:00", "highlightTitle": ""}