{"organizations": ["Berkshire Hathaway"], "uuid": "03a581c88a8825634cb62b08e9f8bd3081e4487a", "thread": {"social": {"gplus": {"shares": 0}, "pinterest": {"shares": 0}, "vk": {"shares": 0}, "linkedin": {"shares": 0}, "facebook": {"likes": 0, "shares": 0, "comments": 0}, "stumbledupon": {"shares": 0}}, "site_full": "uk.finance.yahoo.com", "main_image": "https://s.yimg.com/bt/api/res/1.2/6rik6AZwuPGCiADf_9dhPQ--/YXBwaWQ9eW5ld3M7cT03NTt3PTYwMA--/http://l.yimg.com/os/mit/media/m/social/images/social_default_logo-1481777.png", "site_section": "https://uk.finance.yahoo.com/news/sector-conglomerates/?format=rss", "section_title": "Conglomerate Sector News | Yahoo! Finance", "url": "https://uk.finance.yahoo.com/news/berkshire-hathaway-adds-industrial-heft-193455625.html", "country": "US", "title": "Berkshire Hathaway adds to its industrial heft", "performance_score": 0, "site": "yahoo.com", "participants_count": 0, "title_full": "Berkshire Hathaway adds to its industrial heft", "spam_score": 0.0, "site_type": "news", "published": "2015-08-10T22:34:00.000+03:00", "replies_count": 0, "uuid": "03a581c88a8825634cb62b08e9f8bd3081e4487a"}, "author": "", "url": "https://uk.finance.yahoo.com/news/berkshire-hathaway-adds-industrial-heft-193455625.html", "ord_in_thread": 0, "title": "Berkshire Hathaway adds to its industrial heft", "locations": [], "entities": {"persons": [], "locations": [], "organizations": []}, "highlightText": "", "language": "english", "persons": [], "text": "Tip : Use comma (,) to separate multiple quotes. Learn more... \nMon, Aug 10, 2015, 21:05 BST - UK Markets closed Berkshire Hathaway adds to its industrial heft Berkshire Hathaway adds to its industrial heft with $32B Precision Castparts acquisition By The Associated Press | Associated Press – 30 minutes ago 143.42 -0.13 \nThe heart of Warren Buffett's Berkshire Hathaway lies in insurance and finance, but a string of massive industrial deals have shifted the balance of the conglomerate's holdings toward industrial and manufacturing firms. Here are select companies that Berkshire Hathaway has acquired, or is seeking to acquire. Company Tax cuts, pensions, childcare, online accounts and beer duty, here's … Related Stock Articles Follow the quotes you care about most. Access timely news and investment updates to stay on top of the market. … More » Yahoo UK & Ireland Finance Terms \nQuotes are real-time for NASDAQ, NYSE, and NYSEAmex when available. See also delay times for other exchanges . Quotes and other information supplied by independent providers identified on the Yahoo! Finance partner page . Quotes are updated automatically, but will be turned off after 25 minutes of inactivity. Quotes are delayed at least 15 minutes. All information provided \"as is\" for informational purposes only, not intended for trading purposes or advice. Neither Yahoo! nor any of independent providers is liable for any informational errors, incompleteness, or delays, or for any actions taken in reliance on information contained herein. By accessing the Yahoo! site, you agree not to redistribute the information found therein. \nFundamental company data provided by Capital IQ . Historical chart data and daily updates provided by Commodity Systems, Inc. (CSI) . International historical chart data and daily updates provided by Morningstar, Inc . Yahoo! - News Network", "external_links": [], "published": "2015-08-10T22:34:00.000+03:00", "crawled": "2015-08-10T23:05:42.325+03:00", "highlightTitle": ""}