{"organizations": ["Ace Back-to-School Shopping"], "uuid": "fa6bd9c1216b320de935bc13e3a62a7af0e1428f", "thread": {"social": {"gplus": {"shares": 0}, "pinterest": {"shares": 0}, "vk": {"shares": 0}, "linkedin": {"shares": 0}, "facebook": {"likes": 0, "shares": 0, "comments": 0}, "stumbledupon": {"shares": 0}}, "site_full": "hffo.cuna.org", "main_image": "", "site_section": "http://hffo.cuna.org/22035/front/22035/rss", "section_title": "Missouri Credit Union Personal Finance", "url": "http://hffo.cuna.org/22035/article/4004/html", "country": "US", "title": "Everything You Need to Know to Ace Back-to-School Shopping", "performance_score": 0, "site": "cuna.org", "participants_count": 0, "title_full": "Everything You Need to Know to Ace Back-to-School Shopping", "spam_score": 0.0, "site_type": "news", "published": "2015-08-13T03:00:00.000+03:00", "replies_count": 0, "uuid": "fa6bd9c1216b320de935bc13e3a62a7af0e1428f"}, "author": "", "url": "http://hffo.cuna.org/22035/article/4004/html", "ord_in_thread": 0, "title": "Everything You Need to Know to Ace Back-to-School Shopping", "locations": [], "entities": {"persons": [], "locations": [], "organizations": []}, "highlightText": "", "language": "english", "persons": [], "text": "Everything You Need to Know to Ace Back-to-School Shopping by Consumer Education editors \nIt's the 2nd most expensive retail season on the calendar after the winter holidays. Are you ready to take the savings test? Here's how to make the grade in back-to-school shopping. \n(Click infographic to enlarge.)", "external_links": [], "published": "2015-08-13T03:00:00.000+03:00", "crawled": "2015-08-13T23:48:08.422+03:00", "highlightTitle": ""}