{"organizations": ["LendingTree"], "uuid": "21e92519e7232b662fb8799c6b3b984306e23892", "thread": {"social": {"gplus": {"shares": 0}, "pinterest": {"shares": 0}, "vk": {"shares": 0}, "linkedin": {"shares": 0}, "facebook": {"likes": 0, "shares": 0, "comments": 0}, "stumbledupon": {"shares": 0}}, "site_full": "globenewswire.com", "main_image": "http://globenewswire.com/Attachment/LogoDisplay/313836?filename=313836.jpg&amp;size=1", "site_section": "http://globenewswire.com//Rss/industry/8773/Consumer%20Finance", "section_title": "GlobeNewswire: Industry News on Consumer Finance", "url": "http://globenewswire.com/news-release/2015/08/11/759741/10145605/en/ditech-Wins-LendingTree-s-Top-10-Customer-Satisfaction-Award.html?f=22&fvtc=3&fvtv=8773", "country": "US", "title": "ditech Wins LendingTree's Top 10 Customer Satisfaction Award", "performance_score": 0, "site": "globenewswire.com", "participants_count": 0, "title_full": "ditech Wins LendingTree's Top 10 Customer Satisfaction Award", "spam_score": 0.0, "site_type": "news", "published": "2015-08-11T16:57:00.000+03:00", "replies_count": 0, "uuid": "21e92519e7232b662fb8799c6b3b984306e23892"}, "author": "", "url": "http://globenewswire.com/news-release/2015/08/11/759741/10145605/en/ditech-Wins-LendingTree-s-Top-10-Customer-Satisfaction-Award.html?f=22&fvtc=3&fvtv=8773", "ord_in_thread": 0, "title": "ditech Wins LendingTree's Top 10 Customer Satisfaction Award", "locations": [], "entities": {"persons": [], "locations": [], "organizations": []}, "highlightText": "", "language": "english", "persons": [], "text": "ditech Wins LendingTree's Top 10 Customer Satisfaction Award August 11, 2015 09:57 ET | Source: ditech \nFORT WASHINGTON, Pa., Aug. 11, 2015 (GLOBE NEWSWIRE) -- Ditech Mortgage Corp (\"ditech\") announced today that it has been named by LendingTree® as winner of the Top 10 Customer Satisfaction Award, designating the company as one of the most highly ranked lenders in the second quarter of 2015. \nBased on customer reviews, the Top Ten list is developed weighing average review ratings and the volume of reviews. Customers rate lenders on mortgage rates, fees and closing costs, responsiveness, customer service and overall experience. \n\"After reintroducing the ditech brand to the market only a year ago, we're thrilled to be recognized as a top lender by LendingTree,\" said Rich Smith, Chief Marketing Officer at ditech. \"Amidst what can be a very confusing time for consumers, we strive to create a seamless and pleasant experience, helping our customers to fully understand the home buying or refinance process and feel confident in their decision to work with us.\" \nLendingTree's Top Ten Customer Rated Lenders list is based on ratings and reviews filed between April 1, 2015 and June 30, 2015. \nAbout ditech \nDitech Mortgage Corp (\"ditech\") is a well-known home lender. Headquartered in Fort Washington, PA, the company provides residential mortgage products through a team of home loan specialists who are easily accessible by phone (1-800-700-9212), online and in-person. The company's Correspondent Lending division has a legacy of building successful business solutions and partners with 600+ financial institutions nationwide, providing capital market expertise and financial stability. ditech is owned by Walter Investment Management Corp., a leading business solutions provider focused on generating recurring, fee-based revenues from an \"asset-light\" platform.   www.ditech.com . Megan Keohane Buchanan Public Relations (610) 228-0404 Related Articles", "external_links": [], "published": "2015-08-11T16:57:00.000+03:00", "crawled": "2015-08-12T09:16:06.964+03:00", "highlightTitle": ""}