{"organizations": ["Fed"], "uuid": "e48dc147f36ec2de96a06c678e753df659daec54", "thread": {"social": {"gplus": {"shares": 0}, "pinterest": {"shares": 0}, "vk": {"shares": 0}, "linkedin": {"shares": 0}, "facebook": {"likes": 0, "shares": 0, "comments": 0}, "stumbledupon": {"shares": 0}}, "site_full": "business-news.thestreet.com", "main_image": "", "site_section": "http://business-news.thestreet.com/delaware-county-news-network/rss/627", "section_title": "Delaware County News Network : Personal Finance", "url": "http://business-news.thestreet.com/delaware-county-news-network/story/why-the-fed-shouldnt-boost-rates-yet-but-may-anyway/13240559", "country": "US", "title": "Why the Fed Shouldn't Boost Rates Yet -- but May Anyway", "performance_score": 0, "site": "thestreet.com", "participants_count": 0, "title_full": "Why the Fed Shouldn't Boost Rates Yet -- but May Anyway", "spam_score": 0.0, "site_type": "news", "published": "2015-08-04T13:10:00.000+03:00", "replies_count": 0, "uuid": "e48dc147f36ec2de96a06c678e753df659daec54"}, "author": "", "url": "http://business-news.thestreet.com/delaware-county-news-network/story/why-the-fed-shouldnt-boost-rates-yet-but-may-anyway/13240559", "ord_in_thread": 0, "title": "Why the Fed Shouldn't Boost Rates Yet -- but May Anyway", "locations": [], "entities": {"persons": [], "locations": [], "organizations": []}, "highlightText": "", "language": "english", "persons": ["Tim Mullaney"], "text": "Why the Fed Shouldn't Boost Rates Yet -- but May Anyway Written by: Tim Mullaney 08/04/15 - 6:10 AM EDT \nNEW YORK ( TheStreet ) -- If this week's jobs report comes in as average or even weak, the Federal Reserve should probably postpone raising rates until later this year. But that doesn't mean it will. \nLast week's economic news disappointed those who think the Fed will (or should) raise interest rates in September. Now it's up to the jobs report to make the case for that hike -- if a case can yet be made. Cognizant Technology Stock Still a Solid Buy in IT Consulting \nFed Chair Janet Yellen has made clear that she expects to raise the fed funds rate sometime this year, in what will be the first rate hike since 2006. But the mediocre performance of the economy recently is raising the prospect that the already much-delayed tightening of monetary policy could be delayed again until the December meeting of the Federal Open Market Committee. \nEconomists expect Friday's jobs report to show 212,000 jobs were added in July, according to a survey by Econoday, down from last month's 223,000 or the 244,000 monthly average for the last year. That prediction follows last week's reports that the economy grew at a slower-than-expected 2.3% annual rate during the second quarter, and that wages rose only 2% over the last year. The reports didn't measure up to what Yellen described to Congress in mid-July, or what she told an audience in Cleveland on July 10, when she said a rate hike would come this year. \nThe GDP growth rate is less than it was before the Fed raised rates in 2004 for the first time after the tech-bust recession. The ratio of unemployed people who have been out of work for six months or longer is still three percentage points higher than it was in June 2004. And the number of part-time workers who want full-time work is still 1.9 million higher than in 2004. \nCore inflation, as measured by the index the Fed prefers, has been 1.2% the past year, well under its 2% target range, and counting the volatile food and energy segments, it's flat as a board. With oil plunging again, accelerating inflation isn't at hand. \nIf Yellen's mantra of \"data dependency\" means anything, the Fed should wait. But that doesn't make the decision easy. \n\"Janet Yellen has a very tough job, because this has been a very long recovery and at maybe the lowest levels [of growth] in U.S. history,\" said Andres Capital Management investment chief Bob Andres. \"There's a reason she's afraid to raise rates and there's a reason they haven't.\" \nThe threshold for a rate hike should be 3% growth and some combination of 250,000 jobs and a return to the 2.3% year-over-year wage growth that the economy achieved in three of the first six months of the year. If Yellen & Co. settle for less, they are raising rates when GDP growth is at or below trend, job growth is decelerating, inflation is way below its target and there's a couple of million workers' worth of slack left in the jobs market, coupled with the factory capacity-utilization rate running seven percentage points below where it normally peaks in recoveries. 1", "external_links": [], "published": "2015-08-04T13:10:00.000+03:00", "crawled": "2015-08-04T13:46:34.444+03:00", "highlightTitle": ""}