{"organizations": ["Business & Professional Services", "DTA"], "uuid": "9ff4694f8aa7865e4fe6160dcffb015a3dd8b046", "thread": {"social": {"gplus": {"shares": 0}, "pinterest": {"shares": 0}, "vk": {"shares": 0}, "linkedin": {"shares": 0}, "facebook": {"likes": 0, "shares": 0, "comments": 0}, "stumbledupon": {"shares": 0}}, "site_full": "www.artipot.com", "main_image": "", "site_section": "http://rss.artipot.com/category/83", "section_title": "Artipot: Finance > Taxes Articles", "url": "http://www.artipot.com/articles/1922667/personal-tax-companies-individual-owners-get-a-sigh-of-relief-now.htm", "country": "US", "title": "Personal Tax Companies - Individual Owners Get A Sigh Of Relief Now (Richard Mathhews)", "performance_score": 0, "site": "artipot.com", "participants_count": 0, "title_full": "Personal Tax Companies - Individual Owners Get A Sigh Of Relief Now (Richard Mathhews)", "spam_score": 0.0, "site_type": "news", "published": "2015-08-14T10:03:00.000+03:00", "replies_count": 0, "uuid": "9ff4694f8aa7865e4fe6160dcffb015a3dd8b046"}, "author": "", "url": "http://www.artipot.com/articles/1922667/personal-tax-companies-individual-owners-get-a-sigh-of-relief-now.htm", "ord_in_thread": 0, "title": "Personal Tax Companies - Individual Owners Get A Sigh Of Relief Now (Richard Mathhews)", "locations": ["South Africa", "Johannesburg"], "entities": {"persons": [], "locations": [], "organizations": []}, "highlightText": "", "language": "english", "persons": ["Richard Mathhews"], "text": "By Richard Mathhews Aug 14, 2015 The governmental officials to avoid tax thefts conduct external official tax audits, which is happening in massive amounts already, since ages now all across the world. There are millions of people that try to evade taxes all the while during all the ages. Governments have strict norms to catch hold of the tax thefts and lay more penalties to these people that try to cut corners. To avoid such things to happen in your business organization or even if you are an individual that owns properties, then you have to make sure that you deal with the perfectly experienced, and certified Personal Tax companies crew to serve you. If you are not so inclined to find the best then you may have to invite risks unnecessarily. On the other hand, when you hire the services of this best Tax Consulting South Africa you can choose to cut down costs and risks too. Rely on the impressive Import procurement documentation services. You will appreciate the completely dependable maintenance of Records and Registers solutions. The majority, find the completely trustworthy Monthly and Annual Returns services. Bounteous number of Hub spot enthusiasts writes about this judicious squad of obtaining Job work permissions solutions.The specialists know technical loopholes. Experience teaches them the needful. Specifically, sign with this Marvelous masters of preparation of Monthly Returns services. Briefly, join hands with your unquestionable Retainer-ship services. Ask your doubts with the contributive, Plant Relocations solutions. Always rely on the best and expert team of Accessibility Statement services. In this essay, sign with the discerning Advice on Accounting solutions. You can choose the sensational representatives of Audits services. It is good to get the suggestions from the tax solicitors always. An illustration of, note this ever respected Business & Professional Services services. Without doubt, #1 will be one customer centric claiming VAT input credits solutions. Look at the specials from the dirty minded pros of clearances of Project Imports services. Copious number of video buffs discuss about this completely reliable Commissioner Relief solutions. See facts about this phenomenal best Consulting services. Businesses can grow and prosper better with the best tax guidance. No need to instruct the truly trustworthy Consumer Business services. In the same way, check first your confident DTA procurement documentation solutions. In the same way, consult with stunning work force of Energy & Resources services. On the contrary, ask advice of the 100% assuring financial solutions. Of course, #1 can solely be this service oriented Financial Advisory services. Most of the SMB sector rely on the efficiency of the tax pros. Commonly, work with this representative masters of Half Yearly Consumption Records services. After examining, mark the highly professional Half-yearly returns solutions. Standard bureaus reward the highly creative Health and Safety tax services. Literally speaking, check out these highly legitimate Human Capital tax solutions. Scale success heights with the truly truthful Industries tax services. Openly, #1 should be the sincere and committed Merchant Exporter - CT1 procedures solutions. About the Author Taxdoers is a fast growing, dynamic firm providing professional tax companies and discrete financial services, Corporate Income Tax solutions and Personal Tax companies. Taxdoers provide Personal Tax specialists Johannesburg for all types of businesses with the perspective to reduce tax liabilities. Rating:", "external_links": [], "published": "2015-08-14T10:03:00.000+03:00", "crawled": "2015-08-15T18:14:45.023+03:00", "highlightTitle": ""}