{"organizations": [], "uuid": "e674671c50bfdfb2a694ec7929b6154a09e1a84e", "thread": {"social": {"gplus": {"shares": 0}, "pinterest": {"shares": 0}, "vk": {"shares": 0}, "linkedin": {"shares": 0}, "facebook": {"likes": 0, "shares": 0, "comments": 0}, "stumbledupon": {"shares": 0}}, "site_full": "uk.finance.yahoo.com", "main_image": "https://s.yimg.com/bt/api/res/1.2/6rik6AZwuPGCiADf_9dhPQ--/YXBwaWQ9eW5ld3M7cT03NTt3PTYwMA--/http://l.yimg.com/os/mit/media/m/social/images/social_default_logo-1481777.png", "site_section": "https://uk.finance.yahoo.com/news/provider-telegraph/?format=rss", "section_title": "Finance News | Telegraph - Yahoo! UK & Ireland Finance", "url": "https://uk.finance.yahoo.com/news/ryanair-says-first-airline-fly-102144975.html", "country": "US", "title": "Ryanair says it is the first airline to fly over 10 million passengers in one month", "performance_score": 0, "site": "yahoo.com", "participants_count": 0, "title_full": "Ryanair says it is the first airline to fly over 10 million passengers in one month", "spam_score": 0.0, "site_type": "news", "published": "2015-08-05T13:21:00.000+03:00", "replies_count": 0, "uuid": "e674671c50bfdfb2a694ec7929b6154a09e1a84e"}, "author": "", "url": "https://uk.finance.yahoo.com/news/ryanair-says-first-airline-fly-102144975.html", "ord_in_thread": 0, "title": "Ryanair says it is the first airline to fly over 10 million passengers in one month", "locations": [], "entities": {"persons": [], "locations": [], "organizations": []}, "highlightText": "", "language": "english", "persons": [], "text": "Tip : Use comma (,) to separate multiple quotes. Learn more... \nWed, Aug 5, 2015, 11:38 BST - UK Markets close in 4 hrs 52 mins Ryanair says it is the first airline to fly over 10 million passengers in one month By Ben Martin | Telegraph – 16 minutes ago 1,708.00 +22.0000 \nThe low-cost airline claimed it has broken a record and flown more customers than any other carrier \nLow-cost carrier Ryanair said it flew more than 10 million international passengers last month, a feat it claimed was a first for any airline. \nTraffic rose by 11pc to a record 10.14 million customers in July, compared with the same month a year earlier, the Dublin-based airline disclosed on Wednesday. \nRyanair's load factor - a key measure indicating how many seats flown were actually occupied - increased by 4 percentage points to 95pc. \n\"This is the first time ever that any airline has carried over 10 million international customers in one calendar month,\" said Kenny Jacobs, of Ryanair. \nRyanair boss Michael O'Leary \nThe budget airline, which is led by outspoken chief executive Michael O'Leary, used its latest traffic figures to take a swipe at Aer Lingus (Other OTC: AELGF - news ) , which it failed to buy three times . \nIreland (Other OTC: IRLD - news ) 's flag carrier is now being acquired by British Airways-owner International Airlines Group, which is helmed by Mr O'Leary's fierce rival Willie Walsh. \n\"We carried more customers in one month (10.14 million in July) than Aer Lingus carried in a whole year (9.77 million in 2014),\" Mr Jacobs said. \nHe added that the growth in passenger numbers was partly down to Ryanair's efforts to revamp its image and improve customer service , an initiative it has called its \"Always Getting Better\" campaign. \n\"These record customer numbers and highest ever load factors are due to our lower fares, our stronger forward bookings and the continuing success of our “Always Getting Better” customer experience programme, which continues to deliver stronger than expected traffic and load factors on our biggest ever summer schedule,\" Mr Jacobs said. \nSeparately, Wizz Air (LSE: WIZZ.L - news ) , an Eastern Europe-focused no-frills carrier, also reported strong growth on Wednesday, with its passenger numbers surging by one-fifth to almost 2 mimllion in July. It posted a load factor of 92.7pc, up 1.1 percentage point.", "external_links": [], "published": "2015-08-05T13:21:00.000+03:00", "crawled": "2015-08-05T13:38:32.670+03:00", "highlightTitle": ""}