{"organizations": ["FIS", "SunGard"], "uuid": "5d8099c90f059c9bdc5723986e004ae3a8fb8177", "thread": {"social": {"gplus": {"shares": 0}, "pinterest": {"shares": 0}, "vk": {"shares": 0}, "linkedin": {"shares": 0}, "facebook": {"likes": 0, "shares": 0, "comments": 0}, "stumbledupon": {"shares": 0}}, "site_full": "www.wsj.com", "main_image": "http://si.wsj.net/public/resources/images/BN-JV046_0812fi_G_20150812075020.jpg", "site_section": "http://finance.yahoo.com/rss/headline?s=KKR", "section_title": "Yahoo! Finance: KKR News", "url": "http://www.wsj.com/articles/fis-to-buy-financial-tech-firm-sungard-for-9-1-billion-including-debt-1439378354?ru=yahoo?mod=yahoo_itp", "country": "GB", "title": "FIS to Buy SunGard for $5.1 Billion", "performance_score": 0, "site": "wsj.com", "participants_count": 0, "title_full": "FIS to Buy SunGard for $5.1 Billion", "spam_score": 0.0, "site_type": "news", "published": "2015-08-13T02:44:00.000+03:00", "replies_count": 0, "uuid": "5d8099c90f059c9bdc5723986e004ae3a8fb8177"}, "author": "", "url": "http://www.wsj.com/articles/fis-to-buy-financial-tech-firm-sungard-for-9-1-billion-including-debt-1439378354?ru=yahoo?mod=yahoo_itp", "ord_in_thread": 0, "title": "FIS to Buy SunGard for $5.1 Billion", "locations": [], "entities": {"persons": [], "locations": [], "organizations": []}, "highlightText": "", "language": "english", "persons": [], "text": "FIS to Buy SunGard for $5.1 Billion Acquisition will end bid by financial software company’s private-equity owners to take it public By ryan.dezember@wsj.com Updated Aug. 12, 2015 1:40 p.m. ET \nFidelity National Information Services Inc. agreed to buy SunGard for $5.1 billion in cash and stock, a decade after a group of private-equity firms acquired the financial software company in one of the signature deals of the buyout boom that preceded the financial crisis. \nThe deal will end plans by SunGard’s owners to take it public. The Wayne, Pa., company had tapped underwriters for an initial public offering, The Wall Street... To Read the Full Story, Subscribe or Sign In Popular on WSJ", "external_links": [], "published": "2015-08-13T02:44:00.000+03:00", "crawled": "2015-08-13T03:20:36.190+03:00", "highlightTitle": ""}