{"organizations": [], "uuid": "7676e0320ccc8906388654dab7505619d4d3e692", "thread": {"social": {"gplus": {"shares": 0}, "pinterest": {"shares": 0}, "vk": {"shares": 0}, "linkedin": {"shares": 0}, "facebook": {"likes": 0, "shares": 0, "comments": 0}, "stumbledupon": {"shares": 0}}, "site_full": "www.reuters.com", "main_image": "", "site_section": "http://www.reuters.com/finance/personal-finance", "section_title": "Wealth, Personal Finance &amp; Money | Reuters.com", "url": "http://www.reuters.com/article/2015/08/06/eurozone-greece-bailout-tspiras-idUSL5N10H57U20150806", "country": "US", "title": "Tsipras and Hollande want bailout agreed after August 15", "performance_score": 0, "site": "reuters.com", "participants_count": 1, "title_full": "Tsipras and Hollande want bailout agreed after August 15 | Reuters", "spam_score": 0.0, "site_type": "news", "published": "2015-08-06T23:11:00.000+03:00", "replies_count": 0, "uuid": "7676e0320ccc8906388654dab7505619d4d3e692"}, "author": "Reuters", "url": "http://www.reuters.com/article/2015/08/06/eurozone-greece-bailout-tspiras-idUSL5N10H57U20150806", "ord_in_thread": 0, "title": "Tsipras and Hollande want bailout agreed after August 15", "locations": [], "entities": {"persons": [], "locations": [], "organizations": []}, "highlightText": "", "language": "english", "persons": [], "text": "ATHENS Aug 6 Greek Prime Minister Alexis Tsipras and French President Francois Hollande agreed on Thursday that a new bailout for Greece could and should be agreed soon after August 15.\nThe two men were speaking in Egypt on the sidelines of a ceremony to inaugurate the New Suez Canal, the Greeek prime minister's office in Athens said.", "external_links": [], "published": "2015-08-06T23:11:00.000+03:00", "crawled": "2015-08-06T22:27:54.401+03:00", "highlightTitle": ""}