{"organizations": [], "uuid": "6d4af93160c0a161e613af58d08ae34a915352fb", "thread": {"social": {"gplus": {"shares": 0}, "pinterest": {"shares": 0}, "vk": {"shares": 0}, "linkedin": {"shares": 0}, "facebook": {"likes": 0, "shares": 0, "comments": 0}, "stumbledupon": {"shares": 0}}, "site_full": "uk.finance.yahoo.com", "main_image": "https://s.yimg.com/bt/api/res/1.2/6rik6AZwuPGCiADf_9dhPQ--/YXBwaWQ9eW5ld3M7cT03NTt3PTYwMA--/http://l.yimg.com/os/mit/media/m/social/images/social_default_logo-1481777.png", "site_section": "https://uk.finance.yahoo.com/news/provider-sharecast/?format=rss", "section_title": "Finance News | Sharecast - Yahoo! UK & Ireland Finance", "url": "https://uk.finance.yahoo.com/news/lok-n-stores-annual-revenue-100000685.html", "country": "GB", "title": "Lok 'n Store's annual revenue climbs on expansion plans", "performance_score": 0, "site": "yahoo.com", "participants_count": 0, "title_full": "Lok 'n Store's annual revenue climbs on expansion plans", "spam_score": 0.0, "site_type": "news", "published": "2015-08-11T13:00:00.000+03:00", "replies_count": 0, "uuid": "6d4af93160c0a161e613af58d08ae34a915352fb"}, "author": "", "url": "https://uk.finance.yahoo.com/news/lok-n-stores-annual-revenue-100000685.html", "ord_in_thread": 0, "title": "Lok 'n Store's annual revenue climbs on expansion plans", "locations": [], "entities": {"persons": [], "locations": [], "organizations": []}, "highlightText": "", "language": "english", "persons": [], "text": "Tip : Use comma (,) to separate multiple quotes. Learn more... \nTue, Aug 11, 2015, 11:16 BST - UK Markets close in 5 hrs 14 mins Lok 'n Store's annual revenue climbs on expansion plans By Daniel Cancian | Sharecast – 16 minutes ago Print \n  Self-storage provider Lok'n Store Group saw revenues rise this year, while new store openings are expecting to further boost sales and earnings. In the 12 months to 31 July, the London-listed group reported a 12% year-on-year rise in revenue, as occupancy grew 0.6% and price per let square foot rose 4.1%. \nIn a short statement released on Tuesday, the company said its document storage division was rapidly improving and reported a 36% year-on-year increase in the number of boxes stored. \nThe group, which earlier this year opened new stores in Reading and Aldershot, said it was continuing to invest in the future growth of the business. \n\"Trading at the new Reading, Maidenhead and Aldershot stores has been excellent underpinning our confidence that further new stores in Southampton, Bristol and Chichester opening over the coming twelve months will add further impetus to sales and earnings growth,\" said group chief executive Andrew Jacobs. \nLok'n Store shares were up 0.67% to 286.90p at 0915 BST on Tuesday.", "external_links": [], "published": "2015-08-11T13:00:00.000+03:00", "crawled": "2015-08-11T13:19:23.232+03:00", "highlightTitle": ""}