{"organizations": ["Reuters Health", "Cigna", "DOJ"], "uuid": "5f66f9713d118703ab99b4984cc2209f2e30db01", "thread": {"social": {"gplus": {"shares": 0}, "pinterest": {"shares": 0}, "vk": {"shares": 0}, "linkedin": {"shares": 0}, "facebook": {"likes": 0, "shares": 0, "comments": 0}, "stumbledupon": {"shares": 0}}, "site_full": "uk.finance.yahoo.com", "main_image": "https://s.yimg.com/bt/api/res/1.2/6rik6AZwuPGCiADf_9dhPQ--/YXBwaWQ9eW5ld3M7cT03NTt3PTYwMA--/http://l.yimg.com/os/mit/media/m/social/images/social_default_logo-1481777.png", "site_section": "https://uk.finance.yahoo.com/news/sector-health-care/?format=rss", "section_title": "Health Care News | Pharmaceutical News - Yahoo! Finance UK", "url": "https://uk.finance.yahoo.com/news/u-hospitals-urge-doj-antitrust-182345067.html", "country": "US", "title": "U.S. hospitals urge DOJ antitrust probe of Anthem-Cigna deal", "performance_score": 0, "site": "yahoo.com", "participants_count": 0, "title_full": "U.S. hospitals urge DOJ antitrust probe of Anthem-Cigna deal", "spam_score": 0.0, "site_type": "news", "published": "2015-08-06T22:47:00.000+03:00", "replies_count": 0, "uuid": "5f66f9713d118703ab99b4984cc2209f2e30db01"}, "author": "", "url": "https://uk.finance.yahoo.com/news/u-hospitals-urge-doj-antitrust-182345067.html", "ord_in_thread": 0, "title": "U.S. hospitals urge DOJ antitrust probe of Anthem-Cigna deal", "locations": ["Washington", "U.S.", "Anthem-Cigna"], "entities": {"persons": [], "locations": [], "organizations": []}, "highlightText": "", "language": "english", "persons": ["Caroline Humer", "David Cordani"], "text": "Cigna CEO David Cordani is interviewed at the Reuters Health Summit 2014 in Washington April 1, 2014. … By Caroline Humer \nNEW YORK (Reuters) - U.S. hospitals urged antitrust regulators this week to consider whether health insurer Anthem Inc's (ANTM.N) planned acquisition of rival Cigna Corp (CI.N) would boost healthcare costs. \nIn a letter to the Department of Justice, the hospital industry's largest lobbying group said combining the No. 1 and No. 5 health insurers threatens to reduce competition in 817 geographic markets serving 45 million consumers. \nIn many of those markets, the American Hospital Association said, there are no strong competitors to buy assets that Anthem or Cigna might want to sell to pass muster with federal authorities. State insurance regulators will also look at the deal. \nA Cigna spokesman did not have an immediate comment. \nAnthem said in an emailed statement that it plans to meet with stakeholders, including hospitals. \"Our commitment to ensuring consumers have access to affordable health coverage and quality care is the foundation of the proposed transaction,\" the statement said. \nOn July 24, Anthem announced plans to buy Cigna for $47 billion, just weeks after Aetna Inc (AET.N) inked an agreement with Humana Inc (HUM.N). The deals will reduce the number of national insurers to three from five. \nAnthem and Cigna have said they expect the deal to pass antitrust scrutiny and they have considered where asset sales might be needed. \nThe hospital association said in the letter dated Aug. 5 that it doubted Anthem and Cigna would find a suitable buyer for assets that provide insurance plans to millions of customers, also known as covered lives. \n\"In the 817 at-risk markets, over half the lives that need to be divested reside across 368 (metro regions) and rural counties with no divestiture possibility,\" the group wrote. \nAnthem and Cigna may need to divest from 2.9 million to 3.7 million covered lives in the commercial business to preserve competition in those markets, it said, and 1.7 million to 2 million of those are in markets with no suitable acquirer. The analysis was based on the Herfindahl-Hirschman Index that measures market concentration. \nIn the commercial self-funded insurance business, where employers pay Anthem and Cigna to manage benefits, 4.4 million to 4.7 million covered lives may need to be sold, and there is no satisfactory acquirer for 2.8 million to 3 million lives, the letter said. \nThe hospitals also urged the DOJ to look at the reduced competition in the market for national customers, citing the Federal Trade Commission case against Sysco Corp., which the FTC won. \n(Reporting by Caroline Humer; Editing by David Gregorio)", "external_links": [], "published": "2015-08-06T22:47:00.000+03:00", "crawled": "2015-08-07T08:53:33.442+03:00", "highlightTitle": ""}