{"organizations": [], "uuid": "57dde0b0425b3b0c36dc5c501bbb718f9eb0fdfb", "thread": {"social": {"gplus": {"shares": 0}, "pinterest": {"shares": 0}, "vk": {"shares": 0}, "linkedin": {"shares": 0}, "facebook": {"likes": 0, "shares": 0, "comments": 0}, "stumbledupon": {"shares": 0}}, "site_full": "www.prweb.com", "main_image": "http://ww1.prweb.com/prfiles/2014/03/17/12889529/RCN logo.png", "site_section": "http://www.prweb.com/rss2/finance.xml", "section_title": "Business: Finance", "url": "http://www.prweb.com/releases/RCN_Starz/08/prweb12889529.htm", "country": "US", "title": "RCN Launches New Starz Trio of STARZ PLAY, ENCORE PLAY and MOVIEPLEX PLAY", "performance_score": 0, "site": "prweb.com", "participants_count": 1, "title_full": "RCN Launches New Starz Trio of STARZ PLAY, ENCORE PLAY and MOVIEPLEX PLAY", "spam_score": 0.0, "site_type": "news", "published": "2015-08-06T03:00:00.000+03:00", "replies_count": 0, "uuid": "57dde0b0425b3b0c36dc5c501bbb718f9eb0fdfb"}, "author": "AnnMarie DePaulis", "url": "http://www.prweb.com/releases/RCN_Starz/08/prweb12889529.htm", "ord_in_thread": 0, "title": "RCN Launches New Starz Trio of STARZ PLAY, ENCORE PLAY and MOVIEPLEX PLAY", "locations": [], "entities": {"persons": [], "locations": [], "organizations": []}, "highlightText": "", "language": "english", "persons": [], "text": "RCN , an industry-leading provider of high-speed Internet, digital TV and phone services, today announced the launch of Starz’s authenticated trio of online services including STARZ PLAY, ENCORE PLAY and MOVIEPLEX PLAY. With the additional online services, subscribers have access to more than 2,000 monthly titles of STARZ Original series, first-run and premier movies, and favorite TV episodes that they can access anywhere, anytime. This move is part of RCN’s commitment to provide customers the most value with their Digital TV subscription. So far this year, RCN has enabled 25 additional “TV Everywhere” networks , bringing their total to over 75. That means RCN Digital TV customers can watch hit TV shows from over 75 channels like ABC, Disney, ESPN, FX, HGTV, and many more – whenever and wherever, on their smartphone, tablet or PC. Customers simply need to go to a channel’s website or download their app – then sign in using their RCN Digital TV login credentials.\n“Our customers are looking for more content that is accessible on multiple devices and screens,” said Chris Fenger, Chief Operating Officer at RCN. “At RCN we are continuing to expand viewing options for our customers, delivering a high-quality user experience while also enabling them to watch their favorite shows at their convenience, anywhere they want. We are unwavering in our commitment to offer our customers the TV they love, in a way that’s best for them.”\nWith the STARZ PLAY , ENCORE PLAY and MOVIEPLEX PLAY trio, RCN cable customers will enjoy expanded features including:\nUnlimited Access: STARZ Original series, new release movies and Hollywood hits, comedy, documentaries and much more. Ability to watch STARZ live on STARZ PLAY. Creation of personalized Play Lists so customers can watch a program later or easily watch what they want on up to 4 devices at once. Play Shifting: Pause on one device and continue on another from the same spot – automatically.\nRCN Digital TV customers who subscribe to STARZ, ENCORE, and MOVIEPLEX can enjoy the quality original programming and commercial-free movies offered on the respective services. To access STARZ PLAY, ENCORE PLAY and MOVIEPLEX PLAY customers can download the apps free from iTunes, Google Play and Xbox App Stores. Customers then sign in by selecting RCN as their Digital TV provider and use their MyRCN credentials to finish the sign in process and enjoy immediate viewing.\nPLAY device support is available for STARZ PLAY, ENCORE PLAY and MOVIEPLEX PLAY on a wide array of platforms for displays big and small including Xbox One, Xbox 360, PCs/Macs, and personal devices including iPhone, iPad & iPod touch and several Android handsets, tablets and other platforms including Fire HD tablets, NOOK HD, NOOK HD+ and select Google Nexus devices including the Nexus 4, Nexus 7, and Nexus 10. For a complete list of supported devices, please visit assets.starzplay.com/devices .\nAdditional information about RCN’s digital TV, Internet and phone bundles can be found at rcn.com or by calling 1-800-RING-RCN.\nAbout RCN Telecom Services, LLC\nRCN Telecom Services, LLC ( http://www.rcn.com and http://www.rcn.com/business ) provides industry-leading high-speed Internet, all-digital TV and phone services for residential, small/medium and Enterprise business customers. PC Magazine’s Readers’ Choice Award named RCN one of the winners for best ISPs in 2013 and 2015 – RCN was rated highest in overall satisfaction. RCN is YouTube HD Verified, earning the company the highest-ranking Google offers. RCN is also a Netflix Open Connect partner, placing in the top 10 rankings in the markets RCN serves on the Netflix USA ISP Speed Index. RCN's affordably priced advanced digital services are delivered through our proprietary, state-of-the-art fiber-rich network and supported by 100% U.S.-based customer service. RCN's primary service areas include Boston, Chicago, Lehigh Valley (PA), New York City, Philadelphia and Washington, D.C.\nABOUT STARZ\nStarz (NASDAQ: STRZA, STRZB) is a leading integrated global media and entertainment company with operating units that provide premium subscription video programming on domestic U.S. pay television channels (Starz Networks), global content distribution (Starz Distribution) and animated television and movie production (Starz Animation), http://www.starz.com .\nStarz Networks is a leading provider of premium subscription video programming through the flagship STARZ® and ENCORE® pay TV networks which showcase premium original programming and movies to U.S. multichannel video distributors, including cable operators, satellite television providers, and telecommunications companies. As of June 30, 2015, STARZ and ENCORE serve a combined 56.8 million subscribers, including 23.5 million at STARZ, and 33.3 million at ENCORE, making them the largest pair of premium flagship channels in the U.S. STARZ® and ENCORE®, along with Starz Networks’ third network MOVIEPLEX®, air more than 1,000 movies monthly across 17 linear networks, complemented by On Demand and authenticated online offerings through STARZ PLAY, ENCORE PLAY, and MOVIEPLEX PLAY. Starz Distribution develops, produces and acquires entertainment content, distributing it to consumers globally on DVD, digital formats and traditional television. Starz Distribution’s home video, digital media and worldwide distribution business units distribute original programming content produced by Starz, as well as entertainment content for itself and third parties. Starz Animation produces animated TV and movie content for studios, networks, distributors and audiences worldwide.\nRCN Media Contact:\nJaymie Scotto & Associates for RCN\n866-695-3629 ext. 13\njsa_rcn(at)jaymiescotto(dot)com", "external_links": ["http://www.prweb.net/Redirect.aspx?id=aHR0cDovL3d3dy5yY24uY29tL2h1Yi90di1vbi10aGUtZ28vcmNuMmdvLXdoYXQtY2FuLWktd2F0Y2g=", "http://www.rcn.com/business", "http://www.prweb.net/Redirect.aspx?id=aHR0cDovL3d3dy5yY24uY29tL2h1Yi9jdXN0b21lci1jZW50ZXIvbXlyY24tYWNjb3VudA==", "http://www.prweb.net/Redirect.aspx?id=aHR0cDovL3d3dy5yY24uY29tL2J1c2luZXNz", "http://www.prweb.net/Redirect.aspx?id=aHR0cDovL3d3dy5yY24uY29tL2RjLW1ldHJvLw==", "http://www.prweb.net/Redirect.aspx?id=aHR0cDovL3d3dy5yY24uY29tL2RjLW1ldHJvL2RpZ2l0YWwtY2FibGUtdHYvcHJlbWl1bS1jaGFubmVscy9zdGFyeg==", "http://www.prweb.net/Redirect.aspx?id=aHR0cDovL2Fzc2V0cy5zdGFyenBsYXkuY29tL2RldmljZXMvIy9pcGFk", "http://www.prweb.net/Redirect.aspx?id=aHR0cDovL3d3dy5yY24uY29t", "http://www.prweb.net/Redirect.aspx?id=aHR0cDovL3d3dy5zdGFyei5jb20="], "published": "2015-08-06T03:00:00.000+03:00", "crawled": "2015-08-06T16:29:28.937+03:00", "highlightTitle": ""}