{"organizations": [], "uuid": "4638787f88ab054d7093679fc64a326154f64e3e", "thread": {"social": {"gplus": {"shares": 0}, "pinterest": {"shares": 0}, "vk": {"shares": 0}, "linkedin": {"shares": 0}, "facebook": {"likes": 0, "shares": 0, "comments": 0}, "stumbledupon": {"shares": 0}}, "site_full": "cajnewsafrica.com", "main_image": "http://cajnewsafrica.com/wp-content/uploads/2015/08/Meter.jpg", "site_section": "http://cajnewsafrica.com/category/finance-banking/feed/", "section_title": "CAJ News Africa » Finance & Banking", "url": "http://cajnewsafrica.com/2015/08/12/senate-seeks-abolishment-of-fixed-power-charges/", "country": "US", "title": "Senate seeks abolishment of fixed power charges", "performance_score": 0, "site": "cajnewsafrica.com", "participants_count": 1, "title_full": "Senate seeks abolishment of fixed power charges", "spam_score": 0.0, "site_type": "news", "published": "2015-08-12T08:46:00.000+03:00", "replies_count": 0, "uuid": "4638787f88ab054d7093679fc64a326154f64e3e"}, "author": "Admin", "url": "http://cajnewsafrica.com/2015/08/12/senate-seeks-abolishment-of-fixed-power-charges/", "ord_in_thread": 0, "title": "Senate seeks abolishment of fixed power charges", "locations": [], "entities": {"persons": [], "locations": [], "organizations": []}, "highlightText": "", "language": "english", "persons": [], "text": "Senate seeks abolishment of fixed power charges \nFrom AUGUSTINE OSAYANDE in Abuja, Nigeria ABUJA, (CAJ News) – NIGERIA ‘ s upper house of national assembly has urged the National Electricity Regulatory Commission (NERC) to immediately enforce the abolishment of fixed charges collected from electricity consumers across the country. \nThe House also urged the commission to inquire into numerous complainsraised by consumers, in line with provision 74 subsection (1) b of the Power Sector Reform Act. \nLegislators asked NERC to direct the electricity distribution companies(DISCOs) to discontinue the practice of compulsory bulk metering ofvillages and communities in the rural areas.The commission and the Consumer Protection Council have been urged to makeconsumers aware of the remedies available to them in the event ofinefficient services by the DISCOS. \nThe upper chamber directed the commission to make a regulation to mandate DISCOs to discontinue the practice of making consumers pay for their meters, electricity poles and transformers which by law are properties ofthe Distribution Companies.They took the decision following a motion move by Senator Sam Egwu,seconded by Dino Melaye.Egwu noted that the NERC was established to among others to license andregulate persons engaged in the generation, transmission, operation distribution and trading of electricity. \nEgwu expresses concern that despite all efforts by the government, therehad been constant arbitrariness whereby electricity consumers were charged extortionate rates, fixed rate based on the use of the billed meters installed by the old Power Holding Company of Nigeria.He added that with the present economic situation in the country, many Nigerians would not be able to access one of the very basic needs of life.“Even Nigerians that have the prepaid meters are being billed a fixed rateof about N700 per month and we wonder what is the purpose of the fixedrate,” said Egwu. \nSenate President, Bukola Saraki, commended the legislators for theircontribution and promised that the Senate would help resolve the challenges. \n– CAJ  //cajnewsafrica.com/?p=7403   12 2015. Filed under Africa & World , Electricity , Energy , Finance & Banking .  ", "external_links": [], "published": "2015-08-12T08:46:00.000+03:00", "crawled": "2015-08-12T09:49:12.665+03:00", "highlightTitle": ""}