{"organizations": [], "uuid": "d3998c3aaf0e4e5ff2019d3904461f410087a9ab", "thread": {"social": {"gplus": {"shares": 0}, "pinterest": {"shares": 0}, "vk": {"shares": 0}, "linkedin": {"shares": 0}, "facebook": {"likes": 0, "shares": 0, "comments": 0}, "stumbledupon": {"shares": 0}}, "site_full": "www.financialexpress.com", "main_image": "http://www.financialexpress.com/wp-content/uploads/2015/05/Coal-APs.jpg", "site_section": "http://www.financialexpress.com/section/industry/banking-finance/", "section_title": "Banking and Finance News:Banking News,Finance News,Bank and Finance News Today | The Financial Express", "url": "http://www.financialexpress.com/article/economy/third-round-of-coal-auction-takes-off-jspl-others-in-race/117296", "country": "IE", "title": "Third round of coal auction takes off; JSPL, others in race", "performance_score": 0, "site": "financialexpress.com", "participants_count": 1, "title_full": "Third round of coal auction takes off; JSPL, others in race | The Financial Express", "spam_score": 0.0, "site_type": "news", "published": "2015-08-11T20:29:00.000+03:00", "replies_count": 0, "uuid": "d3998c3aaf0e4e5ff2019d3904461f410087a9ab"}, "author": "financialexpress.com", "url": "http://www.financialexpress.com/article/economy/third-round-of-coal-auction-takes-off-jspl-others-in-race/117296", "ord_in_thread": 0, "title": "Third round of coal auction takes off; JSPL, others in race", "locations": [], "entities": {"persons": [], "locations": [], "organizations": []}, "highlightText": "", "language": "english", "persons": [], "text": "The third phase of coal auction started on Tuesday, with companies such as Jindal Steel and Power (JSPL) and Godawari Natural Resources queuing up for the two mines on offer on Day 1.\nBefore the auction began, Coal Secretary Anil Swarup tweeted: “Auction of Bhaskarpara and Marki Mangli 1 coal blocks to commence from 1100 hours today.”\nAfter clearing the technical bidding stage, JSPL, Crest Steel and Power Pvt, Godawari Natural Resources, Grace Industries, Lloyds Metals and Energy and Topworth Urja & Metals became eligible to bid for these two blocks – Bhaskarpara in Chhattisgarh and Marki Mangli-I in Maharashtra.\nWhile extractable reserves of Marki Mangli-I mine are 9.96 million tonnes (MT), the figure for Bhaskarpara is 24.06 MT.\nChitarpur mine in Jharkhand will be on the block on Wednesday while Parbatpur Central mine in Jharkhand and Majra in Maharashtra are marked for Thursday.\nThe schedule for the auction of Jamkhani coal mine in Odisha will be announced at a later date due to a court case.\n“Pursuant to the Delhi High Court case, the schedule for e-auction of Jamkhani coal mine shall be announced at a later date,” the Coal Ministry said on its website.\nLast week, 22 applications from companies, including Hindalco, Vedanta, JSW Steel and SAIL, had cleared the initial stage.\nThe government had earlier said it will auction 10 coal mines for steel, cement as well as captive power plants.\nIt has so far auctioned 29 coal blocks in two tranches to private companies and garnered over Rs 2 lakh crore, surpassing CAG’s loss estimate of Rs 1.86 lakh crore in allotment of mines earlier without auction.\n 11, 2015 12:29 pm", "external_links": [], "published": "2015-08-11T20:29:00.000+03:00", "crawled": "2015-08-11T18:07:21.467+03:00", "highlightTitle": ""}