{"organizations": ["S & T Bancorp"], "uuid": "751d0ceea9de255add90350f6835bb141902f1db", "thread": {"social": {"gplus": {"shares": 0}, "pinterest": {"shares": 0}, "vk": {"shares": 0}, "linkedin": {"shares": 0}, "facebook": {"likes": 0, "shares": 0, "comments": 0}, "stumbledupon": {"shares": 0}}, "site_full": "www.dakotafinancialnews.com", "main_image": "http://www.dakotafinancialnews.com/logos/st-bancorp-logo.png", "site_section": "http://www.google.ca/finance/company_news?q=NASDAQ:STBA&ei=zIG5U_DmF4W-wQOOoICIDQ&output=rss", "section_title": "News for S & T Bancorp Inc - Google Finance", "url": "http://www.dakotafinancialnews.com/s-t-bancorp-upgraded-by-zacks-to-buy-stba/349540/", "country": "IL", "title": "S & T Bancorp Upgraded by Zacks to Buy (STBA)", "performance_score": 0, "site": "dakotafinancialnews.com", "participants_count": 0, "title_full": "S & T Bancorp Upgraded by Zacks to Buy (STBA)", "spam_score": 0.0, "site_type": "news", "published": "2015-08-13T02:37:00.000+03:00", "replies_count": 0, "uuid": "751d0ceea9de255add90350f6835bb141902f1db"}, "author": "", "url": "http://www.dakotafinancialnews.com/s-t-bancorp-upgraded-by-zacks-to-buy-stba/349540/", "ord_in_thread": 0, "title": "S & T Bancorp Upgraded by Zacks to Buy (STBA)", "locations": [], "entities": {"persons": [], "locations": [], "organizations": []}, "highlightText": "", "language": "english", "persons": [], "text": "Tweet \nZacks upgraded shares of S & T Bancorp (NASDAQ:STBA) from a hold rating to a buy rating in a report released on Wednesday, Analyst Ratings Network.com reports. They currently have $34.00 price target on the financial services provider’s stock. \nAccording to Zacks, “S & T BANCORP, INC. is a bank holding company which is engaged in general banking business. The Bank is a full service bank with its main office in Indiana, Pennsylvania, providing service to its customers through a branch of 34 offices located in Armstrong, Allegheny, Indiana, Jefferson, Clearfield and Westmoreland counties. The Bank’s services include accepting time and demand deposit accounts, making secured and unsecured commercial and consumer loans, providing letters of credit, and offering discount brokerage services, personal financial planning and credit card services. “ \nSeveral other equities research analysts have also recently issued reports on STBA. Keefe, Bruyette & Woods reissued a buy rating on shares of S & T Bancorp in a report on Thursday, July 23rd. Piper Jaffray lowered shares of S & T Bancorp from an overweight rating to a neutral rating and lifted their price objective for the stock from $30.00 to $32.00 in a research note on Wednesday, July 22nd. They noted that the move was a valuation call. Finally, RBC Capital boosted their target price on shares of S & T Bancorp from $29.00 to $32.00 and gave the company a sector perform rating in a research note on Wednesday, July 22nd. Four equities research analysts have rated the stock with a hold rating and two have assigned a buy rating to the stock. The stock currently has an average rating of Hold and a consensus target price of $32.00. \nIn related news, Director James Thomas Gibson sold 75,000 shares of the company’s stock in a transaction that occurred on Thursday, July 23rd. The stock was sold at an average price of $32.54, for a total value of $2,440,500.00. The sale was disclosed in a document filed with the SEC, which is available at this link . \nShares of S & T Bancorp ( NASDAQ:STBA ) traded down 2.35% during trading on Wednesday, reaching $30.31. 42,859 shares of the company traded hands. The company has a market capitalization of $1.06 billion and a P/E ratio of 15.84. S & T Bancorp has a 52 week low of $23.07 and a 52 week high of $32.88. The company’s 50-day moving average price is $30.56 and its 200-day moving average price is $28.86. \nS & T Bancorp (NASDAQ:STBA) last issued its quarterly earnings data on Tuesday, July 21st. The financial services provider reported $0.52 earnings per share for the quarter, topping the Thomson Reuters consensus estimate of $0.48 by $0.04. The business earned $62.20 million during the quarter, compared to the consensus estimate of $59 million. During the same quarter last year, the company earned $0.49 EPS. Equities research analysts forecast that S & T Bancorp will post $2.04 EPS for the current fiscal year. \nThe firm also recently disclosed a dividend, which will be paid on Thursday, August 20th. Investors of record on Thursday, August 6th will be paid a $0.18 dividend. The ex-dividend date is Tuesday, August 4th. \nS&T Bancorp, Inc. ( NASDAQ:STBA ) is a bank holding company. The Company operates through its wholly owned subsidiaries, including   S&T operates   which   deposits,   services; Wealth Management, which offers   deeds, guardian and custodian of employee benefits and other trust and brokerage services, as well as a registered investment advisor that manages private investment accounts for individuals and institutions, and Insurance, includes an insurance agency offering commercial property and casualty insurance, group life and health coverage, employee benefit solutions and personal insurance lines. S&T owns a one-half   \nTo get a free copy of the research report on S & T Bancorp (STBA), click here . For more information about research offerings from Zacks Investment Research, visit Zacks.com Receive News & Ratings for S & T Bancorp Daily - Enter your email address below to receive a concise daily summary of the latest news and analysts' ratings for S & T Bancorp and related companies with MarketBeat.com's FREE daily email newsletter . Comment on this Post", "external_links": [], "published": "2015-08-13T02:37:00.000+03:00", "crawled": "2015-08-13T05:17:53.900+03:00", "highlightTitle": ""}