{"organizations": [], "uuid": "7c7d1c3633ebb6fbc5e6380e34593c1344644d44", "thread": {"social": {"gplus": {"shares": 0}, "pinterest": {"shares": 0}, "vk": {"shares": 0}, "linkedin": {"shares": 0}, "facebook": {"likes": 0, "shares": 0, "comments": 0}, "stumbledupon": {"shares": 0}}, "site_full": "uk.finance.yahoo.com", "main_image": "https://s.yimg.com/bt/api/res/1.2/6rik6AZwuPGCiADf_9dhPQ--/YXBwaWQ9eW5ld3M7cT03NTt3PTYwMA--/http://l.yimg.com/os/mit/media/m/social/images/social_default_logo-1481777.png", "site_section": "https://uk.finance.yahoo.com/news/sector-basic-materials/?format=rss", "section_title": "Basic Resources News | Yahoo! Finance", "url": "https://uk.finance.yahoo.com/news/large-explosion-rocks-aluminum-plant-194122422.html", "country": "US", "title": "Large explosion rocks aluminum plant in southeast Missouri", "performance_score": 0, "site": "yahoo.com", "participants_count": 0, "title_full": "Large explosion rocks aluminum plant in southeast Missouri", "spam_score": 0.0, "site_type": "news", "published": "2015-08-05T01:15:00.000+03:00", "replies_count": 0, "uuid": "7c7d1c3633ebb6fbc5e6380e34593c1344644d44"}, "author": "", "url": "https://uk.finance.yahoo.com/news/large-explosion-rocks-aluminum-plant-194122422.html", "ord_in_thread": 0, "title": "Large explosion rocks aluminum plant in southeast Missouri", "locations": ["Missouri"], "entities": {"persons": [], "locations": [], "organizations": []}, "highlightText": "", "language": "english", "persons": [], "text": "Tip : Use comma (,) to separate multiple quotes. Learn more... \nTue, Aug 4, 2015, 23:06 BST - UK Markets closed Large explosion rocks aluminum plant in southeast Missouri Large explosion at southeast Missouri aluminum plant; some workers have non-critical injuries Associated Press – 2 hours 24 minutes ago Print \nMARSTON, Mo. (AP) -- Emergency crews are on the scene of a massive explosion at a southeast Missouri aluminum plant. \nThe explosion and fire around 12:30 p.m. Tuesday sent a large plume of smoke above the Noranda Aluminum plant near the town of Marston in New Madrid County, about 170 miles south of St. Louis. \nNoranda spokesman John Parker says the company has accounted for all employees. He says there were no fatalities or critical injuries. Some people suffered what appeared to be non-critical burns and smoke inhalation. \nParker called the blast a molten metal explosion in the cast house of the plant, which employs about 900 workers. He says 20 people were working in the area when the blast happened. \nThe cause of the explosion is under investigation. \n___ \nThis story has been corrected to reflect that plant is 170 miles south of St. Louis, instead of 140 miles.", "external_links": [], "published": "2015-08-05T01:15:00.000+03:00", "crawled": "2015-08-05T01:23:48.197+03:00", "highlightTitle": ""}