{"organizations": [], "uuid": "e557f0fb3f143c9ad2e2ed8b41c53cbdf9209dc4", "thread": {"social": {"gplus": {"shares": 0}, "pinterest": {"shares": 0}, "vk": {"shares": 0}, "linkedin": {"shares": 0}, "facebook": {"likes": 0, "shares": 0, "comments": 0}, "stumbledupon": {"shares": 0}}, "site_full": "www.afr.com", "main_image": "http://www.afr.com/content/dam/images/g/i/4/s/k/u/image.related.afrArticleLead.620x365.giyddq.png/1439447331721.jpg", "site_section": "http://www.afr.com/news", "section_title": "Finance &amp; Political Breaking News Australia &amp; Worldwide | afr.com", "url": "http://www.afr.com/news/economy/trade/andrew-robb-plans-indonesia-trade-mission-to-rebuild-bilateral-ties-20150813-giyddq", "country": "AU", "title": "Andrew Robb plans Indonesia trade mission to rebuild bilateral ties", "performance_score": 0, "site": "afr.com", "participants_count": 1, "title_full": "Andrew Robb plans Indonesia trade mission to rebuild bilateral ties | afr.com", "spam_score": 0.0, "site_type": "news", "published": "2015-08-13T14:28:00.000+03:00", "replies_count": 0, "uuid": "e557f0fb3f143c9ad2e2ed8b41c53cbdf9209dc4"}, "author": "Greg Earl", "url": "http://www.afr.com/news/economy/trade/andrew-robb-plans-indonesia-trade-mission-to-rebuild-bilateral-ties-20150813-giyddq", "ord_in_thread": 0, "title": "Andrew Robb plans Indonesia trade mission to rebuild bilateral ties", "locations": [], "entities": {"persons": [], "locations": [], "organizations": []}, "highlightText": "", "language": "english", "persons": [], "text": "Trade Minister Andrew Robb says Indonesia is the government's next trade priority. Alex Ellinghausen Share on twitter Share on Google Plus by Greg Earl Trade Minister Andrew Robb is planning to lead a major trade mission to Indonesia in November in the first significant sign of an improvement in business relations since the row over executions.\nThe move comes as the government will on Friday urge Australian businesses to take economic opportunities in south-east Asia more seriously but also against a background of fears about a growth slowdown in China, which have been fed this week by the currency devaluation.\nMr Robb will release a new government guide to business opportunities in the ten countries covered by the Association of Southeast Asian Nations (ASEAN) group, which is due to formally start a limited form of common market from the beginning of next year.\nThe minister will tell the launch at PwC in Melbourne: \"Doing business in ASEAN requires sound risk management and sophisticated due diligence. The rewards are there for those that invest in relationships, think long-term and are alert to local partnerships.\"\nHe will emphasise that collectively ASEAN is a larger trading partner for Australia than any country other than China and accounts for more than 15 per cent of total trade.\nBut the region with a population of 620 million and economic output of US$2.5 trillion, accounts for less than 5 per cent of Australia's total outward foreign investment.\nThe government business guide says: \"ASEAN political leaders have committed themselves to achieving a single market and production base in the near future, pushing ASEAN to become the third great emerging driver of global prosperity, after China and India.\n\"ASEAN's diversity presents a range of opportunities for Australian business – from Singapore's sophisticated services-based economy to frontier markets in Laos, Burma, Cambodia, the rapidly modernising economy of Vietnam and strategically significant consumer centres such as Indonesia.\n \"Australian exporters and investors should take the time to understand the developments in the region and what they can mean for their businesses. Australia's competitors in the region are already recognising the opportunities presented by ASEAN's growth and economic integration.\"\nMr Robb's trip to Indonesia with a planned group of 200 Australian business figures in late November will seek to rebuild business ties after the ministry reshuffle by President Joko Widodo and restart delayed discussions on an economic partnership agreement between the two countries.\nThe government has already lifted the limit on ministerial visits imposed after the executions of Andrew Chan and Myuran Sukumaran and it is likely that Agriculture Minister Barnaby Joyce and Foreign Minister Julie Bishop will travel to Indonesia before Mr Robb.", "external_links": ["https://plus.google.com/https://plus.google.com/u/0/100440329083596928444/about", "https://twitter.com/https://twitter.com/Greg__Earl"], "published": "2015-08-13T14:28:00.000+03:00", "crawled": "2015-08-13T21:38:03.915+03:00", "highlightTitle": ""}