{"organizations": [], "uuid": "7aeceee2861a0a7e9e360e888c1e89705fd653c2", "thread": {"social": {"gplus": {"shares": 0}, "pinterest": {"shares": 0}, "vk": {"shares": 0}, "linkedin": {"shares": 0}, "facebook": {"likes": 0, "shares": 0, "comments": 0}, "stumbledupon": {"shares": 0}}, "site_full": "au.finance.yahoo.com", "main_image": "https://s.yimg.com/bt/api/res/1.2/6rik6AZwuPGCiADf_9dhPQ--/YXBwaWQ9eW5ld3M7cT03NTt3PTYwMA--/http://l.yimg.com/os/mit/media/m/social/images/social_default_logo-1481777.png", "site_section": "https://au.finance.yahoo.com/news/category-currencies/?format=rss", "section_title": "Currency & Forex News - Yahoo!7 Finance", "url": "https://au.finance.yahoo.com/news/stronger-us-jobs-data-rba-215210617.html", "country": "US", "title": "$A stronger after US jobs data: RBA", "performance_score": 0, "site": "yahoo.com", "participants_count": 0, "title_full": "$A stronger after US jobs data: RBA", "spam_score": 0.0, "site_type": "news", "published": "2015-08-10T00:52:00.000+03:00", "replies_count": 0, "uuid": "7aeceee2861a0a7e9e360e888c1e89705fd653c2"}, "author": "", "url": "https://au.finance.yahoo.com/news/stronger-us-jobs-data-rba-215210617.html", "ord_in_thread": 0, "title": "$A stronger after US jobs data: RBA", "locations": ["US"], "entities": {"persons": [], "locations": [], "organizations": []}, "highlightText": "", "language": "english", "persons": [], "text": "Print \nThe Australian dollar has hit a three-week high after Friday's US non-farm payrolls employment report was a little weaker than expected. \nAt 0700 AEST on Monday, the currency was trading at 74.13 US cents, up from 73.78 cents on Friday. \nEarly on Monday morning, it peaked at 74.20 US cents, its highest level since July 17. \nThere were 215,000 jobs added to the US economy in July, which was below the gain of 229,000 economists had expected. \nThat kept the US unemployment rate steady at a seven-year low of 5.3 per cent. \nBK Asset Management managing director Kathy Lien said that while the US' July jobs growth is still strong enough for the Federal Reserve to raise its interest rate in September, many in the market were hoping for a stronger result. \n\"If the Federal Reserve was looking for some improvement in the labour market, the release certainly met those expectations and yet the US dollar lost value against most of the major currencies,\" she said. \n\"Not only does the report leave September lift-off on the table but we believe it hardens the case for tightening at the next monetary policy meeting.\" \nMs Lien said the Australian dollar was also higher because of decreasing expectations that the Reserve Bank will cut the cash rate again. \nIn its Statement on Monetary Policy on Friday the RBA gave an upbeat assessment of the local economy and said the unemployment had already peaked. \nCURRENCY SNAPSHOT AT 0700 AEST ON MONDAY \nOne Australian dollar buys: \n* 74.13 US cents, from 73.78 cents on Friday \n* 92.06 Japanese yen, from 92.04 yen \n* 67.63 euro cents, from 67.54 euro cents \n* 112.08 New Zealand cents, from 112.38 NZ cents \n* 47.86 British pence, from 47.59 pence \n(*Currency closes taken at 1700 AEST previous local session) \nSource: IRESS", "external_links": [], "published": "2015-08-10T00:52:00.000+03:00", "crawled": "2015-08-10T03:03:54.021+03:00", "highlightTitle": ""}