{"organizations": [], "uuid": "81f7486ac27bd7df2a4e845b46f77b49ff8b64c1", "thread": {"social": {"gplus": {"shares": 0}, "pinterest": {"shares": 0}, "vk": {"shares": 0}, "linkedin": {"shares": 0}, "facebook": {"likes": 0, "shares": 0, "comments": 0}, "stumbledupon": {"shares": 0}}, "site_full": "www.reuters.com", "main_image": "", "site_section": "http://www.reuters.com/finance/personal-finance", "section_title": "Wealth, Personal Finance &amp; Money | Reuters.com", "url": "http://www.reuters.com/article/2015/08/10/malaysia-airlines-crash-idUSL3N10L3AQ20150810", "country": "US", "title": "Malaysia says to inspect suspected plane debris found in Maldives", "performance_score": 0, "site": "reuters.com", "participants_count": 1, "title_full": "Malaysia says to inspect suspected plane debris found in Maldives | Reuters", "spam_score": 0.0, "site_type": "news", "published": "2015-08-10T13:53:00.000+03:00", "replies_count": 0, "uuid": "81f7486ac27bd7df2a4e845b46f77b49ff8b64c1"}, "author": "Reuters", "url": "http://www.reuters.com/article/2015/08/10/malaysia-airlines-crash-idUSL3N10L3AQ20150810", "ord_in_thread": 0, "title": "Malaysia says to inspect suspected plane debris found in Maldives", "locations": [], "entities": {"persons": [], "locations": [], "organizations": []}, "highlightText": "", "language": "english", "persons": [], "text": "KUALA LUMPUR Aug 10 Malaysia said on Monday it will send a team to the Maldives to inspect debris found there and cautioned that it was too early to establish any connection to the missing Malaysian Airlines Flight MH370.\nThis comes after several news reports said unidentified debris had been found in Maldives and were being collected by authorities in case they are from the missing plane.\n\"Once it is determined to be aircraft debris, discussions will be held to determine next steps in terms of the process of analysis,\" said the transport ministry in a statement.\nFlight MH370 disappeared on March 8 last year while en route from Kuala Lumpur to Beijing. It is believed to have crashed in the southern Indian Ocean, about 3,700 km (2,300 miles) from Reunion.\nPrime Minister Najib Razak said last week that experts had \"conclusively confirmed\" a piece of debris found on the Indian Ocean island of Reunion last week was part of the wing of MH370. (Reporting By Al-Zaquan Amer Hamzah and Praveen Menon ; Editing by Nick Macfie)", "external_links": [], "published": "2015-08-10T13:53:00.000+03:00", "crawled": "2015-08-10T13:05:52.313+03:00", "highlightTitle": ""}