{"organizations": [], "uuid": "445265ba6f2a470a5956ff81093a8257c8f343b4", "thread": {"social": {"gplus": {"shares": 0}, "pinterest": {"shares": 0}, "vk": {"shares": 0}, "linkedin": {"shares": 0}, "facebook": {"likes": 0, "shares": 0, "comments": 0}, "stumbledupon": {"shares": 0}}, "site_full": "www.prweb.com", "main_image": "", "site_section": "http://www.prweb.com/rss2/finance.xml", "section_title": "Business: Finance", "url": "http://www.prweb.com/releases/LexingtonLaw/BestCreditRepairCompanys/prweb12888629.htm", "country": "US", "title": "Lexington Law Honored With Besty Award for the Fourth Year in a Row", "performance_score": 0, "site": "prweb.com", "participants_count": 1, "title_full": "Lexington Law Honored With Besty Award for the Fourth Year in a Row", "spam_score": 0.0, "site_type": "news", "published": "2015-08-05T03:00:00.000+03:00", "replies_count": 0, "uuid": "445265ba6f2a470a5956ff81093a8257c8f343b4"}, "author": "Jennifer Price, Sparkpr on behalf of Lexington Law", "url": "http://www.prweb.com/releases/LexingtonLaw/BestCreditRepairCompanys/prweb12888629.htm", "ord_in_thread": 0, "title": "Lexington Law Honored With Besty Award for the Fourth Year in a Row", "locations": [], "entities": {"persons": [], "locations": [], "organizations": []}, "highlightText": "", "language": "english", "persons": [], "text": "Lexington Law , a consumer advocacy law firm and trusted leader in credit report repair, has been awarded the 2015 Besty Award, earning an overall top rating by BestCreditRepairCompanys.com (BCRC). This is the fourth year in a row the company was the overall top rated pick for pricing, features, services and help and support, receiving the significant honor within a highly competitive field. BestCreditRepairCompanys.com awarded Lexington Law a near perfect score, making it the highest reviewed credit repair company and #1 staff pick. The website’s overall review concluded, ‘When you are looking to make sure that the job is done right and by a company that has been around a while, we have found that Lexington is going to be your best bet. These guys are a large player in the industry with one of the best processes of credit repair that we've seen. When it comes down to service, this repair giant has gotten better with every year and continues to improve with upgraded services and technology to boot.’\n“We are honored to be recognized as the number one leader in the industry,” said John Heath, Directing Attorney for Lexington Law. “Lexington Law has assisted consumers for over 10 years, fighting for our client’s legal right to a fair, accurate and substantiated credit profile. We will continue to lead the way in credit repair, working tirelessly on behalf of our clients and their families.”\nAdditionally, Lexington Law received Staff Pick in 2012 and again in 2015.\nBestCreditRepairCompanys.com is a credit repair review site that was created to bring experts and consumers together in an effort to clean up the credit repair industry. BCRC employs leading experts to research and review credit repair companies, using its proprietary 9-point ranking criteria. In addition to credit repair experts, BCRC enables current and past customers of credit repair companies to share their experiences, reviews, and ratings on respective companies.\nAbout Lexington Law\nLexington Law is a consumer advocacy law firm with decades of experience helping hundreds of thousands of Americans work to improve their credit. The firm comprises the largest network of credit repair professionals in the U.S., employing attorneys and paralegals/agents across 18 states. By leveraging consumer rights to resolve issues with creditors, data furnishers, and credit bureaus, Lexington Law works to ensure that client credit reports are fair, accurate, and substantiated. For details about Lexington Law’s services or attorneys, please visit http://www.LexingtonLaw.com .", "external_links": ["http://www.prweb.net/Redirect.aspx?id=aHR0cDovL2Jlc3RjcmVkaXRyZXBhaXJjb21wYW55cy5jb20vY29tcGFueS9sZXhpbmd0b25sYXcv", "http://www.prweb.net/Redirect.aspx?id=aHR0cDovL3d3dy5sZXhpbmd0b25sYXcuY29t"], "published": "2015-08-05T03:00:00.000+03:00", "crawled": "2015-08-05T14:52:09.421+03:00", "highlightTitle": ""}