{"organizations": [], "uuid": "b2f970a4d181c9fb4b7a322ae3c78395b8790906", "thread": {"social": {"gplus": {"shares": 0}, "pinterest": {"shares": 0}, "vk": {"shares": 0}, "linkedin": {"shares": 0}, "facebook": {"likes": 0, "shares": 0, "comments": 0}, "stumbledupon": {"shares": 0}}, "site_full": "www.abc.net.au", "main_image": "", "site_section": "http://abc.net.au/rn/podcast/feeds/bbf.xml", "section_title": "RN Breakfast - Business & Finance", "url": "http://www.abc.net.au/radionational/programs/breakfast/finance-update-with-rebecca-hyam/6679538", "country": "AU", "title": "Finance update with Rebecca Hyam", "performance_score": 0, "site": "abc.net.au", "participants_count": 1, "title_full": "Finance update with Rebecca Hyam", "spam_score": 0.0, "site_type": "news", "published": "2015-08-06T23:57:00.000+03:00", "replies_count": 0, "uuid": "b2f970a4d181c9fb4b7a322ae3c78395b8790906"}, "author": "ABC Radio National", "url": "http://www.abc.net.au/radionational/programs/breakfast/finance-update-with-rebecca-hyam/6679538", "ord_in_thread": 0, "title": "Finance update with Rebecca Hyam", "locations": [], "entities": {"persons": [], "locations": [], "organizations": []}, "highlightText": "", "language": "english", "persons": [], "text": "Friday 7 August 2015 6:57AM (view full episode) \nThe latest finance news here and abroad with Rebecca Hyam.", "external_links": [], "published": "2015-08-06T23:57:00.000+03:00", "crawled": "2015-08-07T03:16:03.700+03:00", "highlightTitle": ""}