{"organizations": [], "uuid": "2c67c2333cad2fe9c95bfc9e810328ca88772b4f", "thread": {"social": {"gplus": {"shares": 0}, "pinterest": {"shares": 0}, "vk": {"shares": 0}, "linkedin": {"shares": 0}, "facebook": {"likes": 0, "shares": 0, "comments": 0}, "stumbledupon": {"shares": 0}}, "site_full": "www.zawya.com", "main_image": "", "site_section": "http://www.zawya.com/rss/default.cfm?rssid=23C341EC-8851-9E2C-C35A985480E8068B", "section_title": "Zawya.com - Islamic Finance Live News", "url": "http://www.zawya.com/story/DIARYIslamic_Finance_to_December_31-TR20150804nISLFDIARYX2/", "country": "AE", "title": "DIARY-Islamic Finance to December 31", "performance_score": 0, "site": "zawya.com", "participants_count": 0, "title_full": "DIARY-Islamic Finance to December 31", "spam_score": 0.0, "site_type": "news", "published": "2015-08-04T08:52:00.000+03:00", "replies_count": 0, "uuid": "2c67c2333cad2fe9c95bfc9e810328ca88772b4f"}, "author": "", "url": "http://www.zawya.com/story/DIARYIslamic_Finance_to_December_31-TR20150804nISLFDIARYX2/", "ord_in_thread": 0, "title": "DIARY-Islamic Finance to December 31", "locations": [], "entities": {"persons": [], "locations": [], "organizations": []}, "highlightText": "", "language": "english", "persons": [], "text": "Property Insider In Focus BusinessPulse helps business owners increase their revenue and reduce their costs by offering support at each stage of their business. Providing transparent information and practical advice on how to grow their business and take it to the next level. Visit the site:", "external_links": [], "published": "2015-08-04T08:52:00.000+03:00", "crawled": "2015-08-04T23:41:25.887+03:00", "highlightTitle": ""}