{"organizations": [], "uuid": "cd97ce68fde8c581413e9715ff11b169e1f270f2", "thread": {"social": {"gplus": {"shares": 0}, "pinterest": {"shares": 0}, "vk": {"shares": 0}, "linkedin": {"shares": 0}, "facebook": {"likes": 0, "shares": 0, "comments": 0}, "stumbledupon": {"shares": 0}}, "site_full": "www.canberratimes.com.au", "main_image": "http://www.canberratimes.com.au/content/dam/images/g/h/x/j/m/7/image.related.articleLeadwide.620x349.giss68.png/1438824570995.jpg", "site_section": "http://www.canberratimes.com.au/business/carbon-economy", "section_title": "Business News, Economy, Finance &amp; ASX Market News", "url": "http://www.canberratimes.com.au/business/world-business/why-elon-musk-and-tesla-are-taking-the-long-road-20150806-giss68.html", "country": "AU", "title": "Why Elon Musk and Tesla are taking the long road", "performance_score": 0, "site": "canberratimes.com.au", "participants_count": 1, "title_full": "Why Elon Musk and Tesla are taking the long road", "spam_score": 0.0, "site_type": "news", "published": "2015-08-06T09:29:00.000+03:00", "replies_count": 0, "uuid": "cd97ce68fde8c581413e9715ff11b169e1f270f2"}, "author": "John McDuling", "url": "http://www.canberratimes.com.au/business/world-business/why-elon-musk-and-tesla-are-taking-the-long-road-20150806-giss68.html", "ord_in_thread": 0, "title": "Why Elon Musk and Tesla are taking the long road", "locations": [], "entities": {"persons": [], "locations": [], "organizations": []}, "highlightText": "", "language": "english", "persons": [], "text": "Tesla cut its sales forecast, and is being hurt by strength in the US dollar. Photo: AFP/Stan Honda\nElon Musk's electric car and battery maker, Tesla, reported earnings on Thursday morning, and they weren't very well received on Wall Street.\nShares tanked by nearly 6 per cent in after-hours trading .\nTesla cut its sales forecast, and is being hurt by strength in the US dollar. While its revenue was up 24 per cent from last year, it net loss nearly tripled.\n.\nBut Musk has the perfect excuse.\n\"Simply put, in a choice between a great product or hitting quarterly numbers, we will take the former,\" he wrote in a letter to shareholders.\n\"To build long-term value, our first priority always has been, and still is, to deliver great cars.\"\nFor now, at least. While CEOs are often disparaged for short-termism, that critique can't be levelled at Musk.\nIt takes time to build a truly disruptive, growth business.\nParticularly in an industry as capital intensive - and competitive - as cars. How long investors are prepared to go along for the ride remains to be seen.", "external_links": ["http://www.smh.com.au/business/tesla-share-price-drops-as-sales-target-cut-to-as-few-as-50000-electric-cars-20150806-gispzj.html"], "published": "2015-08-06T09:29:00.000+03:00", "crawled": "2015-08-06T22:04:14.317+03:00", "highlightTitle": ""}