{"organizations": [], "uuid": "22c4a771d9313402a88308cedd96bcb9c8ac04ad", "thread": {"social": {"gplus": {"shares": 0}, "pinterest": {"shares": 0}, "vk": {"shares": 0}, "linkedin": {"shares": 0}, "facebook": {"likes": 0, "shares": 0, "comments": 0}, "stumbledupon": {"shares": 0}}, "site_full": "uk.finance.yahoo.com", "main_image": "https://s.yimg.com/bt/api/res/1.2/6rik6AZwuPGCiADf_9dhPQ--/YXBwaWQ9eW5ld3M7cT03NTt3PTYwMA--/http://l.yimg.com/os/mit/media/m/social/images/social_default_logo-1481777.png", "site_section": "https://uk.finance.yahoo.com/news/sector-basic-materials/?format=rss", "section_title": "Basic Resources News | Yahoo! Finance", "url": "https://uk.finance.yahoo.com/news/rio-tinto-profits-slump-iron-074620371.html", "country": "US", "title": "Rio Tinto profits slump on iron ore collapse", "performance_score": 0, "site": "yahoo.com", "participants_count": 0, "title_full": "Rio Tinto profits slump on iron ore collapse", "spam_score": 0.0, "site_type": "news", "published": "2015-08-06T10:46:00.000+03:00", "replies_count": 0, "uuid": "22c4a771d9313402a88308cedd96bcb9c8ac04ad"}, "author": "", "url": "https://uk.finance.yahoo.com/news/rio-tinto-profits-slump-iron-074620371.html", "ord_in_thread": 0, "title": "Rio Tinto profits slump on iron ore collapse", "locations": [], "entities": {"persons": [], "locations": [], "organizations": []}, "highlightText": "", "language": "english", "persons": [], "text": "Tip : Use comma (,) to separate multiple quotes. Learn more... \nThu, Aug 6, 2015, 08:55 BST - UK Markets close in 7 hrs 35 mins Rio Tinto profits slump on iron ore collapse By Bloomberg | Telegraph – 9 minutes ago +0.99 \nA slowdown in China is hitting commodity prices \nRio Tinto Group, the world’s second-biggest mining company, reported a 43pc drop in first-half profit this morning after iron ore prices collapsed because of a global glut and a slowdown in China’s steel industry. \nUnderlying profit fell to $2.9bn in the six months through June, from $5.1bn a year earlier, London-based Rio said in a statement on Thursday. \nThe world’s largest mining companies are confronting a China-led slowdown in commodities demand that’s crimping prices and hurting profits and shares. \nThe price of iron ore delivered to the Asian nation averaged about 46pc less than a year earlier, curbing earnings for top suppliers including Brazil’s Vale SA, Rio Tinto (LSE: RIO.L - news ) and BHP Billiton (NYSE: BBL - news ) . \nRio shares have declined 14pc this year and slumped to a six-year low on July 27. \nThe stock rose 3.9pc on Wednesday to close at 2,567.50p, valuing the company at about $46.7bn.", "external_links": [], "published": "2015-08-06T10:46:00.000+03:00", "crawled": "2015-08-06T10:56:09.026+03:00", "highlightTitle": ""}