{"organizations": [], "uuid": "c250701b4f7f18bf45c96f1b6159454790a6fade", "thread": {"social": {"gplus": {"shares": 0}, "pinterest": {"shares": 0}, "vk": {"shares": 0}, "linkedin": {"shares": 0}, "facebook": {"likes": 0, "shares": 0, "comments": 0}, "stumbledupon": {"shares": 0}}, "site_full": "www.reuters.com", "main_image": "", "site_section": "http://www.reuters.com/finance/personal-finance", "section_title": "Wealth, Personal Finance &amp; Money | Reuters.com", "url": "http://www.reuters.com/article/2015/08/07/japan-economy-boj-idUST9N10301120150807", "country": "US", "title": "BOJ maintains stimulus, sticks with economic assessment", "performance_score": 0, "site": "reuters.com", "participants_count": 1, "title_full": "BOJ maintains stimulus, sticks with economic assessment | Reuters", "spam_score": 0.0, "site_type": "news", "published": "2015-08-07T07:22:00.000+03:00", "replies_count": 0, "uuid": "c250701b4f7f18bf45c96f1b6159454790a6fade"}, "author": "Reuters", "url": "http://www.reuters.com/article/2015/08/07/japan-economy-boj-idUST9N10301120150807", "ord_in_thread": 0, "title": "BOJ maintains stimulus, sticks with economic assessment", "locations": [], "entities": {"persons": [], "locations": [], "organizations": []}, "highlightText": "", "language": "english", "persons": [], "text": "TOKYO Aug 7 The Bank of Japan kept monetary policy steady and maintained its upbeat assessment of the economy on Friday, signalling its conviction that inflation will hit its 2 percent target without additional monetary stimulus.\nAs widely expected, the BOJ reiterated its pledge to increase base money, or cash and deposits at the central bank, at an annual pace of 80 trillion yen ($641 billion) through purchases of government bonds and risky assets.\nThe policy board made the decision by an 8-1 vote.\n\"Japan's economy continues to recover moderately,\" the BOJ said in a statement announcing the decision, keeping its assessment of the economy intact.\nBOJ Governor Haruhiko Kuroda will hold a news conference at 3:30 p.m. (0630 GMT) to explain the policy decision.\nThe BOJ has left policy unchanged since expanding stimulus in October last year to prevent slumping oil prices, and a subsequent slowdown in inflation, from delaying a sustained end to 15 years of deflation. ($1 = 124.7100 yen) (Reporting by Stanley White, Leika Kihara , Tetsushi Kajimoto and Kaori Kaneko)", "external_links": [], "published": "2015-08-07T07:22:00.000+03:00", "crawled": "2015-08-07T06:40:14.756+03:00", "highlightTitle": ""}