{"organizations": [], "uuid": "45908574b590b89816dc28bf580b9f400f50fd30", "thread": {"social": {"gplus": {"shares": 0}, "pinterest": {"shares": 0}, "vk": {"shares": 0}, "linkedin": {"shares": 0}, "facebook": {"likes": 0, "shares": 0, "comments": 0}, "stumbledupon": {"shares": 0}}, "site_full": "uk.finance.yahoo.com", "main_image": "https://s.yimg.com/bt/api/res/1.2/6rik6AZwuPGCiADf_9dhPQ--/YXBwaWQ9eW5ld3M7cT03NTt3PTYwMA--/http://l.yimg.com/os/mit/media/m/social/images/social_default_logo-1481777.png", "site_section": "https://uk.finance.yahoo.com/news/provider-reuters/?format=rss", "section_title": "Finance News | Reuters - Yahoo! UK & Ireland Finance", "url": "https://uk.finance.yahoo.com/news/japan-machinery-orders-tumble-june-032250292.html", "country": "GB", "title": "Japan machinery orders tumble in June, add to quarter two GDP contraction fears", "performance_score": 0, "site": "yahoo.com", "participants_count": 0, "title_full": "Japan machinery orders tumble in June, add to quarter two GDP contraction fears", "spam_score": 0.0, "site_type": "news", "published": "2015-08-13T06:22:00.000+03:00", "replies_count": 0, "uuid": "45908574b590b89816dc28bf580b9f400f50fd30"}, "author": "", "url": "https://uk.finance.yahoo.com/news/japan-machinery-orders-tumble-june-032250292.html", "ord_in_thread": 0, "title": "Japan machinery orders tumble in June, add to quarter two GDP contraction fears", "locations": ["Japan"], "entities": {"persons": [], "locations": [], "organizations": []}, "highlightText": "", "language": "english", "persons": [], "text": "Tip : Use comma (,) to separate multiple quotes. Learn more... \nThu, Aug 13, 2015, 04:32 BST - UK Markets open in 3 hrs 28 mins Japan machinery orders tumble in June, add to quarter two GDP contraction fears Reuters – 9 minutes ago Print \nBy Tetsushi Kajimoto \nTOKYO (Reuters) - Japan's core machinery orders tumbled the most in over a year, adding to fears of an economic contraction in the second quarter as exports slumped and consumer spending slackened. \nThe 7.9 percent fall in the key gauge of capital spending followed a recent run of soft indicators - including exports and factory output - which led analysts to forecast a second-quarter contraction when economic growth figures come out on Aug 17. \nPolicymakers see little chance of a return to recession, expecting the economy to stay on track for a moderate growth in the current quarter. \nWeak data though could raise doubts about the economic outlook in the face of China's slowdown, adding yet more pressure on the Bank of Japan to trim its rosy projections and prompting calls for fresh stimulus to support expansion. \n\"There's a risk that overseas slowdown could hit exports harder, prompting Japanese firms to put off investment plans. But so far I don't see that happening yet,\" said Hidenobu Tokuda, senior economist at Mizuho Research Institute. \nHe added that automation of Japanese factories in China and steady U.S. growth have helped increase overseas demand for machinery, with orders jumping 20.3 percent in June helped by big items. Overseas orders are not counted as core orders. \nCompanies surveyed by the Cabinet Office forecast that core machinery orders, a highly volatile data series seen as an indicator of capital spending in the coming six to nine months, will rise 0.3 percent in July-September, slowing from the second quarter. \nCore orders, which exclude those of ships and electric power utilities, grew 2.9 percent in April-June from the prior three months, which was the fourth straight quarterly gain. \n\"June's decline was due to a big drop in manufacturers' orders, which came as reaction to gains in the prior month in sectors such as steel,\" said a Cabinet Office official, suggesting that the monthly decline may be a one-off. \nRecent signs indicate that firms may finally be shaking off their deflationary mindset, in which they hoarded cash long-term rather than investing in plant and equipment. \nThe BOJ's quarterly tankan business sentiment survey on July 1 showed that big Japanese firms plan to boost capital spending in the fiscal year to next March at the fastest pace in a decade. \nA Reuters poll also showed two in five Japanese firms plan to boost capital spending this business year. \n(Reporting by Tetsushi Kajimoto; Additional reporting by Danying Sun; Editing by Eric Meijer)", "external_links": [], "published": "2015-08-13T06:22:00.000+03:00", "crawled": "2015-08-13T06:42:32.539+03:00", "highlightTitle": ""}