{"organizations": ["Quanta Services"], "uuid": "f0ee4d3e3923ba07d53bf413ad97ed7f2e7a6386", "thread": {"social": {"gplus": {"shares": 0}, "pinterest": {"shares": 0}, "vk": {"shares": 0}, "linkedin": {"shares": 0}, "facebook": {"likes": 0, "shares": 0, "comments": 0}, "stumbledupon": {"shares": 0}}, "site_full": "uk.finance.yahoo.com", "main_image": "https://s.yimg.com/bt/api/res/1.2/6rik6AZwuPGCiADf_9dhPQ--/YXBwaWQ9eW5ld3M7cT03NTt3PTYwMA--/http://l.yimg.com/os/mit/media/m/social/images/social_default_logo-1481777.png", "site_section": "https://uk.finance.yahoo.com/news/sector-basic-materials/?format=rss", "section_title": "Basic Resources News | Yahoo! Finance", "url": "https://uk.finance.yahoo.com/news/quanta-services-skids-2q-results-170302237.html", "country": "US", "title": "Quanta Services skids on 2Q results and cut to outlook", "performance_score": 0, "site": "yahoo.com", "participants_count": 0, "title_full": "Quanta Services skids on 2Q results and cut to outlook", "spam_score": 0.0, "site_type": "news", "published": "2015-08-05T20:03:00.000+03:00", "replies_count": 0, "uuid": "f0ee4d3e3923ba07d53bf413ad97ed7f2e7a6386"}, "author": "", "url": "https://uk.finance.yahoo.com/news/quanta-services-skids-2q-results-170302237.html", "ord_in_thread": 0, "title": "Quanta Services skids on 2Q results and cut to outlook", "locations": [], "entities": {"persons": [], "locations": [], "organizations": []}, "highlightText": "", "language": "english", "persons": [], "text": "Tip : Use comma (,) to separate multiple quotes. Learn more... \nWed, Aug 5, 2015, 18:45 BST - UK Markets closed Quanta Services skids on 2Q results and cut to outlook Quanta falls to 2-year low as project delays, oil prices, fewer contract wins hurt its results Associated Press – 42 minutes ago 82.51 +0.51 \nNEW YORK (AP) -- Shares of Quanta Services tumbled 12 percent Wednesday after the company, citing weak oil prices and delayed power projects, cut its outlook for the year. \nQuanta provides specialty contracting services like design, installation, and maintenance for electric power and natural gas and oil companies. It posted a disappointing second quarter Wednesday and lowered its expectations for the year. \nFactors including extreme weather and forest fires in Canada and delays at a project in Alaska weighed on its electric power business, it said. With crude now trading below $50 per barrel, energy companies are slashing capital spending, hurting Quanta's oil and gas business. \nThe Houston company also said it hasn't won as many transmission project contracts as expected this year. Competition from regional companies has been tough. Some large projects that were expected to start construction this year are being delayed into 2016. \nShares of Quanta Services Inc. fell $3.33 to $24 in midday trading. The stock is down 27 percent over the last year and is trading at its lowest prices since October 2012. \nNet income after dividends on preferred stock fell 43 percent to $46.1 million, or 22 cents per share. Revenue grew 2 percent to $1.87 billion. \nQuanta now expects to report an adjusted profit of $1.32 to $1.47 per share from continuing operations, and it is forecasting $7.5 billion to $7.7 billion in revenue. At the end of April Quanta said it expected to earn about $1.58 to $1.77 per share on $8 billion to $8.4 billion revenue excluding the fiber optic licensing business. \nAfter the market closed on Tuesday, Quanta Services Inc. completed the $1 billion sale of its fiber optic licensing business to Crown Castle International Corp. Quanta booked about $830 million in proceeds after taxes and will record a gain of 84 cents per share in the third quarter. The companies announced the deal in April. \nThe company said Wednesday it will buy back $1.25 billion in stock through the end of February 2017. It plans to start an accelerated $750 million repurchase program soon.", "external_links": [], "published": "2015-08-05T20:03:00.000+03:00", "crawled": "2015-08-05T20:48:20.849+03:00", "highlightTitle": ""}