{"organizations": ["Century Fox"], "uuid": "aefa4741a7cb0e1105076a8c3387b4d6fada2506", "thread": {"social": {"gplus": {"shares": 0}, "pinterest": {"shares": 0}, "vk": {"shares": 0}, "linkedin": {"shares": 0}, "facebook": {"likes": 0, "shares": 0, "comments": 0}, "stumbledupon": {"shares": 0}}, "site_full": "sg.finance.yahoo.com", "main_image": "https://s.yimg.com/bt/api/res/1.2/6rik6AZwuPGCiADf_9dhPQ--/YXBwaWQ9eW5ld3M7cT03NTt3PTYwMA--/http://l.yimg.com/os/mit/media/m/social/images/social_default_logo-1481777.png", "site_section": "http://finance.yahoo.com/rss/headline?s=FOXA", "section_title": "Yahoo! Finance: FOXA News", "url": "https://sg.finance.yahoo.com/news/us-stocks-flat-21st-century-134152707.html", "country": "US", "title": "US stocks flat as 21st Century Fox, Tesla fall", "performance_score": 0, "site": "yahoo.com", "participants_count": 0, "title_full": "US stocks flat as 21st Century Fox, Tesla fall", "spam_score": 0.0, "site_type": "news", "published": "2015-08-06T16:41:00.000+03:00", "replies_count": 0, "uuid": "aefa4741a7cb0e1105076a8c3387b4d6fada2506"}, "author": "", "url": "https://sg.finance.yahoo.com/news/us-stocks-flat-21st-century-134152707.html", "ord_in_thread": 0, "title": "US stocks flat as 21st Century Fox, Tesla fall", "locations": ["US"], "entities": {"persons": [], "locations": [], "organizations": []}, "highlightText": "", "language": "english", "persons": ["Tesla"], "text": "Tip : Use comma (,) to separate multiple quotes. Learn more... \nThu, Aug 6, 2015, 9:50 PM SGT - Singapore Markets closed US stocks flat as 21st Century Fox, Tesla fall AFP – 8 minutes ago \nUS stocks opened little changed Thursday, as big declines in 21st Century Fox, Tesla Motors and some other companies following earnings reports halted the market's advance. \nFive minutes into trade, the Dow Jones Industrial Average was at 17,535.46, down 5.01 points (0.03 percent). \nThe broad-based S&P 500 added 0.94 (0.04 percent) at 2,100.78, while the tech-rich Nasdaq Composite Index shed 1.04 (0.02 percent) at 5,138.90. \nTwenty-First Century Fox fell 6.3 percent after reporting that earnings for the quarter ending June 30 plunged 91 percent to $87 million on weaker film revenue and a number of one-time charges. \nTesla tumbled 7.3 percent as it reported a second-quarter loss of $184 million and forecast deliveries of 50,000-55,000 electric cars in 2015, down a bit from the previous projection for 55,000 deliveries. % Chg Your most recently viewed tickers will automatically show up here if you type a ticker in the \"Enter symbol/company\" at the bottom of this module. You need to enable your browser cookies to view your most recent quotes. Search for share prices Terms \nQuotes are real-time for NASDAQ, NYSE, and NYSEAmex when available. See also delay times for other exchanges . Quotes and other information supplied by independent providers identified on the Yahoo! Finance partner page . Quotes are updated automatically, but will be turned off after 25 minutes of inactivity. Quotes are delayed at least 15 minutes. All information provided \"as is\" for informational purposes only, not intended for trading purposes or advice. Neither Yahoo! nor any of independent providers is liable for any informational errors, incompleteness, or delays, or for any actions taken in reliance on information contained herein. By accessing the Yahoo! site, you agree not to redistribute the information found therein. \nFundamental company data provided by Capital IQ . Historical chart data and daily updates provided by Commodity Systems, Inc. (CSI) . International historical chart data and daily updates provided by Morningstar, Inc . Yahoo! News Network", "external_links": [], "published": "2015-08-06T16:41:00.000+03:00", "crawled": "2015-08-06T16:50:17.451+03:00", "highlightTitle": ""}