{"organizations": [], "uuid": "8e7b5b802f22ecfdc4ee5312ae424dfcfb42e840", "thread": {"social": {"gplus": {"shares": 0}, "pinterest": {"shares": 0}, "vk": {"shares": 0}, "linkedin": {"shares": 0}, "facebook": {"likes": 0, "shares": 0, "comments": 0}, "stumbledupon": {"shares": 0}}, "site_full": "uk.finance.yahoo.com", "main_image": "https://s.yimg.com/bt/api/res/1.2/6rik6AZwuPGCiADf_9dhPQ--/YXBwaWQ9eW5ld3M7cT03NTt3PTYwMA--/http://l.yimg.com/os/mit/media/m/social/images/social_default_logo-1481777.png", "site_section": "https://uk.finance.yahoo.com/news/category-europe/?format=rss", "section_title": "European Business News | Financial News - Yahoo! Finance UK", "url": "https://uk.finance.yahoo.com/news/european-shares-fall-led-lower-071233513.html", "country": "GB", "title": "European shares fall, led lower by carmakers and luxury stocks", "performance_score": 0, "site": "yahoo.com", "participants_count": 0, "title_full": "European shares fall, led lower by carmakers and luxury stocks", "spam_score": 0.0, "site_type": "news", "published": "2015-08-11T10:12:00.000+03:00", "replies_count": 0, "uuid": "8e7b5b802f22ecfdc4ee5312ae424dfcfb42e840"}, "author": "", "url": "https://uk.finance.yahoo.com/news/european-shares-fall-led-lower-071233513.html", "ord_in_thread": 0, "title": "European shares fall, led lower by carmakers and luxury stocks", "locations": [], "entities": {"persons": [], "locations": [], "organizations": []}, "highlightText": "", "language": "english", "persons": [], "text": "Tip : Use comma (,) to separate multiple quotes. Learn more... \nTue, Aug 11, 2015, 08:46 BST - UK Markets close in 7 hrs 44 mins European shares fall, led lower by carmakers and luxury stocks Reuters - UK Focus – 34 minutes ago 34.13 +6.11 \nLONDON, Aug 11 (Reuters) - European shares retreated on Tuesday, with carmakers and luxury goods stocks among the worst-performers after China devalued its yuan currency. \nThe pan-European FTSEurofirst 300 index fell 0.2 percent while the euro zone's blue-chip Euro STOXX 50 index declined by 0.3 percent. \nChina is an important export market for European luxury goods companies and carmakers, and shares in those two sectors were among the hardest hit in the wake of the yuan devaluation. \nCarmaker BMW fell 2.6 percent while luxury goods group Swatch weakened by 3 percent. \nShares (Berlin: DI6.BE - news ) in Adecco (VTX: ADEN.VX - news ) also fell 3 percent after results from the world's biggest staffing group slightly lagged market expectations. \nHowever, shares in Finnish cranemaker Konecranes surged 23 percent after Konecranes (Helsinki: KCR1V.HE - news ) agreed on a merger with U.S (Other OTC: UBGXF - news ) . peer Terex. (Reporting by Sudip Kar-Gupta; Editing by Alistair Smout)", "external_links": [], "published": "2015-08-11T10:12:00.000+03:00", "crawled": "2015-08-11T10:47:38.081+03:00", "highlightTitle": ""}