{"organizations": ["Rio Tinto"], "uuid": "de1f576d50dbb14fe7657144c4d35faffc8c0019", "thread": {"social": {"gplus": {"shares": 0}, "pinterest": {"shares": 0}, "vk": {"shares": 0}, "linkedin": {"shares": 0}, "facebook": {"likes": 0, "shares": 0, "comments": 0}, "stumbledupon": {"shares": 0}}, "site_full": "uk.finance.yahoo.com", "main_image": "https://s.yimg.com/bt/api/res/1.2/6rik6AZwuPGCiADf_9dhPQ--/YXBwaWQ9eW5ld3M7cT03NTt3PTYwMA--/http://l.yimg.com/os/mit/media/m/social/images/social_default_logo-1481777.png", "site_section": "https://uk.finance.yahoo.com/news/category-international/?format=rss", "section_title": "World Business News | Finance News - Yahoo! Finance UK", "url": "https://uk.finance.yahoo.com/news/weak-metals-prices-drag-rio-063205565.html", "country": "GB", "title": "Weak metals prices drag Rio Tinto first-half underlying earnings down 43 percent", "performance_score": 0, "site": "yahoo.com", "participants_count": 0, "title_full": "Weak metals prices drag Rio Tinto first-half underlying earnings down 43 percent", "spam_score": 0.0, "site_type": "news", "published": "2015-08-06T09:32:00.000+03:00", "replies_count": 0, "uuid": "de1f576d50dbb14fe7657144c4d35faffc8c0019"}, "author": "", "url": "https://uk.finance.yahoo.com/news/weak-metals-prices-drag-rio-063205565.html", "ord_in_thread": 0, "title": "Weak metals prices drag Rio Tinto first-half underlying earnings down 43 percent", "locations": [], "entities": {"persons": [], "locations": [], "organizations": []}, "highlightText": "", "language": "english", "persons": [], "text": "View Photo \nA Rio Tinto logo is displayed on the front of a wall panel during a news conference in Sydney November … \nSYDNEY (Reuters) - Weak metals prices drove global miner Rio Tinto's (RIO.AX) (RIO.L) first-half underlying earnings down 43 percent to $2.9 billion (1.85 billion pounds) versus the same period last year, \nChief Executive Sam Walsh called the result \"robust\" given the tough operating environment the company faced over the period. \nThe Anglo Australian's iron ore division, the world's second largest, saw underlying earnings fall 55 percent to $2.099 billion year-on-year. \nFirst-half iron ore sales of 146.5 million tonnes reported by the company on July 16 were 8 percent higher than the first six months of 2014. \nSpot iron ore prices hit a record low of $44.10 a tonne in early July after plunging through the first half of the year. Even with a modest recovery to $56.40 a tonne, they are still down more than 22 percent this year. \nOverall underlying earnings for the first half were in line with most analysts' forecasts. \n(Reporting by James Regan; Editing by Ed Davies and Joseph Radford)", "external_links": [], "published": "2015-08-06T09:32:00.000+03:00", "crawled": "2015-08-06T09:52:07.410+03:00", "highlightTitle": ""}