{"organizations": [], "uuid": "8732845ff2fe8f3f7e1d50bfce97c9e969f68883", "thread": {"social": {"gplus": {"shares": 0}, "pinterest": {"shares": 0}, "vk": {"shares": 0}, "linkedin": {"shares": 0}, "facebook": {"likes": 0, "shares": 0, "comments": 0}, "stumbledupon": {"shares": 0}}, "site_full": "www.marketwatch.com", "main_image": "http://mw1.wsj.net/MW5/content/images/logos/mw-social-logo.jpg", "site_section": "http://www.marketwatch.com/rss/pf/", "section_title": "MarketWatch.com - All MarketWatch News - Personal Finance", "url": "http://www.marketwatch.com/story/in-focus-buy-signals-are-still-in-place-2015-08-05", "country": "US", "title": "MarketWatch Options Trader: In focus: Buy signals are still in place", "performance_score": 0, "site": "marketwatch.com", "participants_count": 0, "title_full": "MarketWatch Options Trader: In focus: Buy signals are still in place", "spam_score": 0.0, "site_type": "news", "published": "2015-08-06T03:34:00.000+03:00", "replies_count": 0, "uuid": "8732845ff2fe8f3f7e1d50bfce97c9e969f68883"}, "author": "", "url": "http://www.marketwatch.com/story/in-focus-buy-signals-are-still-in-place-2015-08-05", "ord_in_thread": 0, "title": "MarketWatch Options Trader: In focus: Buy signals are still in place", "locations": [], "entities": {"persons": [], "locations": [], "organizations": []}, "highlightText": "", "language": "english", "persons": [], "text": "Free Preview \nFor full access, Log in or Subscribe Now and get 4 weeks free! \nDespite buy signals from the subsidiary indicators, the S&P 500 Index (SPX) has not responded. That index remains in the trading range (2040-2135) that has contained it for most of this year. There is support at or near the lower end of the range (last tested in early July), and there is resistance near the top of the range (last tested in mid July). As long as SPX remains in this range, one is forced to have a neutral outlook on the market. \nThe equity-only put/call ratios are bullish. Both are dropping sharply now, after having rolled over (i.e., generating buy signals) at relatively high levels on their charts — especially the standard ratio, which exceeded its highs of last October. \nMoreover, the Total put/call ratio has given an official buy signal as well. We had declared the buy signal last week, and now it is official (actually, doubly official). The 21-day moving average of the Total put/call ratio has closed below 0.90, so that is an official buy signal. Moreover, it topped out at 0.938 on July 27, and that peak will surely be in place for 10 days (or more), so that is also an official confirmation of a buy signal. A Total put/call ratio buy signal has a target of a 100-point gain for SPX. To continue reading, please subscribe. Already a Subscriber? Log in", "external_links": [], "published": "2015-08-06T03:34:00.000+03:00", "crawled": "2015-08-06T03:28:52.485+03:00", "highlightTitle": ""}