{"organizations": ["US Citizenship"], "uuid": "22469463bfc1e738d01bab2764afa7270a0eb4b9", "thread": {"social": {"gplus": {"shares": 0}, "pinterest": {"shares": 0}, "vk": {"shares": 0}, "linkedin": {"shares": 0}, "facebook": {"likes": 0, "shares": 0, "comments": 0}, "stumbledupon": {"shares": 0}}, "site_full": "www.simplyhired.com", "main_image": "", "site_section": "http://www.simplyhired.com/a/job-feed/rss/o-13205", "section_title": "Finance jobs | Simply Hired", "url": "http://www.simplyhired.com/job/x6dimnp72q", "country": "US", "title": "Federal - Financial Planning & Analysis Specialist at Accenture (Arlington, VA)", "performance_score": 0, "site": "simplyhired.com", "participants_count": 0, "title_full": "Federal - Financial Planning & Analysis Specialist at Accenture (Arlington, VA)", "spam_score": 0.0, "site_type": "news", "published": "2015-08-05T12:52:00.000+03:00", "replies_count": 0, "uuid": "22469463bfc1e738d01bab2764afa7270a0eb4b9"}, "author": "", "url": "http://www.simplyhired.com/job/x6dimnp72q", "ord_in_thread": 0, "title": "Federal - Financial Planning & Analysis Specialist at Accenture (Arlington, VA)", "locations": ["VA"], "entities": {"persons": [], "locations": [], "organizations": []}, "highlightText": "", "language": "english", "persons": [], "text": "Bachelors degree in Finance or Accounting 3 years of finance experience, including 1 year of Government contracting experience 6+ months of supervisory experience US Citizenship \nAdditional Preferred Skills and Qualifications: Advanced Excel and Powerpoint Skills Costpoint, Cognos Reporting, TM1 \nAn active security clearance or the ability to obtain one may be required for this role. \nCandidates who are currently employed by a client of Accenture or an affiliated Accenture business may not be eligible for consideration. \nApplicants for employment in the US must have work authorization that does not now or in the future require sponsorship of a visa for employment authorization in the United States and with Accenture (i.e., H1-B visa, F-1 visa (OPT), TN visa or any other non-immigrant status). Accenture is a federal contractor and an EEO and Affirmative Action Employer of Females/Minorities/Veterans/Individuals with Disabilities. All employment decisions shall be made without regard to age, race, creed, color, religion, sex, national origin, ancestry, disability status, veteran status, sexual orientation, gender identity or expression, genetic information, marital status, citizenship status or any other basis as protected by federal, state, or local law. \nAccenture is an Equal Opportunity Employer.", "external_links": [], "published": "2015-08-05T12:52:00.000+03:00", "crawled": "2015-08-05T15:31:56.836+03:00", "highlightTitle": ""}