{"organizations": ["Deutsche Borse"], "uuid": "de0b4f43bda2bc8dc1509c9d4db0983cf5259c3b", "thread": {"social": {"gplus": {"shares": 0}, "pinterest": {"shares": 0}, "vk": {"shares": 0}, "linkedin": {"shares": 0}, "facebook": {"likes": 0, "shares": 0, "comments": 0}, "stumbledupon": {"shares": 0}}, "site_full": "www.financemagnates.com", "main_image": "http://www.financemagnates.com/executives/wp-content/uploads/sites/11/2015/08/DB.jpg", "site_section": "http://forexmagnates.com/feed/", "section_title": "Latest News from Finance Magnates", "url": "http://www.financemagnates.com/executives/move/deutsche-borse-appoints-rob-jolliffe-as-managing-director/", "country": "US", "title": "Deutsche Borse Appoints Rob Jolliffe as Managing Director", "performance_score": 0, "site": "financemagnates.com", "participants_count": 0, "title_full": "Deutsche Borse Appoints Rob Jolliffe as Managing Director", "spam_score": 0.0, "site_type": "news", "published": "2015-08-06T15:52:00.000+03:00", "replies_count": 0, "uuid": "de0b4f43bda2bc8dc1509c9d4db0983cf5259c3b"}, "author": "", "url": "http://www.financemagnates.com/executives/move/deutsche-borse-appoints-rob-jolliffe-as-managing-director/", "ord_in_thread": 0, "title": "Deutsche Borse Appoints Rob Jolliffe as Managing Director", "locations": [], "entities": {"persons": [], "locations": [], "organizations": []}, "highlightText": "", "language": "english", "persons": ["Jolliffe", "Rob Jolliffe"], "text": "Deutsche Borse Appoints Rob Jolliffe as Managing Director Deutsche Borse Appoints Rob Jolliffe as Managing Director Mr. Jolliffe will be responsible for all of the exchange operator's sales activities and global investment channels. Advertising Print This Post \nGerman trading venue, Deutsche Borse has appointed investment-banking veteran Rob Jolliffe as its newest Managing Director, according to a Reuters report. \nIn his new role as the Managing Director and Global Head of Sales at Deutsche Borse, Mr. Jolliffe will be responsible for all of the exchange operator’s sales activities, and global investment channels. Moreover, he will help integrate both Deutsche Borse’s products and services into one cohesive function – Mr. Jolliffe will be reporting to Deutsche Borse’s Chief Executive Carsten Kengeter. \nMr. Jolliffe has had a lengthy background in investment banking, having held senior roles in fixed-income sales, origination, and underwriting roles. Prior stops include JP Morgan, Goldman Sachs, Royal Bank of Scotland (RBS) and UBS. \nAccording to Mr. Kengeter in a recent statement on the appointment, “Rob is joining us at the right time. With his international background and decades of experience on the customer side he is the right person to bring more agility and innovation to our sales efforts.” \nEarlier this week, Deutsche Borse made headlines after it reported its order book turnover across all asset classes in the month ending July 2015 , which was underpinned by a lower figure of $150.6 billion (€137.3 billion). The most recent figures managed to orchestrate a fall of -17.1% MoM from $181.8 billion in June 2015, as well as a sizable boost of 38.5% YoY from $108.7 billion (€99.1 billion) in June 2014. Got a news tip? Let Us Know FOUND A MISTAKE", "external_links": [], "published": "2015-08-06T15:52:00.000+03:00", "crawled": "2015-08-06T13:13:07.844+03:00", "highlightTitle": ""}