{"organizations": [], "uuid": "7e655bc1d4d61e6286eaae7cd1a5532de4140044", "thread": {"social": {"gplus": {"shares": 0}, "pinterest": {"shares": 0}, "vk": {"shares": 0}, "linkedin": {"shares": 0}, "facebook": {"likes": 0, "shares": 0, "comments": 0}, "stumbledupon": {"shares": 0}}, "site_full": "business-news.thestreet.com", "main_image": "", "site_section": "http://business-news.thestreet.com/morning-star-publishing/rss/627", "section_title": "Morning Star Publishing : Personal Finance", "url": "http://business-news.thestreet.com/morning-star-publishing/story/12-foreign-cars-still-made-in-the-usa/13244632", "country": "EU", "title": "12 'Foreign' Cars Still Made In The U.S.A.", "performance_score": 0, "site": "thestreet.com", "participants_count": 0, "title_full": "12 'Foreign' Cars Still Made In The U.S.A.", "spam_score": 0.0, "site_type": "news", "published": "2015-08-08T17:16:00.000+03:00", "replies_count": 0, "uuid": "7e655bc1d4d61e6286eaae7cd1a5532de4140044"}, "author": "", "url": "http://business-news.thestreet.com/morning-star-publishing/story/12-foreign-cars-still-made-in-the-usa/13244632", "ord_in_thread": 0, "title": "12 'Foreign' Cars Still Made In The U.S.A.", "locations": [], "entities": {"persons": [], "locations": [], "organizations": []}, "highlightText": "", "language": "english", "persons": ["Jason Notte"], "text": "12 'Foreign' Cars Still Made In The U.S.A. Written by: Jason Notte 08/08/15 - 10:16 AM EDT \nNEW YORK (TheStreet) -- We're bidding farewell to the U.S.-made Mitsubishi, but this country is still building more than its share of “foreign” cars. \nIn July, Mitsubishi USA announced that it would end vehicle production at its plant in Normal, Ill. and attempt to sell the facility in an effort to save jobs. It's the end of a long, odd journey that began with Chrysler buying a 15% stake in Mitsubishi back in 1970. In an effort to keep U.S. Mitsubishi sales in Chrysler's column, the two automakers built a plant in Normal in 1988. After making Chrysler and Eagle-brand vehicles there for a few years, Mitsubishi bought out Chrysler's share of the plant in 1991 and escaped Chrysler's clutches altogether in 1993. \nIt had been building cars under its own name in Normal for 20 years but watched production sink from a peak of 223,000 vehicles in 2000 to just 18,500 by 2009. The company eventually brought production levels back up to more than 69,000 by last year, but Mitsubishi's share of the U.S. market slid to just 0.5%. Though Mitsubishi sales in the U.S. are up 25% year to date, the company didn't seem to feel it could carry that plant much longer. More Headlines", "external_links": [], "published": "2015-08-08T17:16:00.000+03:00", "crawled": "2015-08-08T17:50:37.344+03:00", "highlightTitle": ""}