{"organizations": [], "uuid": "c0dab61d823a9622a1abd62ec7f44e75c78085e4", "thread": {"social": {"gplus": {"shares": 0}, "pinterest": {"shares": 0}, "vk": {"shares": 0}, "linkedin": {"shares": 0}, "facebook": {"likes": 0, "shares": 0, "comments": 0}, "stumbledupon": {"shares": 0}}, "site_full": "www.reuters.com", "main_image": "", "site_section": "http://www.reuters.com/finance/personal-finance", "section_title": "Wealth, Personal Finance &amp; Money | Reuters.com", "url": "http://www.reuters.com/article/2015/08/12/markets-stocks-usa-idUSL1N10N2GG20150812", "country": "US", "title": "US STOCKS SNAPSHOT-Wall St ends flat after late-day rally", "performance_score": 0, "site": "reuters.com", "participants_count": 1, "title_full": "US STOCKS SNAPSHOT-Wall St ends flat after late-day rally | Reuters", "spam_score": 0.0, "site_type": "news", "published": "2015-08-13T00:03:00.000+03:00", "replies_count": 0, "uuid": "c0dab61d823a9622a1abd62ec7f44e75c78085e4"}, "author": "Reuters", "url": "http://www.reuters.com/article/2015/08/12/markets-stocks-usa-idUSL1N10N2GG20150812", "ord_in_thread": 0, "title": "US STOCKS SNAPSHOT-Wall St ends flat after late-day rally", "locations": [], "entities": {"persons": [], "locations": [], "organizations": []}, "highlightText": "", "language": "english", "persons": [], "text": "NEW YORK Aug 12 U.S. stocks rallied in afternoon trading to end little changed on Wednesday as energy shares and Apple rebounded from sharp recent losses, offseting continued concerns about a slowdown in China.\nBased on the latest available data, the Dow Jones industrial average rose 0.27 points to 17,403.11, the S&P 500 gained 2.12 points, or 0.1 percent, to 2,086.19 and the Nasdaq Composite added 7.60 points, or 0.15 percent, to 5,044.39. (Reporting by Caroline Valetkevitch ; Editing by Nick Zieminski)", "external_links": [], "published": "2015-08-13T00:03:00.000+03:00", "crawled": "2015-08-12T23:10:12.360+03:00", "highlightTitle": ""}