{"organizations": [], "uuid": "bd382280e6b48a13ff84e5a896cd7321f1443c6e", "thread": {"social": {"gplus": {"shares": 0}, "pinterest": {"shares": 0}, "vk": {"shares": 0}, "linkedin": {"shares": 0}, "facebook": {"likes": 0, "shares": 0, "comments": 0}, "stumbledupon": {"shares": 0}}, "site_full": "uk.finance.yahoo.com", "main_image": "https://s.yimg.com/bt/api/res/1.2/6rik6AZwuPGCiADf_9dhPQ--/YXBwaWQ9eW5ld3M7cT03NTt3PTYwMA--/http://l.yimg.com/os/mit/media/m/social/images/social_default_logo-1481777.png", "site_section": "https://uk.finance.yahoo.com/news/category-international/?format=rss", "section_title": "World Business News | Finance News - Yahoo! Finance UK", "url": "https://uk.finance.yahoo.com/news/wall-street-falls-cheaper-yuan-144204923.html", "country": "GB", "title": "Wall Street falls as cheaper yuan hits commodities", "performance_score": 0, "site": "yahoo.com", "participants_count": 0, "title_full": "Wall Street falls as cheaper yuan hits commodities", "spam_score": 0.0, "site_type": "news", "published": "2015-08-11T17:42:00.000+03:00", "replies_count": 0, "uuid": "bd382280e6b48a13ff84e5a896cd7321f1443c6e"}, "author": "", "url": "https://uk.finance.yahoo.com/news/wall-street-falls-cheaper-yuan-144204923.html", "ord_in_thread": 0, "title": "Wall Street falls as cheaper yuan hits commodities", "locations": [], "entities": {"persons": [], "locations": [], "organizations": []}, "highlightText": "", "language": "english", "persons": [], "text": "Tip : Use comma (,) to separate multiple quotes. Learn more... \nTue, Aug 11, 2015, 15:51 BST - UK Markets close in 39 mins. Wall Street falls as cheaper yuan hits commodities Reuters – 9 minutes ago Print \nBy Sweta Singh \nREUTERS - U.S. stocks fell in early trading on Tuesday in a broad-based retreat as China's surprise devaluation of the yuan pushed the dollar higher and pressured commodity-related shares. \nOil erased most of its gains from Monday following the devalution by the world's top energy consumer. Other commodities such as copper, aluminum, nickel and zinc also fell. \nEight of the 10 major S&P sectors were down, with the energy index and the materials index both lower by nearly 2 percent. \nExxon Mobil's 1.8 percent drop was the biggest drag on the energy index and Freeport-McMoRan's 12.5 percent slump dragged on the materials index. \nConcerns around the health of the second-largest economy in the world also weighed on shares of U.S. automakers and industrials. General Motors was down nearly 3 percent, while Caterpillar was down 2.4 percent. \nThe yuan fell to its lowest against the dollar in almost three years following what the country's central bank described as a \"one-off depreciation\". \n\"We are looking at a pullback right now. The news of the yuan raises suspicion regarding the economic growth outlook for China, that's taking its toll on the markets,\" said Peter Cardillo, chief market economist at Rockwell Global Capital in New York. \nAt 10:09 a.m. EDT (1409 GMT) the Dow Jones industrial average was down 156.87 points, or 0.89 percent, at 17,458.3. The Dow briefly fell more than 1 percent. \nThe S&P 500 was down 14.34 points, or 0.68 percent, at 2,089.84 and the Nasdaq composite was down 27.23 points, or 0.53 percent, at 5,074.57. \nBrent crude was down 2.64 percent and U.S. crude fell 3.29 percent. Prices of commodities such as copper, aluminum, nickel, and zinc slid between 2 and 3.5 percent. \nU.S. stocks had climbed on Monday, giving the S&P 500 its biggest increase since May, buoyed by gains in commodity-related shares and optimism over Warren Buffett's deal to buy Precision Castparts. \nApple shares were down 2.6 percent at $116.64 after Jefferies raised concerns about the demand for the iPhone, primarily in China. The stock was the biggest drag on the S&P and the Nasdaq. \nGoogle rose 5.5 percent to $699.11 after it said it would overhaul of its operating structure. \nShake Shack rose 4 percent to $73.46 after the hamburger chain reported better-than-expected quarterly profit and sales. \nTerex rose 19.6 percent at $26.10 after the U.S. cranes and mining equipment maker and Finnish rival Konecranes agreed to an all-share merger. \nDeclining issues outnumbered advancers on the NYSE by 2,137 to 645. On the Nasdaq, 1,820 issues fell and 678 advanced. \nThe S&P 500 index showed three new 52-week highs and eight new lows, while the Nasdaq recorded 19 new highs and 45 new lows. \n(Reporting by Sweta Singh in Bengaluru; Editing by Savio D'Souza)", "external_links": [], "published": "2015-08-11T17:42:00.000+03:00", "crawled": "2015-08-11T17:55:02.657+03:00", "highlightTitle": ""}