{"organizations": ["Shell"], "uuid": "fb84e431db04c74214a960d0cef312d3e0985f6c", "thread": {"social": {"gplus": {"shares": 0}, "pinterest": {"shares": 0}, "vk": {"shares": 0}, "linkedin": {"shares": 0}, "facebook": {"likes": 0, "shares": 0, "comments": 0}, "stumbledupon": {"shares": 0}}, "site_full": "uk.finance.yahoo.com", "main_image": "https://s.yimg.com/bt/api/res/1.2/6rik6AZwuPGCiADf_9dhPQ--/YXBwaWQ9eW5ld3M7cT03NTt3PTYwMA--/http://l.yimg.com/os/mit/media/m/social/images/social_default_logo-1481777.png", "site_section": "https://uk.finance.yahoo.com/news/sector-oil-gas/?format=rss", "section_title": "Oil News | Gas News - Yahoo! Finance UK", "url": "https://uk.finance.yahoo.com/news/shell-sell-stake-chinese-lubricant-064343425.html", "country": "US", "title": "Shell to sell its stake in Chinese lubricant supplier Tongyi", "performance_score": 0, "site": "yahoo.com", "participants_count": 0, "title_full": "Shell to sell its stake in Chinese lubricant supplier Tongyi", "spam_score": 0.0, "site_type": "news", "published": "2015-08-07T09:43:00.000+03:00", "replies_count": 0, "uuid": "fb84e431db04c74214a960d0cef312d3e0985f6c"}, "author": "", "url": "https://uk.finance.yahoo.com/news/shell-sell-stake-chinese-lubricant-064343425.html", "ord_in_thread": 0, "title": "Shell to sell its stake in Chinese lubricant supplier Tongyi", "locations": [], "entities": {"persons": [], "locations": [], "organizations": []}, "highlightText": "", "language": "english", "persons": [], "text": "Tip : Use comma (,) to separate multiple quotes. Learn more... \nFri, Aug 7, 2015, 09:06 BST - UK Markets close in 7 hrs 24 mins Shell to sell its stake in Chinese lubricant supplier Tongyi Reuters - UK Focus – 1 hour 23 minutes ago 51.72 +0.60 \nAug 7 (Reuters) - Royal Dutch Shell Plc (Xetra: R6C1.DE - news ) said it signed an agreement to sell its 75 percent stake in Tongyi Lubricants in China to Huo's Group and private-equity firm Carlyle Group LP. \nTongyi is a joint venture between Shell (LSE: RDSB.L - news ) and Huo's Group. Shell bought the stake in Tongyi from Huo's Group in 2006. ( http://bit.ly/1eWSEsb ) \nThe company did not disclose financial terms of the deal. (Reporting by Noor Zainab Hussain in Bengaluru; Editing by Gopakumar Warrier) Tax cuts, pensions, childcare, online accounts and beer duty, here's … Related Stock Articles Follow the quotes you care about most. Access timely news and investment updates to stay on top of the market. … More » Yahoo UK & Ireland Finance Terms \nQuotes are real-time for NASDAQ, NYSE, and NYSEAmex when available. See also delay times for other exchanges . Quotes and other information supplied by independent providers identified on the Yahoo! Finance partner page . Quotes are updated automatically, but will be turned off after 25 minutes of inactivity. Quotes are delayed at least 15 minutes. All information provided \"as is\" for informational purposes only, not intended for trading purposes or advice. Neither Yahoo! nor any of independent providers is liable for any informational errors, incompleteness, or delays, or for any actions taken in reliance on information contained herein. By accessing the Yahoo! site, you agree not to redistribute the information found therein. \nFundamental company data provided by Capital IQ . Historical chart data and daily updates provided by Commodity Systems, Inc. (CSI) . International historical chart data and daily updates provided by Morningstar, Inc . Yahoo! - News Network", "external_links": [], "published": "2015-08-07T09:43:00.000+03:00", "crawled": "2015-08-07T11:08:33.605+03:00", "highlightTitle": ""}