{"organizations": [], "uuid": "6246184b786013e6367c3a42e645e682529a58ff", "thread": {"social": {"gplus": {"shares": 0}, "pinterest": {"shares": 0}, "vk": {"shares": 0}, "linkedin": {"shares": 0}, "facebook": {"likes": 0, "shares": 0, "comments": 0}, "stumbledupon": {"shares": 0}}, "site_full": "www.reuters.com", "main_image": "", "site_section": "http://www.reuters.com/finance/personal-finance", "section_title": "Wealth, Personal Finance &amp; Money | Reuters.com", "url": "http://www.reuters.com/article/2015/08/05/rowan-results-idUSL3N10G3L420150805", "country": "US", "title": "Driller Rowan's quarterly profit more than doubles", "performance_score": 0, "site": "reuters.com", "participants_count": 1, "title_full": "Driller Rowan's quarterly profit more than doubles | Reuters", "spam_score": 0.0, "site_type": "news", "published": "2015-08-05T15:45:00.000+03:00", "replies_count": 0, "uuid": "6246184b786013e6367c3a42e645e682529a58ff"}, "author": "Reuters", "url": "http://www.reuters.com/article/2015/08/05/rowan-results-idUSL3N10G3L420150805", "ord_in_thread": 0, "title": "Driller Rowan's quarterly profit more than doubles", "locations": [], "entities": {"persons": [], "locations": [], "organizations": []}, "highlightText": "", "language": "english", "persons": [], "text": "Aug 5 Rowan Cos Plc's quarterly profit more than doubled as the driller cut costs and ensured continued demand by deploying ultra-deepwater rigs and lowering prices.\nThe company's net income jumped to $84.7 million, or 68 cents per share, in the second quarter ended June 30, from $32.8 million, or 26 cents per share, a year earlier.\nIn the prior-year quarter, a non-cash asset impairment charge reduced net income by $8.3 million.\nRowan said on Wednesday revenue rose 20.3 percent to $508.7 million. (Reporting by Sneha Banerjee in Bengaluru; Editing by Maju Samuel)", "external_links": [], "published": "2015-08-05T15:45:00.000+03:00", "crawled": "2015-08-05T15:03:11.480+03:00", "highlightTitle": ""}