{"organizations": [], "uuid": "7d0f46f4d379bb84c85a7b55cd0ea031d90cfff5", "thread": {"social": {"gplus": {"shares": 0}, "pinterest": {"shares": 0}, "vk": {"shares": 0}, "linkedin": {"shares": 0}, "facebook": {"likes": 0, "shares": 0, "comments": 0}, "stumbledupon": {"shares": 0}}, "site_full": "uk.finance.yahoo.com", "main_image": "https://s.yimg.com/bt/api/res/1.2/6rik6AZwuPGCiADf_9dhPQ--/YXBwaWQ9eW5ld3M7cT03NTt3PTYwMA--/http://l.yimg.com/os/mit/media/m/social/images/social_default_logo-1481777.png", "site_section": "https://uk.finance.yahoo.com/news/sector-banks/?format=rss", "section_title": "Banking News - Yahoo! Finance UK", "url": "https://uk.finance.yahoo.com/news/stanchart-backs-off-australian-coal-220904408.html", "country": "US", "title": "StanChart backs off Australian coal mining project", "performance_score": 0, "site": "yahoo.com", "participants_count": 0, "title_full": "StanChart backs off Australian coal mining project", "spam_score": 0.0, "site_type": "news", "published": "2015-08-11T01:09:00.000+03:00", "replies_count": 0, "uuid": "7d0f46f4d379bb84c85a7b55cd0ea031d90cfff5"}, "author": "", "url": "https://uk.finance.yahoo.com/news/stanchart-backs-off-australian-coal-220904408.html", "ord_in_thread": 0, "title": "StanChart backs off Australian coal mining project", "locations": [], "entities": {"persons": [], "locations": [], "organizations": []}, "highlightText": "", "language": "english", "persons": [], "text": "Tip : Use comma (,) to separate multiple quotes. Learn more... \nTue, Aug 11, 2015, 01:02 BST - UK Markets open in 6 hrs 58 mins StanChart backs off Australian coal mining project Reuters - UK Focus – 1 hour 53 minutes ago \n(Repeats story published late Monday; no changes to text) \nBy Steve Slater \nLONDON, Aug 10 (Reuters) - Standard Chartered (HKSE: 2888.HK - news ) will not advise or help finance the multi-billion dollar Carmichael coal mine in Australia, marking the second big bank to walk away from the project in a week. \nEnvironmental groups have been campaigning against the mine, being developed in Queensland by Indian conglomerate Adani Mining. \n\"As a result of this ongoing review by Standard Chartered and the delays experienced by Adani in receipt of its project approvals, both parties have agreed to end the bank's role in the Carmichael project,\" Standard Chartered said on Monday. \nCommonwealth Bank of Australia (Other OTC: CBAUF - news ) last week said it had ended its role as financial adviser on the project. \nThe two banks' retreat follows a court decision revoking the Australian government's environmental approval for the coal mine, which at an estimated cost of up to $16 billion is one of the world's biggest under construction. \nEnvironmentalists have said the proposed mine could threaten the Great Barrier Reef, as well as turning out one of the most carbon-producing fuels. \n\"Getting anywhere near this controversial project is now a massive reputational risk even for some of the world's most powerful banks,\" Sebastian Bock, a campaigner for environmental activist group Greenpeace, said after Standard Chartered's statement. \nA spokesman for Adani declined to comment. (Additional reported by Clara Ferreira-Marques in Mumbai; Editing by David Holmes)", "external_links": [], "published": "2015-08-11T01:09:00.000+03:00", "crawled": "2015-08-11T03:08:55.271+03:00", "highlightTitle": ""}