{"organizations": [], "uuid": "6573a8665405e798cd34e6784f57b9f26d83af79", "thread": {"social": {"gplus": {"shares": 0}, "pinterest": {"shares": 0}, "vk": {"shares": 0}, "linkedin": {"shares": 0}, "facebook": {"likes": 0, "shares": 0, "comments": 0}, "stumbledupon": {"shares": 0}}, "site_full": "uk.finance.yahoo.com", "main_image": "https://s.yimg.com/bt/api/res/1.2/6rik6AZwuPGCiADf_9dhPQ--/YXBwaWQ9eW5ld3M7cT03NTt3PTYwMA--/http://l.yimg.com/os/mit/media/m/social/images/social_default_logo-1481777.png", "site_section": "https://uk.finance.yahoo.com/news/sector-insurance/?format=rss", "section_title": "Insurance News - Yahoo! Finance UK", "url": "https://uk.finance.yahoo.com/news/britains-ftse-boosted-dovish-boe-121835379.html", "country": "US", "title": "Britain's FTSE boosted by dovish BoE vote", "performance_score": 0, "site": "yahoo.com", "participants_count": 0, "title_full": "Britain's FTSE boosted by dovish BoE vote", "spam_score": 0.0, "site_type": "news", "published": "2015-08-06T15:18:00.000+03:00", "replies_count": 0, "uuid": "6573a8665405e798cd34e6784f57b9f26d83af79"}, "author": "", "url": "https://uk.finance.yahoo.com/news/britains-ftse-boosted-dovish-boe-121835379.html", "ord_in_thread": 0, "title": "Britain's FTSE boosted by dovish BoE vote", "locations": ["Britain"], "entities": {"persons": [], "locations": [], "organizations": []}, "highlightText": "", "language": "english", "persons": [], "text": "Tip : Use comma (,) to separate multiple quotes. Learn more... \nThu, Aug 6, 2015, 13:53 BST - UK Markets close in 2 hrs 37 mins Britain's FTSE boosted by dovish BoE vote Reuters - UK Focus – 35 minutes ago \n* FTSE 100 steady after early falls \n* Housebuilders boosted with rates set to stay low \n* Miners hit as copper sinks to 6 year low \n* RSA falls, with focus on prospect of Zurich bid (Recasts) \nBy Alistair Smout \nLONDON, Aug 6 (Reuters) - Britain's top share index got a boost from the Bank of England on Thursday, turning higher after fewer officials voted for a rate rise than had been expected, leading investors to bet that borrowing costs will remain a record lows for longer. \nThe FTSE 100 index was up 0.1 percent at 6,757.74 points by 1200 GMT, having been in negative territory all morning. \nThe index turned higher after the Bank of England said one of its policymakers voted to start raising rates, but the other eight appeared in no rush to do so. The central bank forecast only a slow pick-up in inflation, which now sits at zero. \nMost economists taking part in a Reuters poll had expected two members of the Monetary Policy Committee to vote for a rate hike. Some had expected three. \nThe prospect of continued low interest rates boosted rate-sensitive sectors such as housebuilders and property-related stocks. \nHousebuilder Taylor Wimpey rose 3.1 percent, making it one of the best-performers on the FTSE 100 and taking it to a new eight-year high. \nBarratt Developments (LSE: BDEV.L - news ) rose 2.3 percent, also hitting its highest level since 2007. Persimmon (Other OTC: PSMMF - news ) rose 2 percent to a record high. \n\"Housebuilders were weak on expectations of a quicker rate hike. Now (NYSE: DNOW - news ) , these are being bought again as a play on rates staying low for longer,\" said Atif Latif, director of trading at Guardian Stockbrokers. \"We think concerns regarding rate rises and the likely impact on the sector have been overplayed.\" \nCommodity prices remained weak, with copper reaching a six-year low, sending miners 2.2 percent lower. \nAmong other top declines, RSA fell 1.9 percent. Although RSA's own pretax profit beat expectations, Swiss rival Zurich Insurance (Xetra: ZFI1.DE - news ) , which is interested in bidding for RSA, said it would not overpay for the British insurer. \n\"In the short term, we expect RSA to trade based on the probability of a takeover bid, rather than fundamental valuation,\" Bernstein analysts said in a note. \"Hence, on balance we expect the stock to trade down in the very short term.\" \nOther insurers rose, with Old Mutual (Other OTC: ODMTY - news ) up 4.7 percent after strong results. \nAviva (Other OTC: AIVAF - news ) also benefited from well-received earnings, adding 1.5 percent after posting forecast-beating half-year operating profit. \nBP and Anglo American (LSE: AAL.L - news ) contributed to Thursday's falls as they traded without the attraction of their latest dividend payouts, down 2.8 percent and 4.2 percent respectively. (Additional reporting by Liisa Tuhkanen and Sudip Kar-Gupta, editing by Larry King)", "external_links": [], "published": "2015-08-06T15:18:00.000+03:00", "crawled": "2015-08-06T15:53:59.622+03:00", "highlightTitle": ""}