{"organizations": [], "uuid": "5a9ba3479c3eaaae5d295aec04eb96a914bb65cb", "thread": {"social": {"gplus": {"shares": 0}, "pinterest": {"shares": 0}, "vk": {"shares": 0}, "linkedin": {"shares": 0}, "facebook": {"likes": 0, "shares": 0, "comments": 0}, "stumbledupon": {"shares": 0}}, "site_full": "live.wsj.com", "main_image": "", "site_section": "http://feeds.wsjonline.com/wsj/video/personal-finance/feed", "section_title": "WSJ.com Video - Personal Finance", "url": "http://live.wsj.com/video/job-crafting-a-fresh-take-on-your-old-job/6313D424-BE04-4196-B546-8DEC640839F6.html", "country": "US", "title": "Job Crafting: A Fresh Take on Your Old Job", "performance_score": 0, "site": "wsj.com", "participants_count": 1, "title_full": "Job Crafting: A Fresh Take on Your Old Job", "spam_score": 0.0, "site_type": "news", "published": "2015-08-11T03:00:00.000+03:00", "replies_count": 0, "uuid": "5a9ba3479c3eaaae5d295aec04eb96a914bb65cb"}, "author": "wsj.com", "url": "http://live.wsj.com/video/job-crafting-a-fresh-take-on-your-old-job/6313D424-BE04-4196-B546-8DEC640839F6.html", "ord_in_thread": 0, "title": "Job Crafting: A Fresh Take on Your Old Job", "locations": [], "entities": {"persons": [], "locations": [], "organizations": []}, "highlightText": "", "language": "english", "persons": [], "text": "When your job gets monotonous and boring trying a more creative approach to old tasks can improve your work outlook. Sue Shellenbarger joins Lunch Break With Tanya Rivero. Photo: Getty", "external_links": [], "published": "2015-08-11T03:00:00.000+03:00", "crawled": "2015-08-11T20:04:04.183+03:00", "highlightTitle": ""}