{"organizations": [], "uuid": "8acf86e2c06cce012ebb2e712ac31e9335a18366", "thread": {"social": {"gplus": {"shares": 0}, "pinterest": {"shares": 0}, "vk": {"shares": 0}, "linkedin": {"shares": 0}, "facebook": {"likes": 0, "shares": 0, "comments": 0}, "stumbledupon": {"shares": 0}}, "site_full": "www.jdsupra.com", "main_image": "http://www.jdsupra.com/showThumbnail.aspx?img=824_2432.jpg&size=og", "site_section": "http://www.jdsupra.com/resources/syndication/docsRSSfeed.aspx?ftype=FinanceBanking&premium=1", "section_title": "Finance & Banking RSS Feed | JD Supra Law News", "url": "http://www.jdsupra.com/legalnews/citizen-vc-no-action-letter-clarity-and-33513/", "country": "US", "title": "Citizen.VC No Action Letter: Clarity and Guidance for Conducting a Private Placement Online", "performance_score": 0, "site": "jdsupra.com", "participants_count": 1, "title_full": "Citizen.VC No Action Letter: Clarity and Guidance for Conducting a Private Placement Online", "spam_score": 0.0, "site_type": "news", "published": "2015-08-11T02:11:00.000+03:00", "replies_count": 0, "uuid": "8acf86e2c06cce012ebb2e712ac31e9335a18366"}, "author": "Mintz Levin", "url": "http://www.jdsupra.com/legalnews/citizen-vc-no-action-letter-clarity-and-33513/", "ord_in_thread": 0, "title": "Citizen.VC No Action Letter: Clarity and Guidance for Conducting a Private Placement Online", "locations": [], "entities": {"persons": [], "locations": [], "organizations": []}, "highlightText": "", "language": "english", "persons": [], "text": "<iframe src=\"http://www.jdsupra.com/post/contentViewerEmbed.aspx?fid=95dd63c4-a049-481b-b0e4-54553327f21a\" width=\"100%\" height=\"620\" frameborder=\"1\" style=\"border: 2px solid #ccc; overflow-x:hidden !important; overflow:hidden;\" scrolling=\"auto\"> general solicitation” and thereby being subject to the additional requirements imposed by the new Rule 506(c). The guidance has been provided by the issuance of the Citizen.VC No Action Letter (the “CVC Letter”), which request was authored by Mintz Levin. See the CVC Letter and the response from the SEC . general solicitation.” The key is that certain procedures are created and followed which enable the issuer and the potential investor to develop a “pre-existing, substantive relationship” before any securities are offered. These procedures are designed to enable the issuer to evaluate the prospective investor’s financial sophistication, circumstances, suitability, and his or her ability to understand the nature and risks of a potential investment. If there is no general solicitation, then the issuer is not required to obtain independent verification of the accredited status of the investor. While the vast majority of online offerings will clearly fall within the new Rule 506(c), the CVC Letter does spell out a way to conduct a true private placement in a password protected web page that does not give rise to a general solicitation. “best practices” by issuers who want to raise capital in a password protected web page under Rule 506(b). The guidelines should limit fraud and limit potential losses by investors who may not be able to afford the risk of losing money, all of which is a good thing for value creation, building new growth companies, and the entire venture capital ecosystem. Send Print Report Contact Related Posts", "external_links": [], "published": "2015-08-11T02:11:00.000+03:00", "crawled": "2015-08-11T03:29:22.862+03:00", "highlightTitle": ""}