{"organizations": [], "uuid": "44092b9a224776a952876bcd9ecd9591b4911af2", "thread": {"social": {"gplus": {"shares": 0}, "pinterest": {"shares": 0}, "vk": {"shares": 0}, "linkedin": {"shares": 0}, "facebook": {"likes": 0, "shares": 0, "comments": 0}, "stumbledupon": {"shares": 0}}, "site_full": "au.finance.yahoo.com", "main_image": "https://s.yimg.com/bt/api/res/1.2/6rik6AZwuPGCiADf_9dhPQ--/YXBwaWQ9eW5ld3M7cT03NTt3PTYwMA--/http://l.yimg.com/os/mit/media/m/social/images/social_default_logo-1481777.png", "site_section": "https://au.finance.yahoo.com/news/topic-top-stories/?format=rss", "section_title": "Australian Business & World Finance News - Yahoo!7 Finance", "url": "https://au.finance.yahoo.com/news/dominos-charge-faster-delivery-043137002.html", "country": "GB", "title": "Domino's to charge for faster delivery", "performance_score": 0, "site": "yahoo.com", "participants_count": 0, "title_full": "Domino's to charge for faster delivery", "spam_score": 0.0, "site_type": "news", "published": "2015-08-11T07:31:00.000+03:00", "replies_count": 0, "uuid": "44092b9a224776a952876bcd9ecd9591b4911af2"}, "author": "", "url": "https://au.finance.yahoo.com/news/dominos-charge-faster-delivery-043137002.html", "ord_in_thread": 0, "title": "Domino's to charge for faster delivery", "locations": ["Australia"], "entities": {"persons": [], "locations": [], "organizations": []}, "highlightText": "", "language": "english", "persons": [], "text": "Tue, Aug 11, 2015, 2:37 PM AEST - Australia Markets close in 1 hr 23 mins Domino's to charge for faster delivery AAP – 5 minutes ago Print \nDomino's has set its sights on becoming the fastest option in fast food by promising to deliver pizza within 15 minutes, for a price. \nThe company is introducing 15 minute and 20 minute guarantees in a move it hopes will lure customers away from drive-through hamburger joints, which have been a faster option than pizza delivery for many in the past. \n\"That whole process of going out and getting that burger or fried chicken and getting it home takes longer than 15 minutes,\" chief executive Don Meij told AAP. \n\"We can now do it in the comfort of your own home and we'll do it within 15 minutes, very often in 12 or 13 minutes.\" \nCustomers will pay an extra $5 to get their pizza within 15 minutes and $3 to get it within 20 minutes. \nVouchers for a free pizza will be handed out if the order arrives late, though the guarantees will only be available to customers who live within a certain travel time of a Domino's store. \nMr Meij said the company was able to offer the guarantees because the growth of its store network over the past decade meant drivers had to travel less to reach customers, while the recent launch of its online delivery tracker had helped make the delivery process more efficient. \nDomino's announced the move as it unveiled another healthy full year result, which included a better-than-expected 40 per cent increase in net profit to $64 million. \nIt also forecast another 20 per cent lift in profit for the year ahead, though the company has a record of under-promising and over-delivering on its guidance. \nBut the result was not enough to satisfy shareholders, given the company's high valuation, which sits at well over 50 times earnings, and Domino's shares were down 44 cents at $40.71 at 1415 AEST. \n\"The numbers are good, you can't deny that, but the PE-ratio (price-earnings ratio) at 56 times is way, way, way too high to justify what is a very good result,\" IG market strategist Evan Lucas told Sky News. \nThe pizza maker has grown its earnings strongly over the past decade by rapidly rolling out new stores, expanding into Europe and Japan and introducing innovations like the delivery tracker. \nAnd Mr Meij, who has been with the company for 28 years, starting out as a delivery driver in 1987, is confident the good times will continue as Domino's looks to roll out another 1,100 stores - roughly the number it has opened in the past decade - in the next five years. \nA third of those will be in Australia and New Zealand, where Mr Meij says the company still has room to grow. \n\"Our stores are beyond capacity, we desperately need more stores to get closer to the customer.\" \nDOMINO'S TAKES A BIGGER SLICE \n* Net profit up 40pct to $64m \n* Revenue up 19pct to $702m \n* Final dividend up 8.2 cents to 27.2 cents per share. @y7finance on Twitter, become a fan on Facebook Bowen questioned over effects test stance AAP \nFederal Labor MPs have questioned the party's position in opposing the introduction of an effects test to limit …", "external_links": [], "published": "2015-08-11T07:31:00.000+03:00", "crawled": "2015-08-11T07:39:01.231+03:00", "highlightTitle": ""}