{"organizations": [], "uuid": "473c2347013e8d4f7066befc6343ca8fc425af1e", "thread": {"social": {"gplus": {"shares": 0}, "pinterest": {"shares": 0}, "vk": {"shares": 0}, "linkedin": {"shares": 0}, "facebook": {"likes": 0, "shares": 0, "comments": 0}, "stumbledupon": {"shares": 0}}, "site_full": "business-news.thestreet.com", "main_image": "", "site_section": "http://business-news.thestreet.com/ile-camera/rss/627", "section_title": "Ile Camera : Personal Finance", "url": "http://business-news.thestreet.com/ile-camera/story/student-loans-involving-for-profit-colleges-made-through-credit-unions-escape-regulation/13255", "country": "US", "title": "Student Loans Involving For-Profit Colleges Made Through Credit Unions Escape Regulation", "performance_score": 0, "site": "thestreet.com", "participants_count": 0, "title_full": "Student Loans Involving For-Profit Colleges Made Through Credit Unions Escape Regulation", "spam_score": 0.0, "site_type": "news", "published": "2015-08-13T18:41:00.000+03:00", "replies_count": 0, "uuid": "473c2347013e8d4f7066befc6343ca8fc425af1e"}, "author": "", "url": "http://business-news.thestreet.com/ile-camera/story/student-loans-involving-for-profit-colleges-made-through-credit-unions-escape-regulation/13255", "ord_in_thread": 0, "title": "Student Loans Involving For-Profit Colleges Made Through Credit Unions Escape Regulation", "locations": [], "entities": {"persons": [], "locations": [], "organizations": []}, "highlightText": "", "language": "english", "persons": ["John Sandman"], "text": "Student Loans Involving For-Profit Colleges Made Through Credit Unions Escape Regulation Written by: John Sandman 08/13/15 - 11:41 AM EDT \nNEW YORK ( MainStreet ) — Credit Unions have been at the margins of the student loan crisis, yet they make student loans. The Center for American Progress, the United States Student Organization, Veterans for Educational Success and five other groups protested the role of credit union service organizations (CUSO) in partnering with for-profit colleges, particularly ITT Tech, in a July 30 letter to the National Credit Union Administration (NCUA), the federal credit union regulator. \nThe letter noted that ITT Tech has spent more on marketing and executive compensation than on classroom instruction. Overall, 20% of students who left ITT Tech end up defaulting on their student loans . In May, the Securities and Exchange Commission (SEC) filed fraud charges against ITT Educational Services, its CEO Kevin Modany and its CEO Daniel Fitzpatrick. \n\"We are deeply disturbed about the role of credit unions and credit union service organizations (CUSO) that partnered with for-profit colleges to offer predatory student loans,\" the letter stated. \"In particular, ITT Educational Services, the controversial for-profit college chain allegedly developed a scheme to issue high-cost private student loans to its students through a CUSO.\" CUSOs are corporate entities in which federally chartered credit unions own a minority stake. More Headlines", "external_links": [], "published": "2015-08-13T18:41:00.000+03:00", "crawled": "2015-08-14T09:02:57.140+03:00", "highlightTitle": ""}