{"organizations": [], "uuid": "b28498b5488a354759f3816c5fc3cd1cdd9d831e", "thread": {"social": {"gplus": {"shares": 0}, "pinterest": {"shares": 0}, "vk": {"shares": 0}, "linkedin": {"shares": 0}, "facebook": {"likes": 0, "shares": 0, "comments": 0}, "stumbledupon": {"shares": 0}}, "site_full": "www.reuters.com", "main_image": "", "site_section": "http://www.reuters.com/finance/personal-finance", "section_title": "Wealth, Personal Finance &amp; Money | Reuters.com", "url": "http://www.reuters.com/article/2015/08/10/twitter-stake-idUSL3N10L5DW20150810", "country": "US", "title": "UPDATE 1-Twitter interim CEO Dorsey buys more shares in show of faith", "performance_score": 0, "site": "reuters.com", "participants_count": 1, "title_full": "UPDATE 1-Twitter interim CEO Dorsey buys more shares in show of faith | Reuters", "spam_score": 0.0, "site_type": "news", "published": "2015-08-11T01:12:00.000+03:00", "replies_count": 0, "uuid": "b28498b5488a354759f3816c5fc3cd1cdd9d831e"}, "author": "Reuters", "url": "http://www.reuters.com/article/2015/08/10/twitter-stake-idUSL3N10L5DW20150810", "ord_in_thread": 0, "title": "UPDATE 1-Twitter interim CEO Dorsey buys more shares in show of faith", "locations": [], "entities": {"persons": [], "locations": [], "organizations": []}, "highlightText": "", "language": "english", "persons": [], "text": "(Adds share closing, options activity)\nAug 10 (Reuters) - Twitter Inc interim Chief Executive Jack Dorsey joined other insiders in buying more shares in the company in a show of confidence in the stock, which traded at a record-low last week.\nDorsey, who stepped in as interim CEO on July 1, has been candid about the problems faced by the microblogging website .\nUser growth in the second quarter increased at the slowest pace since the company went public in 2013.\n\"Investing in @twitter's future,\" Dorsey tweeted on Monday, after disclosing he had bought 31,627 shares, worth about $875,000 at $27.67 per share. ( bit.ly/1f3I030 )\nDorsey now owns about 21.9 million shares, or about 3 percent of Twitter.\nTwitter's shares closed up 9 percent at $29.50 on Monday. The stock fell to a record low of $27.82 on Aug. 7 - just shy of the IPO price of $26.\nSeparately, director Peter Currie disclosed he had bought and 9,200 shares worth about $249,000 at $27.03. ( bit.ly/1P1hB2e )\nCFO Anthony Noto and another director, Peter Fenton, disclosed share purchases in the company last week.\nTrading in Twitter's options contracts was busier than usual on Monday, with much of the trading biased towards calls, usually used for bullish bets on the shares.\nTrading in calls outnumbered puts by a ratio of 2.6-to-1, the highest the ratio has been since June 23, according to Trade Alert data. Calls betting on the shares closing above $30 and $29 by Friday were particularly busy.\nOverall options volume was at 211,000 contracts, compared with average daily volume of 179,000 contracts.\nTwitter also clinched a multiyear partnership on Monday with the National Football League to deliver video and other content to NFL fans on a daily basis. (Reporting by Devika Krishna Kumar in Bengaluru and Saqib Ahmed in New York; Editing by Saumyadeb Chakrabarty)", "external_links": ["http://bit.ly/1P1hB2e", "http://bit.ly/1f3I030"], "published": "2015-08-11T01:12:00.000+03:00", "crawled": "2015-08-11T00:26:50.383+03:00", "highlightTitle": ""}