{"organizations": [], "uuid": "14f4221f3f19aa7842a38631b4a6fada06c2c81b", "thread": {"social": {"gplus": {"shares": 0}, "pinterest": {"shares": 0}, "vk": {"shares": 0}, "linkedin": {"shares": 0}, "facebook": {"likes": 0, "shares": 0, "comments": 0}, "stumbledupon": {"shares": 0}}, "site_full": "www.reuters.com", "main_image": "", "site_section": "http://www.reuters.com/finance/personal-finance", "section_title": "Wealth, Personal Finance &amp; Money | Reuters.com", "url": "http://www.reuters.com/article/2015/08/07/malaysia-1mdb-goldman-sachs-idUSL5N10I3MM20150807", "country": "US", "title": "UPDATE 1-Malaysia officials visit Goldman office as part of 1MDB probe -sources", "performance_score": 0, "site": "reuters.com", "participants_count": 1, "title_full": "UPDATE 1-Malaysia officials visit Goldman office as part of 1MDB probe -sources | Reuters", "spam_score": 0.0, "site_type": "news", "published": "2015-08-07T23:57:00.000+03:00", "replies_count": 0, "uuid": "14f4221f3f19aa7842a38631b4a6fada06c2c81b"}, "author": "Reuters", "url": "http://www.reuters.com/article/2015/08/07/malaysia-1mdb-goldman-sachs-idUSL5N10I3MM20150807", "ord_in_thread": 0, "title": "UPDATE 1-Malaysia officials visit Goldman office as part of 1MDB probe -sources", "locations": [], "entities": {"persons": [], "locations": [], "organizations": []}, "highlightText": "", "language": "english", "persons": [], "text": "(Adds background on 1MDB, Goldman Sachs business standards, analyst commentary)\nBy Praveen Menon , Saeed Azhar and Olivia Oran\nKUALA LUMPUR/SINGAPORE/NEW YORK Aug 7 (Reuters) - Malaysian anti-corruption officials investigating state investor 1MDB for alleged graft visited the local office of Goldman Sachs last month seeking documents relating to the state firm, two people familiar with the visit said.\nThe scandal engulfing indebted 1MDB has triggered a political crisis for Prime Minister Najib Razak, who oversees the fund, and has contributed to the ringgit's fall to a 17-year low against the U.S. dollar.\nOne of the sources familiar with the matter told Reuters Malaysian Anti-Corruption Commission (MACC) officials visited Goldman Sach's office in Kuala Lumpur on July 8, the same day the anti-graft authority visited the offices of 1MDB.\n\"1MDB is the subject of investigations, not Goldman Sachs,\" this source said.\nGoldman Sachs is working with the MACC on its request, this source said without providing more details.\nGoldman Sachs declined to comment.\nThe U.S. investment bank has come under fire in the Malaysian media and among opposition politicians because of the fees it earned helping 1MDB rack up large debts.\nGoldman Sachs helped 1MDB raise $6.5 billion in three bond deals in 2012 and 2013, earning itself roughly $590 million in fees, commissions and expenses, a person familiar with the situation said.\nGoldman was able to book big fees because the deals were private placements and Goldman bought some of the bonds itself before selling them, debt bankers familiar with the bonds said.\nBut it made a lot more on the bonds, around 9 percent of the total, than the more typical 1 percent that is usually charged for arranging bonds.\nNow burdened by more than $11 billion of debt including various bonds, 1MDB is now seeking to offload assets parked under its power unit Edra Global Energy Bhd, and sell developmental rights in its high-profile property projects.\nInvestigators in Malaysia have been probing the management of the fund, including allegations that nearly $700 million was channeled from 1MDB to the prime minister's bank accounts.\nNajib, who also acts as finance minister in Malaysia and chairs 1MDB's advisory board, has denied taking any money for personal gain and last week the anti-corruption commission said the funds were from a donation, not from 1MDB, without elaborating on who the donor was.\nThe scandal is exactly the sort of thing Goldman has been trying to avoid since overhauling its approval process for transactions in the wake of the 2008-09 financial crisis.\nBanks typically put increased scrutiny on deals where there may be reputational risk as well as financial risk, such as when dealing with governments and tycoons.\n\"Goldman should be the first to realize that if something seems to be too good to be true and the fees are that high, they should look for a problem,\" said Nell Minow, vice chair of ValueEdge Advisors, which provides corporate governance advice to institutional investors. \"They have some real risk here.\" (Editing by Lisa Jucca , Susan Thomas, Carmel Crimmins and Bernard Orr)", "external_links": [], "published": "2015-08-07T23:57:00.000+03:00", "crawled": "2015-08-07T23:05:54.900+03:00", "highlightTitle": ""}