{"organizations": [], "uuid": "b9b305de29f69ee5f1703ba3a102f0f4af8bccbb", "thread": {"social": {"gplus": {"shares": 0}, "pinterest": {"shares": 0}, "vk": {"shares": 0}, "linkedin": {"shares": 0}, "facebook": {"likes": 0, "shares": 0, "comments": 0}, "stumbledupon": {"shares": 0}}, "site_full": "www.reuters.com", "main_image": "", "site_section": "http://www.reuters.com/finance/personal-finance", "section_title": "Wealth, Personal Finance &amp; Money | Reuters.com", "url": "http://www.reuters.com/article/2015/08/10/rackspace-results-idUSL3N10L5BM20150810", "country": "US", "title": "UPDATE 1-Rackspace raises buyback to up to $1 bln", "performance_score": 0, "site": "reuters.com", "participants_count": 1, "title_full": "UPDATE 1-Rackspace raises buyback to up to $1 bln | Reuters", "spam_score": 0.0, "site_type": "news", "published": "2015-08-11T01:04:00.000+03:00", "replies_count": 0, "uuid": "b9b305de29f69ee5f1703ba3a102f0f4af8bccbb"}, "author": "Reuters", "url": "http://www.reuters.com/article/2015/08/10/rackspace-results-idUSL3N10L5BM20150810", "ord_in_thread": 0, "title": "UPDATE 1-Rackspace raises buyback to up to $1 bln", "locations": [], "entities": {"persons": [], "locations": [], "organizations": []}, "highlightText": "", "language": "english", "persons": [], "text": "(Adds buyback)\nAug 10 (Reuters) - Web hosting company Rackspace Hosting Inc reported a 11 percent rise in quarterly revenue and raised its share buyback program to up to $1 billion, sending its shares up 5.4 percent in extended trading on Monday.\nThe company said the buyback is in addition to the $200 million it had already bought back. The company announced a $500 million buyback program in November.\nRackspace, which leases online storage space to companies and provides its clients management and support services, also said it expects third-quarter revenue to rise 2 percent to 3.5 percent on a constant currency basis.\nThe company is facing tough price competition from Amazon.com Inc, Google Inc and Microsoft Corp for cloud services that includes online storage, processing power and database services.\nNet income rose to $29.2 million, or 20 cents per share, in the second quarter ended June 30, from $22.5 million, or 16 cents per share, a year earlier.\nRevenue rose 10.9 percent to $489.4 million.\nAnalysts on average had expected a profit of 20 cents per share on revenue of $490.5 million, according to Thomson Reuters I/B/E/s.\nUp to Monday's close, stock had fallen 32.2 percent this year. (Reporting by Kshitiz Goliya in Bengaluru; Editing by Don Sebastian)", "external_links": [], "published": "2015-08-11T01:04:00.000+03:00", "crawled": "2015-08-11T00:27:09.037+03:00", "highlightTitle": ""}