{"organizations": ["The Times Subscribe now Partnership"], "uuid": "2a16a7b3d3e734c5389af4184bacefe5f8f487ec", "thread": {"social": {"gplus": {"shares": 0}, "pinterest": {"shares": 0}, "vk": {"shares": 0}, "linkedin": {"shares": 0}, "facebook": {"likes": 0, "shares": 0, "comments": 0}, "stumbledupon": {"shares": 0}}, "site_full": "www.thetimes.co.uk", "main_image": "http://www.thetimes.co.uk/tto/multimedia/archive/00956/4ba87dc8-4053-11e5-_956275h.jpg", "site_section": "http://www.thetimes.co.uk/tto/business/industries/banking/rss", "section_title": "Banking and Finance | The Times", "url": "http://www.thetimes.co.uk/tto/business/industries/banking/article4524312.ece", "country": "GB", "title": "Partnership trumps competition in pension companies’ merger", "performance_score": 0, "site": "thetimes.co.uk", "participants_count": 0, "title_full": "Partnership trumps competition in pension companies’ merger", "spam_score": 0.0, "site_type": "news", "published": "2015-08-11T13:11:00.000+03:00", "replies_count": 0, "uuid": "2a16a7b3d3e734c5389af4184bacefe5f8f487ec"}, "author": "", "url": "http://www.thetimes.co.uk/tto/business/industries/banking/article4524312.ece", "ord_in_thread": 0, "title": "Partnership trumps competition in pension companies’ merger", "locations": [], "entities": {"persons": [], "locations": [], "organizations": []}, "highlightText": "", "language": "english", "persons": ["Paul", "Patrick Hosking"], "text": "Welcome to your preview of The Times Subscribe now Partnership trumps competition in pension companies’ merger Just Retirement and Partnership Assurance dominate the market for impaired and enhanced annuities Paul Bradbury/Getty Images Patrick Hosking Financial Editor Published 13 minutes ago \nJust Retirement and Partnership Assurance, the annuity specialists, have defied competition concerns to agree a £1.7 billion merger deal. \nThe two companies, which dominate the market for impaired and enhanced annuities with a combined market share of more than 50 per cent, are confident the deal will be approved by the Competition and Markets Authority. \nPartnership shareholders will end up with about 40 per cent of the combined business, which will be renamed JRP, under an all-share offer by Just Retirement that values Partnership at £668.5 million. \nRodney Cook, the Just Retirement chief executive, is to lead the combination, while Subscribe now \nTo see the full article you need to subscribe Subscribe \nThe impact of pensions reforms was reflected yesterday as the group reported a 59 per cent slump in sales of annuities... Last updated at May 13 2015 \nThe retirement provider said that sales of annuities were down by only 4 per cent during the six months to the... Published at February 25 2015 \nRaising the capital from Cinven, the private equity firm that owns 52 per cent of Partnership, will also aid the... Last updated at March 4 2015 Sponsored Editorial Currency start-up pays off Published 13 minutes ago \nAn entrepreneur who launched his currencies trading business with £4,250 of start-up capital is understood to have banked about £126m Headwinds whip up for M&G as the tide turns Updated 13 minutes ago \nSmall investors have pulled a net £4 billion from M&G’s retail funds in three months amid fears that the market boom is finally fizzling out Newswires ‘hacked by insider traders’ Published 13 minutes ago \nThe Securities and Exchange Commission said that 32 people had been charged over the alleged offences, said to have begun in 2010 Anger as Co-op escapes £122m fine Published 13 minutes ago \nA regulatory investigation into senior individuals involved with the bank between 2009 and 2013 is ongoing and could led to personal fines Find", "external_links": [], "published": "2015-08-11T13:11:00.000+03:00", "crawled": "2015-08-12T02:27:36.007+03:00", "highlightTitle": ""}