{"organizations": ["Gartner", "Equinix"], "uuid": "f3ea961163354488008e328cb0151aa6ab8c0811", "thread": {"social": {"gplus": {"shares": 0}, "pinterest": {"shares": 0}, "vk": {"shares": 0}, "linkedin": {"shares": 0}, "facebook": {"likes": 0, "shares": 0, "comments": 0}, "stumbledupon": {"shares": 0}}, "site_full": "finance.yahoo.com", "main_image": "http://l2.yimg.com/bt/api/res/1.2/6rik6AZwuPGCiADf_9dhPQ--/YXBwaWQ9eW5ld3M7cT03NTt3PTYwMA--/http://l.yimg.com/os/mit/media/m/social/images/social_default_logo-1481777.png", "site_section": "http://us.rd.yahoo.com/finance/news/rss/add/*http://finance.yahoo.com/rss/headline?s=EQIX", "section_title": "Yahoo! Finance: EQIX News", "url": "http://finance.yahoo.com/news/media-alert-equinix-speak-gartner-000500365.html", "country": "US", "title": "MEDIA ALERT: Equinix to Speak at Gartner Catalyst Conference", "performance_score": 0, "site": "yahoo.com", "participants_count": 0, "title_full": "MEDIA ALERT: Equinix to Speak at Gartner Catalyst Conference", "spam_score": 0.0, "site_type": "news", "published": "2015-08-06T03:05:00.000+03:00", "replies_count": 0, "uuid": "f3ea961163354488008e328cb0151aa6ab8c0811"}, "author": "", "url": "http://finance.yahoo.com/news/media-alert-equinix-speak-gartner-000500365.html", "ord_in_thread": 0, "title": "MEDIA ALERT: Equinix to Speak at Gartner Catalyst Conference", "locations": [], "entities": {"persons": [], "locations": [], "organizations": []}, "highlightText": "", "language": "english", "persons": [], "text": "Content preferences Done \nREDWOOD CITY, Calif., Aug. 5, 2015 /PRNewswire/ -- Equinix, Inc. ( EQIX ), the global interconnection and data center company, today announced that Sara Baack, chief marketing officer, and Tony Bishop, vice president, Enterprise, will be speaking at the Gartner Catalyst Conference 2015 taking place August 10-12, 2015 at the Manchester Grand Hyatt in San Diego, California. \"Empowering Enterprise Growth\" – Monday, August 10 at 3:25pm PT in Grand Hall B \nIn this session, Tony Bishop will discuss how employees, partners and customers of today's enterprise are highly dependent on applications and data. This drives the need for a secure, global model that empowers enterprises to adapt to changes in real-time—in context with a myriad of devices, connections and content. Enterprises adopting these models have elevated their capabilities to connect to digital ecosystems that securely fuel high value and growth. Bishop will discuss these architectural considerations and the business value of such models. \"Real World IT Transformation\" – Tuesday, August 11 at 10:05am PT in Seaport E \nIn this panel discussion, Sara Baack will discuss the challenges and opportunities facing enterprises as they look to deploy innovative, new IT architectures to address big data, hybrid cloud and the Internet of Things (IOT) in the Interconnected Era. \nPanelists include: Landon Williams, vice president, Architecture & Platforms, The Weather Channel Scott Armstrong, senior director, Product Management/Marketing, and Strategic Initiatives, General Dynamics James Staten, general manager, chief strategist, Cloud & Enterprise, Microsoft \nAdditionally, Equinix is exhibiting in booth #401. To request a meeting, please email references@equinix.com . \nAbout Equinix Equinix, Inc. ( EQIX ) connects the world's leading businesses to their customers, employees and partners inside the most interconnected data centers. In 33 markets across five continents, Equinix is where companies come together to realize new opportunities and accelerate their business, IT and cloud strategies. www.equinix.com . \nForward Looking Statements This press release contains forward-looking statements that involve risks and uncertainties. Actual results may differ materially from expectations discussed in such forward-looking statements. Factors that might cause such differences include, but are not limited to, the challenges of acquiring, operating and constructing IBX centers and developing, deploying and delivering Equinix services; unanticipated costs or difficulties relating to the integration of companies we have acquired or will acquire into Equinix; a failure to receive significant revenue from customers in recently built out or acquired data centers; failure to complete any financing arrangements contemplated from time to time; competition from existing and new competitors; the ability to generate sufficient cash flow or otherwise obtain funds to repay new or outstanding indebtedness; the loss or decline in business from our key customers; and other risks described from time to time in Equinix's filings with the Securities and Exchange Commission. In particular, see Equinix's recent quarterly and annual reports filed with the Securities and Exchange Commission, copies of which are available upon request from Equinix. Equinix does not assume any obligation to update the forward-looking information contained in this press release. \nEquinix and IBX are registered trademarks of Equinix, Inc. International Business Exchange is a trademark of Equinix, Inc. View photo", "external_links": [], "published": "2015-08-06T03:05:00.000+03:00", "crawled": "2015-08-06T03:29:55.001+03:00", "highlightTitle": ""}