{"organizations": ["London Family", "Lake London Family's Escape"], "uuid": "133caea6a1b43dfc2f3dde295bdf72d1eec7d587", "thread": {"social": {"gplus": {"shares": 0}, "pinterest": {"shares": 0}, "vk": {"shares": 0}, "linkedin": {"shares": 0}, "facebook": {"likes": 0, "shares": 0, "comments": 0}, "stumbledupon": {"shares": 0}}, "site_full": "www.wsj.com", "main_image": "http://m.wsj.net/video/20150805/080515mansionlakehouse/080515mansionlakehouse_1280x720.jpg", "site_section": "http://feeds.wsjonline.com/wsj/video/personal-finance/feed", "section_title": "WSJ.com Video - Personal Finance", "url": "http://www.wsj.com/video/london-family-escape-on-the-lake/7902124B-F0E8-422F-A3F5-37B667DDD926.html", "country": "US", "title": "London Family's Escape on the Lake", "performance_score": 0, "site": "wsj.com", "participants_count": 0, "title_full": "London Family's Escape on the Lake", "spam_score": 0.0, "site_type": "news", "published": "2015-08-06T17:00:00.000+03:00", "replies_count": 0, "uuid": "133caea6a1b43dfc2f3dde295bdf72d1eec7d587"}, "author": "", "url": "http://www.wsj.com/video/london-family-escape-on-the-lake/7902124B-F0E8-422F-A3F5-37B667DDD926.html", "ord_in_thread": 0, "title": "London Family's Escape on the Lake", "locations": [], "entities": {"persons": [], "locations": [], "organizations": []}, "highlightText": "", "language": "english", "persons": ["Dylan Thomas", "Rachel", "Manuel Nogueira"], "text": "London Family's Escape on the Lake 8/6/2015 10:00AM London-based architects Rachel and Manuel Nogueira recently designed a getaway home in the Cotswolds. The home, which they visit with their twin boys, has sweeping lake views. Photo: Dylan Thomas for The Wall Street Journal Transcript \nThis transcript has been automatically generated and may not be 100% accurate. ... straight rules ... southwest London with eighteen forties ... or would you do we can guess when your team fall from home ... the tools ... to be spent about eight hundred and twenty one thousand dollars ... cost of Barron's and defended in court that makes my heated ... seats to fifty eight to try to state courts boats around to add dried in London ... Teoh who when things aren't they were able to LLC's specification of tightening days into his death is possible that speaking fees ... inside the decide to make that hopefully soon as possible to maximize the heights ... fo has won mainly in which traverses the kitchen and ... dining room and maybe win ... in the latest Xbox live range could happen strawberries can you ... give a date behind them ... in Friday's race in the ground floor is TBV ... testified for the rest the world despite the doors ... says there are four bedrooms ... each with foods eaten in days missing spectacular piece to landfill ... what it was completed in May twenty fourteen when I it's ... time to the censure of what it was easy says cheese and pizza crunch sites ... potential costs of the project is just under one point eight eight million donates ... Cup an estimate of the house now let a twenty week before I can enjoy days ... if you like to take sides to that hadn't signed by another architect rather than start from scratch ... we didn't question it was brutal means believing in something which is can the unique Tuesday the day of ... trading ... the wet streets way ... is reading what fuss ...", "external_links": [], "published": "2015-08-06T17:00:00.000+03:00", "crawled": "2015-08-06T19:53:43.065+03:00", "highlightTitle": ""}