{"organizations": [], "uuid": "d619ecaab2a7d4e1131363d54d785c8add361708", "thread": {"social": {"gplus": {"shares": 0}, "pinterest": {"shares": 0}, "vk": {"shares": 0}, "linkedin": {"shares": 0}, "facebook": {"likes": 0, "shares": 0, "comments": 0}, "stumbledupon": {"shares": 0}}, "site_full": "globenewswire.com", "main_image": "http://globenewswire.com/Attachment/LogoDisplay/296563?filename=296563.jpg&amp;size=1", "site_section": "http://globenewswire.com//Rss/subjectcode/17/Financing%20Agreements", "section_title": "GlobeNewswire: Financing Agreements", "url": "http://globenewswire.com/news-release/2015/08/13/760619/10146034/en/Navient-issues-700-million-in-Private-Education-Loan-ABS.html?f=22&fvtc=1&fvtv=Financing%20Agreements", "country": "US", "title": "Navient issues $700 million in Private Education Loan ABS", "performance_score": 0, "site": "globenewswire.com", "participants_count": 0, "title_full": "Navient issues $700 million in Private Education Loan ABS", "spam_score": 0.0, "site_type": "news", "published": "2015-08-13T23:15:00.000+03:00", "replies_count": 0, "uuid": "d619ecaab2a7d4e1131363d54d785c8add361708"}, "author": "", "url": "http://globenewswire.com/news-release/2015/08/13/760619/10146034/en/Navient-issues-700-million-in-Private-Education-Loan-ABS.html?f=22&fvtc=1&fvtv=Financing%20Agreements", "ord_in_thread": 0, "title": "Navient issues $700 million in Private Education Loan ABS", "locations": [], "entities": {"persons": [], "locations": [], "organizations": []}, "highlightText": "", "language": "english", "persons": [], "text": "Navient issues $700 million in Private Education Loan ABS August 13, 2015 16:15 ET | Source: Navient \nWILMINGTON, Del., Aug. 13,   Navient (Nasdaq: NAVI ), the nation's leading loan management, servicing and asset recovery company, announced the issuance of $700 million in private education loan asset-backed securities. The collateral backing the Navient Private Education Loan Trust 2015-B transaction consists of seasoned, high-credit quality performing loans primarily from the SLM Private Education Loan Trust 2010-B whose notes were paid off in connection with the new issuance. The weighted average interest rate of the AAA-rated notes issued by the Navient Private Education Loan Trust 2015-B priced at one-month LIBOR plus 1.54 percentage points. \nAbout Navient \nAs the nation's leading loan management, servicing and asset recovery company, Navient (Nasdaq: NAVI ) helps customers navigate the path to financial success. Servicing more than $300 billion in student loans, the company supports the educational and economic achievements of more than 12 million Americans. A growing number of government and higher education clients rely on Navient for proven solutions to meet their financial goals. Learn more at navient.com. Media: Patricia Nash Christel 302-283-4076 Investors: Joe Fisher 302-283-4075 Related Articles", "external_links": [], "published": "2015-08-13T23:15:00.000+03:00", "crawled": "2015-08-14T01:58:59.199+03:00", "highlightTitle": ""}