{"organizations": [], "uuid": "99f36d8ce95607dff592b5167baa418e2a0330a7", "thread": {"social": {"gplus": {"shares": 0}, "pinterest": {"shares": 0}, "vk": {"shares": 0}, "linkedin": {"shares": 0}, "facebook": {"likes": 0, "shares": 0, "comments": 0}, "stumbledupon": {"shares": 0}}, "site_full": "imasaver.savingadvice.com", "main_image": "", "site_section": "http://imasaver.savingadvice.com/rss/", "section_title": "Ima Saver's Personal Finance Blog", "url": "http://imasaver.savingadvice.com/2015/08/08/alone_205354/", "country": "US", "title": "Alone", "performance_score": 0, "site": "savingadvice.com", "participants_count": 1, "title_full": "Alone", "spam_score": 0.0, "site_type": "news", "published": "2015-08-08T19:11:00.000+03:00", "replies_count": 0, "uuid": "99f36d8ce95607dff592b5167baa418e2a0330a7"}, "author": "Ima saver (julie is my real name)", "url": "http://imasaver.savingadvice.com/2015/08/08/alone_205354/", "ord_in_thread": 0, "title": "Alone", "locations": [], "entities": {"persons": [], "locations": [], "organizations": []}, "highlightText": "", "language": "english", "persons": [], "text": " ", "external_links": [], "published": "2015-08-08T19:11:00.000+03:00", "crawled": "2015-08-09T08:40:19.935+03:00", "highlightTitle": ""}