{"organizations": [], "uuid": "9707255ae327519a9c16a01dec2e7cc17f6024c1", "thread": {"social": {"gplus": {"shares": 0}, "pinterest": {"shares": 0}, "vk": {"shares": 0}, "linkedin": {"shares": 0}, "facebook": {"likes": 0, "shares": 0, "comments": 0}, "stumbledupon": {"shares": 0}}, "site_full": "nz.finance.yahoo.com", "main_image": "https://s.yimg.com/bt/api/res/1.2/6rik6AZwuPGCiADf_9dhPQ--/YXBwaWQ9eW5ld3M7cT03NTt3PTYwMA--/http://l.yimg.com/os/mit/media/m/social/images/social_default_logo-1481777.png", "site_section": "https://nz.finance.yahoo.com/news/topic-top-stories/?format=rss", "section_title": "Latest business and finance news from New Zealand and the world's key markets - Yahoo New Zealand Finance", "url": "https://nz.finance.yahoo.com/news/wa-bank-manager-jailed-515-095926309.html", "country": "US", "title": "WA bank manager jailed for $515,000 theft", "performance_score": 0, "site": "yahoo.com", "participants_count": 0, "title_full": "WA bank manager jailed for $515,000 theft", "spam_score": 0.0, "site_type": "news", "published": "2015-08-07T12:59:00.000+03:00", "replies_count": 0, "uuid": "9707255ae327519a9c16a01dec2e7cc17f6024c1"}, "author": "", "url": "https://nz.finance.yahoo.com/news/wa-bank-manager-jailed-515-095926309.html", "ord_in_thread": 0, "title": "WA bank manager jailed for $515,000 theft", "locations": ["WA", "New Zealand"], "entities": {"persons": [], "locations": [], "organizations": []}, "highlightText": "", "language": "english", "persons": [], "text": "Sat, Aug 8, 2015, 6:10 AM NZST - New Zealand Markets closed WA bank manager jailed for $515,000 theft AAP – 8 hours ago Print \nA former Westpac bank manager who stole $515,000 over four months to finance his gambling addiction has been jailed for more than four years. \nDarren Jason Arnold, 38, pleaded guilty to abusing his position at the Northbridge branch in Perth to steal money between December 2013 and March 2014. \nHe only stopped when he was found by Westpac investigators with \"his hand in the till\" trying to take $85,000 from the bank's treasury. \nThe District Court of Western Australia heard on Friday that Arnold's crime spree started when his wife wanted to buy a bigger house for their family. \nShe was unaware of his gambling addiction and the $200,000 of unsecured loans he had in his name. \nThe couple bought a $720,000 house, mortgaged for its full value, prompting Arnold to try to gamble his way out of financial difficulty. \nDuring his four months of thieving, he used a friend's various accounts to withdraw the money in amounts ranging from $190 to $157,000, most of it withdrawn in cash. \nArnold covered his tracks by telling colleagues he would take the cash directly to the client and he used other tellers' computers to carry out the transactions, the court heard. \nBut instead he gambled almost all of the money at the government-owned betting agency, TAB. \nOnce caught, Arnold resigned from his position and six months later took a job at the Bank of Queensland (BOQ). \nThe court heard Arnold did not tell the BOQ about the thefts because he had not been charged, but resigned after the bank was tipped off by staff. \nJudge Christopher Stevenson said it seemed extraordinary in this day and age that nobody noticed Arnold taking the money from Westpac. \nJudge Stevenson also said Arnold's job at BOQ showed he had a \"strong work ethic\", and the fact he was able to get employment said more about the bank than him. \nThe court heard Arnold was remorseful and embarrassed by his actions, and had been diagnosed with a gambling disorder, which was consistent with his \"hope of a winning future\". \nHe was sentenced to four years and three months in jail, with a non-parole period of two years and three months. @YahooNZBusiness on Twitter, become a fan on Facebook ANZ's biggest share price fall since GFC AAP \nANZ has suffered its heaviest share price fall in almost seven years following its announcement of a $3 billion …", "external_links": [], "published": "2015-08-07T12:59:00.000+03:00", "crawled": "2015-08-07T21:22:50.773+03:00", "highlightTitle": ""}