{"organizations": [], "uuid": "7d24338f823d30fe1a221ff09a832bbc6f555256", "thread": {"social": {"gplus": {"shares": 0}, "pinterest": {"shares": 0}, "vk": {"shares": 0}, "linkedin": {"shares": 0}, "facebook": {"likes": 0, "shares": 0, "comments": 0}, "stumbledupon": {"shares": 0}}, "site_full": "uk.finance.yahoo.com", "main_image": "https://s.yimg.com/bt/api/res/1.2/6rik6AZwuPGCiADf_9dhPQ--/YXBwaWQ9eW5ld3M7cT03NTt3PTYwMA--/http://l.yimg.com/os/mit/media/m/social/images/social_default_logo-1481777.png", "site_section": "https://uk.finance.yahoo.com/news/sector-media/?format=rss", "section_title": "Media News | Media Industry News - Yahoo! Finance UK", "url": "https://uk.finance.yahoo.com/news/form-8-3-chime-communications-123000817.html", "country": "GB", "title": "Form 8.3 - Chime Communications PLC", "performance_score": 0, "site": "yahoo.com", "participants_count": 0, "title_full": "Form 8.3 - Chime Communications PLC", "spam_score": 0.0, "site_type": "news", "published": "2015-08-10T15:30:00.000+03:00", "replies_count": 0, "uuid": "7d24338f823d30fe1a221ff09a832bbc6f555256"}, "author": "", "url": "https://uk.finance.yahoo.com/news/form-8-3-chime-communications-123000817.html", "ord_in_thread": 0, "title": "Form 8.3 - Chime Communications PLC", "locations": [], "entities": {"persons": [], "locations": [], "organizations": []}, "highlightText": "", "language": "english", "persons": [], "text": "PUBLIC OPENING POSITION DISCLOSURE/DEALING DISCLOSURE BY A PERSON WITH INTERESTS IN RELEVANT SECURITIES REPRESENTING 1% OR MORE Rule 8.3 of the Takeover Code (the “Code”) \n1. KEY INFORMATION (a) Identity of the person whose positions/dealings are being disclosed: (b) Owner or controller of interests and short positions disclosed, if different from 1(a): The naming of nominee or vehicle companies is insufficient (c) Name of offeror/offeree in relation to whose relevant securities this form relates: Use a separate form for each offeror/offeree Chime Communications PLC (d) If an exempt fund manager connected with an offeror/offeree, state this and specify identity of offeror/offeree: (e) Date position held/dealing undertaken: 7 August 2015 (f) Has the discloser previously disclosed, or are they today disclosing, under the Code in respect of any other party to this offer? NO \n2. POSITIONS OF THE PERSON MAKING THE DISCLOSURE \n(a) Interests and short positions in the relevant securities of the offeror or offeree to which the disclosure relates following the dealing (if any) Class of relevant security: (1) Relevant securities owned and/or controlled: (2) Derivatives (other than options): (3) Options and agreements to purchase/sell: \nAll interests and all short positions should be disclosed. \nDetails of any open derivative or option positions, or agreements to purchase or sell relevant securities, should be given on a Supplemental Form 8 (Open Positions). \n(b) Rights to subscribe for new securities (including directors’ and other executive options) Class of relevant security in relation to which subscription right exists: Details, including nature of the rights concerned and relevant percentages: \nIf there are positions or rights to subscribe to disclose in more than one class of relevant securities of the offeror or offeree named in 1(c), copy table 2(a) or (b) (as appropriate) for each additional class of relevant security. \n3. DEALINGS (IF ANY) BY THE PERSON MAKING THE DISCLOSURE \n(a) Purchases and sales \n(b) Derivatives transactions (other than options) Class of relevant security e.g. opening/closing a long/short position, increasing/reducing a long/short position \n(c) Options transactions in respect of existing securities \n(i) Writing, selling, purchasing or varying Class of relevant security Product description e.g. call option Writing, purchasing, selling, varying etc. Number of securities to which option relates Option money paid/ received per unit \n(ii) Exercising \n(d) Other dealings (including subscribing for new securities) Class of relevant security Price per unit (if applicable) \nThe currency of all prices and other monetary amounts should be stated. \nWhere there have been dealings in more than one class of relevant securities of the offeror or offeree named in 1(c), copy table 3(a), (b), (c) or (d) (as appropriate) for each additional class of relevant security dealt in. \n4. OTHER INFORMATION \n(a) Indemnity and other dealing arrangements Details of any indemnity or option arrangement, or any agreement or understanding, formal or informal, relating to relevant securities which may be an inducement to deal or refrain from dealing entered into by the person making the disclosure and any party to the offer or any person acting in concert with a party to the offer: If there are no such agreements, arrangements or understandings, state “none” None \n(b) Agreements, arrangements or understandings relating to options or derivatives Details of any agreement, arrangement or understanding, formal or informal, between the person making the disclosure and any other person relating to: (i) the voting rights of any relevant securities under any option; or (ii) the voting rights or future acquisition or disposal of any relevant securities to which any derivative is referenced: If there are no such agreements, arrangements or understandings, state “none” None Is a Supplemental Form 8 (Open Positions) attached?", "external_links": [], "published": "2015-08-10T15:30:00.000+03:00", "crawled": "2015-08-10T16:07:17.433+03:00", "highlightTitle": ""}