{"organizations": [], "uuid": "cf8ee0f70cdb9e1a584abef436b241eccba5e3eb", "thread": {"social": {"gplus": {"shares": 0}, "pinterest": {"shares": 0}, "vk": {"shares": 0}, "linkedin": {"shares": 0}, "facebook": {"likes": 0, "shares": 0, "comments": 0}, "stumbledupon": {"shares": 0}}, "site_full": "uk.finance.yahoo.com", "main_image": "https://s.yimg.com/bt/api/res/1.2/45Jc.QpeBg6Za3ZrQ6jYsA--/YXBwaWQ9eW5ld3M7aWw9cGxhbmU7cT03NTt3PTYwMA--/http://globalfinance.zenfs.com/images/UK_AFTP_AFP_LIVE_1/56799f29007d42f734d33cb7ac517e70c3bb44d1_original.jpg", "site_section": "https://uk.finance.yahoo.com/news/provider-afp/?format=rss", "section_title": "Finance News | AFP - Yahoo! UK & Ireland Finance", "url": "https://uk.finance.yahoo.com/news/bitcoin-exchange-ceo-arrested-japanese-082617799.html", "country": "GB", "title": "Bitcoin exchange CEO arrested by Japanese police", "performance_score": 0, "site": "yahoo.com", "participants_count": 0, "title_full": "Bitcoin exchange CEO arrested by Japanese police", "spam_score": 0.0, "site_type": "news", "published": "2015-08-01T11:27:00.000+03:00", "replies_count": 0, "uuid": "cf8ee0f70cdb9e1a584abef436b241eccba5e3eb"}, "author": "", "url": "https://uk.finance.yahoo.com/news/bitcoin-exchange-ceo-arrested-japanese-082617799.html", "ord_in_thread": 0, "title": "Bitcoin exchange CEO arrested by Japanese police", "locations": [], "entities": {"persons": [], "locations": [], "organizations": []}, "highlightText": "", "language": "english", "persons": [], "text": "Tip : Use comma (,) to separate multiple quotes. Learn more... \nSat, Aug 1, 2015, 10:09 BST - UK Markets closed Bitcoin exchange CEO arrested by Japanese police By Shingo Ito | AFP – 41 minutes ago View Photo \n\nJapanese police on Saturday arrested Mark Karpeles, head of the MtGox Bitcoin exchange, after a series of fraud allegations lead to its spectacular collapse and hammered the digital currency's reputation. \nA spokesman for the Tokyo Police said France-born Karpeles, 30, was suspected of manipulating data on the exchange's computer system in 2013 to falsely create about $1.0 million. \nEarlier Saturday, Kyodo News and other Japanese media said police were also investigating his possible involvement in the 2014 disappearance of nearly $390 million worth of the virtual currency, at current exchange rates. \nIt was not immediately clear if there would be more charges against Karpeles, who reportedly denied the allegations. \nThe global virtual currency community was shaken by the shuttering of MtGox, which froze withdrawals in early 2014 because of what the firm said was a bug in the software underpinning Bitcoins that allowed hackers to pilfer them. \nOn Saturday, local media, citing police, said investigators suspect Karpeles knew details about the missing Bitcoins which were reportedly transferred to an account controlled by him -- without notifying depositors. \nThe top-selling Yomiuri newspaper also said police suspect that Karpeles repeatedly transferred clients' Bitcoins into his own account for speculative trading. \nThe exchange -- which once boasted of handling around 80 percent of global Bitcoin transactions -- filed for bankruptcy protection soon after the cyber-money went missing, admitting it had lost 850,000 coins worth 48 billion yen ($387 million). They were worth about $480 million at the time of the disappearance. \nKarpeles later said he had found some 200,000 of the lost Bitcoins in a \"cold wallet\" -- a storage device such as a memory stick that is not connected to other computers. \n- No regulations - \nBitcoins are generated by complex chains of interactions among a huge network of computers around the planet and are not backed by any government or central bank. \nA cloud has been hanging over the Tokyo-based exchange and Karpeles as investors demanded answers, and called on the firm to publicise its data so that hackers around the world can help analyse what happened at MtGox. \n\"They say it's under investigation. That's all they say,\" a French investor told AFP last year at a creditors' meeting in Tokyo. \n\"They seem to refuse to make public more precise information about MtGox's own (information) and how and when it was stolen, if it was really stolen.\" \nKarpeles had reportedly refused to travel to the United States, where he was being asked to appear for questioning in connection with MtGox's collapse. \nRegulators have scrambled to respond to the use of Bitcoins, with the European Banking Authority last year calling on the region's banks not to deal in virtual currencies until rules are developed to stop them being abused. \nLaunched in 2009 by a mysterious computer guru, Bitcoin offers a largely anonymous payment system and can be stored either virtually or on a user's hard drive. \nBackers say virtual currencies allow for an efficient and anonymous way to store and transfer funds online. \nBut regulators argue the lack of legal framework governing the currency, the opaque way it is traded and its volatility make it dangerous. \nAfter MtGox, Bitcoin's reputation was also damaged when US authorities seized funds as part of an investigation into the online criminal enterprise Silk Road that made millions of dollars from drug sales and other criminal enterprises. \nDuring the trial of the man accused of masterminding the network, a witness said investigators once suspected Karpeles of running the online black market -- a claim he firmly denied.", "external_links": [], "published": "2015-08-01T11:27:00.000+03:00", "crawled": "2015-08-01T12:09:17.740+03:00", "highlightTitle": ""}