{"organizations": [], "uuid": "582830ab5ab32247ff65ca1e923a784b6f5f3ff8", "thread": {"social": {"gplus": {"shares": 0}, "pinterest": {"shares": 0}, "vk": {"shares": 0}, "linkedin": {"shares": 0}, "facebook": {"likes": 0, "shares": 0, "comments": 0}, "stumbledupon": {"shares": 0}}, "site_full": "personal-finance.military.com", "main_image": "", "site_section": "http://feeds.feedburner.com/AskJune", "section_title": "Personal-Finance.Military.com", "url": "http://personal-finance.military.com/2015/08/is-there-a-special-loan-for-vets-starting-a-business.html", "country": "CA", "title": "Is there a special loan for Vets starting a business?", "performance_score": 0, "site": "military.com", "participants_count": 1, "title_full": "Is there a special loan for Vets starting a business?", "spam_score": 0.0, "site_type": "news", "published": "2015-08-13T21:55:00.000+03:00", "replies_count": 0, "uuid": "582830ab5ab32247ff65ca1e923a784b6f5f3ff8"}, "author": "J.J. Montanaro", "url": "http://personal-finance.military.com/2015/08/is-there-a-special-loan-for-vets-starting-a-business.html", "ord_in_thread": 0, "title": "Is there a special loan for Vets starting a business?", "locations": [], "entities": {"persons": [], "locations": [], "organizations": []}, "highlightText": "", "language": "english", "persons": [], "text": "   ", "external_links": [], "published": "2015-08-13T21:55:00.000+03:00", "crawled": "2015-08-14T00:37:00.911+03:00", "highlightTitle": ""}