{"organizations": [], "uuid": "e0a8247fbe38986ea44f81264863bbff68cd114f", "thread": {"social": {"gplus": {"shares": 0}, "pinterest": {"shares": 0}, "vk": {"shares": 0}, "linkedin": {"shares": 0}, "facebook": {"likes": 0, "shares": 0, "comments": 0}, "stumbledupon": {"shares": 0}}, "site_full": "uk.finance.yahoo.com", "main_image": "https://s.yimg.com/bt/api/res/1.2/6rik6AZwuPGCiADf_9dhPQ--/YXBwaWQ9eW5ld3M7cT03NTt3PTYwMA--/http://l.yimg.com/os/mit/media/m/social/images/social_default_logo-1481777.png", "site_section": "https://uk.finance.yahoo.com/news/sector-basic-materials/?format=rss", "section_title": "Basic Resources News | Yahoo! Finance", "url": "https://uk.finance.yahoo.com/news/california-oil-spill-might-larger-190438715.html", "country": "US", "title": "California oil spill might be larger than projected", "performance_score": 0, "site": "yahoo.com", "participants_count": 0, "title_full": "California oil spill might be larger than projected", "spam_score": 0.0, "site_type": "news", "published": "2015-08-05T22:04:00.000+03:00", "replies_count": 0, "uuid": "e0a8247fbe38986ea44f81264863bbff68cd114f"}, "author": "", "url": "https://uk.finance.yahoo.com/news/california-oil-spill-might-larger-190438715.html", "ord_in_thread": 0, "title": "California oil spill might be larger than projected", "locations": ["California"], "entities": {"persons": [], "locations": [], "organizations": []}, "highlightText": "", "language": "english", "persons": [], "text": "Tip : Use comma (,) to separate multiple quotes. Learn more... \nWed, Aug 5, 2015, 20:16 BST - UK Markets closed California oil spill might be larger than projected Company: California oil spill from pipeline break might be 40 percent larger than estimated By Michael r. Blood, Associated Press | Associated Press – 4 minutes 56 seconds ago Print \nLOS ANGELES (AP) -- More than two months after crude oil from a ruptured pipeline fouled California beaches, its operator disclosed Wednesday that the volume of the spill might be far larger than earlier projected. \nPlains All American Pipeline had estimated that the May 19 spill west of Santa Barbara released up to 101,000 gallons. But in documents made public Wednesday, the Texas-based company said alternate calculations found the spill might have been up to 143,000 gallons, or about 40 percent larger. \nThe company is continuing its analysis, and the figures are preliminary. Plains All American has hired an outside consultant as part of the effort to reconcile the differences, the documents said. \nAt this point, the company considers the methodology used in its initial estimate to be \"the most straight forward and accurate calculation.\" However, it emphasized the estimate could change as the investigation continues. \nIn a statement, Sen. Edward J. Markey, D-Massachusetts, faulted the federal agency responsible for regulating the nation's pipelines for the conflicting figures. \n\"The revelation that the Santa Barbara pipeline spill was much larger than originally thought underscores the importance of our pipeline safety agency providing complete information to Congress and the American people. Unfortunately, the Pipeline and Hazardous Materials Safety Administration's operational culture has been to withhold information from the American people and Congress,\" he said. \nThe company has been criticized for taking about 90 minutes to alert federal responders after confirming the spill west of Santa Barbara that spread goo on beaches as far as 100 miles away.", "external_links": [], "published": "2015-08-05T22:04:00.000+03:00", "crawled": "2015-08-05T22:17:20.515+03:00", "highlightTitle": ""}