{"organizations": [], "uuid": "51ac6fba89b22fdc0ab689f7d1cd72e87a8b7d58", "thread": {"social": {"gplus": {"shares": 0}, "pinterest": {"shares": 0}, "vk": {"shares": 0}, "linkedin": {"shares": 0}, "facebook": {"likes": 0, "shares": 0, "comments": 0}, "stumbledupon": {"shares": 0}}, "site_full": "uk.finance.yahoo.com", "main_image": "https://s.yimg.com/bt/api/res/1.2/LXBgVAw1vED4lo6_v9FK7g--/YXBwaWQ9eW5ld3M7aWw9cGxhbmU7cT03NTt3PTYwMA--/http://globalfinance.zenfs.com/images/UK_AFTP_AFP_LIVE_1/908d88fdc590fe465b5d5080c088ff57f8ef84bc_original.jpg", "site_section": "https://uk.finance.yahoo.com/news/sector-basic-resources/?format=rss", "section_title": "Basic Resources News - Yahoo! Finance UK", "url": "https://uk.finance.yahoo.com/news/china-weighs-european-stocks-despite-114122228.html", "country": "US", "title": "China weighs on European stocks despite Greek deal", "performance_score": 0, "site": "yahoo.com", "participants_count": 0, "title_full": "China weighs on European stocks despite Greek deal", "spam_score": 0.0, "site_type": "news", "published": "2015-08-11T17:20:00.000+03:00", "replies_count": 0, "uuid": "51ac6fba89b22fdc0ab689f7d1cd72e87a8b7d58"}, "author": "", "url": "https://uk.finance.yahoo.com/news/china-weighs-european-stocks-despite-114122228.html", "ord_in_thread": 0, "title": "China weighs on European stocks despite Greek deal", "locations": ["China"], "entities": {"persons": [], "locations": [], "organizations": []}, "highlightText": "", "language": "english", "persons": [], "text": "Tip : Use comma (,) to separate multiple quotes. Learn more... \nTue, Aug 11, 2015, 13:53 BST - UK Markets close in 2 hrs 37 mins China weighs on European stocks despite Greek deal By Ben PERRY | AFP – 1 hour 12 minutes ago View Photo \n\nEuropean stocks fell Tuesday after a surprise devaluation of the yuan affected key exporters to China such as auto and luxury goods groups, offsetting news of a technical agreement to Greece's bailout deal. \nA survey indicating that investor sentiment in Germany fell sharply in August also weighed. \nLondon's benchmark FTSE 100 index dropped 0.67 percent to stand at 6,691.33 points in late morning deals. \nFrankfurt's DAX 30 slid 1.23 percent to 11,462.88 points and the CAC 40 in Paris lost 1.11 percent to 5,137.71 compared with Monday's close. \nAthens' main index grew 1.79 percent to 702.62 points. \nIn foreign exchange, the euro rose to $1.1031 from $1.1019 late in New York on Monday. \n\"European equities on the back foot... in reaction to China's currency devaluation and despite proximity to a Greek bailout deal,\" said Mike van Dulken, head of research at Accendo Markets. \n\"While markets normally welcome any form of China stimulus with open arms, today's move in the wake of truly awful weekend trade data is being interpreted as admission of growth slowing by even more than those rather questionable official statistics are to have us believe.\" \nChina on Tuesday announced a sharply lower daily reference rate for the yuan against the US dollar, saying it was part of moves to make its exchange rate regime more market-oriented. \nThe 1.86 percent cut was the largest since the yuan was unpegged from the greenback in 2005. \nWeak trade and inflation data released last weekend reinforced concerns that growth is slowing in the world's second largest economy. \n- China hits autos - \nThe devaluation weighed on several sectors, notably the auto and luxury goods markets that rely heavily on Chinese demand. \nIn Paris, shares in LVMH Moet Vuitton shed 3.87 percent to 167.45 euros, Peugeot (Other OTC: PUGOF - news ) slid 3.59 percent to 17.70 euros and Renault (Swiss: RNO.SW - news ) gave up 3.15 percent to 85.40 euros. \nIn Frankfurt, Daimler (Xetra: 710000 - news ) shed 3.83 percent to 81.04 euros and BMW (Swiss: BMW.SW - news ) retreated by 3.78 percent to 89.87 euros. \nBurberry meanwhile slumped 2.74 percent to 1,563 pence in London, where miners continued to fall under the pressure of weaker Chinese growth, with Glencore (Xetra: A1JAGV - news ) down 2.14 percent at 201.80 pence and BHP Billiton (NYSE: BBL - news ) losing 1.74 percent to 1,188 pence. \nThe news by China overshadowed developments within the eurozone -- notably that Greece has reached a technical deal on a multi-billion bailout with its international creditors after marathon talks. \n\"An agreement was reached,\" a government source told AFP, with Finance Minister Euclid Tsakalotos briefly telling reporters that \"one or two details\" remained to be worked out during the day. \nEuropean officials later noted, however, that the accord was a \"technical level agreement... What we don't have is a political agreement.\" \nThe talks between ministers and the ECB, the International Monetary Fund and the European Stability Mechanism aim to finalise the list of new reforms required of the Greek government in exchange for a lifeline of what officials in Athens Tuesday said was \"around 85 billion\" euros ($93.8 billion). \nThe deadline for Greece to reach an agreement on its third bailout is August 20, when it must repay 3.4 billion euros to the European Central Bank. \nGerman investor sentiment meanwhile dropped this month owing to nagging geopolitical uncertainty clouding the outlook for Europe's top economy, a leading survey found on Tuesday. \nThe widely watched investor confidence index calculated by the ZEW economic institute sank 4.7 points to 25.0 points this month, ZEW said in a statement.", "external_links": [], "published": "2015-08-11T17:20:00.000+03:00", "crawled": "2015-08-11T17:36:10.839+03:00", "highlightTitle": ""}