{"organizations": [], "uuid": "5264e3630d235e065426239271c43e918960e7e3", "thread": {"social": {"gplus": {"shares": 0}, "pinterest": {"shares": 0}, "vk": {"shares": 0}, "linkedin": {"shares": 0}, "facebook": {"likes": 0, "shares": 0, "comments": 0}, "stumbledupon": {"shares": 0}}, "site_full": "thehill.com", "main_image": "", "site_section": "http://thehill.com/taxonomy/term/30/feed#", "section_title": "The Hill: Finance Policy", "url": "http://thehill.com/policy/finance/251085-irs-no-taxes-on-credit-monitoring-after-breach", "country": "US", "title": "IRS: No taxes on credit monitoring after breach", "performance_score": 0, "site": "thehill.com", "participants_count": 1, "title_full": "IRS: No taxes on credit monitoring after breach", "spam_score": 0.0, "site_type": "news", "published": "2015-08-14T00:00:00.000+03:00", "replies_count": 0, "uuid": "5264e3630d235e065426239271c43e918960e7e3"}, "author": "bbecker@thehill.com (Bernie Becker)", "url": "http://thehill.com/policy/finance/251085-irs-no-taxes-on-credit-monitoring-after-breach", "ord_in_thread": 0, "title": "IRS: No taxes on credit monitoring after breach", "locations": [], "entities": {"persons": [], "locations": [], "organizations": []}, "highlightText": "", "language": "english", "persons": [], "text": "Poll: Sanders surges ahead of... Sanders leads Clinton by a 7 point margin. Oath Keepers descend on Ferguson An official called the presence of the heavily armed men \"both unnecessary... Trump: China 'just destroying us'... \"China has gotten rich off us,” Trump said in Michigan. Businesses brace for game-changing... Industry groups warn the NLRB decision would change the definition of an “... Trump defends Planned Parenthood Republican presidential front-runner Donald Trump defended Planned... Jimmy Carter discloses he has... \"Recent liver surgery revealed that I have cancer that now is in other... Former Trump home on sale for $54M Trump's signature gold look, however, has been replaced with “more livable... Trump slips in Rasmussen poll He still leads the GOP presidential field with 17 percent support in the... Clinton mocked for emoji tweet Clinton asks how student loans make followers feel in \"3 emojis or less.\" Outsiders take over GOP Conservatives are thrilled with the developments. Clinton will turn over email... The server reportedly contained emails that are now classified \"top secret... Jesse Ventura open to playing... Former Minnesota Gov. Jesse Ventura suggested Tuesday that he’d be glad to...", "external_links": [], "published": "2015-08-14T00:00:00.000+03:00", "crawled": "2015-08-14T08:15:38.966+03:00", "highlightTitle": ""}