{"organizations": ["NFL"], "uuid": "af625bf2b18217f54e90179dbf1a5c17b6202920", "thread": {"social": {"gplus": {"shares": 0}, "pinterest": {"shares": 0}, "vk": {"shares": 0}, "linkedin": {"shares": 0}, "facebook": {"likes": 0, "shares": 0, "comments": 0}, "stumbledupon": {"shares": 0}}, "site_full": "uk.finance.yahoo.com", "main_image": "https://s.yimg.com/bt/api/res/1.2/6rik6AZwuPGCiADf_9dhPQ--/YXBwaWQ9eW5ld3M7cT03NTt3PTYwMA--/http://l.yimg.com/os/mit/media/m/social/images/social_default_logo-1481777.png", "site_section": "https://uk.finance.yahoo.com/news/provider-reuters/?format=rss", "section_title": "Finance News | Reuters - Yahoo! UK & Ireland Finance", "url": "https://uk.finance.yahoo.com/news/twitter-signs-multiyear-deal-nfl-135203548.html", "country": "GB", "title": "Twitter signs multiyear deal with NFL", "performance_score": 0, "site": "yahoo.com", "participants_count": 0, "title_full": "Twitter signs multiyear deal with NFL", "spam_score": 0.0, "site_type": "news", "published": "2015-08-10T16:52:00.000+03:00", "replies_count": 0, "uuid": "af625bf2b18217f54e90179dbf1a5c17b6202920"}, "author": "", "url": "https://uk.finance.yahoo.com/news/twitter-signs-multiyear-deal-nfl-135203548.html", "ord_in_thread": 0, "title": "Twitter signs multiyear deal with NFL", "locations": [], "entities": {"persons": [], "locations": [], "organizations": []}, "highlightText": "", "language": "english", "persons": [], "text": "Tip : Use comma (,) to separate multiple quotes. Learn more... \nMon, Aug 10, 2015, 14:58 BST - UK Markets close in 1 hr 32 mins Twitter signs multiyear deal with NFL Reuters – 6 minutes ago 28.0617 +1.0217 \n(Reuters) - The National Football League said it signed a multiyear partnership with microblogging site Twitter Inc to deliver video and other content to NFL fans on a daily basis. \nContent, including in-game highlights from pre-season through Super Bowl 50, will be distributed across Twitter from the start of the 2015 season, the NFL said in a press release. ( http://bit.ly/1TkkSLl ) \nThe partnership expands on the NFL's existing partnership with Twitter since 2013, and Twitter users will now have access to more official NFL content than in the past. \nTwitter's shares rose 4 percent to $28.11 in early trading. \n(Reporting by Sai Sachin R in Bengaluru; Editing by Savio D'Souza) Tax cuts, pensions, childcare, online accounts and beer duty, here's … Related Stock Articles Follow the quotes you care about most. Access timely news and investment updates to stay on top of the market. … More » Yahoo UK & Ireland Finance Terms \nQuotes are real-time for NASDAQ, NYSE, and NYSEAmex when available. See also delay times for other exchanges . Quotes and other information supplied by independent providers identified on the Yahoo! Finance partner page . Quotes are updated automatically, but will be turned off after 25 minutes of inactivity. Quotes are delayed at least 15 minutes. All information provided \"as is\" for informational purposes only, not intended for trading purposes or advice. Neither Yahoo! nor any of independent providers is liable for any informational errors, incompleteness, or delays, or for any actions taken in reliance on information contained herein. By accessing the Yahoo! site, you agree not to redistribute the information found therein. \nFundamental company data provided by Capital IQ . Historical chart data and daily updates provided by Commodity Systems, Inc. (CSI) . International historical chart data and daily updates provided by Morningstar, Inc . Yahoo! - News Network", "external_links": [], "published": "2015-08-10T16:52:00.000+03:00", "crawled": "2015-08-10T17:03:12.894+03:00", "highlightTitle": ""}