{"organizations": [], "uuid": "b44ee8c9d2ddee591be06bb176635ad82be0c53f", "thread": {"social": {"gplus": {"shares": 0}, "pinterest": {"shares": 0}, "vk": {"shares": 0}, "linkedin": {"shares": 0}, "facebook": {"likes": 0, "shares": 0, "comments": 0}, "stumbledupon": {"shares": 0}}, "site_full": "www.equipmentfa.com", "main_image": "", "site_section": "http://www.equipmentfa.com/rss/feeds/latestnews.xml", "section_title": "Equipment Finance Advisor", "url": "http://www.equipmentfa.com/news/4566/madison-capital-adds-senior-vpbusiness-development", "country": "US", "title": "Madison Capital Adds Senior VP/Business Development", "performance_score": 0, "site": "equipmentfa.com", "participants_count": 0, "title_full": "Madison Capital Adds Senior VP/Business Development", "spam_score": 0.0, "site_type": "news", "published": "2015-08-07T14:10:00.000+03:00", "replies_count": 0, "uuid": "b44ee8c9d2ddee591be06bb176635ad82be0c53f"}, "author": "", "url": "http://www.equipmentfa.com/news/4566/madison-capital-adds-senior-vpbusiness-development", "ord_in_thread": 0, "title": "Madison Capital Adds Senior VP/Business Development", "locations": [], "entities": {"persons": [], "locations": [], "organizations": []}, "highlightText": "", "language": "english", "persons": [], "text": "  Madison Capital Adds Senior VP/Business Development August 07, 2015, 07:10 AM Related: Madison Capital \nMadison Capital announced the addition of Scott Hamburg as Senior Vice President/ Business Development. Scott brings 23 years of experience in the equipment lease finance industry. His career started in 1992 with Balboa Capital (Los Angeles) where he spent 10 years in sales and management positions, including opening Balboa’s first East Coast office in New York City. He then became Co-Founder and CEO of EquiCapital, spending the next 10 years developing the firm’s national vendor programs servicing a wide range of industries. In 2012, Scott joined Marlin Business Bank where he managed a Retail sales team, their Broker channel, and Major Account’s team. Active in various community organizations, Scott served on the Financial Development team and Board of Directors of Minds Matter of New York from 2001-2005, and is an active member of the Villanova University Masters of Finance mentor program.Scott is a graduate of Pomona College (Claremont, CA), where he played football. Today's Other News", "external_links": [], "published": "2015-08-07T14:10:00.000+03:00", "crawled": "2015-08-07T23:12:57.731+03:00", "highlightTitle": ""}