{"organizations": [], "uuid": "7edb1ec53523a3e8ef67c6c2a24341855ccad536", "thread": {"social": {"gplus": {"shares": 0}, "pinterest": {"shares": 0}, "vk": {"shares": 0}, "linkedin": {"shares": 0}, "facebook": {"likes": 0, "shares": 0, "comments": 0}, "stumbledupon": {"shares": 0}}, "site_full": "uk.finance.yahoo.com", "main_image": "https://s.yimg.com/bt/api/res/1.2/6rik6AZwuPGCiADf_9dhPQ--/YXBwaWQ9eW5ld3M7cT03NTt3PTYwMA--/http://l.yimg.com/os/mit/media/m/social/images/social_default_logo-1481777.png", "site_section": "https://uk.finance.yahoo.com/news/sector-banks/?format=rss", "section_title": "Banking News - Yahoo! Finance UK", "url": "https://uk.finance.yahoo.com/news/barclays-kenya-targets-small-business-121710405.html", "country": "US", "title": "Barclays Kenya targets small business lending to catch rivals", "performance_score": 0, "site": "yahoo.com", "participants_count": 0, "title_full": "Barclays Kenya targets small business lending to catch rivals", "spam_score": 0.0, "site_type": "news", "published": "2015-08-13T15:17:00.000+03:00", "replies_count": 0, "uuid": "7edb1ec53523a3e8ef67c6c2a24341855ccad536"}, "author": "", "url": "https://uk.finance.yahoo.com/news/barclays-kenya-targets-small-business-121710405.html", "ord_in_thread": 0, "title": "Barclays Kenya targets small business lending to catch rivals", "locations": ["Barclays Kenya"], "entities": {"persons": [], "locations": [], "organizations": []}, "highlightText": "", "language": "english", "persons": [], "text": "Tip : Use comma (,) to separate multiple quotes. Learn more... \nThu, Aug 13, 2015, 14:27 BST - UK Markets close in 2 hrs 3 mins Barclays Kenya targets small business lending to catch rivals Reuters - UK Focus – 1 hour 10 minutes ago \n* Earmarks 30 bln shillings for SME loans \n* H1 pretax profit up 5 pct, lags rivals \n* Shares (Berlin: DI6.BE - news ) slip 1 percent (Adds company, analyst comments, detail, background, shares) \nBy Duncan Miriri and Edith Honan \nNAIROBI, Aug 13 (Reuters) - Barclays Bank of Kenya has earmarked 30 billion shillings ($295 million) for lending to small and mid-sized business as it seeks to catch up with profit growth at rivals. \nForeign funds have been investing in Kenyan lenders in recent years, attracted by growing trade flows and the rise of mobile-phone banking which is helping to win new customers. \nBut results from Barclays Kenya, a unit of Barclays Plc (LSE: BARC.L - news ) , showed on Thursday it is lagging local rivals, with pretax profits up 5 percent in the first half of the year. \nEquity Bank and KCB Group, Kenya's biggest lenders by depositors and assets respectively, recorded double-digit profit growth for the period, helped by their strength in the small and medium-sized enterprise (SME) sector. \nJeremy Awori, chief executive of Barclays Kenya, said it had created a dedicated SME business unit to step up the challenge in a sector that makes the largest contribution to economic activity in Kenya. \n\"We've laid down the gauntlet and we're committed now to SME,\" he told Reuters after an investor briefing. \nBank executives say the fast-growing SME market offers higher returns than lending to larger corporates, in part because it is perceived as more risky. \nBarclays Kenya has relaxed lending requirements, such as a copy of audited accounts, for SMEs seeking to borrow less than 15 million shillings, it said. \nThe lender, which enjoyed a huge market share a decade ago before it was challenged by home-grown lenders, made a first-half pretax profit of 6.43 billion shillings as revenue grew 6 percent. \nAnalysts said the lender was paying a price for being too conservative in its lending practices. \n\"The first half loan growth was very anaemic and far behind its peer group. It speaks to a very defensive game. Diamond Trust Bank has now overtaken Barclays in terms of loan book size,\" said Aly Khan Satchu, an independent trader and analyst. \nDiamond Trust, which also has operations in Uganda, Tanzania and Burundi, grew its first-half pretax profit by 14 percent after its net interest income grew by a similar margin. \nIn contrast, Barclays Kenya's net interest income grew 4 percent, though its non-interest income rose 12 percent, buoyed by new products such as insurance. \nShares in Barclays Kenya edged down 1 percent to trade at 14.70 shillings. \nKenya is Barclays Plc's second largest market in Africa, behind South Africa. \n($1=101.5000 Kenyan shillings) (Writing by Duncan Miriri; Editing by Mark Potter)", "external_links": [], "published": "2015-08-13T15:17:00.000+03:00", "crawled": "2015-08-13T16:31:46.799+03:00", "highlightTitle": ""}