{"organizations": [], "uuid": "e7567972c1fe7dc272378058a531b0973c37cd6b", "thread": {"social": {"gplus": {"shares": 0}, "pinterest": {"shares": 0}, "vk": {"shares": 0}, "linkedin": {"shares": 0}, "facebook": {"likes": 0, "shares": 0, "comments": 0}, "stumbledupon": {"shares": 0}}, "site_full": "uk.finance.yahoo.com", "main_image": "https://s.yimg.com/bt/api/res/1.2/6rik6AZwuPGCiADf_9dhPQ--/YXBwaWQ9eW5ld3M7cT03NTt3PTYwMA--/http://l.yimg.com/os/mit/media/m/social/images/social_default_logo-1481777.png", "site_section": "https://uk.finance.yahoo.com/news/sector-basic-materials/?format=rss", "section_title": "Basic Resources News | Yahoo! Finance", "url": "https://uk.finance.yahoo.com/news/research-markets-gas-processing-industry-125200285.html", "country": "US", "title": "Research and Markets: Gas Processing Industry Outlook in North America to 2019 - Capacity and Capital Expenditure Forecasts with Details of All Operating and Planned Processing Plants", "performance_score": 0, "site": "yahoo.com", "participants_count": 0, "title_full": "Research and Markets: Gas Processing Industry Outlook in North America to 2019 - Capacity and Capital Expenditure Forecasts with Details of All Operating and Planned Processing Plants", "spam_score": 0.0, "site_type": "news", "published": "2015-08-13T15:52:00.000+03:00", "replies_count": 0, "uuid": "e7567972c1fe7dc272378058a531b0973c37cd6b"}, "author": "", "url": "https://uk.finance.yahoo.com/news/research-markets-gas-processing-industry-125200285.html", "ord_in_thread": 0, "title": "Research and Markets: Gas Processing Industry Outlook in North America to 2019 - Capacity and Capital Expenditure Forecasts with Details of All Operating and Planned Processing Plants", "locations": ["North America"], "entities": {"persons": [], "locations": [], "organizations": []}, "highlightText": "", "language": "english", "persons": [], "text": "Related Content \nDUBLIN--(BUSINESS WIRE)-- \nResearch and Markets ( http://www.researchandmarkets.com/research/5qdd3v/gas_processing ) has announced the addition of the \"Gas Processing Industry Outlook in North America to 2019 - Capacity and Capital Expenditure Forecasts with Details of All Operating and Planned Processing Plants\" report to their offering. \nSummary \n\"Gas Processing Industry Outlook in North America to 2019 - Capacity and Capital Expenditure Forecasts with Details of All Operating and Planned Processing Plants\" is a comprehensive report on gas processing industry in North America. \nThe report provides gas processing facility details such as plant name, operator name, type, start year, process/conditioning methods and gas processing capacity for active and planned gas processing plants in the region. \nThe report also provides key country comparisons based on contribution to processing capacity. The report also provides capital expenditure outlook by year and by key countries for planned gas processing plants till 2019. Planned or proposed (new build) gas processing plants, as announced by various companies, have also been included in this report. Further the report also offers recent developments as well as latest tenders and contracts at country level. \nScope Updated information relating to all active and planned gas processing plants in North America Provides key details such as operator name, type, start year, process/conditioning methods, processing capacity for all active and planned gas processing plants to 2019 Provides capital expenditure outlook by year and by key countries for planned gas processing plants till 2019 Latest developments and contracts related to gas processing industry at country level \nReasons to buy Obtain the most up to date information available on active and planned gas processing plants in North America Identify growth segments and opportunities in the industry Facilitate decision making on the basis of strong historic and forecast capacity data \nKey Topics Covered: \n1 List of Tables and List of Figures \n2 Introduction \n3 North America Gas Processing Industry \n4 Appendix \nFor more information visit http://www.researchandmarkets.com/research/5qdd3v/gas_processing View source version on businesswire.com: http://www.businesswire.com/news/home/20150813005676/en/ Contact:", "external_links": [], "published": "2015-08-13T15:52:00.000+03:00", "crawled": "2015-08-13T16:05:50.512+03:00", "highlightTitle": ""}