{"organizations": [], "uuid": "a1a96fa512a2d80f53de2371febe5fd2bc2d8c15", "thread": {"social": {"gplus": {"shares": 0}, "pinterest": {"shares": 0}, "vk": {"shares": 0}, "linkedin": {"shares": 0}, "facebook": {"likes": 0, "shares": 0, "comments": 0}, "stumbledupon": {"shares": 0}}, "site_full": "www.reuters.com", "main_image": "", "site_section": "http://www.reuters.com/finance/personal-finance", "section_title": "Wealth, Personal Finance &amp; Money | Reuters.com", "url": "http://www.reuters.com/article/2015/08/06/markets-factors-europe-idUSL5N10H0IT20150806", "country": "US", "title": "European Factors to Watch-Shares seen falling at the open", "performance_score": 0, "site": "reuters.com", "participants_count": 1, "title_full": "European Factors to Watch-Shares seen falling at the open | Reuters", "spam_score": 0.0, "site_type": "news", "published": "2015-08-06T09:47:00.000+03:00", "replies_count": 0, "uuid": "a1a96fa512a2d80f53de2371febe5fd2bc2d8c15"}, "author": "Reuters", "url": "http://www.reuters.com/article/2015/08/06/markets-factors-europe-idUSL5N10H0IT20150806", "ord_in_thread": 0, "title": "European Factors to Watch-Shares seen falling at the open", "locations": [], "entities": {"persons": [], "locations": [], "organizations": []}, "highlightText": "", "language": "english", "persons": [], "text": "(Adds company news items)\nLONDON Aug 6 (Reuters) - European stocks were seen opening lower on Thursday, with media shares expected to come in the spotlight after an overnight fall in the shares of Disney after Disney cut profit forecasts for its cable networks unit.\nFinancial spreadbetters expected Britain's FTSE 100 to open down by 39-41 points, or 0.6 percent lower.\nGermany's DAX was seen opening down by 43-54 points, or 0.4-0.5 percent lower, while France's CAC 40 was expected to open down by 25 points, or 0.5 percent lower.\nMany investors will also be on the lookout for further signs of possible interest rate rises coming soon in the United States and Britain.\nThe Bank of England is likely to say on Thursday that its policymakers have split over interest rates, adding to expectations it is heading for its first increase in borrowing costs in nearly a decade.\nSome better-than-expected U.S. economic data this week has also backed views that the U.S. will raise rates in September. The prospect of rising rates can often cause stocks to fall, as higher rates boost returns on cash and bonds, and can lead to bigger interest bills for companies listed on the stock market.\nEuropean stock markets had risen on Wednesday, buoyed by solid corporate results from the likes of French bank Societe Generale.\nDeutsche Telekom and Belgian financial group KBC both reported higher profits on Thursday, although Deutsche Post cut its profit target.\nAccording to data from Thomson Reuters StarMine, 59 percent of companies on the European STOXX 600 index have beaten or met market expectations with results this quarter. > GLOBAL MARKETS-Asia shares drop, dollar firm; U.S. data signals Sept hike > US STOCKS-Tech leads Nasdaq, S&P 500; Disney sparks media selloff > Nikkei gains on a weaker yen, earnings forecasts divide fortunes > TREASURIES-Longer-dated yields rise on Fed rate hike skepticism > FOREX-Dollar edges down but close to highs, sterling awaits BOE update > PRECIOUS-Gold stuck near 2010 low as data backs Sept Fed hike view > METALS-London copper up on China data, aluminium recovers from 6-yr low > Oil hovers near multi-month lows, Brent below $50\nCOMPANY NEWS:\nALTICE :\nFrance's national basket ball league said businessman Patrick Drahi's holding company had agreed to pay 50 million euros for five seasons of TV rights to the French championship.\nDEUTSCHE BANK :\nDeutsche Bank has fired two senior trading executives, the Wall Street Journal reported.\nDEUTSCHE POST :\nGerman postal and logistics company Deutsche Post cut its 2015 profit target on Thursday after taking a 100 million euro ($109 million) hit due to a series of strikes over its plans to expand its parcel division using workers on lower pay.\nDEUTSCHE TELEKOM :\nDeutsche Telekom reported a 13.5 percent rise in quarterly core profit helped by its U.S. operations.\nFUGRO :\nFugro, the Dutch surveying company, on Thursday reported better-than-expected earnings for the first half of 2015, as it cut costs and sold operations in expectation of an extended downturn in the oil industry.\nKBC :\nBelgian financial group KBC said on Thursday its net profit doubled in the second quarter compared with the same period last year, as both loans and deposits grew in its core markets.\nKLOECKNER :\nGerman steel distributor Kloeckner & Co said it would accelerate its restructuring programme and abandoned its goal of increasing 2015 core profit after a sharp drop in global steel prices wiped more than a third off its second-quarter earnings.\nMETRO :\nGerman retailer Metro AG has bought Singapore-based restaurant supplier Classic Fine Foods Group from private equity group EQT for $290 million, it said on Thursday as it reported a slowdown in same-store sales due to a shift in Easter.\nRSA /ZURICH INSURANCE :\nZurich Insurance Group will not overpay in any bid for Britain's RSA it said as it posted an unexpected drop in second-quarter net profit.\nSOPRA STERIA :\nThe French IT services group raised its 2015 operating margin goal to around 6.5 percent from 6 percent, with organic revenue growth seen at around 2 percent.\nVINCI :\nThe construction company said it had won a contract to help build and manage a 1.9 billion Canadian dollar ($1.44 billion) road project in Canada. (Reporting by Sudip Kar-Gupta )", "external_links": [], "published": "2015-08-06T09:47:00.000+03:00", "crawled": "2015-08-06T08:59:28.059+03:00", "highlightTitle": ""}