{"organizations": [], "uuid": "a82d44358446e133bf31ae86899e3fa18e88f3ce", "thread": {"social": {"gplus": {"shares": 0}, "pinterest": {"shares": 0}, "vk": {"shares": 0}, "linkedin": {"shares": 0}, "facebook": {"likes": 0, "shares": 0, "comments": 0}, "stumbledupon": {"shares": 0}}, "site_full": "www.moneylife.in", "main_image": "http://moneylife.in/site/userimage/image/thumbnail/logo.gif", "site_section": "http://moneylife.in/site/rss.php", "section_title": "Moneylife Personal Finance Magazine", "url": "http://www.moneylife.in/article/nifty-sensex-still-weak---tuesday-closing-report/43067.html", "country": "IN", "title": "Nifty, Sensex still weak - Tuesday closing report", "performance_score": 0, "site": "moneylife.in", "participants_count": 1, "title_full": "Nifty, Sensex still weak - Tuesday closing report", "spam_score": 0.0, "site_type": "news", "published": "2015-08-11T17:54:00.000+03:00", "replies_count": 0, "uuid": "a82d44358446e133bf31ae86899e3fa18e88f3ce"}, "author": "Moneylife Digital Team &amp; IANS", "url": "http://www.moneylife.in/article/nifty-sensex-still-weak---tuesday-closing-report/43067.html", "ord_in_thread": 0, "title": "Nifty, Sensex still weak - Tuesday closing report", "locations": [], "entities": {"persons": [], "locations": [], "organizations": []}, "highlightText": "", "language": "english", "persons": [], "text": "Moneylife » Nifty, Sensex still weak - Tuesday closing report 43067 Nifty, Sensex still weak - Tuesday closing report 0 Comments, Be the first to comment Moneylife Digital Team & IANS | 11/08/2015 08:24 PM | Nifty may find a short-term support at 8,420 We had mentioned in Monday’s closing report that the major indices in the Indian stock market made marginal losses at the end of the day with no significant highs during the day. Our forecast was that only a close above 8,550 can put Nifty back on the uptrend. In Tuesday’s trading, the indices slipped further from Monday, and the day’s losses were around 1%. The downward trend is likely to continue uptil there is fresh buying interest from institutional investors. A sudden devaluation of the Chinese yuan coupled with the upcoming key economic data points subdued investor sentiments on Tuesday leading to a barometer index of the Indian equity markets closing 235 points in the red. The wider 50-scrip Nifty of the National Stock Exchange (NSE) closed lower by 63.25 points or 0.74 percent at 8,462.35 points. The Sensex touched a high of 28,205.12 points and a low of 27,825.83 points in the intra-day trade. China's central bank has devalued yuan by 2%. This is the biggest devaluation in the Chinese currency since 1994. The move has strengthened the dollar value, which has negatively impacted major world currencies including the Indian rupee. However, most commodities like oil, zinc and steel fell, the international gold prices inched-up above $1,100 a troy ounce due to the upcoming festive season in India. India is the largest gold importer in the world. The Indian gold prices rose by over Rs.1,000 per 10 gram in just under a week. Investors were also anxious over the upcoming key economic data points of Consumer Price Inflation (CPI) and Index of Industrial Production (IIP) slated to be released on Wednesday. The monsoon session of parliament ends on August 13 with the fate of key legislations like the GST and the land bill hanging in the balance. Sector-wise, all 12 sub-indices of the S&P BSE except the information technology (IT) and technology, entertainment and media (TECK) index ended in the red. The S&P BSE banking index fell by 331.79 points, followed by metal index which fell by 302.30 points, automobile index declined by 259.14 points, capital goods index edged lower by 225.35 points and oil and gas index fell by 110.04 points. However, the S&P BSE IT index gained by 153.28 points and TECK index rose by 56.87 points. The top gainers and top losers of major indices in the stock market are given in the table below: Among the Asian markets, Japan's Nikkei was down 0.42 percent and Hong Kong's Hang Seng slipped by 0.09 percent. China's Shanghai Composite Index was at a standstill from Monday's levels. In Europe, the London FTSE 100 index lost by 0.68 percent, Germany's DAX Index plunged by 1.64 percent and French CAC 40 fell by 1.09 percent at the closing bell here. The closing values of major Asian indices are given in the table below: Among European indices, FTSE 100 was at 6,690.25, down 0.68% and DAX was at 11,416.09, down 1.63%.", "external_links": [], "published": "2015-08-11T17:54:00.000+03:00", "crawled": "2015-08-11T18:24:52.739+03:00", "highlightTitle": ""}