{"organizations": ["Bank of America", "Federal Reserve", "Fed", "National Federation of Independent Business"], "uuid": "39f966f6ce3524c7e9989643862d288896c658be", "thread": {"social": {"gplus": {"shares": 0}, "pinterest": {"shares": 0}, "vk": {"shares": 0}, "linkedin": {"shares": 0}, "facebook": {"likes": 0, "shares": 0, "comments": 0}, "stumbledupon": {"shares": 0}}, "site_full": "business-news.thestreet.com", "main_image": "", "site_section": "http://business-news.thestreet.com/heritage-newspapers/rss/627", "section_title": "Heritage Newspapers : Personal Finance", "url": "http://business-news.thestreet.com/heritage-newspapers/story/small-business-owners-wont-be-hurt-by-federal-reserves-looming-rate-hike/13252264", "country": "US", "title": "Small Business Owners Won’t Be Hurt by Federal Reserve’s Looming Rate Hike", "performance_score": 0, "site": "thestreet.com", "participants_count": 0, "title_full": "Small Business Owners Won’t Be Hurt by Federal Reserve’s Looming Rate Hike", "spam_score": 0.0, "site_type": "news", "published": "2015-08-11T21:39:00.000+03:00", "replies_count": 0, "uuid": "39f966f6ce3524c7e9989643862d288896c658be"}, "author": "", "url": "http://business-news.thestreet.com/heritage-newspapers/story/small-business-owners-wont-be-hurt-by-federal-reserves-looming-rate-hike/13252264", "ord_in_thread": 0, "title": "Small Business Owners Won’t Be Hurt by Federal Reserve’s Looming Rate Hike", "locations": ["Dealstruck", "NEW YORK"], "entities": {"persons": [], "locations": [], "organizations": []}, "highlightText": "", "language": "english", "persons": ["Candace Klein", "Scott Gamm", "David Solis", "Klein"], "text": "Small Business Owners Won’t Be Hurt by Federal Reserve’s Looming Rate Hike Written by: Scott Gamm 08/11/15 - 2:39 PM EDT Tickers in this article: BAC More Headlines NEW YORK (MainStreet) -- Small business owners shouldn't worry about the Federal Reserve's upcoming policy shift. That's because the Fed's initial rate hike is likely to be small, totaling 25 basis points. \"The increase is small enough that it won't affect small business financing,\" said Candace Klein, the chief strategy officer at Dealstruck, an online alternative lender to small businesses. But over the long haul, the Fed's subsequent rate hikes could affect some of the more capital-intensive small businesses. Higher rates increase the cost of capital for borrowers. \"Home builders could be impacted, and we could see a slowdown within the construction part of small business,\" said David Solis, national executive for small business centralized sales at Bank of America (BAC). Overall, the Fed hiking rates signals that the economy is strong enough to stand on its own two feet without the central bank's help via low interest rates, a type of stimulus the Fed uses to revive sluggish growth. \"We have a clients and a number of small businesses across the country that have started to increase investments into their business,\" Klein added, referring to higher confidence among small business owners. In fact, the Small Business Optimism Index rose 1.3 points in July to 95.4, beating estimates of 95, according to a Tuesday report from the National Federation of Independent Business. 1", "external_links": [], "published": "2015-08-11T21:39:00.000+03:00", "crawled": "2015-08-11T23:32:36.295+03:00", "highlightTitle": ""}