{"organizations": ["BHP"], "uuid": "fd81ef33138bfa34ad519877b04e9e061eff2adc", "thread": {"social": {"gplus": {"shares": 0}, "pinterest": {"shares": 0}, "vk": {"shares": 0}, "linkedin": {"shares": 0}, "facebook": {"likes": 0, "shares": 0, "comments": 0}, "stumbledupon": {"shares": 0}}, "site_full": "au.finance.yahoo.com", "main_image": "https://s.yimg.com/bt/api/res/1.2/8mvrI6NixpNjyYZg8eaK8w--/YXBwaWQ9eW5ld3M7aWw9cGxhbmU7cT03NTt3PTYwMA--/http://globalfinance.zenfs.com/images/FIN_ANZ_AAP_ART_FTP_LIVE_1/2994416_20150708001153317802-original_1280x720_original.jpg", "site_section": "https://au.finance.yahoo.com/news/category-commodities/?format=rss", "section_title": "Commodities Market News - Yahoo!7 Australia Finance", "url": "https://au.finance.yahoo.com/news/sa-premier-urges-bhp-more-065208566.html", "country": "US", "title": "SA premier urges BHP to be more open", "performance_score": 0, "site": "yahoo.com", "participants_count": 0, "title_full": "SA premier urges BHP to be more open", "spam_score": 0.0, "site_type": "news", "published": "2015-08-11T11:21:00.000+03:00", "replies_count": 0, "uuid": "fd81ef33138bfa34ad519877b04e9e061eff2adc"}, "author": "", "url": "https://au.finance.yahoo.com/news/sa-premier-urges-bhp-more-065208566.html", "ord_in_thread": 0, "title": "SA premier urges BHP to be more open", "locations": [], "entities": {"persons": [], "locations": [], "organizations": []}, "highlightText": "", "language": "english", "persons": [], "text": "View Photo \n\nMining giant BHP Billiton owes it to the people of South Australia to be open about future plans for the Olympic Dam mine, Premier Jay Weatherill says. \nMr Weatherill has questioned BHP's decision not to speak publicly about the latest round of job cuts following a decision to axe 380 positions by mid-September. \n\"These are our resources. It would assist us and the people of South Australia if they were to be as open as they possibly can be,\" Mr Weatherill told reporters on Tuesday. \n\"I think people are becoming frustrated in seeking to understand where BHP stands, what their level of commitment is to South Australia. \n\"You don't need to guarantee anything. We just need to understand what the trajectory is, what their thinking is beyond a media statement with a few cryptic lines.\" \nBHP said its decision to cut jobs was not a reflection of SA government policy settings but was driven by global challenges in the resources sector and the need to transform Olympic Dam into a sustainable operation. \nThe latest job losses will reduce the total workforce at Olympic Dam to about 3500. \nThe company offered little else on its future plans, including the status of a major expansion that still has state government approval despite being mothballed by the company in 2012. \nDespite his concerns, Mr Weatherill said there was some cause for optimism and that barring another major slide in commodity prices, employment levels at Olympic Dam should stabilise before starting to grow again. @y7finance on Twitter, become a fan on Facebook SA premier urges BHP to be more open AAP \nMining giant BHP Billiton owes it to the people of South Australia to be open about future plans for the Olympic …", "external_links": [], "published": "2015-08-11T11:21:00.000+03:00", "crawled": "2015-08-11T11:36:10.644+03:00", "highlightTitle": ""}