{"organizations": [], "uuid": "6ce506322446abc495ef00086d580afc3bedd281", "thread": {"social": {"gplus": {"shares": 0}, "pinterest": {"shares": 0}, "vk": {"shares": 0}, "linkedin": {"shares": 0}, "facebook": {"likes": 0, "shares": 0, "comments": 0}, "stumbledupon": {"shares": 0}}, "site_full": "www.telegraph.co.uk", "main_image": "http://i.telegraph.co.uk/multimedia/archive/03357/greekbanks_3357117k.jpg", "site_section": "http://www.telegraph.co.uk/finance/", "section_title": "Finance - Business news and market updates - Telegraph - Telegraph", "url": "http://www.telegraph.co.uk/finance/economics/11778886/Greek-banks-to-be-subjected-to-stress-tests-amid-fears-over-capital-levels.html", "country": "GB", "title": "Greek banks to be subjected to stress tests amid fears over capital levels", "performance_score": 1, "site": "telegraph.co.uk", "participants_count": 2, "title_full": "Greek banks to be subjected to stress tests amid fears over capital levels - Telegraph", "spam_score": 0.0, "site_type": "news", "published": "2015-08-02T21:31:00.000+03:00", "replies_count": 1, "uuid": "73d8197378db3ddfc63569902bc3544ddc74beb6"}, "author": "AFP", "url": "http://www.telegraph.co.uk/finance/economics/11778886/Greek-banks-to-be-subjected-to-stress-tests-amid-fears-over-capital-levels.html#post-0", "ord_in_thread": 0, "title": "Greek banks to be subjected to stress tests amid fears over capital levels", "locations": [], "entities": {"persons": [], "locations": [], "organizations": []}, "highlightText": "", "language": "english", "persons": [], "text": " The Telegraph Investor Transfer your Isas - buy & sell funds for free Find out more »", "external_links": [], "published": "2015-08-02T21:31:00.000+03:00", "crawled": "2015-08-02T16:54:58.921+03:00", "highlightTitle": ""}