{"organizations": [], "uuid": "dd2bb6b091da199668af434b09a6a8af96d19f25", "thread": {"social": {"gplus": {"shares": 0}, "pinterest": {"shares": 0}, "vk": {"shares": 0}, "linkedin": {"shares": 0}, "facebook": {"likes": 0, "shares": 0, "comments": 0}, "stumbledupon": {"shares": 0}}, "site_full": "www.marketwatch.com", "main_image": "http://mw1.wsj.net/MW5/content/images/logos/mw-social-logo.jpg", "site_section": "http://finance.yahoo.com/news/provider-marketwatch/", "section_title": "MarketWatch News Archive - Yahoo! Finance", "url": "http://www.marketwatch.com/story/treasury-says-it-can-stay-below-debt-limit-briefly-past-end-of-october-2015-08-05", "country": "US", "title": "Treasury says it can stay below debt limit briefly past end of October", "performance_score": 0, "site": "marketwatch.com", "participants_count": 2, "title_full": "Treasury says it can stay below debt limit briefly past end of October - MarketWatch", "spam_score": 0.0, "site_type": "news", "published": "2015-08-05T03:00:00.000+03:00", "replies_count": 1, "uuid": "8e4b57deefd63aee50a8d6d2706c26512e809c4e"}, "author": "By     Greg Robb", "url": "http://www.marketwatch.com/story/treasury-says-it-can-stay-below-debt-limit-briefly-past-end-of-october-2015-08-05#post-0", "ord_in_thread": 0, "title": "Treasury says it can stay below debt limit briefly past end of October", "locations": [], "entities": {"persons": [], "locations": [], "organizations": []}, "highlightText": "", "language": "english", "persons": [], "text": "Treasury Department officials said Wednesday that extraordiary measures now in place will keep the federal government from hitting the debt ceiling for at least a brief time after Oct. 30. Last month, Treasury Secretary Jacob Lew told Congress that the debt ceiling would not be hit before end of October. Treasury officials said the department will have to temporarily reduce the level of Treasury bill issuance over the next few months as the debt ceiling nears. Treasury announced that it will auction $64 billion in notes and bonds next week in its regular quarterly-refunding auctions. The auction size is unchanged from the May refunding.", "external_links": [], "published": "2015-08-05T03:00:00.000+03:00", "crawled": "2015-08-05T17:56:43.375+03:00", "highlightTitle": ""}