{"organizations": [], "uuid": "5077bd6a44c8083323a65e51228a1b0d90c1a056", "thread": {"social": {"gplus": {"shares": 0}, "pinterest": {"shares": 0}, "vk": {"shares": 0}, "linkedin": {"shares": 0}, "facebook": {"likes": 0, "shares": 0, "comments": 0}, "stumbledupon": {"shares": 0}}, "site_full": "allafrica.com", "main_image": "http://allafrica.com/static/images/structure/aa-logo-rgba-no-text-128x128.png", "site_section": "http://allafrica.com/tools/headlines/rdf/business/headlines.rdf", "section_title": "AllAfrica News: Economy, Business and Finance", "url": "http://allafrica.com/stories/201508030550.html", "country": "US", "title": "Zimbabwe: Council Redesigns Gutted Complex", "performance_score": 0, "site": "allafrica.com", "participants_count": 0, "title_full": "Zimbabwe: Council Redesigns Gutted Complex", "spam_score": 0.0, "site_type": "news", "published": "2015-08-03T11:28:00.000+03:00", "replies_count": 0, "uuid": "5077bd6a44c8083323a65e51228a1b0d90c1a056"}, "author": "", "url": "http://allafrica.com/stories/201508030550.html", "ord_in_thread": 0, "title": "Zimbabwe: Council Redesigns Gutted Complex", "locations": ["Zimbabwe"], "entities": {"persons": [], "locations": [], "organizations": []}, "highlightText": "", "language": "english", "persons": [], "text": "Zimbabwe: Siblings Forge Signature, Sell Family House \nOperators will be allowed to continue trading while the facilities are being restored. \n\"The city will work with the management team and all traders at the complex to ensure a speedy resumption of operations,\" said Mrs Ncube. \nShe said the city's waste management team would this weekend begin clearing the complex in preparation for revamping it. \nThe city council has set up a team to oversee the reconstruction of the complex. \nGlen Norah B councillor Mr Herbert Gomba proposed the setting up of the team in a full council meeting on Thursday, saying a lot of families were deprived of their only source of income, hence the need to urgently attend to the matter. \nThe city officials said they were awaiting a forensic report to ascertain the cause of the inferno. \nThe affected traders have since returned to the complex and some could be seen doing their work like carpentry in the open after their cubicles were destroyed by the inferno. \nSome were destroying the remnants of the cubicles which were extensively damaged by the fire. \nMr Tongoona Panganai said they had no other source of income, which forced them to return to their work stations under the \"difficult circumstances\". \n\"Council should come in and assist because we were being charged $3 per month for security and $1 for every ware sold, but we don't know what the money was being used for, council should therefore come in and run the complex,\" he said. Zimbabwe \nPRESIDENT Robert Mugabe could have played both puppet and puppeteer, in the Zanu PF debacle that resulted in the removal … see more » Copyright © 2015 The Herald. All rights reserved. Distributed by AllAfrica Global Media ( allAfrica.com ). To contact the copyright holder directly for corrections — or for permission to republish or make other authorized use of this material, click here. AllAfrica publishes around 2,000 reports a day from more than 130 news organizations and over 200 other institutions and individuals , representing a diversity of positions on every topic. We publish news and views ranging from vigorous opponents of governments to government publications and spokespersons. Publishers named above each report are responsible for their own content, which AllAfrica does not have the legal right to edit or correct. Articles and commentaries that identify allAfrica.com as the publisher are produced or commissioned by AllAfrica . To address comments or complaints, please Contact us .", "external_links": [], "published": "2015-08-03T11:28:00.000+03:00", "crawled": "2015-08-03T12:15:16.026+03:00", "highlightTitle": ""}