{"organizations": [], "uuid": "b8413fd4d74c349e7d71d1cc9223d74fd1725e7f", "thread": {"social": {"gplus": {"shares": 0}, "pinterest": {"shares": 0}, "vk": {"shares": 0}, "linkedin": {"shares": 0}, "facebook": {"likes": 0, "shares": 0, "comments": 0}, "stumbledupon": {"shares": 0}}, "site_full": "business-news.thestreet.com", "main_image": "", "site_section": "http://business-news.thestreet.com/west-hartford-news/rss/627", "section_title": "West Hartford News : Personal Finance", "url": "http://business-news.thestreet.com/west-hartford-news/story/why-debit-cards-have-risen-in-popularity/13250015", "country": "US", "title": "Why Debit Cards Have Risen in Popularity", "performance_score": 0, "site": "thestreet.com", "participants_count": 0, "title_full": "Why Debit Cards Have Risen in Popularity", "spam_score": 0.0, "site_type": "news", "published": "2015-08-10T16:57:00.000+03:00", "replies_count": 0, "uuid": "b8413fd4d74c349e7d71d1cc9223d74fd1725e7f"}, "author": "", "url": "http://business-news.thestreet.com/west-hartford-news/story/why-debit-cards-have-risen-in-popularity/13250015", "ord_in_thread": 0, "title": "Why Debit Cards Have Risen in Popularity", "locations": [], "entities": {"persons": [], "locations": [], "organizations": []}, "highlightText": "", "language": "english", "persons": ["Brian O'Connell"], "text": "Why Debit Cards Have Risen in Popularity Written by: Brian O'Connell 08/10/15 - 9:57 AM EDT More Headlines 7 Best Companies For Paid Parental Leave \nNEW YORK ( MainStreet ) - U.S. consumers love their debit cards, using them on an average of 21 times per month, according to new data from Pulse, a Houston, Tx.-based debit/ATM network . That's a 32% rise in usage over the past ten years, Pulse reports; in 2005, there were only 16.1 monthly transactions. Americans spend, on average, $9,291 annually with their debit cards, up from $7,807 ten years ago. Interestingly, cash withdrawals using a debit card are down, from 3.4 withdrawals per month in 2005 to 2.0 withdrawals per month in 2014. That downward trend in withdrawals may be due to increased usage of mobile app payments in an economy where cash transactions are on the decline. Even so, usage of debit cards is rising, and that growth should continue, experts say. Currently, there are about 50 billion debit card transactions in the U.S. on an annual basis, as debit card use grows widely -- more so than credit cards, Pulse reports. \"The past decade saw a major shift in consumer preference to paying with debit cards, which accelerated after the 2008-2009 recession,\" said Steve Sievert, executive vice president of marketing and communications for PULSE. \"We believe there is still opportunity for debit growth, considering that consumer use of debit for smaller purchases is rising, and the average active debit card is used about five times per week.\" \"Consumer use of debit has been nothing short of remarkable,\" adds Tony Hayes, a partner at Oliver Wyman, which co-authored the Pulse study. \"Debit has steadily gained wallet share as consumers shift their spending to this payment type. The use of debit for small-ticket purchases is particularly noteworthy, where one-third of all debit transactions are for less than $10 - purchases that historically would have been made with cash or not at all.\" 1", "external_links": [], "published": "2015-08-10T16:57:00.000+03:00", "crawled": "2015-08-10T17:20:05.241+03:00", "highlightTitle": ""}