{"organizations": ["BAAM Agency", "Cambridge"], "uuid": "aed5df322c2a71130e8c542395134ba86dc37db7", "thread": {"social": {"gplus": {"shares": 0}, "pinterest": {"shares": 0}, "vk": {"shares": 0}, "linkedin": {"shares": 0}, "facebook": {"likes": 0, "shares": 0, "comments": 0}, "stumbledupon": {"shares": 0}}, "site_full": "www.artipot.com", "main_image": "", "site_section": "http://rss.artipot.com/category/83", "section_title": "Artipot: Finance > Taxes Articles", "url": "http://www.artipot.com/articles/1920216/d-day-how-to-plan-your-taxes-before-the-big-day.htm", "country": "US", "title": "D-day - How To Plan Your Taxes Before The Big Day (Rhia Styles)", "performance_score": 0, "site": "artipot.com", "participants_count": 0, "title_full": "D-day - How To Plan Your Taxes Before The Big Day (Rhia Styles)", "spam_score": 0.0, "site_type": "news", "published": "2015-08-06T10:03:00.000+03:00", "replies_count": 0, "uuid": "aed5df322c2a71130e8c542395134ba86dc37db7"}, "author": "", "url": "http://www.artipot.com/articles/1920216/d-day-how-to-plan-your-taxes-before-the-big-day.htm", "ord_in_thread": 0, "title": "D-day - How To Plan Your Taxes Before The Big Day (Rhia Styles)", "locations": ["UK", "Cambridge"], "entities": {"persons": [], "locations": [], "organizations": []}, "highlightText": "", "language": "english", "persons": [], "text": "By Rhia Styles Aug 6, 2015 Instead of waiting until the last minute, the best thing you can do is plan your taxes early to avoid any trouble in the long run. Taxes are the one topic in which we can avoid, however cannot escape. Starting the process early can help you get a handle on what needs to be done, help you save your hard earned cash, and get a suitable tax return. In order to get everything done swiftly and smoothly, seeking help from a tax planning agency Cambridge will be your best solution, especially if you have set up your own business. Each tax planning agency has specialised professionals on their team, all with extreme financial knowledge.When it comes to choosing a tax planning agency, it's always a good idea to do a quick search on the pervious track record of the agencies you are looking at. You should also take into consideration the feedback from their past and current clients. Once you've looked into this and you are satisfied, you can then make a decision on which agency you would like to work for you.In order to organise yourself ahead of D-day, make sure to gather all of your necessary documents that are required at the time of tax filing, for example, tax return from the previous year, your ID number, proof of your income and any other details related to investments. Once you've gathered all of the relevant information, the tax agency experts will take care of the rest for you.Bare in mind there is also a R&D tax credits Cambridge, this is basically corporation tax relief. The UK government introduced this scheme in order to urge companies to invest in research and development. This way the nation can then boast of a high end R&D pool in the global arena, and at the same time companies will gain tax incentive. This is mainly ideal for startup companies that have a low capital or are cash trapped because they can recover up to 25% of qualifying costs. However the R&D tax credits relief can be claimed only by companies who are applicable for corporation tax.There are specialised taxation accountants Cambridge who have incredible knowhow on information related to tax legislation and compliance, and how it influences your financial decisions. All accountants keep themselves updated with the latest changes, additions and developments that take place in tax laws to ensure clients are not misled. Accountants also advice companies and individuals on the kind of financial tools to opt for to minimise income tax, and save more and more money over time. About the Author Rhia Styles for BAAM Agency. For more information on this article, please visit www.ashcroftanthony.com Rating:", "external_links": [], "published": "2015-08-06T10:03:00.000+03:00", "crawled": "2015-08-06T16:24:22.167+03:00", "highlightTitle": ""}