{"organizations": [], "uuid": "f4d032d20af3d7ac5338980717b5e918034cd79e", "thread": {"social": {"gplus": {"shares": 0}, "pinterest": {"shares": 0}, "vk": {"shares": 0}, "linkedin": {"shares": 0}, "facebook": {"likes": 0, "shares": 0, "comments": 0}, "stumbledupon": {"shares": 0}}, "site_full": "www.rigzone.com", "main_image": "http://images.rigzone.com/images/rz-facebook.jpg", "site_section": "http://www.rigzone.com/news/rss/rigzone_finance.aspx", "section_title": "Rigzone.com: Finance and Investing News", "url": "http://www.rigzone.com/news/oil_gas/a/139985/Gran_Tierra_Energy_Reveals_386_Million_Net_Loss?rss=true", "country": "US", "title": "Gran Tierra Energy Reveals $38.6 Million Net Loss", "performance_score": 0, "site": "rigzone.com", "participants_count": 0, "title_full": "Gran Tierra Energy Reveals $38.6 Million Net Loss", "spam_score": 0.0, "site_type": "news", "published": "2015-08-05T03:00:00.000+03:00", "replies_count": 0, "uuid": "f4d032d20af3d7ac5338980717b5e918034cd79e"}, "author": "", "url": "http://www.rigzone.com/news/oil_gas/a/139985/Gran_Tierra_Energy_Reveals_386_Million_Net_Loss?rss=true", "ord_in_thread": 0, "title": "Gran Tierra Energy Reveals $38.6 Million Net Loss", "locations": [], "entities": {"persons": [], "locations": [], "organizations": []}, "highlightText": "", "language": "english", "persons": [], "text": "Tweet \nGran Tierra Energy revealed Wednesday that it suffered a $38.6 million net loss during the second quarter of 2015. \nThe results were better than the net loss of $44.9 million recorded by the company in the first quarter of 2015, but significantly worse than the net income of $9.1 million registered in 2Q 2014. Despite the net loss for the quarter, Gran Tierra maintains that it has a strong balance sheet with cash, and cash equivalents, of $166.4 million. \nGary Guidry, president and CEO of Gran Tierra, commented in a company statement: \n“The company is focusing on ensuring its cost structure is such that it remains competitive in all commodity price environments. The company continues to have a robust balance sheet with zero debt and is in a strong financial position at a time of weak oil prices in contrast to many of our peers.\" \nIn its 2Q results Gran Tierra reported that oil and natural gas production in the second quarter of 2015 exceeded company projections announced in May 2015. The company’s production averaged 23,094 barrels of oil equivalent per day in 2Q 2015, compared to 24,015 boepd in 1Q 2015. Have a news tip? Share it with Rigzone! Tweet WHAT DO YOU THINK? Generated by readers, the comments included herein do not reflect the views and opinions of Rigzone. All comments are subject to editorial review. Off-topic, inappropriate or insulting comments will be removed. Your comments have been received and will be posted after being reviewed. If you have any questions, please feel free to contact us. Related Companies", "external_links": [], "published": "2015-08-05T03:00:00.000+03:00", "crawled": "2015-08-05T21:12:19.033+03:00", "highlightTitle": ""}