{"organizations": ["Labor Force"], "uuid": "cc0d6cd3dc3c6394e6cdea2c66a8528ab6cd8436", "thread": {"social": {"gplus": {"shares": 0}, "pinterest": {"shares": 0}, "vk": {"shares": 0}, "linkedin": {"shares": 0}, "facebook": {"likes": 0, "shares": 0, "comments": 0}, "stumbledupon": {"shares": 0}}, "site_full": "business-news.thestreet.com", "main_image": "", "site_section": "http://business-news.thestreet.com/source-newspapers/rss/627", "section_title": "Source Newspapers : Personal Finance", "url": "http://business-news.thestreet.com/source-newspapers/story/rise-of-robots-in-labor-force-may-spark-inequality-crisis/13243747", "country": "US", "title": "Rise of Robots in Labor Force May Spark Inequality Crisis", "performance_score": 0, "site": "thestreet.com", "participants_count": 0, "title_full": "Rise of Robots in Labor Force May Spark Inequality Crisis", "spam_score": 0.0, "site_type": "news", "published": "2015-08-05T00:07:00.000+03:00", "replies_count": 0, "uuid": "cc0d6cd3dc3c6394e6cdea2c66a8528ab6cd8436"}, "author": "", "url": "http://business-news.thestreet.com/source-newspapers/story/rise-of-robots-in-labor-force-may-spark-inequality-crisis/13243747", "ord_in_thread": 0, "title": "Rise of Robots in Labor Force May Spark Inequality Crisis", "locations": [], "entities": {"persons": [], "locations": [], "organizations": []}, "highlightText": "", "language": "english", "persons": ["Gregg Greenberg"], "text": "Rise of Robots in Labor Force May Spark Inequality Crisis Written by: Gregg Greenberg 08/04/15 - 5:07 PM EDT \nNEW YORK (TheStreet) -- The rise of artificial intelligence in the workplace is both positive and negative. It all depends on which side of the robot you stand, said Jerry Kaplan, author of Humans Need Not Apply . \n\"If you are one of the people who owns the robots, then things are going to be great because you are the owner of that automation,\" said Kaplan. \"If you are the person whose job is being lost because the robot is doing the task that you used to do, then that's a major problem.\" \nKaplan is currently a fellow at the Center for Legal Informatics at Stanford University. He teaches ethics and impact of artificial intelligence in the Computer Science Department. He called his book a \"call to arms\" for the age of artificially intelligent machines because the question as to whether robots will be working for the benefit of mankind or simply the super-rich is very much in doubt. He said his history as a Silicon Valley entrepreneur and lecturer offer him a front row seat to this latest industrial revolution. \"Robots that used to be confined to the factory floor are basically getting eyes and ears and the ability to engage in certain simple kinds of reasoning,\" said Kaplan. \"Once you do that, you can take those robots and move them out into the field and make them work in human environments, alongside people, and have them do tasks that normally require human attention.\" Kaplan said employees with jobs based upon simple manipulation should consider upgrading their skills, lest they lose their positions to robots. On the other hand, he said people who work in positions which require interpersonal relations can feel secure in their jobs for a long time to come. More Headlines", "external_links": [], "published": "2015-08-05T00:07:00.000+03:00", "crawled": "2015-08-05T07:16:54.533+03:00", "highlightTitle": ""}