{"organizations": ["Krodua"], "uuid": "aed2f5f7df5050f02497462291385fe61f1509c9", "thread": {"social": {"gplus": {"shares": 0}, "pinterest": {"shares": 0}, "vk": {"shares": 0}, "linkedin": {"shares": 0}, "facebook": {"likes": 0, "shares": 0, "comments": 0}, "stumbledupon": {"shares": 0}}, "site_full": "www.modernghana.com", "main_image": "http://img.modernghana.com/images/content/osjv48xll2_cocoafarm.jpg", "site_section": "http://www.modernghana.com/rssfeed/news.xml?cat_id=1&gender=46", "section_title": "Business & Finance", "url": "http://www.modernghana.com/news/634444/1/krodua-youth-appeal-for-land-for-cocoa-cultivation.html", "country": "US", "title": "Krodua youth appeal for land for cocoa cultivation", "performance_score": 0, "site": "modernghana.com", "participants_count": 0, "title_full": "Krodua youth appeal for land for cocoa cultivation", "spam_score": 0.0, "site_type": "news", "published": "2015-08-05T19:00:00.000+03:00", "replies_count": 0, "uuid": "aed2f5f7df5050f02497462291385fe61f1509c9"}, "author": "", "url": "http://www.modernghana.com/news/634444/1/krodua-youth-appeal-for-land-for-cocoa-cultivation.html", "ord_in_thread": 0, "title": "Krodua youth appeal for land for cocoa cultivation", "locations": [], "entities": {"persons": [], "locations": [], "organizations": []}, "highlightText": "", "language": "english", "persons": ["Krodua"], "text": "  5 August 2015 17:00 CET Krodua youth appeal for land for cocoa cultivation By GNA \nKrodua (E/R), Aug. 5, GNA - The youth of Krodua, a community near Asamankese, have appealed to traditional authorities in the area to allocate land to them to enable them go into cocoa farming. \nThey made the appeal at a durbar organized by the 2014/15 National Service Personnel Association of Ghana COCOBOD, to encourage the youth in cocoa farming project initiative. \nThe Youth In Cocoa Project is aimed at supporting young people with technical knowledge and cocoa seedlings to invest in cocoa farming. \nThe youth made the appeal following the release of a large tract of land by the traditional authorities in Krodua and surrounding communities for the development of rubber plantations. \nResponding to the appeal, the Chief of Krodua, Nana Kwame Anim, said he gave the land out because he was assured by the rubber estate developers that the plantation would create employment for over 600 youth in the community. \nHe was of the view that the creation of employment for such a large number of youth could help bring about development in the area. \nHe expressed gratitude to COCOBOD for launching the Youth In Cocoa Project, which he said, had received massive response from the youth. \nHe gave the assurance that the traditional authorities were prepared to release 60 acres of land to the youth to invest in cocoa farming, and challenged them to take up the task. \nGNA", "external_links": [], "published": "2015-08-05T19:00:00.000+03:00", "crawled": "2015-08-05T18:25:22.581+03:00", "highlightTitle": ""}