{"organizations": [], "uuid": "67277f187ef3b335058feeb2ebe5ffaa88daf193", "thread": {"social": {"gplus": {"shares": 0}, "pinterest": {"shares": 0}, "vk": {"shares": 0}, "linkedin": {"shares": 0}, "facebook": {"likes": 0, "shares": 0, "comments": 0}, "stumbledupon": {"shares": 0}}, "site_full": "au.finance.yahoo.com", "main_image": "https://s.yimg.com/bt/api/res/1.2/6rik6AZwuPGCiADf_9dhPQ--/YXBwaWQ9eW5ld3M7cT03NTt3PTYwMA--/http://l.yimg.com/os/mit/media/m/social/images/social_default_logo-1481777.png", "site_section": "https://au.finance.yahoo.com/news/topic-top-stories/?format=rss", "section_title": "Australian Business & World Finance News - Yahoo!7 Finance", "url": "https://au.finance.yahoo.com/news/kathmandu-loses-top-executive-021350085.html", "country": "GB", "title": "Kathmandu loses top executive", "performance_score": 0, "site": "yahoo.com", "participants_count": 0, "title_full": "Kathmandu loses top executive", "spam_score": 0.0, "site_type": "news", "published": "2015-08-10T06:30:00.000+03:00", "replies_count": 0, "uuid": "67277f187ef3b335058feeb2ebe5ffaa88daf193"}, "author": "", "url": "https://au.finance.yahoo.com/news/kathmandu-loses-top-executive-021350085.html", "ord_in_thread": 0, "title": "Kathmandu loses top executive", "locations": ["Australia", "Kathmandu"], "entities": {"persons": [], "locations": [], "organizations": []}, "highlightText": "", "language": "english", "persons": [], "text": "Mon, Aug 10, 2015, 1:20 PM AEST - Australia Markets close in 2 hrs 40 mins Kathmandu loses top executive AAP – 1 hour 4 minutes ago Recommend Print \nThe sudden resignation of a Kathmandu executive has nothing to do with Briscoe's takeover offer, the outdoor clothing chain says. \nChief operating officer Mark Todd will step down at the end of August, ending seven years with the retailer which included a recent stint as interim chief executive before the selection of current boss Xavier Simonet. \nMr Todd said his decision was made regardless of the outcome of a takeover bid by New Zealand home and sporting goods retailer Briscoe. \n\"I had contracted to stay with Kathmandu in my current role until July next year, but now with Xavier on board I feel it is the right time to step aside entirely,\" he said. \nKathmandu's board has advised shareholders to reject Briscoe's cash-and-scrip offer of about $A318 million on the grounds it undervalues the company. \nBriscoe's offer will remain open until September 17. \nMr Todd said he was confident Kathmandu's board has the ability to deliver on the group's forecast of improved sales and earnings in the current financial year. \nKathmandu expects an 11 per cent rise in sales and 43 per cent lift in underlying earnings in its 2015/16 fiscal year, after a sharp drop in profit in 2014/15. @y7finance on Twitter, become a fan on Facebook BHP Billiton to cut SA jobs AAP \nMining giant BHP Billiton will cut 380 jobs, mostly from its Olympic Dam mine, after a review of its South Australian …", "external_links": [], "published": "2015-08-10T06:30:00.000+03:00", "crawled": "2015-08-10T07:40:39.634+03:00", "highlightTitle": ""}