{"organizations": [], "uuid": "386c9fe686f90f2e036dda5842024b9c01220a63", "thread": {"social": {"gplus": {"shares": 0}, "pinterest": {"shares": 0}, "vk": {"shares": 0}, "linkedin": {"shares": 0}, "facebook": {"likes": 0, "shares": 0, "comments": 0}, "stumbledupon": {"shares": 0}}, "site_full": "www.financialexpress.com", "main_image": "http://www.financialexpress.com/wp-content/uploads/2015/08/UPTU-Abdul-Kalam-S.jpg", "site_section": "http://www.financialexpress.com/", "section_title": "The Financial Express | India News Today,Latest National News,Stock Market Today,SENSEX NIFTY,NSE BSE India,Finance News,Business News", "url": "http://www.financialexpress.com/article/industry/jobs/uptu-uttar-pradesh-technical-university-renamed-after-dr-apj-abdul-kalam/111953", "country": "IE", "title": "UPTU renamed after Dr APJ Abdul Kalam", "performance_score": 0, "site": "financialexpress.com", "participants_count": 1, "title_full": "UPTU renamed after Dr APJ Abdul Kalam | The Financial Express", "spam_score": 0.0, "site_type": "news", "published": "2015-08-01T21:44:00.000+03:00", "replies_count": 0, "uuid": "386c9fe686f90f2e036dda5842024b9c01220a63"}, "author": "financialexpress.com", "url": "http://www.financialexpress.com/article/industry/jobs/uptu-uttar-pradesh-technical-university-renamed-after-dr-apj-abdul-kalam/111953", "ord_in_thread": 0, "title": "UPTU renamed after Dr APJ Abdul Kalam", "locations": [], "entities": {"persons": [], "locations": [], "organizations": []}, "highlightText": "", "language": "english", "persons": [], "text": "Other Articles Samsung to 'adjust' price of Galaxy S6 and S6 Edge to boost sales Andhra Pradesh government sanctions 2 lakh houses for rural poor Hyundai sales up 5% in July Uttar Pradesh government on Friday announced that it will rename Uttar Pradesh Technical University (UPTU) as Dr APJ Abdul Kalam Technical university.\n“Chief Minister Akhilesh Yadav has announced to rename UPTU as Dr APJ Abdul Kalam University. It has been also decided to construct a grand memorial for Kalam in the new campus of the university,” said an official spokesman.\nYadav said that Kalam had deep association with the state.\nFirst Published on August 01, 2015 1:44 pm", "external_links": [], "published": "2015-08-01T21:44:00.000+03:00", "crawled": "2015-08-01T14:25:04.421+03:00", "highlightTitle": ""}