{"organizations": [], "uuid": "c68fa47d659a755ca399f46480d928acd1b96f01", "thread": {"social": {"gplus": {"shares": 0}, "pinterest": {"shares": 0}, "vk": {"shares": 0}, "linkedin": {"shares": 0}, "facebook": {"likes": 0, "shares": 0, "comments": 0}, "stumbledupon": {"shares": 0}}, "site_full": "www.reuters.com", "main_image": "", "site_section": "http://www.reuters.com/finance/personal-finance", "section_title": "Wealth, Personal Finance &amp; Money | Reuters.com", "url": "http://www.reuters.com/article/2015/08/04/first-solar-results-idUSL1N10F34820150804", "country": "US", "title": "UPDATE 1-First Solar rallies as earnings, sales forecast top estimates", "performance_score": 0, "site": "reuters.com", "participants_count": 1, "title_full": "UPDATE 1-First Solar rallies as earnings, sales forecast top estimates | Reuters", "spam_score": 0.0, "site_type": "news", "published": "2015-08-05T01:17:00.000+03:00", "replies_count": 0, "uuid": "c68fa47d659a755ca399f46480d928acd1b96f01"}, "author": "Reuters", "url": "http://www.reuters.com/article/2015/08/04/first-solar-results-idUSL1N10F34820150804", "ord_in_thread": 0, "title": "UPDATE 1-First Solar rallies as earnings, sales forecast top estimates", "locations": [], "entities": {"persons": [], "locations": [], "organizations": []}, "highlightText": "", "language": "english", "persons": [], "text": "(Adds forecast, share price)\nAug 4 (Reuters) - First Solar Inc on Tuesday reported sharply higher quarterly sales and earnings and said results for the year would top Wall Street estimates, sending its shares up 8.5 percent.\nThe company attributed the strong quarterly sales to increased revenue from a project in Nevada and the sale of majority stakes in two other projects in California.\nNet income for the second quarter was $94.5 million, or 93 cents per share, compared with $4.5 million, or 4 cents per share, a year ago.\nRevenue rose 64 percent to $896 million from $544.35 million a year ago.\nAnalysts were expecting earnings per share of 36 cents, excluding items, on revenue of $751.72, according to Thomson Reuters I/B/E/S.\nFor the full year, First Solar forecast sales of $3.5 billion to $3.6 billion and earnings of $3.30 to $3.60 per share. The estimate includes 16 cents per share related to its ownership interest in 8point3 Energy Partners LP, a public company that owns solar energy assets developed by First Solar and SunPower Corp.\nWall Street analysts had been expecting full-year earnings per share of $2.36 and sales of $3.4 billion, according to Thomson Reuters I/B/E/S.\nFirst Solar shares rose to $48.30 in extended trade after closing at $44.50 on Nasdaq. (Reporting by Nichola Groom ; Editing by Jonathan Oatis and Richard Chang)", "external_links": [], "published": "2015-08-05T01:17:00.000+03:00", "crawled": "2015-08-05T00:26:03.369+03:00", "highlightTitle": ""}