{"organizations": ["Goldman Sachs Content"], "uuid": "b743c12acf88e86c4440346e67100d048db16f0e", "thread": {"social": {"gplus": {"shares": 0}, "pinterest": {"shares": 0}, "vk": {"shares": 0}, "linkedin": {"shares": 0}, "facebook": {"likes": 0, "shares": 0, "comments": 0}, "stumbledupon": {"shares": 0}}, "site_full": "finance.yahoo.com", "main_image": "http://l2.yimg.com/bt/api/res/1.2/6rik6AZwuPGCiADf_9dhPQ--/YXBwaWQ9eW5ld3M7cT03NTt3PTYwMA--/http://l.yimg.com/os/mit/media/m/social/images/social_default_logo-1481777.png", "site_section": "http://finance.yahoo.com/rss/topstories", "section_title": "Yahoo! Finance: Top Stories", "url": "http://finance.yahoo.com/news/lost-decade-oil-industry-reinforces-162406591.html?l=1", "country": "GB", "title": "Lost decade in oil industry reinforces 'lower for longer' prices: Goldman Sachs", "performance_score": 0, "site": "yahoo.com", "participants_count": 0, "title_full": "Lost decade in oil industry reinforces 'lower for longer' prices: Goldman Sachs", "spam_score": 0.0, "site_type": "news", "published": "2015-08-06T22:20:00.000+03:00", "replies_count": 0, "uuid": "b743c12acf88e86c4440346e67100d048db16f0e"}, "author": "", "url": "http://finance.yahoo.com/news/lost-decade-oil-industry-reinforces-162406591.html?l=1", "ord_in_thread": 0, "title": "Lost decade in oil industry reinforces 'lower for longer' prices: Goldman Sachs", "locations": [], "entities": {"persons": [], "locations": [], "organizations": []}, "highlightText": "", "language": "english", "persons": [], "text": "Content preferences Done \nSINGAPORE (Reuters) - Goldman Sachs on Thursday joined the view that oil prices will remain \"lower for longer\" after forward prices, commodity currencies and energy equities reached levels not seen since 2005. \nAnalysts at the influential bank argue that the economic environment for the oil industry has changed fundamentally due to higher financial and operational stress, declining costs, productivity gains and a stronger dollar. \n\"These differences reflect not only a further deterioration in fundamentals, but also the financial markets' decreasing confidence in a quick rebound in prices and a recognition that the rebalancing of supply and demand will likely prove to be far more difficult than what was previously priced into the market,\" Goldman Sachs analysts said in a report. \n\"As shale has dramatically reduced the time between when producers commit capital and when they get production from several years to several months, oil prices now need to remain lower for longer to keep capital sidelined and allow the rebalancing process to occur uninterrupted,\" they said. \nThe bank maintains its near-term target for U.S. crude (CLc1) at $45 a barrel, but warns that risk is skewed substantially lower. \n(Reporting by Jacob Gronholt-Pedersen; Editing by Clarence Fernandez) Commodity Markets", "external_links": [], "published": "2015-08-06T22:20:00.000+03:00", "crawled": "2015-08-06T22:29:12.173+03:00", "highlightTitle": ""}