{"organizations": [], "uuid": "47ac4d2e57c3251f5846d3b7e81a0eeec9568eca", "thread": {"social": {"gplus": {"shares": 0}, "pinterest": {"shares": 0}, "vk": {"shares": 0}, "linkedin": {"shares": 0}, "facebook": {"likes": 0, "shares": 0, "comments": 0}, "stumbledupon": {"shares": 0}}, "site_full": "uk.finance.yahoo.com", "main_image": "https://s.yimg.com/bt/api/res/1.2/6rik6AZwuPGCiADf_9dhPQ--/YXBwaWQ9eW5ld3M7cT03NTt3PTYwMA--/http://l.yimg.com/os/mit/media/m/social/images/social_default_logo-1481777.png", "site_section": "https://uk.finance.yahoo.com/news/category-europe/?format=rss", "section_title": "European Business News | Financial News - Yahoo! Finance UK", "url": "https://uk.finance.yahoo.com/news/european-shares-rise-shrug-off-071727664.html", "country": "GB", "title": "European shares rise, shrug off emerging-market fears", "performance_score": 0, "site": "yahoo.com", "participants_count": 0, "title_full": "European shares rise, shrug off emerging-market fears", "spam_score": 0.0, "site_type": "news", "published": "2015-08-10T10:17:00.000+03:00", "replies_count": 0, "uuid": "47ac4d2e57c3251f5846d3b7e81a0eeec9568eca"}, "author": "", "url": "https://uk.finance.yahoo.com/news/european-shares-rise-shrug-off-071727664.html", "ord_in_thread": 0, "title": "European shares rise, shrug off emerging-market fears", "locations": [], "entities": {"persons": [], "locations": [], "organizations": []}, "highlightText": "", "language": "english", "persons": [], "text": "20.25 0.00 \nLONDON, Aug 10 (Reuters) - Disappointing economic data out of China failed to derail European equities on Monday, with markets opening in positive territory and traders citing a catch-up rally after underwhelming U.S. jobs data on Friday. \nThere was also more optimism over Greece as official comments pointed to a speedy wrap-up to bailout talks designed to save the country from financial ruin. \nThe FTSEurofirst 300 index was up 0.3 percent at 0709 GMT, with benchmark indexes in Paris and Frankfurt up around 0.5 percent. \nEuropean equities ended last week on a downbeat note after U.S. jobs data reinforced expectations of a U.S. interest rate rise soon. Traders said Monday would see some catch-up gains in Europe following a late recovery on Wall Street and a slight push higher in Asia, where China's stock markets got a lift on investor expectations of yet another round of policy stimulus. \n\"The gut reaction to the (U.S.) non-farm payrolls was to sell, but...we saw U.S. markets pare back a significant portion of their initial losses and we're seeing that filter into today's open,\" Jonathan Sudaria, a trader at London Capital (LSE: LCG.L - news ) Group, told clients. (Reporting by Lionel Laurent, editing by Liisa Tuhkanen)", "external_links": [], "published": "2015-08-10T10:17:00.000+03:00", "crawled": "2015-08-10T10:36:00.436+03:00", "highlightTitle": ""}