{"organizations": [], "uuid": "d6e1ff144f6c2ba470ceb77a1e61a01f94fe088d", "thread": {"social": {"gplus": {"shares": 0}, "pinterest": {"shares": 0}, "vk": {"shares": 0}, "linkedin": {"shares": 0}, "facebook": {"likes": 0, "shares": 0, "comments": 0}, "stumbledupon": {"shares": 0}}, "site_full": "www.prweb.com", "main_image": "http://ww1.prweb.com/prfiles/2015/08/10/12897107/Unknown.png", "site_section": "http://www.prweb.com/rss2/homefinance.xml", "section_title": "Home and Family: Banking / Personal Finance", "url": "http://www.prweb.com/releases/Clarissa/Campos/prweb12897107.htm", "country": "US", "title": "Clarissa Campos with HomeBridge Financial Services Wins Mortgage Professional Award for", "performance_score": 0, "site": "prweb.com", "participants_count": 1, "title_full": "Clarissa Campos with HomeBridge Financial Services Wins Five Star Mortgage Professional Award for 2015", "spam_score": 0.0, "site_type": "news", "published": "2015-08-10T03:00:00.000+03:00", "replies_count": 0, "uuid": "d6e1ff144f6c2ba470ceb77a1e61a01f94fe088d"}, "author": "Five Star Professional Representative", "url": "http://www.prweb.com/releases/Clarissa/Campos/prweb12897107.htm", "ord_in_thread": 0, "title": "Clarissa Campos with HomeBridge Financial Services Wins Mortgage Professional Award for", "locations": [], "entities": {"persons": [], "locations": [], "organizations": []}, "highlightText": "", "language": "english", "persons": [], "text": "“I am so grateful for my clients and referral partners and would like to say thank you for putting your trust in me to get the job done. Your satisfaction is and always will be my No. 1 priority,” says Clarissa Campos of HomeBridge Financial Services. is pleased to announce Clarissa Campos, HomeBridge Financial Services , has been chosen as one of Fresno’s Five Star Mortgage Professionals for 2015.\n Central Valley Magazine to recognize a select group of Fresno-area mortgage professionals who provide quality services to their clients. Less than 2 percent in the area were selected. Clarissa Campos will be featured, along with other award winners, September issue.\n“I wanted a profession that I would have a passion for, that would challenge me but be rewarding at the end of the day. This business can bring many different challenges so I make it my business to work harder to overcome and conquer them so that I can help families achieve their dream of homeownership. I love meeting and building lasting relationships with each and every one of my clients,” says Clarissa.", "external_links": ["http://www.prweb.net/Redirect.aspx?id=aHR0cHM6Ly93d3cuaG9tZWJyaWRnZS5jb20v"], "published": "2015-08-10T03:00:00.000+03:00", "crawled": "2015-08-11T01:27:17.965+03:00", "highlightTitle": ""}