{"organizations": [], "uuid": "97416cb2f208c04f5b9aeaad05c3bbb529bd7273", "thread": {"social": {"gplus": {"shares": 0}, "pinterest": {"shares": 0}, "vk": {"shares": 0}, "linkedin": {"shares": 0}, "facebook": {"likes": 0, "shares": 0, "comments": 0}, "stumbledupon": {"shares": 0}}, "site_full": "www.marketwatch.com", "main_image": "http://s.wsj.net/public/resources/MWimages/MW-DR328_mw_soc_NS_20150801233302.png", "site_section": "http://finance.yahoo.com/news/provider-marketwatch/", "section_title": "MarketWatch News Archive - Yahoo! Finance", "url": "http://www.marketwatch.com/story/us-jobless-claims-rise-5000-to-274000-2015-08-13-8913026", "country": "US", "title": "U.S. jobless claims rise 5,000 to 274,000", "performance_score": 0, "site": "marketwatch.com", "participants_count": 3, "title_full": "U.S. jobless claims rise 5,000 to 274,000 - MarketWatch", "spam_score": 0.0, "site_type": "news", "published": "2015-08-13T03:00:00.000+03:00", "replies_count": 2, "uuid": "36a93f888acc0f0fdb0060737d3aaad4ee4dde08"}, "author": "Greg Robb", "url": "http://www.marketwatch.com/story/us-jobless-claims-rise-5000-to-274000-2015-08-13-8913026#post-0", "ord_in_thread": 0, "title": "U.S. jobless claims rise 5,000 to 274,000", "locations": [], "entities": {"persons": [], "locations": [], "organizations": []}, "highlightText": "", "language": "english", "persons": [], "text": "New applications for U.S. unemployment benefits rose by 5,000 to 274,000 in the seven days ended August 8, the Labor Department said Thursday, in a report suggesting continued improvement in the labor market. Economists surveyed by MarketWatch had forecast initial claims to hold steady at 270,000. The average of new claims over the past month, meanwhile, edged down by 1,750 to a seasonally adjusted 266,250, its lowest level since April 2000. The four-week average smooths out sharp fluctuations in the more volatile weekly report and is seen as a more accurate predictor of labor-market trends. The department said continuing jobless claims increased by 15,000 to 2.27 million in the week ended Aug. 1. These claims reflect people already receiving unemployment checks.\nRead the full story: Monthly average of jobless claims at lowest level in 15 years", "external_links": [], "published": "2015-08-13T03:00:00.000+03:00", "crawled": "2015-08-13T17:15:48.191+03:00", "highlightTitle": ""}