{"organizations": [], "uuid": "066d83bbf135a4bcd1661a01cbf319fb3a3fbbd9", "thread": {"social": {"gplus": {"shares": 0}, "pinterest": {"shares": 0}, "vk": {"shares": 0}, "linkedin": {"shares": 0}, "facebook": {"likes": 0, "shares": 0, "comments": 0}, "stumbledupon": {"shares": 0}}, "site_full": "www.reuters.com", "main_image": "", "site_section": "http://www.reuters.com/finance/personal-finance", "section_title": "Wealth, Personal Finance &amp; Money | Reuters.com", "url": "http://www.reuters.com/article/2015/08/13/middlefield-banc-moves-erichollinger-idUSL3N10O5VI20150813", "country": "US", "title": "MOVES-Middlefield Banking Co names Eric Hollinger as senior lender", "performance_score": 0, "site": "reuters.com", "participants_count": 1, "title_full": "MOVES-Middlefield Banking Co names Eric Hollinger as senior lender | Reuters", "spam_score": 0.0, "site_type": "news", "published": "2015-08-13T23:32:00.000+03:00", "replies_count": 0, "uuid": "066d83bbf135a4bcd1661a01cbf319fb3a3fbbd9"}, "author": "Reuters", "url": "http://www.reuters.com/article/2015/08/13/middlefield-banc-moves-erichollinger-idUSL3N10O5VI20150813", "ord_in_thread": 0, "title": "MOVES-Middlefield Banking Co names Eric Hollinger as senior lender", "locations": [], "entities": {"persons": [], "locations": [], "organizations": []}, "highlightText": "", "language": "english", "persons": [], "text": "Aug 13 Middlefield Banking Company said Eric Hollinger, who is the current senior vice president of commercial lending, will become its senior lender.\nHollinger, who has over 30 years of banking and sales-related experience, will succeed Jay Giles who retires after serving the company since 1998. (Reporting by Rosmi Shaji in Bengaluru)", "external_links": [], "published": "2015-08-13T23:32:00.000+03:00", "crawled": "2015-08-13T22:46:15.717+03:00", "highlightTitle": ""}