{"organizations": [], "uuid": "c5e28fab6124632294758084edde7c1aa3244f0c", "thread": {"social": {"gplus": {"shares": 0}, "pinterest": {"shares": 0}, "vk": {"shares": 0}, "linkedin": {"shares": 0}, "facebook": {"likes": 0, "shares": 0, "comments": 0}, "stumbledupon": {"shares": 0}}, "site_full": "au.finance.yahoo.com", "main_image": "https://s.yimg.com/bt/api/res/1.2/6rik6AZwuPGCiADf_9dhPQ--/YXBwaWQ9eW5ld3M7cT03NTt3PTYwMA--/http://l.yimg.com/os/mit/media/m/social/images/social_default_logo-1481777.png", "site_section": "https://au.finance.yahoo.com/news/topic-top-stories/?format=rss", "section_title": "Australian Business & World Finance News - Yahoo!7 Finance", "url": "https://au.finance.yahoo.com/news/bounces-local-jobs-data-fall-214609737.html", "country": "GB", "title": "$A bounces after its local jobs data fall", "performance_score": 0, "site": "yahoo.com", "participants_count": 0, "title_full": "$A bounces after its local jobs data fall", "spam_score": 0.0, "site_type": "news", "published": "2015-08-07T00:46:00.000+03:00", "replies_count": 0, "uuid": "c5e28fab6124632294758084edde7c1aa3244f0c"}, "author": "", "url": "https://au.finance.yahoo.com/news/bounces-local-jobs-data-fall-214609737.html", "ord_in_thread": 0, "title": "$A bounces after its local jobs data fall", "locations": ["Australia"], "entities": {"persons": [], "locations": [], "organizations": []}, "highlightText": "", "language": "english", "persons": [], "text": "Fri, Aug 7, 2015, 8:34 AM AEST - Australia Markets open in 1 hr 26 mins $A bounces after its local jobs data fall AAP – 48 minutes ago Print \nThe Australian dollar has recovered after slumping on volatile local employment figures. \nAt 0700 AEST on Friday, the currency was trading at 73.46 US cents, up from 73.30 cents on Thursday. \nWestpac chief currency strategist in New York Richard Franulovich said the Aussie hadn't had much of a pulse, trading in a tight band overnight. \nOn Thursday, the currency had a quick spike on local employment figures which showed the total number of people with jobs rose 38,500 in July, after a rise of 7,000 in June. \n\"But once the market realised the detail was very lopsided - it was all one state, it was all female and the unemployment rate ticked up - that spike was quickly undone,\" he said. \nMr Franulovich said there was a lot of event risk in the next 24 hours, with the Reserve Bank's statement of monetary policy, home lending data and then US non-farm payrolls employment figures due out on Friday night. \n\"I think the Aussie dollar will probably trade 73.10 to 73.60 (US cents) for the day,\" he said. \nCURRENCY SNAPSHOT AT 0700 AEST ON FRIDAY \nOne Australian dollar buys: \n* 73.46 US cents, from 73.30 cents on Thursday \n* 91.61 Japanese yen, from 91.50 yen \n* 67.23 euro cents, from 67.16 euro cents \n* 112.08 New Zealand cents, from 112.05 NZ cents \n* 47.35 British pence, from 46.90 pence \n(*Currency closes taken at 1700 AEST previous local session) \nSource: IRESS", "external_links": [], "published": "2015-08-07T00:46:00.000+03:00", "crawled": "2015-08-07T01:37:02.702+03:00", "highlightTitle": ""}