{"organizations": [], "uuid": "ae7a733a5f5d84746171d6e7ab4d22a1d06eed86", "thread": {"social": {"gplus": {"shares": 0}, "pinterest": {"shares": 0}, "vk": {"shares": 0}, "linkedin": {"shares": 0}, "facebook": {"likes": 0, "shares": 0, "comments": 0}, "stumbledupon": {"shares": 0}}, "site_full": "www.wallstreetoasis.com", "main_image": "", "site_section": "http://www.wallstreetoasis.com/node/feed", "section_title": "Wall Street Oasis - Investment Banking & Finance Community", "url": "http://www.wallstreetoasis.com/event/wso-nyc-summer-happy-hour-fri-aug-14th-8pm-galway-pub", "country": "US", "title": "WSO NYC Summer Happy Hour - Fri Aug 14th, 8pm - Galway Pub", "performance_score": 0, "site": "wallstreetoasis.com", "participants_count": 1, "title_full": "WSO NYC Summer Happy Hour - Fri Aug 14th, 8pm - Galway Pub", "spam_score": 0.0, "site_type": "news", "published": "2015-08-14T02:38:00.000+03:00", "replies_count": 0, "uuid": "ae7a733a5f5d84746171d6e7ab4d22a1d06eed86"}, "author": "AndyLouis", "url": "http://www.wallstreetoasis.com/event/wso-nyc-summer-happy-hour-fri-aug-14th-8pm-galway-pub", "ord_in_thread": 0, "title": "WSO NYC Summer Happy Hour - Fri Aug 14th, 8pm - Galway Pub", "locations": [], "entities": {"persons": [], "locations": [], "organizations": []}, "highlightText": "", "language": "english", "persons": [], "text": "on 8/13/15 at 7:38pm WSO NYC Summer Meet Up \nThanks to @In The Flesh for helping me plan this and for getting the discussion going in this thread: SPECIAL WSO Happy Hour: The Re-Return of AndyLouis . \nI'm excited to be in NYC (the best city in the world?!) all next week and Friday August 14th I'll be hosting a WSO meet up for all 21+ to join in. \nI look forward to meet in person all those that I've talked to via the site, and of course a chance to see again all those whom I've met before. DON'T MISS OUT! \nWho: Any member of WSO + feel free to bring friends as the space we have can hold 50+ people. What: Informal meet up of the WSO monkey contingent. The NYC meet ups regularly get a group of 25+ people, the majority of which are professionals. I hope this one will double in attendance! Where: Galway Hooker Pub, back billiards room, http://galwaypubnyc.com , 7 E 36th Street, between 5th and Madison How to find the group: Mention \"WSO\" or \"WallStreetOasis\" at the door and they'll direct you to where we are located. When: Fri Aug 14th, 8pm - 11pm (or later if people are sticking around) \nFAQ 's: Networking? Keep it informal, e.g. don't go around passing out your business card nor your resume :-) Dress? Some will be coming after work, some will be in jeans. 3 piece suits highly encouraged. Drinking? Definitely Cover charge? None. Unfortunately it's not open bar though so bring your Sapphire card. What if I show up late? No worries, we'll be there till at least 11pm How do I contact you? Any questions email me [email protected] , phone# 206-886-8599", "external_links": [], "published": "2015-08-14T02:38:00.000+03:00", "crawled": "2015-08-14T06:45:30.575+03:00", "highlightTitle": ""}