{"organizations": ["IHS", "Reuters", "Etisalat"], "uuid": "3924f0514aa3d9fcca377b98b037662036972451", "thread": {"social": {"gplus": {"shares": 0}, "pinterest": {"shares": 0}, "vk": {"shares": 0}, "linkedin": {"shares": 0}, "facebook": {"likes": 0, "shares": 0, "comments": 0}, "stumbledupon": {"shares": 0}}, "site_full": "www.arabianbusiness.com", "main_image": "http://www.arabianbusiness.com/incoming/article567298.ece/BINARY/Etisalat-logo.jpg", "site_section": "http://www.arabianbusiness.com//industries/banking-finance/?service=rss", "section_title": "Arabian Business - Banking & Finance", "url": "http://www.arabianbusiness.com/etisalat-africa-s-ihs-in-nigeria-tower-sale-leaseback-deal-602170.html", "country": "US", "title": "Etisalat, Africa's IHS in Nigeria tower sale, leaseback deal", "performance_score": 0, "site": "arabianbusiness.com", "participants_count": 0, "title_full": "Etisalat, Africa's IHS in Nigeria tower sale, leaseback deal", "spam_score": 0.0, "site_type": "news", "published": "2015-08-10T13:32:00.000+03:00", "replies_count": 0, "uuid": "3924f0514aa3d9fcca377b98b037662036972451"}, "author": "", "url": "http://www.arabianbusiness.com/etisalat-africa-s-ihs-in-nigeria-tower-sale-leaseback-deal-602170.html", "ord_in_thread": 0, "title": "Etisalat, Africa's IHS in Nigeria tower sale, leaseback deal", "locations": ["Nigeria", "Africa"], "entities": {"persons": [], "locations": [], "organizations": []}, "highlightText": "", "language": "english", "persons": [], "text": "Etisalat, Africa's IHS in Nigeria tower sale, leaseback deal Article By Reuters Monday, 10 August 2015 2:32 PM \nThe Nigerian affiliate of Etisalat has completed the transfer of 555 telecom towers to Africa's IHS, the second tranche of a sale and leaseback deal announced last year, the Gulf's biggest telecommunications operator said on Monday. \nThe deal, for which no financial value was given, is part of Etisalat's strategy to improve the quality of its network and to accelerate the roll-out of 2G, 3G and 4G coverage in Nigeria, Etisalat said in a statement. \nFollowing the deal, IHS, the biggest tower company in Africa, will own and manage more than 15,500 of the installations in Nigeria and more than 23,100 in Africa as a whole. \nLast August, Etisalat Nigeria agreed a deal to sell 2,136 of its towers to privately-held IHS and lease them back as part of plans to expand its coverage in Africa's biggest economy. \nMobile phone operators have been selling or leasing towers to specialist companies, to reduce building and maintenance, associated with security costs and electricity shortages, as revenue per user falls. \nIndia's Bharti Airtel Ltd in November said it will sell more than 4,800 mobile phone masts in Nigeria to American Tower Corp for $1.05 billion, as part of its plan to cut costs and pare debt.", "external_links": [], "published": "2015-08-10T13:32:00.000+03:00", "crawled": "2015-08-10T13:40:13.858+03:00", "highlightTitle": ""}