{"organizations": ["Falcons"], "uuid": "eb3119db52a8579c91710607a1ccb1826f476b45", "thread": {"social": {"gplus": {"shares": 0}, "pinterest": {"shares": 0}, "vk": {"shares": 0}, "linkedin": {"shares": 0}, "facebook": {"likes": 0, "shares": 0, "comments": 0}, "stumbledupon": {"shares": 0}}, "site_full": "allafrica.com", "main_image": "http://allafrica.com/static/images/structure/aa-logo-rgba-no-text-128x128.png", "site_section": "http://allafrica.com/tools/headlines/rdf/business/headlines.rdf", "section_title": "AllAfrica News: Economy, Business and Finance", "url": "http://allafrica.com/stories/201508120593.html", "country": "US", "title": "Nigeria: VGN Gets U.S.$20 Million ICT Infrastructure Fund", "performance_score": 0, "site": "allafrica.com", "participants_count": 0, "title_full": "Nigeria: VGN Gets U.S.$20 Million ICT Infrastructure Fund", "spam_score": 0.0, "site_type": "news", "published": "2015-08-12T12:43:00.000+03:00", "replies_count": 0, "uuid": "eb3119db52a8579c91710607a1ccb1826f476b45"}, "author": "", "url": "http://allafrica.com/stories/201508120593.html", "ord_in_thread": 0, "title": "Nigeria: VGN Gets U.S.$20 Million ICT Infrastructure Fund", "locations": ["Nigeria", "U.S."], "entities": {"persons": [], "locations": [], "organizations": []}, "highlightText": "", "language": "english", "persons": ["Danjuma"], "text": "Nigeria: Falcons'll Commence Full Training On Thursday - Danjuma \n\"The culture of Convergence Partners is one that aligns well with ours and we are confident that the professionalism, commitment to excellence and fearless approach to disruptive innovation that we strive for, is what they look for in the teams they back. With the support of Convergence Partners, we believe we can accelerate the execution of our strategy, and achieve a wider customer reach\", he added \nAccording to Akinyemiju, CPCIF, the largest fund dedicated solely to ICT infrastructure in Africa, is currently deploying capital to build a portfolio of investments across the ICT spectrum, improving access to technology as well as broadband services. \nHe specifically said that VGN is a holding company for a group of financial technology entities that provide innovative, data-driven, end-to-end technology platforms addressing reconciliation and payment processing inefficiencies across multiple industry verticals. \n\"Current solutions are tailored for financial services, education, aviation, power, downstream oil and gas and cyber-security. \n\"The injection of substantial new equity capital into VGN would enable the company to accelerate its growth plans domestically in Nigeria, and across the West African region\", he said. \nIt would be recalled that Convergence Partners recently announced the final close of CPCIF (with capital of over $200 million) and the opening of an office in Lagos, Nigeria's commercial hub. Convergence Partners' local presence would enhance the management and monitoring of portfolio companies in this key region as well as Convergence Partners' on the ground transaction capability. Nigeria \nAn elder statesman and former Nigeria's permanent representative at the United Nations, UN, Alhaji Maitama Sule has … see more » Copyright © 2015 Daily Independent. All rights reserved. Distributed by AllAfrica Global Media ( allAfrica.com ). To contact the copyright holder directly for corrections — or for permission to republish or make other authorized use of this material, click here. AllAfrica publishes around 2,000 reports a day from more than 130 news organizations and over 200 other institutions and individuals , representing a diversity of positions on every topic. We publish news and views ranging from vigorous opponents of governments to government publications and spokespersons. Publishers named above each report are responsible for their own content, which AllAfrica does not have the legal right to edit or correct. Articles and commentaries that identify allAfrica.com as the publisher are produced or commissioned by AllAfrica . To address comments or complaints, please Contact us .", "external_links": [], "published": "2015-08-12T12:43:00.000+03:00", "crawled": "2015-08-12T14:15:13.797+03:00", "highlightTitle": ""}