{"organizations": [], "uuid": "6708a3116157a1a851e82d802c7d700779916e88", "thread": {"social": {"gplus": {"shares": 0}, "pinterest": {"shares": 0}, "vk": {"shares": 0}, "linkedin": {"shares": 0}, "facebook": {"likes": 0, "shares": 0, "comments": 0}, "stumbledupon": {"shares": 0}}, "site_full": "au.finance.yahoo.com", "main_image": "https://s.yimg.com/bt/api/res/1.2/6rik6AZwuPGCiADf_9dhPQ--/YXBwaWQ9eW5ld3M7cT03NTt3PTYwMA--/http://l.yimg.com/os/mit/media/m/social/images/social_default_logo-1481777.png", "site_section": "https://au.finance.yahoo.com/news/category-commodities/?format=rss", "section_title": "Commodities Market News - Yahoo!7 Australia Finance", "url": "https://au.finance.yahoo.com/news/aust-bonds-firmer-us-jobs-214911793.html", "country": "US", "title": "Aust bonds firmer after US jobs data", "performance_score": 0, "site": "yahoo.com", "participants_count": 0, "title_full": "Aust bonds firmer after US jobs data", "spam_score": 0.0, "site_type": "news", "published": "2015-08-10T02:06:00.000+03:00", "replies_count": 0, "uuid": "6708a3116157a1a851e82d802c7d700779916e88"}, "author": "", "url": "https://au.finance.yahoo.com/news/aust-bonds-firmer-us-jobs-214911793.html", "ord_in_thread": 0, "title": "Aust bonds firmer after US jobs data", "locations": ["US", "Australia"], "entities": {"persons": [], "locations": [], "organizations": []}, "highlightText": "", "language": "english", "persons": [], "text": "Mon, Aug 10, 2015, 9:22 AM AEST - Australia Markets open in 38 mins. Aust bonds firmer after US jobs data AAP – 16 minutes ago Print \nThe Australian bond market is stronger as the chances of a US interest rate rise stay solid despite a weaker-than-expected jobs report for July. \nThere were 215,000 jobs added to the US economy in July, which was below the gain of 229,000 economists had expected. \nThe figures kept the US unemployment rate steady at a seven-year low of 5.3 per cent. \nSt George senior economist Jo Horton said equities weakened following the jobs data but the futures market was pricing in an increased chance of a September rise in the Federal Funds Rate. \n\"The monthly US payrolls report was close to economists expectations, but the market reaction was mixed,\" she said. \n\"The Fed fund futures indicated investors are now pricing in 50 per cent chance of a rate hike from the Fed in September.\" \nAt 0830 AEST on Monday, the September 2015 10-year bond futures contract was trading at 97.215 (implying a yield of 2.785 per cent), up from 97.120 (2.880 per cent) on Friday. \nThe September 2015 three-year bond futures contract was at 98.050 (1.950 per cent), up from 98.010 (1.990 per cent). \nKEY MOVEMENTS: \n* CGS 5.5pct Jan 2018, 1.947%, from 1.947% on Friday \n* CGS 4.25pct April 2026, 2.926%, from 2.926% \nSydney Futures Exchange prices: \n* September 2015 bill futures, 97.870 from 97.880 \n* December 2015 bill futures, 97.910, unchanged \n(*Closes taken at 1630 AEST previous local session) \nSource: IRESS", "external_links": [], "published": "2015-08-10T02:06:00.000+03:00", "crawled": "2015-08-10T02:23:42.918+03:00", "highlightTitle": ""}