{"organizations": ["VIVUS"], "uuid": "7955aa4f2a404463e6f6cc21a3fee7f93a472e61", "thread": {"social": {"gplus": {"shares": 0}, "pinterest": {"shares": 0}, "vk": {"shares": 0}, "linkedin": {"shares": 0}, "facebook": {"likes": 0, "shares": 0, "comments": 0}, "stumbledupon": {"shares": 0}}, "site_full": "us.rd.yahoo.com", "main_image": "", "site_section": "http://finance.yahoo.com/rss/headline?s=VVUS", "section_title": "Yahoo! Finance: VVUS News", "url": "http://us.rd.yahoo.com/finance/news/rss/story/*http://finance.yahoo.com/q/is?s=vvus", "country": "GB", "title": "VIVUS INC Financials", "performance_score": 0, "site": "yahoo.com", "participants_count": 0, "title_full": "VIVUS INC Financials", "spam_score": 0.0, "site_type": "news", "published": "2015-08-06T20:04:00.000+03:00", "replies_count": 0, "uuid": "7955aa4f2a404463e6f6cc21a3fee7f93a472e61"}, "author": "", "url": "http://us.rd.yahoo.com/finance/news/rss/story/*http://finance.yahoo.com/q/is?s=vvus", "ord_in_thread": 0, "title": "VIVUS INC Financials", "locations": ["U.S."], "entities": {"persons": [], "locations": [], "organizations": []}, "highlightText": "", "language": "english", "persons": [], "text": "(15,825) Sign Up for a Free Trial to EDGAR Online Premium! Get the critical business and financial information you need for more than 15,000 U.S. public companies. Currency in USD. Copyright &copy; 2009 Yahoo! All rights reserved. \nQuotes are real-time for NASDAQ, NYSE, and NYSE MKT. See also delay times for other exchanges . All information provided \"as is\" for informational purposes only, not intended for trading purposes or advice. Neither Yahoo! nor any of independent providers is liable for any informational errors, incompleteness, or delays, or for any actions taken in reliance on information contained herein. By accessing the Yahoo! site, you agree not to redistribute the information found therein. \nUS Financials data provided by Edgar Online and all other Financials provided by Capital IQ . 95941440 95941440 {\"yrb_token\" : \"YFT_MARKET_WILL_OPEN\", \"tt\" : \"1438921700\", \"s\" : \"vvus\", \"k\" : \"a00,a50,b00,b60,c10,c63,c64,c85,c86,g00,g53,h00,h53,l10,l84,l85,l86,p20,p43,p44,t10,t53,t54,v00,v53\", \"o\" : \"^dji,^ixic\", \"j\" : \"c10,l10,p20,t10\", \"version\" : \"1.0\", \"market\" : {\"NAME\" : \"U.S.\", \"ID\" : \"us_market\", \"TZ\" : \"EDT\", \"TZOFFSET\" : \"-14400\", \"open\" : \"\", \"close\" : \"\", \"flags\" : {}} , \"market_status_yrb\" : \"YFT_MARKET_WILL_OPEN\" , \"portfolio\" : { \"fd\" : { \"txns\" : [ ]},\"dd\" : \"\",\"pc\" : \"\",\"pcs\" : \"\"}, \"STREAMER_SERVER\" : \"//streamerapi.finance.yahoo.com\", \"DOC_DOMAIN\" : \"finance.yahoo.com\", \"localize\" : \"0\" , \"throttleInterval\" : \"1000\" , \"arrowAsChangeSign\" : \"true\" , \"up_arrow_icon\" : \"http://l.yimg.com/a/i/us/fi/03rd/up_g.gif\" , \"down_arrow_icon\" : \"http://l.yimg.com/a/i/us/fi/03rd/down_r.gif\" , \"up_color\" : \"green\" , \"down_color\" : \"red\" , \"pass_market_id\" : \"0\" , \"mu\" : \"1\" , \"lang\" : \"en-US\" , \"region\" : \"US\" } 1", "external_links": [], "published": "2015-08-06T20:04:00.000+03:00", "crawled": "2015-08-07T07:29:13.666+03:00", "highlightTitle": ""}