{"organizations": ["RSA Insurance Group Plc"], "uuid": "ec3cdc9e36854a487e4bc920c23d57b4c9298898", "thread": {"social": {"gplus": {"shares": 0}, "pinterest": {"shares": 0}, "vk": {"shares": 0}, "linkedin": {"shares": 0}, "facebook": {"likes": 0, "shares": 0, "comments": 0}, "stumbledupon": {"shares": 0}}, "site_full": "uk.finance.yahoo.com", "main_image": "https://s.yimg.com/bt/api/res/1.2/6rik6AZwuPGCiADf_9dhPQ--/YXBwaWQ9eW5ld3M7cT03NTt3PTYwMA--/http://l.yimg.com/os/mit/media/m/social/images/social_default_logo-1481777.png", "site_section": "https://uk.finance.yahoo.com/news/sector-insurance/?format=rss", "section_title": "Insurance News - Yahoo! Finance UK", "url": "https://uk.finance.yahoo.com/news/form-8-3-rsa-insurance-133300830.html", "country": "US", "title": "Form 8.3 - RSA Insurance Group Plc", "performance_score": 0, "site": "yahoo.com", "participants_count": 0, "title_full": "Form 8.3 - RSA Insurance Group Plc", "spam_score": 0.0, "site_type": "news", "published": "2015-08-06T16:33:00.000+03:00", "replies_count": 0, "uuid": "ec3cdc9e36854a487e4bc920c23d57b4c9298898"}, "author": "", "url": "https://uk.finance.yahoo.com/news/form-8-3-rsa-insurance-133300830.html", "ord_in_thread": 0, "title": "Form 8.3 - RSA Insurance Group Plc", "locations": [], "entities": {"persons": [], "locations": [], "organizations": []}, "highlightText": "", "language": "english", "persons": [], "text": "PUBLIC OPENING POSITION DISCLOSURE/DEALING DISCLOSURE BY A PERSON WITH INTERESTS IN RELEVANT SECURITIES REPRESENTING 1% OR MORE Rule 8.3 of the Takeover Code (the “Code”) \n1. KEY INFORMATION (a) Full name of discloser: Invesco Limited (b) Owner or controller of interests and short positions disclosed, if different from 1(a): The naming of nominee or vehicle companies is insufficient. For a trust, the trustee(s), settlor and beneficiaries must be named. (c) Name of offeror/offeree in relation to whose relevant securities this form relates: Use a separate form for each offeror/offeree RSA Insurance Group Plc (d) If an exempt fund manager connected with an offeror/offeree, state this and specify identity of offeror/offeree: (e) Date position held/dealing undertaken: For an opening position disclosure, state the latest practicable date prior to the disclosure 05 August 2015 (f) In addition to the company in 1(c) above, is the discloser making disclosures in respect of any other party to the offer? If it is a cash offer or possible cash offer, state “N/A” No \n2. POSITIONS OF THE PERSON MAKING THE DISCLOSURE \nIf there are positions or rights to subscribe to disclose in more than one class of relevant securities of the offeror or offeree named in 1(c), copy table 2(a) or (b) (as appropriate) for each additional class of relevant security. \n(a) Interests and short positions in the relevant securities of the offeror or offeree to which the disclosure relates following the dealing (if any) Class of relevant security:", "external_links": [], "published": "2015-08-06T16:33:00.000+03:00", "crawled": "2015-08-06T17:11:38.967+03:00", "highlightTitle": ""}