{"organizations": [], "uuid": "4f010c99a5f6b35ad0ff2cba6d6785b80ab72799", "thread": {"social": {"gplus": {"shares": 0}, "pinterest": {"shares": 0}, "vk": {"shares": 0}, "linkedin": {"shares": 0}, "facebook": {"likes": 0, "shares": 0, "comments": 0}, "stumbledupon": {"shares": 0}}, "site_full": "uk.finance.yahoo.com", "main_image": "https://s.yimg.com/bt/api/res/1.2/qwRt_oNfsRe5MS3_CnT2RA--/YXBwaWQ9eW5ld3M7aWw9cGxhbmU7cT03NTt3PTYwMA--/http://globalfinance.zenfs.com/images/UK_AFTP_AFP_LIVE_1/612906621cb9d00bd84428a4dfe36ccbee61548c_original.jpg", "site_section": "https://uk.finance.yahoo.com/news/category-asia/?format=rss", "section_title": "Asian Business News | Financial News - Yahoo! Finance UK", "url": "https://uk.finance.yahoo.com/news/singapore-tightens-growth-forecast-q2-060407142.html", "country": "US", "title": "Singapore tightens growth forecast after Q2 contraction", "performance_score": 0, "site": "yahoo.com", "participants_count": 0, "title_full": "Singapore tightens growth forecast after Q2 contraction", "spam_score": 0.0, "site_type": "news", "published": "2015-08-11T09:04:00.000+03:00", "replies_count": 0, "uuid": "4f010c99a5f6b35ad0ff2cba6d6785b80ab72799"}, "author": "", "url": "https://uk.finance.yahoo.com/news/singapore-tightens-growth-forecast-q2-060407142.html", "ord_in_thread": 0, "title": "Singapore tightens growth forecast after Q2 contraction", "locations": ["Singapore"], "entities": {"persons": [], "locations": [], "organizations": []}, "highlightText": "", "language": "english", "persons": [], "text": "Tip : Use comma (,) to separate multiple quotes. Learn more... \nTue, Aug 11, 2015, 07:31 BST - UK Markets open in 29 mins. Singapore tightens growth forecast after Q2 contraction AFP – 27 minutes ago View Photo \n\nSingapore on Tuesday narrowed its full-year economic growth forecast after the trade-reliant economy contracted in the second quarter owing to weakened global demand. \nThe full-year growth forecast was trimmed to 2.0-2.5 percent this year from 2.0-4.0 percent previously after a 4.0 percent quarter-on-quarter contraction in April to June, the trade ministry said in a statement based on final data for the quarter. \nThe second quarter contraction reversed growth of 4.1 percent in the previous three months, the ministry said. \n\"Several key downside risks in the external economic environment remain,\" it said in the statement. \n\"The global economy performed weaker than expected in the first half of 2015. For the rest of the year, global growth is expected to pick up gradually, although the pace of growth is likely to be uneven across economies.\" \nIt added that \"growth in some labour-intensive sectors such as food services may be weighed down by labour constraints.\" \nThe construction industry grew 2.9 percent on a quarter-on-quarter basis, compared with 4.2 percent growth in January-March. \nThe accommodation and food services sector meanwhile shrank 1.4 percent from the previous quarter, following a 6.5 percent dip in the first three months of the year. \nSectors such as construction and hospitality are under pressure owing to tighter government rules for foreign labour aimed at placating public anger over a surge in immigration, analysts have said. \nThe large presence of overseas workers has become a hot-button political issue in the island nation, with widespread expectations a general election will be called in September. \nSome citizens complain that foreigners are competing with locals for jobs, causing overcrowding and straining public transport and other services (Other OTC: UBGXF - news ) .", "external_links": [], "published": "2015-08-11T09:04:00.000+03:00", "crawled": "2015-08-11T09:36:03.816+03:00", "highlightTitle": ""}