{"organizations": [], "uuid": "e80e3cba131bc417a5cd3c721a81e9855951bac8", "thread": {"social": {"gplus": {"shares": 0}, "pinterest": {"shares": 0}, "vk": {"shares": 0}, "linkedin": {"shares": 0}, "facebook": {"likes": 0, "shares": 0, "comments": 0}, "stumbledupon": {"shares": 0}}, "site_full": "www.reuters.com", "main_image": "", "site_section": "http://www.reuters.com/finance/personal-finance", "section_title": "Wealth, Personal Finance &amp; Money | Reuters.com", "url": "http://www.reuters.com/article/2015/08/02/chile-economy-idUSL5N10D0NJ20150802", "country": "US", "title": "Chile central bank says will likely cut 2015 growth forecast", "performance_score": 0, "site": "reuters.com", "participants_count": 1, "title_full": "Chile central bank says will likely cut 2015 growth forecast | Reuters", "spam_score": 0.0, "site_type": "news", "published": "2015-08-02T20:18:00.000+03:00", "replies_count": 0, "uuid": "e80e3cba131bc417a5cd3c721a81e9855951bac8"}, "author": "Reuters", "url": "http://www.reuters.com/article/2015/08/02/chile-economy-idUSL5N10D0NJ20150802", "ord_in_thread": 0, "title": "Chile central bank says will likely cut 2015 growth forecast", "locations": [], "entities": {"persons": [], "locations": [], "organizations": []}, "highlightText": "", "language": "english", "persons": [], "text": "SANTIAGO Aug 2 Chile's central bank will likely cut its forecast for 2015 growth due to weaker second quarter activity but cannot reduce interest rates given above-target inflation, bank Governor Rodrigo Vergara told a local newspaper.\n\"Although we do not yet have all the data for the second quarter that just ended, everything indicates it will be lower than the first one, which implicates a downwards revision of growth for this year,\" Vergara told La Tercera newspaper in an interview published on Sunday.\nThe economy of the world's top copper producer grew at a five-year low of 1.9 percent in 2014 due to cooling investment domestic demand, but growth was expected to rebound this year to a range of 2.25 to 3.25 percent.\nWhile it grew 2.4 percent on the year in the first quarter, it expanded a lower-than-expected 1.7 and 0.8 percent in April and May respectively.\nVergara said the bank was not satisfied with annual inflation of above 4 percent in the wake of the depreciation of the Chilean peso against the dollar.\nBut he said market expectations were for inflation to return to 3.0 percent within two years, \"which we also expect\".\nGiven high inflation, the bank will not cut interest rates to boost growth, he said, noting the current benchmark rate of 3 percent was \"correct\". (Reporting by Antonio de la Jara; Writing by Sarah Marsh ; Editing by Tom Heneghan)", "external_links": [], "published": "2015-08-02T20:18:00.000+03:00", "crawled": "2015-08-02T20:19:01.944+03:00", "highlightTitle": ""}