{"organizations": ["Advance Auto Parts Inc."], "uuid": "f82142ef1394154968edea318392d5bf9307ec33", "thread": {"social": {"gplus": {"shares": 0}, "pinterest": {"shares": 0}, "vk": {"shares": 0}, "linkedin": {"shares": 0}, "facebook": {"likes": 0, "shares": 0, "comments": 0}, "stumbledupon": {"shares": 0}}, "site_full": "us.rd.yahoo.com", "main_image": "", "site_section": "http://finance.yahoo.com/rss/headline?s=AAP", "section_title": "Yahoo! Finance: AAP News", "url": "http://us.rd.yahoo.com/finance/external/noodlsaunz/rss/SIG=1250c5qnd/*http://www.noodls.com/view/B8E553F9147BED70823C279498B95A3EA227FA57", "country": "US", "title": "Advance Auto Parts Reports Second Quarter Fiscal 2015 Comparable Cash EPS Growth of 9.1% to $2.27", "performance_score": 0, "site": "yahoo.com", "participants_count": 0, "title_full": "Advance Auto Parts Reports Second Quarter Fiscal 2015 Comparable Cash EPS Growth of 9.1% to $2.27", "spam_score": 0.0, "site_type": "news", "published": "2015-08-13T16:09:00.000+03:00", "replies_count": 0, "uuid": "f82142ef1394154968edea318392d5bf9307ec33"}, "author": "", "url": "http://us.rd.yahoo.com/finance/external/noodlsaunz/rss/SIG=1250c5qnd/*http://www.noodls.com/view/B8E553F9147BED70823C279498B95A3EA227FA57", "ord_in_thread": 0, "title": "Advance Auto Parts Reports Second Quarter Fiscal 2015 Comparable Cash EPS Growth of 9.1% to $2.27", "locations": [], "entities": {"persons": [], "locations": [], "organizations": []}, "highlightText": "", "language": "english", "persons": [], "text": "Advance Auto Parts Inc. 13/08/2015 | Press release Advance Auto Parts Reports Second Quarter Fiscal 2015 Comparable Cash EPS Growth of 9.1% to $2.27 \ndistributed by noodls on 13/08/2015 13:04", "external_links": [], "published": "2015-08-13T16:09:00.000+03:00", "crawled": "2015-08-13T16:49:26.929+03:00", "highlightTitle": ""}