{"organizations": [], "uuid": "9d453b42657e2625af8cd17a2ef96feca2063112", "thread": {"social": {"gplus": {"shares": 0}, "pinterest": {"shares": 0}, "vk": {"shares": 0}, "linkedin": {"shares": 0}, "facebook": {"likes": 0, "shares": 0, "comments": 0}, "stumbledupon": {"shares": 0}}, "site_full": "www.prweb.com", "main_image": "", "site_section": "http://www.prweb.com/rss2/homefinance.xml", "section_title": "Home and Family: Banking / Personal Finance", "url": "http://www.prweb.com/releases/Jennifer/Myers/prweb12897215.htm", "country": "US", "title": "Jennifer Myers of Dwell Residential Brokerage Honored With the Real Estate Agent Award", "performance_score": 0, "site": "prweb.com", "participants_count": 1, "title_full": "Jennifer Myers of Dwell Residential Brokerage Honored With the 2015 Five Star Real Estate Agent Award", "spam_score": 0.0, "site_type": "news", "published": "2015-08-10T03:00:00.000+03:00", "replies_count": 0, "uuid": "9d453b42657e2625af8cd17a2ef96feca2063112"}, "author": "Five Star Professional Representative", "url": "http://www.prweb.com/releases/Jennifer/Myers/prweb12897215.htm", "ord_in_thread": 0, "title": "Jennifer Myers of Dwell Residential Brokerage Honored With the Real Estate Agent Award", "locations": [], "entities": {"persons": [], "locations": [], "organizations": []}, "highlightText": "", "language": "english", "persons": [], "text": "“I’ve been helping first time home buyers and sellers in the Washington, DC area for over 14 years now! I’m so happy that my own clients’ satisfaction earned me this award! That’s why I do what I do,” Jennifer Myers of Dwell Residential Brokerage. is pleased to announce Jennifer Myers, Dwell Residential Brokerage , has been chosen as one of Washington DC’s Five Star Real Estate Agents for 2015.\n Washington Post Magazine to recognize a select group of Washington DC-area real estate agents who provide quality services to their clients. Less than 7 percent of real estate agents in the area were selected. Jennifer Myers will be featured, along with other award winners, September issue.\nThe Five Star Real Estate Agent award program is the largest and most widely published real estate agent award program in North America. Agents are measured using an objective, in-depth research methodology with significant focus on customer feedback and overall satisfaction.\n“Five Star Real Estate Agents are more than knowledgeable experts in their field. They maintain a sharp focus on building enduring relationships and demonstrate tremendous dedication to the families and individuals they serve,” Lynn Hargreaves, VP, Research and Services Operations, .\n“When I bought my first home before becoming an agent, it was a disaster. It was stressful; I felt like I was not being guided to make the best decision and then I received a phone call the night before settlement that I had to bring thousands of more dollars that I did not have. I also found out afterwards I qualified for down payment assistance from the county I purchased my first home in and the experts I hired to help me never told me about it because they didn’t know about it! I never wanted that to happen to anyone else again,” Jennifer states.\nJennifer Myers’s Five Star award profile can be viewed here .\nNow entering its 13th year, conducts in-depth, market-specific research in more than 45 markets across the United States and Canada to identify premium service professionals.\n contacts thousands of recent homebuyers to identify award candidates. Phone, mail and online respondents rate their real estate agent on 10 satisfaction criteria. Candidates with a qualifying client satisfaction rating move on to be evaluated on objective criteria such as experience, production levels and disciplinary and complaint history.\nReal estate agents do not pay a fee to be considered or awarded. For more information, visit http://www.fivestarprofessional.com .", "external_links": ["http://www.prweb.net/Redirect.aspx?id=aHR0cDovL3d3dy5maXZlc3RhcnByb2Zlc3Npb25hbC5jb20=", "http://www.prweb.net/Redirect.aspx?id=aHR0cDovL3d3dy53aGVyZWRveW91ZHdlbGwuY29tLw==", "http://www.prweb.net/Redirect.aspx?id=aHR0cDovL3d3dy5maXZlc3RhcnByb2Zlc3Npb25hbC5jb20vcHJvZmlsZXMvMjY5MjA2"], "published": "2015-08-10T03:00:00.000+03:00", "crawled": "2015-08-11T01:27:13.636+03:00", "highlightTitle": ""}