{"organizations": ["NFL", "CNBC", "NFL.com START Goldman Sachs", "Play Goldman"], "uuid": "d0c6ca6d89fd2ac49fce9b92701a02c736c705ae", "thread": {"social": {"gplus": {"shares": 0}, "pinterest": {"shares": 0}, "vk": {"shares": 0}, "linkedin": {"shares": 0}, "facebook": {"likes": 0, "shares": 0, "comments": 0}, "stumbledupon": {"shares": 0}}, "site_full": "finance.yahoo.com", "main_image": "http://l1.yimg.com/bt/api/res/1.2/owQZy1WwI1CobRKXiycpYg--/YXBwaWQ9eW5ld3M7cT03NTt3PTYwMA--/http://media.zenfs.com/en-US/video/video.cnbc2.com/eebd2737d018439b87a398cc1b3903bb.cf.png", "site_section": "http://finance.yahoo.com/rss/headline?s=KMB", "section_title": "Yahoo! Finance: KMB News", "url": "http://finance.yahoo.com/video/goldmans-five-favorite-stocks-181900664.html", "country": "US", "title": "Goldman's five favorite stocks", "performance_score": 0, "site": "yahoo.com", "participants_count": 0, "title_full": "Goldman's five favorite stocks", "spam_score": 0.0, "site_type": "news", "published": "2015-08-13T21:19:00.000+03:00", "replies_count": 0, "uuid": "d0c6ca6d89fd2ac49fce9b92701a02c736c705ae"}, "author": "", "url": "http://finance.yahoo.com/video/goldmans-five-favorite-stocks-181900664.html", "ord_in_thread": 0, "title": "Goldman's five favorite stocks", "locations": [], "entities": {"persons": [], "locations": [], "organizations": []}, "highlightText": "", "language": "english", "persons": [], "text": "Next video starts in : 7 Play Goldman's five favorite stocks CNBC anchor tries out a fish spa pedicure  Unlock your personal NFL Now stream by signing in to NFL.com START Goldman Sachs is telling clients to invest in stocks with large buybacks and dividends. CNBC's Sue Herera looks at its five favorites. Share this", "external_links": [], "published": "2015-08-13T21:19:00.000+03:00", "crawled": "2015-08-14T08:27:52.422+03:00", "highlightTitle": ""}