{"organizations": [], "uuid": "78055b2eaa921f929b347fdc93e3371b45f1551f", "thread": {"social": {"gplus": {"shares": 0}, "pinterest": {"shares": 0}, "vk": {"shares": 0}, "linkedin": {"shares": 0}, "facebook": {"likes": 0, "shares": 0, "comments": 0}, "stumbledupon": {"shares": 0}}, "site_full": "allafrica.com", "main_image": "http://allafrica.com/static/images/structure/aa-logo-rgba-no-text-128x128.png", "site_section": "http://allafrica.com/tools/headlines/rdf/business/headlines.rdf", "section_title": "AllAfrica News: Economy, Business and Finance", "url": "http://allafrica.com/stories/201508100854.html", "country": "US", "title": "Egypt: Govt to Strengthen Cooperation On Merchant Shipping With Egypt", "performance_score": 0, "site": "allafrica.com", "participants_count": 0, "title_full": "Egypt: Govt to Strengthen Cooperation On Merchant Shipping With Egypt", "spam_score": 0.0, "site_type": "news", "published": "2015-08-10T12:29:00.000+03:00", "replies_count": 0, "uuid": "78055b2eaa921f929b347fdc93e3371b45f1551f"}, "author": "", "url": "http://allafrica.com/stories/201508100854.html", "ord_in_thread": 0, "title": "Egypt: Govt to Strengthen Cooperation On Merchant Shipping With Egypt", "locations": ["Egypt", "Egypt Nigeria"], "entities": {"persons": [], "locations": [], "organizations": []}, "highlightText": "", "language": "english", "persons": [], "text": "Nigeria: Kano Offers Free Eye Treatment to 44,000 Patients \nAccording to him, the new Suez Canal constituted an infrastructure that could balance the physical, technological, human and financial capital, as it was a work carried out in a record time of 12 months against 36 months, as previously planned. \nTo the minister, who was accompanied by the ambassador of Angola to Egypt, António da Costa Fernandes, the project dignifies the government of Egypt and the African continent. \nProfits generated through the Suez Canal are about five billion US dollars, but the investment calculations go up to 15 billion dollars, three times more after these works, until 2023. \nThe Suez Canal extends from the city of Suez in Egypt on the shores of the Red Sea to Port Said on the shores of the Mediterranean Sea, and has 163 kilometers in length - the largest channel in the world (from this extension, 50 km were excavated in desert). Egypt \nCongolese side AC Leopards handed Zamalek their first loss at the group phase, a lone goal win in their Group B Day Four … see more » Copyright © 2015 Angola Press Agency. All rights reserved. Distributed by AllAfrica Global Media ( allAfrica.com ). To contact the copyright holder directly for corrections — or for permission to republish or make other authorized use of this material, click here. AllAfrica publishes around 2,000 reports a day from more than 130 news organizations and over 200 other institutions and individuals , representing a diversity of positions on every topic. We publish news and views ranging from vigorous opponents of governments to government publications and spokespersons. Publishers named above each report are responsible for their own content, which AllAfrica does not have the legal right to edit or correct. Articles and commentaries that identify allAfrica.com as the publisher are produced or commissioned by AllAfrica . To address comments or complaints, please Contact us .", "external_links": [], "published": "2015-08-10T12:29:00.000+03:00", "crawled": "2015-08-10T13:21:06.578+03:00", "highlightTitle": ""}