{"organizations": [], "uuid": "59a5aa039d0813acfbcfd9034a7971bdecfa1f5b", "thread": {"social": {"gplus": {"shares": 0}, "pinterest": {"shares": 0}, "vk": {"shares": 0}, "linkedin": {"shares": 0}, "facebook": {"likes": 0, "shares": 0, "comments": 0}, "stumbledupon": {"shares": 0}}, "site_full": "www.financialexpress.com", "main_image": "", "site_section": "http://www.financialexpress.com/section/personal-finance/", "section_title": "Personal Finance News:Personal Finance Articles,Personal Finance Tips,Banking and Finance News | The Financial Express", "url": "http://www.financialexpress.com/article/personal-finance/monetary-policy-review-all-eyes-on-rbi-today/113284", "country": "IE", "title": "Monetary policy review: All eyes on RBI today", "performance_score": 0, "site": "financialexpress.com", "participants_count": 1, "title_full": "Monetary policy review: All eyes on RBI today | The Financial Express", "spam_score": 0.0, "site_type": "news", "published": "2015-08-04T08:05:00.000+03:00", "replies_count": 0, "uuid": "59a5aa039d0813acfbcfd9034a7971bdecfa1f5b"}, "author": "financialexpress.com", "url": "http://www.financialexpress.com/article/personal-finance/monetary-policy-review-all-eyes-on-rbi-today/113284", "ord_in_thread": 0, "title": "Monetary policy review: All eyes on RBI today", "locations": [], "entities": {"persons": [], "locations": [], "organizations": []}, "highlightText": "", "language": "english", "persons": [], "text": "The Reserve Bank of India will decide on the policy rates at its monetary policy meeting today. While retail inflation remains within the comfort zone of the central bank, industry output is sputtering and and a secular upward trend in credit growth remains elusive. Pick-up in private investment is slow and consumption expenditure is still subdued. However, monsoon till now has been closer to the long-term average and kharif crop sowing has picked up, which could moderate inflation further.\nFirst Published on August 04, 2015 12:05 am", "external_links": [], "published": "2015-08-04T08:05:00.000+03:00", "crawled": "2015-08-06T23:53:08.800+03:00", "highlightTitle": ""}