{"organizations": [], "uuid": "e3409dc446c23989bbf8af2a2ad5b55c9a580082", "thread": {"social": {"gplus": {"shares": 0}, "pinterest": {"shares": 0}, "vk": {"shares": 0}, "linkedin": {"shares": 0}, "facebook": {"likes": 0, "shares": 0, "comments": 0}, "stumbledupon": {"shares": 0}}, "site_full": "allafrica.com", "main_image": "http://allafrica.com/static/images/structure/aa-logo-rgba-no-text-128x128.png", "site_section": "http://allafrica.com/tools/headlines/rdf/business/headlines.rdf", "section_title": "AllAfrica News: Economy, Business and Finance", "url": "http://allafrica.com/stories/201508050778.html", "country": "US", "title": "Tunisia: Draft Supplementary Finance Law 2015 - Factbox", "performance_score": 0, "site": "allafrica.com", "participants_count": 0, "title_full": "Tunisia: Draft Supplementary Finance Law 2015 - Factbox", "spam_score": 0.0, "site_type": "news", "published": "2015-08-05T13:25:00.000+03:00", "replies_count": 0, "uuid": "e3409dc446c23989bbf8af2a2ad5b55c9a580082"}, "author": "", "url": "http://allafrica.com/stories/201508050778.html", "ord_in_thread": 0, "title": "Tunisia: Draft Supplementary Finance Law 2015 - Factbox", "locations": ["Tunisia"], "entities": {"persons": [], "locations": [], "organizations": []}, "highlightText": "", "language": "english", "persons": [], "text": "Tunisia: Launch of Tenders for Sale of Seven Confiscated Companies and 14 Other Properties \nThe Government seeks to contain the deficit in the State budget to around 4.8% of the gross domestic product (4,186 MTD) against the 4.9% of the GDP (4,391 MTD) provided for in the main budget so as to reduce public debts to 51.9% of the GDP against 52.9% as set out in the main budget. \nResources of the 2015 complementary budget: \nThe State's own resources stand at 21,152 MTD including 18, 510 MTD in fiscal resources and 2,642 MTD in non-tax revenues. Loan resources hover around 6,748 MTD. \nExpenditure of the complementary budget: \nManagement expenses: these expenses stand at 17,702 MTD against the 17,970 MTD planned in the main budget which will help reduce net expenses by 268 MTD. \nThe expenditure of the supplementary budget is shared out as follows: \n11,631 MTD for wages \n1,815 MTD to finance other operations. \nDevelopment expenditure: 5,264 MTD against the budgeted 5,800 MTD. Tunisia \nOn Saturday, August 8 South African club Orlando Pirates will welcome Tunisians Club Sportif Sfaxien for a CAF … see more » Copyright © 2015 Tunis Afrique Presse. All rights reserved. Distributed by AllAfrica Global Media ( allAfrica.com ). To contact the copyright holder directly for corrections — or for permission to republish or make other authorized use of this material, click here. AllAfrica publishes around 2,000 reports a day from more than 130 news organizations and over 200 other institutions and individuals , representing a diversity of positions on every topic. We publish news and views ranging from vigorous opponents of governments to government publications and spokespersons. Publishers named above each report are responsible for their own content, which AllAfrica does not have the legal right to edit or correct. Articles and commentaries that identify allAfrica.com as the publisher are produced or commissioned by AllAfrica . To address comments or complaints, please Contact us .", "external_links": [], "published": "2015-08-05T13:25:00.000+03:00", "crawled": "2015-08-05T18:17:02.915+03:00", "highlightTitle": ""}