{"organizations": [], "uuid": "1329b66798d2f5dbddde4e5f2f31ffae6c35a1e3", "thread": {"social": {"gplus": {"shares": 0}, "pinterest": {"shares": 0}, "vk": {"shares": 0}, "linkedin": {"shares": 0}, "facebook": {"likes": 0, "shares": 0, "comments": 0}, "stumbledupon": {"shares": 0}}, "site_full": "au.finance.yahoo.com", "main_image": "https://s.yimg.com/bt/api/res/1.2/F6R.c0Wq26hUIILEiqPeIw--/YXBwaWQ9eW5ld3M7cT03NTt3PTYwMA--/http://d.yimg.com/hd/ch7news/7_finance/nonpremium_captions_1211_1130_nat_finance_lrg-1a8hse1.jpg?s=c94d186e1650a97af114ab6a2a8f5700&amp;c=2260102a6722df233ee6c4759caf6568&amp;a=ch7news&amp;mr=0.cf.png", "site_section": "https://au.finance.yahoo.com/news/category-stocks/?format=rss", "section_title": "Stock Market News - Yahoo!7 Finance", "url": "https://au.finance.yahoo.com/news/stocks-watch-noon-thursday-010508775.html", "country": "US", "title": "Stocks to watch at noon on Thursday", "performance_score": 0, "site": "yahoo.com", "participants_count": 0, "title_full": "Stocks to watch at noon on Thursday", "spam_score": 0.0, "site_type": "news", "published": "2015-08-06T05:04:00.000+03:00", "replies_count": 0, "uuid": "1329b66798d2f5dbddde4e5f2f31ffae6c35a1e3"}, "author": "", "url": "https://au.finance.yahoo.com/news/stocks-watch-noon-thursday-010508775.html", "ord_in_thread": 0, "title": "Stocks to watch at noon on Thursday", "locations": [], "entities": {"persons": [], "locations": [], "organizations": []}, "highlightText": "", "language": "english", "persons": [], "text": "  Stocks to watch at noon on Thursday AAP – 35 minutes ago \nStocks to watch on the Australian stock exchange at noon on Thursday: \nANZ - ANZ BANKING GROUP - in a trading halt, last traded at $32.58 \nANZ is poised to launch a $3 billion capital raising in response to regulatory moves forcing major lenders to provide an extra buffer for their home loan books. \nDOW - DOWNER EDI - down 41.5 cents, or 9.06 per cent, at $4.165 \nSYDNEY, Aug 6 AAP - Engineering group Downer EDI has warned of further hits over the next 12 months after its full year profit for 2014/15 declined 2.7 per cent following a big fall in mining revenue. \nKMD - KATHMANDU - up 3.75 cents, or 2.48 per cent, at $1.5475 \nKathmandu directors have rejected a \"highly opportunistic\" hostile takeover offer from Briscoe Group, which they say is timed to exploit the company's recent share price struggles. \nSGH - SLATER & GORDON - down 11.00 cents, or 3.36 per cent, at $3.16 \nShares in Slater and Gordon have slumped by nearly 20 per cent in early trade amid more worries about its UK business.  ", "external_links": [], "published": "2015-08-06T05:04:00.000+03:00", "crawled": "2015-08-06T05:39:42.481+03:00", "highlightTitle": ""}