{"organizations": ["SEC"], "uuid": "6ebfff2cfe9e0f312f1e704223af6eb35532a43c", "thread": {"social": {"gplus": {"shares": 0}, "pinterest": {"shares": 0}, "vk": {"shares": 0}, "linkedin": {"shares": 0}, "facebook": {"likes": 0, "shares": 0, "comments": 0}, "stumbledupon": {"shares": 0}}, "site_full": "us.rd.yahoo.com", "main_image": "", "site_section": "http://finance.yahoo.com/rss/headline?s=MGI", "section_title": "Yahoo! Finance: MGI News", "url": "http://us.rd.yahoo.com/finance/news/rss/story/*http://biz.yahoo.com/e/150810/mgi8-k.html", "country": "GB", "title": "MONEYGRAM INTERNATIONAL INC Files SEC form 8-K, Change in Directors or Principal Officers", "performance_score": 0, "site": "yahoo.com", "participants_count": 0, "title_full": "MONEYGRAM INTERNATIONAL INC Files SEC form 8-K, Change in Directors or Principal Officers", "spam_score": 0.0, "site_type": "news", "published": "2015-08-10T15:03:00.000+03:00", "replies_count": 0, "uuid": "6ebfff2cfe9e0f312f1e704223af6eb35532a43c"}, "author": "", "url": "http://us.rd.yahoo.com/finance/news/rss/story/*http://biz.yahoo.com/e/150810/mgi8-k.html", "ord_in_thread": 0, "title": "MONEYGRAM INTERNATIONAL INC Files SEC form 8-K, Change in Directors or Principal Officers", "locations": [], "entities": {"persons": [], "locations": [], "organizations": []}, "highlightText": "", "language": "english", "persons": [], "text": "Show all filings for MONEYGRAM INTERNATIONAL INC \nForm 8-K for MONEYGRAM INTERNATIONAL INC \n10-Aug-2015 \nChange in Directors or Principal Officers Item 5.02 Departure of Directors or Certain Officers; Election of Directors; Appointment of Certain Officers; Compensatory Arrangements of Certain Officers. \nOn August 4, 2015, Angela McQuien resigned as the Senior Vice President and Corporate Controller of MoneyGram International, Inc. (the \"Company\"), effective as of August 20, 2015. In such capacity, Ms. McQuien served as the Company's principal accounting officer. Ms. McQuien indicated that she did not have any disagreement with the Company's management or its external auditor, and that she resigned in order to pursue an external opportunity.", "external_links": [], "published": "2015-08-10T15:03:00.000+03:00", "crawled": "2015-08-10T15:28:26.892+03:00", "highlightTitle": ""}