{"organizations": [], "uuid": "4ebbaf9001f63465ca20c721cc9be06149e1fea6", "thread": {"social": {"gplus": {"shares": 0}, "pinterest": {"shares": 0}, "vk": {"shares": 0}, "linkedin": {"shares": 0}, "facebook": {"likes": 0, "shares": 0, "comments": 0}, "stumbledupon": {"shares": 0}}, "site_full": "business-news.thestreet.com", "main_image": "", "site_section": "http://business-news.thestreet.com/south-jersey-local-news/rss/627", "section_title": "South Jersey Local News : Personal Finance", "url": "http://business-news.thestreet.com/south-jersey-local-news/story/obama-may-grant-paid-sick-days-to-federal-contractors/13247086", "country": "US", "title": "Obama May Grant Paid Sick Days to Federal Contractors", "performance_score": 0, "site": "thestreet.com", "participants_count": 0, "title_full": "Obama May Grant Paid Sick Days to Federal Contractors", "spam_score": 0.0, "site_type": "news", "published": "2015-08-06T20:25:00.000+03:00", "replies_count": 0, "uuid": "4ebbaf9001f63465ca20c721cc9be06149e1fea6"}, "author": "", "url": "http://business-news.thestreet.com/south-jersey-local-news/story/obama-may-grant-paid-sick-days-to-federal-contractors/13247086", "ord_in_thread": 0, "title": "Obama May Grant Paid Sick Days to Federal Contractors", "locations": [], "entities": {"persons": [], "locations": [], "organizations": []}, "highlightText": "", "language": "english", "persons": ["Amelia Martyn-Hemphill", "Obama"], "text": "Obama May Grant Paid Sick Days to Federal Contractors Written by: Amelia Martyn-Hemphill 08/06/15 - 1:25 PM EDT \nNEW YORK (TheStreet) -- President Barack Obama is considering weighing in on paid sick leave for contractors, according to people familiar with the matter. \nAccording to reports from the Associated Press , Reuters and The New York Times , an executive order being prepared by the White House would require federal contractors and subcontractors to give their employees a minimum of seven paid sick days per year, which could also be used to care for sick relatives. The order would extend to victims of domestic violence or workers who needed counseling and sick leave that wasn't taken could also be accrued over the years. Newly Minted Planet Fitness Isn't a Meat Market, and That's a Good Thing \nThe president has been pushing for paid sick-leave expansion since January, but has faced opposition from Republican-controlled Congress. \nThe White House announced at the start of the year that more than 40 million private-sector workers have no kind of paid sick leave option to fall back on. \nObama has put his executive order privilege to work over the recent years when faced with push back from Congress and has applied many of his desired policies to federal contractors. These have included orders for an increased minimum wage, expansions to overtime pay eligibility and protection from workplace discrimination for gay and transgender workers. \nBloomberg News reported that a draft of the order declares that: \"Providing access to paid sick leave will improve the health and performance of employees of federal contractors and bring benefits packages at federal contractors in line with leading firms, ensuring they remain competitive employers in the search for dedicated and talented employees.\" \nThough the order could not be enacted nationwide, it would still affect hundreds of thousands of workers who do business with the government. \nA Labor Department spokesperson announced that although no decisions have yet been made, that the government is exploring ways to expand sick-leave access. \nThe White House has declined to comment on any plans for the executive order.", "external_links": [], "published": "2015-08-06T20:25:00.000+03:00", "crawled": "2015-08-06T21:17:29.527+03:00", "highlightTitle": ""}