{"organizations": [], "uuid": "e45661899947b0602b0203d03d3abf918f2e131b", "thread": {"social": {"gplus": {"shares": 0}, "pinterest": {"shares": 0}, "vk": {"shares": 0}, "linkedin": {"shares": 0}, "facebook": {"likes": 0, "shares": 0, "comments": 0}, "stumbledupon": {"shares": 0}}, "site_full": "www.moneylife.in", "main_image": "http://moneylife.in/site/userimage/image/thumbnail/logo.gif", "site_section": "http://www.moneylife.in/site/rss.php", "section_title": "Moneylife Personal Finance Magazine", "url": "http://www.moneylife.in/article/probe-begins-into-payment-evasion-at-thiruvananthapuram-airport/43069.html", "country": "IN", "title": "Probe begins into payment evasion at Thiruvananthapuram airport", "performance_score": 0, "site": "moneylife.in", "participants_count": 1, "title_full": "Probe begins into payment evasion at Thiruvananthapuram airport", "spam_score": 0.0, "site_type": "news", "published": "2015-08-12T10:09:00.000+03:00", "replies_count": 0, "uuid": "e45661899947b0602b0203d03d3abf918f2e131b"}, "author": "IANS", "url": "http://www.moneylife.in/article/probe-begins-into-payment-evasion-at-thiruvananthapuram-airport/43069.html", "ord_in_thread": 0, "title": "Probe begins into payment evasion at Thiruvananthapuram airport", "locations": [], "entities": {"persons": [], "locations": [], "organizations": []}, "highlightText": "", "language": "english", "persons": [], "text": "Moneylife » Probe begins into payment evasion at Thiruvananthapuram airport 43069 Probe begins into payment evasion at Thiruvananthapuram airport 0 Comments, Be the first to comment + COMMENT IANS | 12/08/2015 12:39 PM | \nThe Thiruvananthapuram unit of the CBI has met officials of all the international airlines besides national carrier Air India and has got a detailed statement of the ground handling charges that they have paid to the ground handling agencies since 2012 \nThe Central Bureau of Investigation (CBI) has begun a preliminary probe into the alleged evasion of royalty payments the ground handling agencies pay to the Airports Authority of India. The Thiruvananthapuram unit of the CBI has met officials of all the international airlines besides national carrier Air India and has got a detailed statement of the ground handling charges that they have paid to the ground handling agencies since 2012. At present, there are two ground handling agencies that operate in the international airport here. Speaking to IANS, an official of an international airline said on Wednesday that the CBI had asked them for a statement on the ground handling charges that they have paid since 2012. \"Not only have we given, all other international airlines have also given their list,\" said the airline official who did not wish to be identified. More in Moneylife", "external_links": [], "published": "2015-08-12T10:09:00.000+03:00", "crawled": "2015-08-12T13:02:11.968+03:00", "highlightTitle": ""}