{"organizations": [], "uuid": "128bedd70d0c081f65d742c8e74a7faa0e3eeadf", "thread": {"social": {"gplus": {"shares": 0}, "pinterest": {"shares": 0}, "vk": {"shares": 0}, "linkedin": {"shares": 0}, "facebook": {"likes": 0, "shares": 0, "comments": 0}, "stumbledupon": {"shares": 0}}, "site_full": "uk.finance.yahoo.com", "main_image": "https://s.yimg.com/bt/api/res/1.2/6rik6AZwuPGCiADf_9dhPQ--/YXBwaWQ9eW5ld3M7cT03NTt3PTYwMA--/http://l.yimg.com/os/mit/media/m/social/images/social_default_logo-1481777.png", "site_section": "https://uk.finance.yahoo.com/news/provider-businesswire/?format=rss", "section_title": "Finance News | Business Wire - Yahoo! UK & Ireland Finance", "url": "https://uk.finance.yahoo.com/news/frn-variable-rate-fix-163300931.html", "country": "GB", "title": "FRN Variable Rate Fix", "performance_score": 0, "site": "yahoo.com", "participants_count": 0, "title_full": "FRN Variable Rate Fix", "spam_score": 0.0, "site_type": "news", "published": "2015-08-10T19:33:00.000+03:00", "replies_count": 0, "uuid": "128bedd70d0c081f65d742c8e74a7faa0e3eeadf"}, "author": "", "url": "https://uk.finance.yahoo.com/news/frn-variable-rate-fix-163300931.html", "ord_in_thread": 0, "title": "FRN Variable Rate Fix", "locations": [], "entities": {"persons": [], "locations": [], "organizations": []}, "highlightText": "", "language": "english", "persons": [], "text": "Tip : Use comma (,) to separate multiple quotes. Learn more... \nMon, Aug 10, 2015, 17:43 BST - UK Markets closed FRN Variable Rate Fix \nISSUE OF SEK 750,000,000 FLOATING \nRATE NOTES DUE NOV 2021 \nSERIES 53 TRANCHE 1 MTN \nISSUE NAME. \nINTEREST PERIOD. 12/08/2015 TO 12/11/2015 \nSEK 1,000,000.00 IS SEK 0 \nPOOL FACTOR. N/A View source version on businesswire.com: http://www.businesswire.com/news/home/20150810005989/en/ Contact Tax cuts, pensions, childcare, online accounts and beer duty, here's … Related Stock Articles Follow the quotes you care about most. Access timely news and investment updates to stay on top of the market. … More » Yahoo UK & Ireland Finance Terms \nQuotes are real-time for NASDAQ, NYSE, and NYSEAmex when available. See also delay times for other exchanges . Quotes and other information supplied by independent providers identified on the Yahoo! Finance partner page . Quotes are updated automatically, but will be turned off after 25 minutes of inactivity. Quotes are delayed at least 15 minutes. All information provided \"as is\" for informational purposes only, not intended for trading purposes or advice. Neither Yahoo! nor any of independent providers is liable for any informational errors, incompleteness, or delays, or for any actions taken in reliance on information contained herein. By accessing the Yahoo! site, you agree not to redistribute the information found therein. \nFundamental company data provided by Capital IQ . Historical chart data and daily updates provided by Commodity Systems, Inc. (CSI) . International historical chart data and daily updates provided by Morningstar, Inc . Yahoo! - News Network", "external_links": [], "published": "2015-08-10T19:33:00.000+03:00", "crawled": "2015-08-10T19:46:02.531+03:00", "highlightTitle": ""}