{"organizations": [], "uuid": "59e26f86b7f66b85462e509f2188e3a24556e4f1", "thread": {"social": {"gplus": {"shares": 0}, "pinterest": {"shares": 0}, "vk": {"shares": 0}, "linkedin": {"shares": 0}, "facebook": {"likes": 0, "shares": 0, "comments": 0}, "stumbledupon": {"shares": 0}}, "site_full": "www.moneylife.in", "main_image": "http://moneylife.in/site/userimage/image/thumbnail/Paswan06815.jpg", "site_section": "http://www.moneylife.in/site/rss.php", "section_title": "Moneylife Personal Finance Magazine", "url": "http://www.moneylife.in/article/maggi-will-return-to-retail-shelves-soon-paswan/43045.html", "country": "IN", "title": "Maggi will return to retail shelves soon: Paswan", "performance_score": 0, "site": "moneylife.in", "participants_count": 1, "title_full": "Maggi will return to retail shelves soon: Paswan", "spam_score": 0.0, "site_type": "news", "published": "2015-08-06T14:24:00.000+03:00", "replies_count": 0, "uuid": "59e26f86b7f66b85462e509f2188e3a24556e4f1"}, "author": "IANS", "url": "http://www.moneylife.in/article/maggi-will-return-to-retail-shelves-soon-paswan/43045.html", "ord_in_thread": 0, "title": "Maggi will return to retail shelves soon: Paswan", "locations": [], "entities": {"persons": [], "locations": [], "organizations": []}, "highlightText": "", "language": "english", "persons": [], "text": "Moneylife » Maggi will return to retail shelves soon: Paswan 43045 Maggi will return to retail shelves soon: Paswan 0 Comments, Be the first to comment + COMMENT IANS | 06/08/2015 04:54 PM | Despite the stand taken by the food safety watchdog, Consumer Affairs Minister Ram Vilas Paswan on Thursday said he was hopeful that Nestle's Maggi will be back on the shelves soon, drawing comfort from favourable test reports for the top instant noodles brand from some accredited laboratories. \"The latest tests conducted by Central Food Technological Research Institute (CFTRI) has found Maggi safe. I have a gut feeling it will return to retail shelves soon,\" Paswan said of the margins of a conference on fast moving consumer goods, hosted by Assocham here. He was alluding to the test reports from the Mysore facility of the lab, which gave is report based on the samples sent to it by the Goa food safety department. The minister's comments also come against he backdrop of the food safety regulator declining to take note of the latest report. Paswan made it clear that consumer interest will be paramount while deciding on the matter pertaining to ban against Maggi, while expressing concern over the negative perception such developments have created in the minds of the potential foreign investors. \"I am worried. After Maggi ban the perception of people changed. Foreign investors will also now think twice before investing in India. Our credibility is at stake,\" he said, adding: \"But all this is possible to rectify only after addressing all concerns. The concerns of our consumers is most important.\" Speaking in Hindi, he also sought to use an analogy. \"We cannot take everything for granted. The whole Maggi episode is like what happens after the rains -- pots made of mud get destroyed, but utensils made from steel and brass shine. I hope Maggi will start shining again,\" he told IANS. The Food Safety and Standards Authority of India (FSSAI) on Wednesday said Nestle India had not been given a clean chit regarding its noodles and that its ban order of June 5 was still operative, despite a noted lab in Karnataka reportedly finding the snack to be safe. But following the favourable test reports, Goa Deputy Chief Minister Francis D'Souza aaid he favoured a re-think on the ban since it was certified laboratory that found the popular instant noodle to be safe for consumption. \"Why should you ban something when it is safe? If it was not safe I could have understood.\" India's official food regulator on June 5 had banned the sale of Maggi after an allegedly high amount of lead and monosodium glutamate (MSG) were found in samples. Following that, Nestle withdrew all variants of the noodle, while continuing to maintain that its products were safe. On the latest matter, Nestle has refrained from making any comment, on the ground that the matter was sub judice. The Bombay High Court is hearing the matter. More in Moneylife", "external_links": [], "published": "2015-08-06T14:24:00.000+03:00", "crawled": "2015-08-06T14:41:42.685+03:00", "highlightTitle": ""}