{"organizations": [], "uuid": "18b3def47e1af2f6478314af2317cfd37a5647b9", "thread": {"social": {"gplus": {"shares": 0}, "pinterest": {"shares": 0}, "vk": {"shares": 0}, "linkedin": {"shares": 0}, "facebook": {"likes": 0, "shares": 0, "comments": 0}, "stumbledupon": {"shares": 0}}, "site_full": "www.prweb.com", "main_image": "", "site_section": "http://www.prweb.com/rss2/finance.xml", "section_title": "Business: Finance", "url": "http://www.prweb.com/releases/2015/08/prweb12883837.htm", "country": "US", "title": "Michael Hale to Be Honored at the 17th Annual AACUC Conference", "performance_score": 0, "site": "prweb.com", "participants_count": 1, "title_full": "Michael Hale to Be Honored at the 17th Annual AACUC Conference", "spam_score": 0.0, "site_type": "news", "published": "2015-08-05T03:00:00.000+03:00", "replies_count": 0, "uuid": "18b3def47e1af2f6478314af2317cfd37a5647b9"}, "author": "Renee Sattiewhite", "url": "http://www.prweb.com/releases/2015/08/prweb12883837.htm", "ord_in_thread": 0, "title": "Michael Hale to Be Honored at the 17th Annual AACUC Conference", "locations": [], "entities": {"persons": [], "locations": [], "organizations": []}, "highlightText": "", "language": "english", "persons": [], "text": "The African-American Credit Union Coalition (AACUC), announced earlier this year that Michael Hale was the 2015 recipient of the AACUC’s Pete Crear Lifetime Achievement Award. Hale is currently the Executive Vice President and Chief Strategy Officer, over Cards, Collections and Fraud Mitigation at Arizona Federal Credit Union. A veteran and a Bronze Star recipient from the U.S. Army, Hale has been devoted to the credit union movement since 1975. Hale’s leadership skills and hard work lead to the legal formation of the African-American Credit Union Coalition (AACUC) in 1999. He previously served as the President and CEO of Andrews Federal Credit Union for over 12 years. Highlighting some of Mr. Hales previous accomplishments include being the Founding Chairman of the Board of Directors of the African-American Credit Union Coalition (AACUC), service on the National Federation of Community Development Credit Union's Capitalization Program Committee, the National Association of Federal Credit Unions Regulatory Affairs Committee, and the Arizona Credit Union League Board of Directors. He was also a member of the Filene Research Institute Council, Board Member of the Credit Union Executives Society and Vice Chairman for the Board of Directors of PSCU Financial Services.\nWith a powerful past and a stellar present, Mr. Hale is definitely a perfect choice to be chosen as this year’s honoree. When speaking with Mr. Crear about Hale, he mentioned \"I am so proud that AACUC is honoring Michael with this Award. His history, mission and contributions have always been focused on the greater good. Thank you Michael for blazing a path for all of us.\"\nMaster of Ceremony for the awards dinner will be Mr. Hubert H. Hoosman, Jr. Former President and CEO of Vantage Credit Union in St. Louis, Missouri. Currently Mr. Hoosman is an entrepreneur and partner at Haywood Hoosman Realty. Also in attendance will be Pete Crear and other past recipients. This year’s awards dinner is sponsored by CUNA Mutual Group.\nThe 17th Annual AACUC Conference kicks off with pre-event activities on Wednesday August 5, 2015. For more information please visit: http://www.aacuc.org/2015-annual-conference\nAbout CUNA Mutual Group:\nFor more than 80 years, CUNA Mutual Group has worked tirelessly to deliver product and service solutions that meet the unique challenges and needs of credit unions and their members. Our vision is unwavering: to be a trusted business partner who delivers service excellence with customer-focused, best-in-class products and market-driven innovation.\nAbout AACUC:\nThe African-American Credit Union Coalition (AACUC) was created to increase the strength of the global credit union community. We are a non-profit organization of African-American professionals and volunteers in the credit union community.", "external_links": ["http://www.prweb.net/Redirect.aspx?id=aHR0cDovL3d3dy5hYWN1Yy5vcmcvMjAxNS1hbm51YWwtY29uZmVyZW5jZQ==", "http://www.aacuc.org/2015-annual-conference"], "published": "2015-08-05T03:00:00.000+03:00", "crawled": "2015-08-05T10:08:20.606+03:00", "highlightTitle": ""}