{"organizations": ["BNP Paribas Cardif", "BNP Paribas Cardiff", "PTI", "IAG", "SBI", "Insurance Australia Group", "SBI Life Insurance", "State Bank of India"], "uuid": "734f6dab66e4f888c9a0caf28af56c0073161a47", "thread": {"social": {"gplus": {"shares": 0}, "pinterest": {"shares": 0}, "vk": {"shares": 0}, "linkedin": {"shares": 0}, "facebook": {"likes": 0, "shares": 0, "comments": 0}, "stumbledupon": {"shares": 0}}, "site_full": "economictimes.indiatimes.com", "main_image": "http://economictimes.indiatimes.com/thumb/msid-48444155,width-600,resizemode-4/sbi-hopes-to-sell-stakes-in-insurance-units-by-year-end.jpg", "site_section": "http://economictimes.indiatimes.com/rssfeeds/13358319.cms", "section_title": "Banking-Banking/Finance-Industry-The Economic Times", "url": "http://economictimes.indiatimes.com/industry/banking/finance/banking/sbi-hopes-to-sell-stakes-in-insurance-units-by-year-end/articleshow/48444136.cms", "country": "IL", "title": "SBI hopes to sell stakes in insurance units by year end", "performance_score": 0, "site": "indiatimes.com", "participants_count": 0, "title_full": "SBI hopes to sell stakes in insurance units by year end", "spam_score": 0.0, "site_type": "news", "published": "2015-08-11T20:45:00.000+03:00", "replies_count": 0, "uuid": "734f6dab66e4f888c9a0caf28af56c0073161a47"}, "author": "", "url": "http://economictimes.indiatimes.com/industry/banking/finance/banking/sbi-hopes-to-sell-stakes-in-insurance-units-by-year-end/articleshow/48444136.cms", "ord_in_thread": 0, "title": "SBI hopes to sell stakes in insurance units by year end", "locations": ["MUMBAI", "India"], "entities": {"persons": [], "locations": [], "organizations": []}, "highlightText": "", "language": "english", "persons": ["Arundhati Bhattacharya", "Bhattacharya"], "text": "SBI hopes to sell stakes in insurance units by year end By PTI | 11 Aug, 2015, 11.15PM IST MUMBAI: State-run State Bank of India today said the valuation process for the stake sale in its insurance units has begun and the transaction is likely to be completed by the end of the year. SBI has two insurance subsidiaries -- SBI Life Insurance and SBI General Insurance. \"The talks are going on. As you know both of our insurance partners have given letters saying they would like to dial up. The valuations are going on and we have to come to some kind of understanding and an agreement on those valuations before that dial up can happen,\" Chairwoman Arundhati Bhattacharya told reporters here today. \"There could be a chance of doing it this year itself,\" she added. SBI has partnered with BNP Paribas Cardif to form the life insurance arm -- SBI Life Insurance -- in which the India bank holds 74 per cent. In SBI General Insurance, it owns 74 per cent while Insurance Australia Group holds the remaining stake. Bhattacharya had earlier said that BNP Paribas Cardiff is interested in increasing its stake by 10 per cent to 36 per cent, while IAG is keen on raising its stake to 49 per cent from the current 26 per cent. \"We want SBI Mutual Fund to come faster in the ranking. Currently, they are the sixth in the ranking and we want them to be among the first five before the close of this year,\" she said. On factoring business, Bhattacharya said she sees a wider scope for the segment in the country and is not planning to merge it with the bank. SBI has a factoring business subsidiary, SBI Global Factors, which offers services like finance, credit protection against payment default of buyer and sales ledger management. \"We still believe factoring is something whose space in there but some of the Indian condition does not allow it. So, we are looking at ways and means to make them more relevant,\" she said. \"Specifically, what we have been doing for them is in respect of many of our stress assets, we are giving them management of the receivables book. A factor company does better management of the receivable book. We don't have any plans of rolling them into the main company,\" she said.  ", "external_links": [], "published": "2015-08-11T20:45:00.000+03:00", "crawled": "2015-08-11T22:23:01.480+03:00", "highlightTitle": ""}