{"organizations": ["GEPA"], "uuid": "479858ff766b6dbf040ca27ad0a43cc252244f73", "thread": {"social": {"gplus": {"shares": 0}, "pinterest": {"shares": 0}, "vk": {"shares": 0}, "linkedin": {"shares": 0}, "facebook": {"likes": 0, "shares": 0, "comments": 0}, "stumbledupon": {"shares": 0}}, "site_full": "www.modernghana.com", "main_image": "http://img.modernghana.com/images/content/xd6fwj3vuq_kofq3uthh0_ghanaexportpromotionauthority.bmp", "site_section": "http://www.modernghana.com/rssfeed/news.xml?cat_id=1&gender=46", "section_title": "Business & Finance", "url": "http://www.modernghana.com/news/635973/1/gepa-calls-on-exporters-to-focus-on-export-volumes.html", "country": "US", "title": "GEPA calls on exporters to focus on export volumes", "performance_score": 0, "site": "modernghana.com", "participants_count": 0, "title_full": "GEPA calls on exporters to focus on export volumes", "spam_score": 0.0, "site_type": "news", "published": "2015-08-12T19:00:00.000+03:00", "replies_count": 0, "uuid": "479858ff766b6dbf040ca27ad0a43cc252244f73"}, "author": "", "url": "http://www.modernghana.com/news/635973/1/gepa-calls-on-exporters-to-focus-on-export-volumes.html", "ord_in_thread": 0, "title": "GEPA calls on exporters to focus on export volumes", "locations": [], "entities": {"persons": [], "locations": [], "organizations": []}, "highlightText": "", "language": "english", "persons": [], "text": "  12 August 2015 17:00 CET GEPA calls on exporters to focus on export volumes By GNA \nAccra, Aug. 11, GNA - Mr Gideon Quarcoo, the Chief Executive Officer of the Ghana Export Promotion Authority (GEPA), has called on exporters to focus on increasing the volume of exports to the international market. \nMr Quarcoo, speaking at the launch of the Made-in-Ghana Product Fair 2015 to be held in Milan, Italy, urged exporters to also adhere to standards and quality principles to ensure that their export products meet international requirements. \nThe Fair scheduled for October 12 to October 15, is to promote Ghanaian products, services, businesses and brands to the European market. \nIt is also to attract investment, cooperation and partnership for the various sectors of the economy. \nMr Quarcoo implored players in the export and productive sectors to ensure that goods destined for the international market were of the highest quality in order to be competitive. \n'Do not cut corners in exporting inferior products on to the international market,' he said. \nMr Quarcoo said there was an urgent need for the country to increase products in the export market, hence these initiatives by both government and the private sector to focus attention on the international market. \nHe, therefore, called for an effective collaboration to enable products and services to penetrate the international market to develop the economy. \nMr Wakefield Ackuaku, the Business Development Manager, Doulos Consult Limited, organisers of the Fair, said the aim of the event was to also establish Ghana as a reliable source of supply of raw materials, semi and finished products for the European market. \nHe said the Fair was to position, Ghana as a major outlet for repackaged goods for the Italian and the European market. \nThe Business Development Manager said it was also to complement government's efforts in championing the export trade in the country, adding that, 'it is to provide an opportunity for businesses to expand their clientele base and seek investors and partnership for their businesses'. \nHe said the organisers intended to provide the platform for exporters and companies to take advantage of the huge marketing opportunity to showcase and exhibit their businesses, products and services. \nMr Lorenzo Pinelli, Deputy Ambassador, Italian Embassy in Ghana, said about 150 Italian companies are operating in Ghana and contributing to the development of the economy. \nHe expressed the hope that the Fair would continue to strengthen the existing bilateral relations between both countries. \nCollaborators for the Fair include, the Ministry of Trade and Industries, Ghana Export Promotion Authority, Ghana Investment Promotion Centre, Association of Ghana Industries, Art Design Box and Commune Di Rho. \nGNA", "external_links": [], "published": "2015-08-12T19:00:00.000+03:00", "crawled": "2015-08-12T21:03:01.259+03:00", "highlightTitle": ""}