{"organizations": ["Goldman Complete Live", "KKR"], "uuid": "93874b7ca720f7c52150b33df4334d9464da8b3d", "thread": {"social": {"gplus": {"shares": 0}, "pinterest": {"shares": 0}, "vk": {"shares": 0}, "linkedin": {"shares": 0}, "facebook": {"likes": 0, "shares": 0, "comments": 0}, "stumbledupon": {"shares": 0}}, "site_full": "us.rd.yahoo.com", "main_image": "", "site_section": "http://finance.yahoo.com/rss/headline?s=KKR", "section_title": "Yahoo! Finance: KKR News", "url": "http://us.rd.yahoo.com/finance/news/rss/story/*http://finance.yahoo.com/q/ud?s=KKR", "country": "GB", "title": "Coverage initiated on KKR by Goldman", "performance_score": 0, "site": "yahoo.com", "participants_count": 0, "title_full": "Coverage initiated on KKR by Goldman", "spam_score": 0.0, "site_type": "news", "published": "2015-08-11T15:11:00.000+03:00", "replies_count": 0, "uuid": "93874b7ca720f7c52150b33df4334d9464da8b3d"}, "author": "", "url": "http://us.rd.yahoo.com/finance/news/rss/story/*http://finance.yahoo.com/q/ud?s=KKR", "ord_in_thread": 0, "title": "Coverage initiated on KKR by Goldman", "locations": ["U.S."], "entities": {"persons": [], "locations": [], "organizations": []}, "highlightText": "", "language": "english", "persons": [], "text": "Complete Live market analysis of the U.S. stock and bond markets, technology stocks, economic releases, earnings reports, and day trading highlights. Copyright &copy; 2009 Yahoo! All rights reserved. \nQuotes are real-time for NASDAQ, NYSE, and NYSE MKT. See also delay times for other exchanges . All information provided \"as is\" for informational purposes only, not intended for trading purposes or advice. Neither Yahoo! nor any of independent providers is liable for any informational errors, incompleteness, or delays, or for any actions taken in reliance on information contained herein. By accessing the Yahoo! site, you agree not to redistribute the information found therein. \nFundamental company data provided by Capital IQ . Historical chart data and daily updates provided by Commodity Systems, Inc. (CSI) . International historical chart data, daily updates, fund summary, fund performance, dividend data and Morningstar Index data provided by Morningstar, Inc. 2712293", "external_links": [], "published": "2015-08-11T15:11:00.000+03:00", "crawled": "2015-08-12T09:57:45.972+03:00", "highlightTitle": ""}