{"organizations": ["Novozymes"], "uuid": "0744c0755b2d665f50c5a72ca14ac3d2fe9f1074", "thread": {"social": {"gplus": {"shares": 0}, "pinterest": {"shares": 0}, "vk": {"shares": 0}, "linkedin": {"shares": 0}, "facebook": {"likes": 0, "shares": 0, "comments": 0}, "stumbledupon": {"shares": 0}}, "site_full": "uk.finance.yahoo.com", "main_image": "https://s.yimg.com/bt/api/res/1.2/6rik6AZwuPGCiADf_9dhPQ--/YXBwaWQ9eW5ld3M7cT03NTt3PTYwMA--/http://l.yimg.com/os/mit/media/m/social/images/social_default_logo-1481777.png", "site_section": "https://uk.finance.yahoo.com/news/category-europe/?format=rss", "section_title": "European Business News | Financial News - Yahoo! Finance UK", "url": "https://uk.finance.yahoo.com/news/european-shares-slip-back-novozymes-101711056.html", "country": "GB", "title": "European shares slip back; Novozymes slumps on weak results", "performance_score": 0, "site": "yahoo.com", "participants_count": 0, "title_full": "European shares slip back; Novozymes slumps on weak results", "spam_score": 0.0, "site_type": "news", "published": "2015-08-06T13:17:00.000+03:00", "replies_count": 0, "uuid": "0744c0755b2d665f50c5a72ca14ac3d2fe9f1074"}, "author": "", "url": "https://uk.finance.yahoo.com/news/european-shares-slip-back-novozymes-101711056.html", "ord_in_thread": 0, "title": "European shares slip back; Novozymes slumps on weak results", "locations": [], "entities": {"persons": [], "locations": [], "organizations": []}, "highlightText": "", "language": "english", "persons": [], "text": "Tip : Use comma (,) to separate multiple quotes. Learn more... \nThu, Aug 6, 2015, 14:29 BST - UK Markets close in 2 hrs 1 mins European shares slip back; Novozymes slumps on weak results Reuters - UK Focus – 3 hours ago \n* FTSEurofirst 300 edges down, Novozymes (Other OTC: NVZMF - news ) slumps on weak results \n* Munich Re raises guidance, shares climb higher \n* Greek shares recover slightly from losses earlier in week \n* Europe bourses in 2015: http://link.reuters.com/pap87v \n* Asset performance in 2015: http://link.reuters.com/gap87v \nBy Sudip Kar-Gupta \nLONDON, Aug 6 (Reuters) - European shares retreated on Thursday, with some weak corporate results hitting the shares of enzyme company Novozymes and Deutsche Post (Other OTC: DPSGY - news ) . \nThe pan-European FTSEurofirst 300 index, which rose 1.3 percent in the previous session, fell back 0.3 percent. The euro zone's blue-chip Euro STOXX 50 index declined by 0.1 percent. \nNovozymes slid by around 10 percent after the company reported second-quarter earnings below expectations. Deutsche Post's shares also fell after cutting its 2015 profit outlook. \nWeak oil prices also weighed on energy stocks. \nHowever, some better results were reported elsewhere. Belgian financial company KBC rose 2.5 percent after it posted higher profits. Reinsurer Munich Re progressed 2.6 percent after the company raised its outlook. \nThe rise in Munich Re enabled Germany's DAX to outperform weaker markets elsewhere, with the DAX up 0.1 percent. Britain's FTSE was down 0.3 percent. \nGreek stocks also recovered after slumping for the past three days, although many investors have cut their exposure to the debt-ridden country, which is seeking a new bailout deal. \n\"I prefer the DAX to the FTSE at the moment, mainly because the DAX is less exposed to the weak commodity prices which have been weighing on the FTSE,\" said Hantec Markets' analyst Richard Perry. \nAccording to data from Thomson Reuters StarMine, 59 percent of companies on the European STOXX 600 index have met or beaten market expectations for their results this quarter. \nAlong with the robust corporate results, economic stimulus measures from the European Central Bank have also propped up European stock markets this year, enabling them to shrug off lingering concerns over Greece's debt problems. \nEven (Taiwan OTC: 6436.TWO - news ) though the U.S. and Britain may raise interest rates in the near future, most analysts expect the ECB to keep its interest rates at record lows for now, and both the DAX and FTSEurofirst are up nearly 20 percent so far in 2015. \nToday's European research round-up (Editing by Larry King)", "external_links": [], "published": "2015-08-06T13:17:00.000+03:00", "crawled": "2015-08-06T16:30:53.044+03:00", "highlightTitle": ""}