{"organizations": [], "uuid": "a0564f98b9591fbf542ab1ff36e624bef40c59c1", "thread": {"social": {"gplus": {"shares": 0}, "pinterest": {"shares": 0}, "vk": {"shares": 0}, "linkedin": {"shares": 0}, "facebook": {"likes": 0, "shares": 0, "comments": 0}, "stumbledupon": {"shares": 0}}, "site_full": "uk.finance.yahoo.com", "main_image": "https://s.yimg.com/bt/api/res/1.2/6rik6AZwuPGCiADf_9dhPQ--/YXBwaWQ9eW5ld3M7cT03NTt3PTYwMA--/http://l.yimg.com/os/mit/media/m/social/images/social_default_logo-1481777.png", "site_section": "https://uk.finance.yahoo.com/news/personal-finance-mortgages/?format=rss", "section_title": "Mortgages News | Headlines - Yahoo! Finance UK", "url": "https://uk.finance.yahoo.com/news/buzz-uk-housebuilders-hit-record-143814107.html", "country": "GB", "title": "BUZZ-UK housebuilders: hit record amid waning UK rate-hike fears", "performance_score": 0, "site": "yahoo.com", "participants_count": 0, "title_full": "BUZZ-UK housebuilders: hit record amid waning UK rate-hike fears", "spam_score": 0.0, "site_type": "news", "published": "2015-08-06T17:38:00.000+03:00", "replies_count": 0, "uuid": "a0564f98b9591fbf542ab1ff36e624bef40c59c1"}, "author": "", "url": "https://uk.finance.yahoo.com/news/buzz-uk-housebuilders-hit-record-143814107.html", "ord_in_thread": 0, "title": "BUZZ-UK housebuilders: hit record amid waning UK rate-hike fears", "locations": ["UK"], "entities": {"persons": [], "locations": [], "organizations": []}, "highlightText": "", "language": "english", "persons": [], "text": "0.0000 \n** UK housebuilders rally to all-time highs as 'Super Thursday' sees rate-hike worries ease off \n** Housebuilders are sensitive to the potential for higher mortgage rates, which would affect affordability of homes \n** Taylor Wimpey (LSE: TW.L - news ) , Persimmon & Barratt Developments among top performers on FTSE 100, up 1.5-2.3%; Bovis Homes (LSE: BVS.L - news ) star sector performer among UK midcaps, up 3% \n** Thomson Reuters UK Homebuilding index up 2%, at a record; up 24% since Conservative election victory in May, which meant good prospects for the sector \n** BoE Governor Mark Carney on Thursday says rate path implied by market would cause inflation overshoot \n** Also, BoE appeared in no rush to start raising interest rates on Thursday, with minutes showing just one top policymaker voted to do so this week \n** 'Super Thursday' - the first time BoE simultaneously published its interest rate decision, breakdown of how policymakers voted & a summary of their debate, & its quarterly forecasts for Britain's economy, including inflation (RM (LSE: RM.L - news ) : tricia.wright1.thomsonreuters.com@reuters.net)", "external_links": [], "published": "2015-08-06T17:38:00.000+03:00", "crawled": "2015-08-06T18:55:42.210+03:00", "highlightTitle": ""}