{"organizations": [], "uuid": "74b0dfcdc99b43d60af40ad2eaffbe6baaeffc75", "thread": {"social": {"gplus": {"shares": 0}, "pinterest": {"shares": 0}, "vk": {"shares": 0}, "linkedin": {"shares": 0}, "facebook": {"likes": 0, "shares": 0, "comments": 0}, "stumbledupon": {"shares": 0}}, "site_full": "www.reuters.com", "main_image": "", "site_section": "http://www.reuters.com/finance/personal-finance", "section_title": "Wealth, Personal Finance &amp; Money | Reuters.com", "url": "http://www.reuters.com/article/2015/08/11/china-markets-yuan-levin-idUSW1N0XB01720150811", "country": "US", "title": "Key U.S. House Democrat raises questions on China yuan move", "performance_score": 0, "site": "reuters.com", "participants_count": 1, "title_full": "Key U.S. House Democrat raises questions on China yuan move | Reuters", "spam_score": 0.0, "site_type": "news", "published": "2015-08-11T23:14:00.000+03:00", "replies_count": 0, "uuid": "74b0dfcdc99b43d60af40ad2eaffbe6baaeffc75"}, "author": "Reuters", "url": "http://www.reuters.com/article/2015/08/11/china-markets-yuan-levin-idUSW1N0XB01720150811", "ord_in_thread": 0, "title": "Key U.S. House Democrat raises questions on China yuan move", "locations": [], "entities": {"persons": [], "locations": [], "organizations": []}, "highlightText": "", "language": "english", "persons": [], "text": "WASHINGTON Aug 11 The top Democrat on the U.S. House of Representatives' panel that oversees trade said on Tuesday there was reason to question whether China's devaluation of its yuan currency was a step toward a market-based exchange rate.\n\"It is important to note that in many other respects, China is increasingly intervening in its stock market and other markets,\" said Representative Sander Levin of Michigan, the ranking Democrat on the House Ways and Means Committee.\n\"There is reason to be skeptical of believing that the largest devaluation of the Chinese currency in over two decades is merely about moving to a market-based exchange rate,\" he said.\nLevin said China's move argued for including a tough measure on currency manipulation in the Trans-Pacific Partnership trade deal currently under negotiation and for including a provision to allow for duties to be slapped on currency manipulators in legislation being considered by Congress. (Reporting by Timothy Ahmann; Editing by Paul Simao)", "external_links": [], "published": "2015-08-11T23:14:00.000+03:00", "crawled": "2015-08-11T22:25:33.724+03:00", "highlightTitle": ""}