{"organizations": [], "uuid": "14ce9e868b78cbc9f03174aad45d2115cdff3889", "thread": {"social": {"gplus": {"shares": 0}, "pinterest": {"shares": 0}, "vk": {"shares": 0}, "linkedin": {"shares": 0}, "facebook": {"likes": 0, "shares": 0, "comments": 0}, "stumbledupon": {"shares": 0}}, "site_full": "www.examiner.com", "main_image": "http://cdn2-b.examiner.com/sites/default/files/styles/image_content_width/hash/2d/01/2d01ab82771478d1ca9639f76e9d0db1.png?itok=CLgsiJHo", "site_section": "http://rss.examiner.com/rss/Business_and_Finance-Channel.rss", "section_title": "Examiner Business & Finance Channel Articles", "url": "http://www.examiner.com/article/the-ultimate-daily-social-media-checklist-to-keep-you-on-track?cid=rss", "country": "US", "title": "The ultimate daily social media checklist to keep you on track", "performance_score": 0, "site": "examiner.com", "participants_count": 1, "title_full": "The ultimate daily social media checklist to keep you on track", "spam_score": 0.0, "site_type": "news", "published": "2015-08-13T17:47:00.000+03:00", "replies_count": 0, "uuid": "14ce9e868b78cbc9f03174aad45d2115cdff3889"}, "author": "Meagan Hope, Marketing &amp; PR Examiner", "url": "http://www.examiner.com/article/the-ultimate-daily-social-media-checklist-to-keep-you-on-track?cid=rss", "ord_in_thread": 0, "title": "The ultimate daily social media checklist to keep you on track", "locations": [], "entities": {"persons": [], "locations": [], "organizations": []}, "highlightText": "", "language": "english", "persons": [], "text": "The ultimate daily social media checklist to keep you on track Use your key for the next article Copy and paste this checklist to use daily. Meagan Hope \nLet’s face it, social media marketing is time consuming. Wouldn’t it be great if there were a weekly and daily checklist you could follow? Look no further, here is a weekly and daily checklist for Facebook, Twitter, Instagram, LinkedIn, and Pinterest. You’ll find it easier and more strategic to do weekly planning and scheduling, which takes about 4-5 hours per week to create. Each day it takes about 1-2 hours to finish your daily checklist. If that seems like too much time, consider hiring a part-time social media manager or a content writer. \nFeel free to copy and paste this checklist and use it daily. \nFacebook \nStrategic Weekly Planning: \n· Schedule content 7 days ahead and post every Monday. (Make sure content is written well, encourages engagement, evokes an emotion within 2 seconds, and make sure 1 out of every 3 posts has a strong call-to-action. Don’t sounds “Salesly” people don’t want to be sold on something on Facebook). \n· Create graphics for the week. \n· Create video for the week. \n· Tag people and businesses in posts when needed (1-2x per week) \n· Share 1-2 posts per week from another FB page that your audience would like to see. \nDaily To-Do Items: \n· Check daily for updates, messages, and comments then respond to comments within 24 hours or less. \n· Comment on 3 FB pages (example: neighboring business, industry leader, a like-minded business). \n· Like 3-6 new pages a day. \n· Share a great customer experience daily. \n· If you are running Facebook ads, make sure to check daily and adjust when necessary. \nTwitter \nStrategic Weekly Planning: \n· Schedule content 7 days ahead and schedule posts every Monday. Use Hootsuite to schedule posts and monitor your Twitter page. \n· Create at least 3-5 graphics to accompany your Twitter posts per week. \n· Find great articles to post to Twitter per week and also link to your website 1-3x per week. \n· Tag people and businesses in Tweets when it makes sense (1-2x per week) \nDaily To-Do Items: \n· Check daily for mentions, direct messages, and retweets then respond within 24 hours or less. \n· Engage with people that are on your lists on Twitter daily by liking, retweeting, and responding to their posts. \n· Follow 50 -75 like-minded business, people, and others 2-4x per week. \n· Share a great customer experience daily. \n· Learn what are the best times to post on Twitter. \n· If you are running Twitter ads, make sure to check daily and adjust when necessary. \nInstagram \nStrategic Weekly Planning: \n· Schedule content 7 days ahead and schedule out every Monday. Use Hootsuite to schedule posts and monitor your Instagram page. (New feature as of August 2015) \n· Create 2-3 graphics/short videos for daily use on Instagram. \n· Tag people and businesses in posts when it makes sense (1-2x per week) \n· If you sell a product consider using a platform like Soldsie to post 1-5 items per day that link directly to your item on your online store. There are other great programs to use to sell here . \nDaily To-Do Items: \n· Check daily for comments, direct messages, reposts, and hashtags that you use, then respond within 24 hours or less. \n· Follow 50 -75 like-minded businesses, people, and others 2-4x per week. \n· Learn what are the best times to post on Instagram . \n· Like 10-15 pics within your feed and search hashtags that are relevant to your brand. \n· Comment on 5 pics per day within your feed. \nLinkedIn \nStrategic Weekly Planning: \n· Schedule content 7 days ahead and post every Monday. Use Hootsuite to schedule LinkedIn posts. (Make sure content is written well, encourages engagement, and evokes an emotion within 2 seconds). \n· Create graphics for the week. \n· Create video for the week. \n· Find like-minded articles from influencers to share throughout the week. You can also schedule these within LinkedIn. \n· Schedule posts on LinkedIn as the hour is coming to and end and usually posts do best in the morning hours on LinkedIn. \n· Publish an article on LinkedIn at least 1x per month. \n· Recommend someone 1x per week. \nDaily To-Do Items: \n· Check daily for updates, messages, and comments then respond within 24 hours or less. \n· Comment within 2-3 groups daily. \n· Like, comment, or share up to 5 posts daily made from someone in your home feed. \n· Find at least one new connection daily. \n· If you are running LinkedIn ads, make sure to check daily and adjust when necessary. \nPinterest \nStrategic Weekly Planning: \n· Create or plan for 2-3 graphics/short videos that you want to post to Pinterest that will link back to your website. \n· If you sell a product consider using a platform like Pinterest . \nDaily To-Do Items: \n· Check daily for comments, direct messages, and repins then respond within 24 hours or less. \n· Follow 50 -75 like-minded businesses, people, and others 2-4x per week. \n· Learn what are the best times to post on Pinterest. \n· Like 10-15 pics within your feed and search keywords that are relevant to your brand. \n· Make sure your boards are using popular keywords on Pinterest. \n· Repin 10-20 pins daily \n· Pin at least 2-3 pics from your website, blog, or write-ups about your service or product daily. \n· If you are running Pinterest ads, make sure to check daily and adjust when necessary. \nOne last thing, it’s a good idea to keep an Excel document that keeps track of the people and businesses you reach out to daily on your social media pages. When you repost, comment, or like a new page, make sure you’re documenting that. \nGood luck and happy planning and posting!", "external_links": [], "published": "2015-08-13T17:47:00.000+03:00", "crawled": "2015-08-13T18:12:23.680+03:00", "highlightTitle": ""}