{"organizations": [], "uuid": "e6cce30dd89d7b8bea0355b4608a62b80224970e", "thread": {"social": {"gplus": {"shares": 0}, "pinterest": {"shares": 0}, "vk": {"shares": 0}, "linkedin": {"shares": 0}, "facebook": {"likes": 0, "shares": 0, "comments": 0}, "stumbledupon": {"shares": 0}}, "site_full": "au.finance.yahoo.com", "main_image": "https://s1.yimg.com/bt/api/res/1.2/RzIskRRSxz5UXnOmcf3Wzw--/YXBwaWQ9eW5ld3M7aWw9cGxhbmU7cT03NTt3PTYwMA--/http://globalfinance.zenfs.com/images/FIN_ANZ_AAP_ART_FTP_LIVE_1/2986213_20141124001066014111-original_1280x720_original.jpg", "site_section": "https://au.finance.yahoo.com/news/category-commodities/?format=rss", "section_title": "Commodities Market News - Yahoo!7 Australia Finance", "url": "https://au.finance.yahoo.com/news/rio-cuts-deeper-huge-profit-091324460.html", "country": "US", "title": "Rio cuts deeper after huge profit plunge", "performance_score": 0, "site": "yahoo.com", "participants_count": 0, "title_full": "Rio cuts deeper after huge profit plunge", "spam_score": 0.0, "site_type": "news", "published": "2015-08-06T12:13:00.000+03:00", "replies_count": 0, "uuid": "e6cce30dd89d7b8bea0355b4608a62b80224970e"}, "author": "", "url": "https://au.finance.yahoo.com/news/rio-cuts-deeper-huge-profit-091324460.html", "ord_in_thread": 0, "title": "Rio cuts deeper after huge profit plunge", "locations": ["Australia"], "entities": {"persons": [], "locations": [], "organizations": []}, "highlightText": "", "language": "english", "persons": [], "text": "Thu, Aug 6, 2015, 7:33 PM AEST - Australia Markets closed Rio cuts deeper after huge profit plunge AAP – 19 minutes ago View Photo \n\nMining giant Rio Tinto will make deeper cost cuts and slash spending after plunging iron ore prices caused a massive fall in half year profit. \nEarnings in its iron ore division more than halved in the six months to June, while coal and copper mining were also hit hard by price slides. \nThat contributed to an 82 per cent drop in net profit to $US806 million ($A1.10 billion), and excluding one-off items, underlying earnings dropped 43 per cent to $US2.9 billion ($A3.94 billion). \nMorningstar equities analyst Mark Taylor said the result was stronger than expected, with better cost savings and impressive reductions in capital expenditure. \nThe company has lifted its cost cutting target to $US1 billion after already achieving the majority of the $US750 million cuts originally planned for 2015. \nCapital expenditure is predicted to fall to $US5.5 billion in 2015 and less than $US6 billion in 2016, shaving off about $US1 billion in each year. \n\"Generally, they're impressive numbers in terms of bringing costs down,\" Mr Taylor told AAP. \nRio makes around 85 per cent of its profit from iron ore, and the steel making commodity's price hit 10 year lows in the first half of 2015. \nWeaker commodity prices sliced a total of $US3.6 billion ($A4.89 billion) from Rio's underlying earnings in the six months. \nChief executive Sam Walsh said Rio still holds a positive view on the dominant Chinese steel market. \n\"The economic environment has been challenging, particularly for commodities,\" Mr Walsh told reporters. \n\"But the cyclical weakness will pass as the momentum of economic growth picks up and the commodity markets rebalance.\" \nBut a recovery would be characterised by slower commodity demand growth compared to the past decade, he said. \nMr Walsh also said western economies were recovering and Rio was sensing potential from emerging markets such as India and Indonesia. \nFat Prophets analyst David Lennox said Rio had performed well given the current commodities environment. \nCapital expenditure was being cut by more than expected, an indication Rio would slow its development program, he said. \nA rise in net debt to $US13.7 billion was \"neither here nor there\" given the size of the company, Mr Lennox said. \nShareholders will also receive an improved interim dividend, in line with analysts' expectations. \nPLUNGING PRICES HIT RIO TINTO'S BOTTOM LINE \n* Net profit down 82 pct to $US806m \n* Underlying earnings down 43 pct to $US2.9b \n* Interim dividend up 11.5 US cents to $US1.075 per share \nBREAKDOWN OF RIO TINTO'S PERFORMANCE \n* Iron ore profit down 55 pct to $US2.1b \n* Aluminium profit more than doubled to $US793m \n* Coal and copper profit down 40 pct to $US393m \n* Diamonds and minerals profit down one pct to $US75m @y7finance on Twitter, become a fan on Facebook Delay, not death, tipped for Qld coalmine AAP \nA recent legal roadblock won't quash Indian mining giant Adani's plans for a giant coalmine in central Queensland, …", "external_links": [], "published": "2015-08-06T12:13:00.000+03:00", "crawled": "2015-08-06T12:34:00.325+03:00", "highlightTitle": ""}