{"organizations": [], "uuid": "f551f9140631c1cbe387b3e4c3eb78fd2fed1b1d", "thread": {"social": {"gplus": {"shares": 0}, "pinterest": {"shares": 0}, "vk": {"shares": 0}, "linkedin": {"shares": 0}, "facebook": {"likes": 0, "shares": 0, "comments": 0}, "stumbledupon": {"shares": 0}}, "site_full": "www.marketwatch.com", "main_image": "http://s.marketwatch.com/public/resources/MWimages/MW-DK014_gold_c_ZG_20150420091458.jpg", "site_section": "http://finance.yahoo.com/news/provider-marketwatch/", "section_title": "MarketWatch News Archive - Yahoo! Finance", "url": "http://www.marketwatch.com/story/gold-retreats-on-pace-to-snap-5-day-win-streak-2015-08-13", "country": "US", "title": "Gold retreats, on pace to snap 5-day win streak", "performance_score": 0, "site": "marketwatch.com", "participants_count": 2, "title_full": "Gold retreats, on pace to snap 5-day win streak - MarketWatch", "spam_score": 0.0, "site_type": "news", "published": "2015-08-13T03:00:00.000+03:00", "replies_count": 1, "uuid": "eae70e42ceb8d786f1a19a239e0ced0bc809a2d5"}, "author": "Victor Reklaitis", "url": "http://www.marketwatch.com/story/gold-retreats-on-pace-to-snap-5-day-win-streak-2015-08-13#post-0", "ord_in_thread": 0, "title": "Gold retreats, on pace to snap 5-day win streak", "locations": [], "entities": {"persons": [], "locations": [], "organizations": []}, "highlightText": "", "language": "english", "persons": [], "text": "Gold futures pulled back Thursday, catching their breath after a five-day winning streak that’s been powered in large part by turmoil in China.\nDecember gold GCZ5, -0.65% was last down $6.30, or 0.5%, to $1,117.30 an ounce. September silver SIU5, -0.94% lost 13 cents, or 0.9%, to $15.35 an ounce\nThis week’s weakness in the Chinese yuan has raised concerns about the global economy, weighing on stocks and other riskier asset classes while boosting gold , often seen as a haven.\n“What is more, the SPDR Gold Trust GLD, +1.40% the world’s largest gold ETF, recorded inflows of 4.2 tons yesterday, the highest daily inflow since the end of June,” said Commerzbank commodity analysts in a note early Thursday.\nBut on Thursday, Chinese central bank officials—in a rare news conference— defended their handling of the currency’s drop. Markets across most of Asia ADOW, +0.08% have staged a relief rally Thursday , and U.S. stock futures and European equities were trading higher .\nGold futures briefly rallied above $1,126 an ounce early Thursday to a 3½-week high, before giving up that gain and turning lower.\nIn a key report on Thursday, the World Gold Council said demand for the yellow metal plummeted 12% to a six-year low in the second quarter.\nThe dollar DXY, +0.28% gained Thursday , hurting gold as a stronger buck makes dollar-denominated commodities pricier for holders of other currencies.\nMore from MarketWatch", "external_links": [], "published": "2015-08-13T03:00:00.000+03:00", "crawled": "2015-08-13T15:08:22.152+03:00", "highlightTitle": ""}