{"organizations": [], "uuid": "ff2bccf7b3ce4fe3f1166593a9009051dcdcc443", "thread": {"social": {"gplus": {"shares": 0}, "pinterest": {"shares": 0}, "vk": {"shares": 0}, "linkedin": {"shares": 0}, "facebook": {"likes": 0, "shares": 0, "comments": 0}, "stumbledupon": {"shares": 0}}, "site_full": "www.reuters.com", "main_image": "", "site_section": "http://www.reuters.com/finance/personal-finance", "section_title": "Wealth, Personal Finance &amp; Money | Reuters.com", "url": "http://www.reuters.com/article/2015/08/05/brazil-economy-levy-idUSE4N0WY01P20150805", "country": "US", "title": "Brazil's Levy says gov't to tackle fiscal imbalances", "performance_score": 0, "site": "reuters.com", "participants_count": 1, "title_full": "Brazil's Levy says gov't to tackle fiscal imbalances | Reuters", "spam_score": 0.0, "site_type": "news", "published": "2015-08-05T18:58:00.000+03:00", "replies_count": 0, "uuid": "ff2bccf7b3ce4fe3f1166593a9009051dcdcc443"}, "author": "Reuters", "url": "http://www.reuters.com/article/2015/08/05/brazil-economy-levy-idUSE4N0WY01P20150805", "ord_in_thread": 0, "title": "Brazil's Levy says gov't to tackle fiscal imbalances", "locations": [], "entities": {"persons": [], "locations": [], "organizations": []}, "highlightText": "", "language": "english", "persons": [], "text": "BRASILIA Aug 5 The Brazilian government must tackle the structural imbalances in the fiscal accounts caused by rising obligatory expenditures and other spending on social programs, Finance Minister Joaquim Levy said on Wednesday.\nSpeaking at a central bank event in Brasilia, Levy said the private sector needs to play a bigger role in building new infrastructure in the country.\n(Reporting by Luciana Otoni; Writing by Alonso Soto ; Editing by Meredith Mazzilli)", "external_links": [], "published": "2015-08-05T18:58:00.000+03:00", "crawled": "2015-08-05T18:05:18.514+03:00", "highlightTitle": ""}