{"organizations": [], "uuid": "9e786911939bb0d89c0b263dc8ee8354f34820b6", "thread": {"social": {"gplus": {"shares": 0}, "pinterest": {"shares": 0}, "vk": {"shares": 0}, "linkedin": {"shares": 0}, "facebook": {"likes": 0, "shares": 0, "comments": 0}, "stumbledupon": {"shares": 0}}, "site_full": "uk.finance.yahoo.com", "main_image": "https://s.yimg.com/bt/api/res/1.2/6rik6AZwuPGCiADf_9dhPQ--/YXBwaWQ9eW5ld3M7cT03NTt3PTYwMA--/http://l.yimg.com/os/mit/media/m/social/images/social_default_logo-1481777.png", "site_section": "https://uk.finance.yahoo.com/news/provider-sharecast/?format=rss", "section_title": "Finance News | Sharecast - Yahoo! UK & Ireland Finance", "url": "https://uk.finance.yahoo.com/news/greece-hopes-reach-agreement-creditors-090500227.html", "country": "GB", "title": "Greece hopes to reach agreement with creditors by Tuesday", "performance_score": 0, "site": "yahoo.com", "participants_count": 0, "title_full": "Greece hopes to reach agreement with creditors by Tuesday", "spam_score": 0.0, "site_type": "news", "published": "2015-08-10T12:05:00.000+03:00", "replies_count": 0, "uuid": "9e786911939bb0d89c0b263dc8ee8354f34820b6"}, "author": "", "url": "https://uk.finance.yahoo.com/news/greece-hopes-reach-agreement-creditors-090500227.html", "ord_in_thread": 0, "title": "Greece hopes to reach agreement with creditors by Tuesday", "locations": ["Greece"], "entities": {"persons": [], "locations": [], "organizations": []}, "highlightText": "", "language": "english", "persons": [], "text": "Tip : Use comma (,) to separate multiple quotes. Learn more... \nMon, Aug 10, 2015, 10:08 BST - UK Markets close in 6 hrs 22 mins Greece hopes to reach agreement with creditors by Tuesday By Aideen Kennedy | Sharecast – 3 minutes 58 seconds ago Print \nLONDON (ShareCast) - (ShareCast News) - Greece hopes to conclude negotiations with its international lenders by early Tuesday, a Greek official said as talked continues in Athens. \"Efforts are being made to conclude the negotiations, the horizon is by Monday night or early Tuesday,\" a Greek official said. \n\"When the new bailout comes to parliament for a vote it will be one bill with two articles - one article will be the loan agreement and the MoU (memorandum of understanding) and the second article will be the prior actions,\" the official explained. \nGreek finance and economy ministers were in negotiations with the four institutions representing Greece's creditors - the European Central Bank (ECB), the International Monetary Fund (IMF), the European Commission and the European Stability Mechanism (ESM) - on Sunday night to lay out a plan that would make as much as €86bn available to Greece. \nLast week Greek government spokeswoman Olga Gerovasili said the country expected to conclude a bailout deal with its international creditors by 18 August, and ruled out the idea pointed out by Germany's finance ministry, who showed to be in favour of a bridging loan for Greece , to give Athens and its international lenders enough time to negotiate a third bailout. \nGreece is due to make a €3.5bn repayment to the European Central Bank (ECB) on 20 August. \nOANDA 's senior market analyst Craig Erlam said that while the Greeks were always \"more positive of reaching a deal than anyone else\", if this could be achieved it would \"certainly be a first given the many battles and 11th hour deals that have come in the past\". \nCMC Markets ' Chief Market Analyst Michael Hewson said growing optimism among EU officials would appear to suggest that Greece had made significant concessions with respect to new austerity measures which could be voted on later this week. \nNevertheless, Hewson emphasised that \"EU creditors would need to find a way to bridge the gap between the IMF and Germany about the thorny subject of debt relief, which could be a much harder nut to crack\".", "external_links": [], "published": "2015-08-10T12:05:00.000+03:00", "crawled": "2015-08-10T12:10:29.816+03:00", "highlightTitle": ""}