{"organizations": [], "uuid": "7170460e990e1e5ba80fb83544e66d9daa6674d5", "thread": {"social": {"gplus": {"shares": 0}, "pinterest": {"shares": 0}, "vk": {"shares": 0}, "linkedin": {"shares": 0}, "facebook": {"likes": 0, "shares": 0, "comments": 0}, "stumbledupon": {"shares": 0}}, "site_full": "www.reuters.com", "main_image": "", "site_section": "http://www.reuters.com/finance/personal-finance", "section_title": "Wealth, Personal Finance &amp; Money | Reuters.com", "url": "http://www.reuters.com/article/2015/08/10/eurozone-greece-germany-idUSL5N10L0OP20150810", "country": "US", "title": "Senior German conservative sees open questions on Greek bailout", "performance_score": 0, "site": "reuters.com", "participants_count": 1, "title_full": "Senior German conservative sees open questions on Greek bailout | Reuters", "spam_score": 0.0, "site_type": "news", "published": "2015-08-10T10:50:00.000+03:00", "replies_count": 0, "uuid": "7170460e990e1e5ba80fb83544e66d9daa6674d5"}, "author": "Reuters", "url": "http://www.reuters.com/article/2015/08/10/eurozone-greece-germany-idUSL5N10L0OP20150810", "ord_in_thread": 0, "title": "Senior German conservative sees open questions on Greek bailout", "locations": [], "entities": {"persons": [], "locations": [], "organizations": []}, "highlightText": "", "language": "english", "persons": [], "text": "BERLIN Aug 10 A senior parliamentary ally of German Chancellor Angela Merkel believes a deal with Athens on a new multi-billion-euro bailout is some way from completion, with a number of points still to be clarified.\n\"There are a lot of questions that remain open,\" Ralph Brinkhaus, deputy parliamentary floor leader for Merkel's conservatives, told Deutschlandfunk radio on Monday.\nGreece's finance and economy ministers were locked in negotiations with representatives of creditors that stretched until the early hours of Monday.\nA Greek official said Greece hoped to conclude negotiations with international creditors by early Tuesday at the latest.\nAsked whether Germany favoured 20 billion euros ($21.9 billion) being handed to Greece in a first tranche of aid, rather than 30-35 billion as favoured by the EU and the International Monetary Fund, Brinkhaus replied:\n\"The more money is handed out in one stroke, the less leverage one has to stop payments if the reform process in Greece does not pan out as planned and as promised.\n\"A lot of trust has been lost in recent months,\" he said, adding that aid should only be provided in return for Greece delivering reforms.\n($1 = 0.9123 euros) (Writing by Paul Carrel ; editing by John Stonestreet)", "external_links": [], "published": "2015-08-10T10:50:00.000+03:00", "crawled": "2015-08-10T10:08:41.842+03:00", "highlightTitle": ""}