{"organizations": [], "uuid": "d2fd087516e5cffc9d082f711013688c8a80d532", "thread": {"social": {"gplus": {"shares": 0}, "pinterest": {"shares": 0}, "vk": {"shares": 0}, "linkedin": {"shares": 0}, "facebook": {"likes": 0, "shares": 0, "comments": 0}, "stumbledupon": {"shares": 0}}, "site_full": "allafrica.com", "main_image": "http://allafrica.com/static/images/structure/aa-logo-rgba-no-text-128x128.png", "site_section": "http://allafrica.com/tools/headlines/rdf/business/headlines.rdf", "section_title": "AllAfrica News: Economy, Business and Finance", "url": "http://allafrica.com/stories/201508030293.html", "country": "US", "title": "Kenya: Pay Cut Threat Over Audits", "performance_score": 0, "site": "allafrica.com", "participants_count": 0, "title_full": "Kenya: Pay Cut Threat Over Audits", "spam_score": 0.0, "site_type": "news", "published": "2015-08-03T09:35:00.000+03:00", "replies_count": 0, "uuid": "d2fd087516e5cffc9d082f711013688c8a80d532"}, "author": "", "url": "http://allafrica.com/stories/201508030293.html", "ord_in_thread": 0, "title": "Kenya: Pay Cut Threat Over Audits", "locations": ["Kenya"], "entities": {"persons": [], "locations": [], "organizations": []}, "highlightText": "", "language": "english", "persons": ["Brian Otieno"], "text": "By Brian Otieno \nMinistries that do not avail their accounts books in time for audit may have their budgets reduced. \nNational Assembly Public Accounts Committee chairman Ababu Namwamba on Tuesday said they will recommend to the National Treasury and the National Assembly Budget and Appropriation Committee to cut back budgets of ministries overlooking audits. \n\"In future, this committee will be extremely hard on accounting officers that do not take their responsibility seriously,\" said Namwamba on the sidelines of the meeting to finalise reports of the 2010-11, 2011-12 and 2012-13 financial years in Mombasa. Kenya \nPresident Uhuru Kenyatta has pledged to name and shame corruption suspects in a renewed anti-graft strategy that may … see more » Copyright © 2015 The Star. All rights reserved. Distributed by AllAfrica Global Media ( allAfrica.com ). To contact the copyright holder directly for corrections — or for permission to republish or make other authorized use of this material, click here. AllAfrica publishes around 2,000 reports a day from more than 130 news organizations and over 200 other institutions and individuals , representing a diversity of positions on every topic. We publish news and views ranging from vigorous opponents of governments to government publications and spokespersons. Publishers named above each report are responsible for their own content, which AllAfrica does not have the legal right to edit or correct. Articles and commentaries that identify allAfrica.com as the publisher are produced or commissioned by AllAfrica . To address comments or complaints, please Contact us .", "external_links": [], "published": "2015-08-03T09:35:00.000+03:00", "crawled": "2015-08-03T10:54:11.397+03:00", "highlightTitle": ""}