{"organizations": [], "uuid": "42efde97be09010a2c7380e2bb459861d1b43fab", "thread": {"social": {"gplus": {"shares": 0}, "pinterest": {"shares": 0}, "vk": {"shares": 0}, "linkedin": {"shares": 0}, "facebook": {"likes": 0, "shares": 0, "comments": 0}, "stumbledupon": {"shares": 0}}, "site_full": "www.financialexpress.com", "main_image": "http://www.financialexpress.com/wp-content/uploads/2015/08/Nestle-India-Ret.jpg", "site_section": "http://www.financialexpress.com/", "section_title": "The Financial Express | India News Today,Latest National News,Stock Market Today,SENSEX NIFTY,NSE BSE India,Finance News,Business News", "url": "http://www.financialexpress.com/article/miscellaneous/nestle-india-shares-soar-10-pct-as-fssai-approved-lab-finds-maggi-noodles-to-be-safe/114112", "country": "IE", "title": "Nestle India shares soar 7.5% as FSSAI-approved lab finds Maggi noodles to be safe", "performance_score": 0, "site": "financialexpress.com", "participants_count": 1, "title_full": "Nestle India shares soar 7.5% as FSSAI-approved lab finds Maggi noodles to be safe | The Financial Express", "spam_score": 0.0, "site_type": "news", "published": "2015-08-05T21:17:00.000+03:00", "replies_count": 0, "uuid": "42efde97be09010a2c7380e2bb459861d1b43fab"}, "author": "financialexpress.com", "url": "http://www.financialexpress.com/article/miscellaneous/nestle-india-shares-soar-10-pct-as-fssai-approved-lab-finds-maggi-noodles-to-be-safe/114112", "ord_in_thread": 0, "title": "Nestle India shares soar 7.5% as FSSAI-approved lab finds Maggi noodles to be safe", "locations": [], "entities": {"persons": [], "locations": [], "organizations": []}, "highlightText": "", "language": "english", "persons": [], "text": "Nestle India shares jumped as much as 10 per cent in the early trade on Wednesday after a Food Safety Standards Authority of India (FSSAI)-approved laboratory Central Food Technological Research Institute (CFTRI) found Maggi noodles to be in compliance with the country’s food safety standards.\nAt 12.26 pm, Nestle India share price was trading 6.01 per cent higher at Rs 6,735. It opened at Rs 6,762 and touched a high of Rs 7,000 and a low of Rs 6,605 so far. Meanwhile, the BSE Sensex was trading 0.74 per cent higher at 28,280.36 at the same time.\nThe scrip closed 7.53 per cent higher at Rs 6831.95.\nCFTRI had tested five samples sent by Goa Food and Drug Administration (FDA) when Maggi was banned in June in the wake of findings in Uttar Pradesh and other states that the instant noodles brand had lead levels beyond permissible limits.\nNestle India reported a loss of Rs 64.40 crore last week for the second-quarter ended June 2015 against net profit of Rs 287.86 crore in the corresponding quarter a year ago.\n 05, 2015 1:17 pm", "external_links": [], "published": "2015-08-05T21:17:00.000+03:00", "crawled": "2015-08-06T05:27:12.415+03:00", "highlightTitle": ""}