{"organizations": ["Trade Top Uhuru State Visit"], "uuid": "b234e20353da45f5beac1d134bfb08eb665393c8", "thread": {"social": {"gplus": {"shares": 0}, "pinterest": {"shares": 0}, "vk": {"shares": 0}, "linkedin": {"shares": 0}, "facebook": {"likes": 0, "shares": 0, "comments": 0}, "stumbledupon": {"shares": 0}}, "site_full": "allafrica.com", "main_image": "http://allafrica.com/static/images/structure/aa-logo-rgba-no-text-128x128.png", "site_section": "http://allafrica.com/tools/headlines/rdf/business/headlines.rdf", "section_title": "AllAfrica News: Economy, Business and Finance", "url": "http://allafrica.com/stories/201508100667.html", "country": "US", "title": "Uganda: Security, Trade Top Uhuru State Visit to Uganda", "performance_score": 0, "site": "allafrica.com", "participants_count": 0, "title_full": "Uganda: Security, Trade Top Uhuru State Visit to Uganda", "spam_score": 0.0, "site_type": "news", "published": "2015-08-10T12:04:00.000+03:00", "replies_count": 0, "uuid": "b234e20353da45f5beac1d134bfb08eb665393c8"}, "author": "", "url": "http://allafrica.com/stories/201508100667.html", "ord_in_thread": 0, "title": "Uganda: Security, Trade Top Uhuru State Visit to Uganda", "locations": ["Kenya", "Uganda"], "entities": {"persons": [], "locations": [], "organizations": []}, "highlightText": "", "language": "english", "persons": [], "text": "The leaders agreed that subject to financing arrangements and Kenya guaranteeing security, the pipeline project should stand without further delay. \nKenyan exports to Uganda stand at just above $700 million compared to imports worth $180 million. \nPresident Museveni said that he expected to see continued progress in bridging the trade gap. \nAt bilateral talks also at State House Entebbe, President Kenyatta stressed that for East Africans to achieve prosperity Kenya and Uganda need to together work in partnership. \n\"Kenya and Uganda are joined at the hip, we are brothers and sisters who need one another and the main purpose of our visit is to strengthen the already good partnership that exists between our countries and our two people,\" said President Kenyatta. \n\"We are stronger when we work together, we are stronger when we do things together and I think Kenya has already taken up that spirit,\" he added. \nPresident Kenyatta pointed out that Kenya cannot be stable and prosperous if its neighbours are facing challenges and that the two countries need to work closely with each other in sorting out challenges facing other countries within the region. \n\"Be it South Sudan, Somalia or Burundi, we have always taken a common position and a common stand in recognition that we need that stability to achieve the objectives that we have set for our people,\" said the President. \nOn his part host President Yoweri Museveni said the two countries have continuously worked closely to ensure regional security and more so in tackling terrorism. \nHe commended President Kenyatta for being proactive in ensuring that whatever agreements are reached between the two nations implementation is done promptly. \n\"We are very, very happy with the actions of His Excellency especially when he came to government It used take 18 days to transport goods from Mombasa to Uganda, it is now taking three days,\" President Museveni said. \n\"Now, with the railway which we are planning, it will take just one day so that the people of the interior of Africa are not disadvantaged with their geography, \"said President Museveni. \nPresident Kenyatta is accompanied by a delegation heavy in the economic cluster, which includes Cabinet Secretaries Amb. Amina Mohamed (Foreign Affairs and International Trade), Henry Rotich (National Treasury), Amb. Raychelle Omamo (Defence) and James Macharia (Health and Acting CS for Infrastructure). Principal Secretaries Eng Joseph Njoroge for Energy and Petroleum and Sicily Kariuki of Agriculture are also in Uganda. \nAmb. Omamo will separately review the military deployment in Somalia under the AU mission in Somalia (AMISOM) when she meets her counterpart on Sunday. \nOn Sunday, President Kenyatta will address the Ugandan business community and Kenya's diaspora. He is due to deliver a major address to Uganda's parliament on Monday morning. \nLater on Monday, President Kenyatta, President Museveni and Ethiopian Prime Minister Hailemariam Desalegn will meet under the auspices of IGAD to discuss the latest developments in South Sudan. Uganda \nKenyans and Ugandans have been urged not to view each other as competitors but a force that can compete favourably with … see more » Copyright © 2015 Capital FM. All rights reserved. Distributed by AllAfrica Global Media ( allAfrica.com ). To contact the copyright holder directly for corrections — or for permission to republish or make other authorized use of this material, click here. AllAfrica publishes around 2,000 reports a day from more than 130 news organizations and over 200 other institutions and individuals , representing a diversity of positions on every topic. We publish news and views ranging from vigorous opponents of governments to government publications and spokespersons. Publishers named above each report are responsible for their own content, which AllAfrica does not have the legal right to edit or correct. Articles and commentaries that identify allAfrica.com as the publisher are produced or commissioned by AllAfrica . To address comments or complaints, please Contact us .", "external_links": [], "published": "2015-08-10T12:04:00.000+03:00", "crawled": "2015-08-10T13:21:30.239+03:00", "highlightTitle": ""}