{"organizations": [], "uuid": "16795487012f7d49060ee039af8bc1e9b8a34784", "thread": {"social": {"gplus": {"shares": 0}, "pinterest": {"shares": 0}, "vk": {"shares": 0}, "linkedin": {"shares": 0}, "facebook": {"likes": 0, "shares": 0, "comments": 0}, "stumbledupon": {"shares": 0}}, "site_full": "uk.finance.yahoo.com", "main_image": "https://s.yimg.com/bt/api/res/1.2/6rik6AZwuPGCiADf_9dhPQ--/YXBwaWQ9eW5ld3M7cT03NTt3PTYwMA--/http://l.yimg.com/os/mit/media/m/social/images/social_default_logo-1481777.png", "site_section": "https://uk.finance.yahoo.com/news/provider-targetukfocus/?format=rss", "section_title": "Finance News | Reuters - UK Focus - Yahoo! UK & Ireland Finance", "url": "https://uk.finance.yahoo.com/news/australia-shares-sag-banks-retreat-032700056.html", "country": "US", "title": "Australia shares sag as banks retreat, NZ steadier", "performance_score": 0, "site": "yahoo.com", "participants_count": 0, "title_full": "Australia shares sag as banks retreat, NZ steadier", "spam_score": 0.0, "site_type": "news", "published": "2015-08-05T06:27:00.000+03:00", "replies_count": 0, "uuid": "16795487012f7d49060ee039af8bc1e9b8a34784"}, "author": "", "url": "https://uk.finance.yahoo.com/news/australia-shares-sag-banks-retreat-032700056.html", "ord_in_thread": 0, "title": "Australia shares sag as banks retreat, NZ steadier", "locations": ["NZ", "Australia"], "entities": {"persons": [], "locations": [], "organizations": []}, "highlightText": "", "language": "english", "persons": [], "text": "Tip : Use comma (,) to separate multiple quotes. Learn more... \nWed, Aug 5, 2015, 05:26 BST - UK Markets open in 2 hrs 34 mins Australia shares sag as banks retreat, NZ steadier Reuters - UK Focus – 59 minutes ago \n(Adds analysis, quotes, stocks on the move) \nBy Gyles Beckford and Ian Chua \nSYDNEY/WELLINGTON, Aug 5 (Reuters) - Australian shares fell on Wednesday as the banking sector came under renewed pressure following a negative lead from Wall Street. \nThe S&P/ASX 200 index shed 0.3 percent, or 17.5 points, to 5,680.4 by 0320 GMT, retreating from a two-month peak of 5,727.7 on Tuesday. It slid as far as 5,640.0 earlier. \nTraders said the failure to hold above 5,700 for a third time since June also frustrated some investors. \nThe big four banks, which hit multi-week highs in the previous session, all came in the crosshairs of sellers. Commonwealth Bank of Australia (Other OTC: CBAUF - news ) and National Australia Bank both lost around 0.7 percent. \nIn contrast, iron ore miner Fortescue Metals Group, soared nearly 10 percent, topping the leader board. \n\"There is talk Fortescue is going to be selling off its infrastructure to a Chinese group, so that is driving the stock higher,\" said Angus Nicholson, market analyst at IG (LSE: IGG.L - news ) . \nThe Sydney Morning Herald, citing sources, reported that China's Hebei Iron & Steel Group and Tewoo Group have approached Fortescue about acquiring a stake in its infrastructure assets. \n\"But if you look at the commodities complex as a whole, it is still pretty negative. Oil and gold are at pretty low levels and with the possibility of future U.S. dollar rises, they are not looking good,\" Nicholson added. \nPart of the reason for a bullish dollar outlook is prospect of a rise in U.S. interest rates. Views of a September hike were bolstered after Atlanta Federal Reserve President Dennis Lockhart said he would support such a move. \nThose comments in part knocked Wall Street lower overnight. \nFor more individual stock activity, click on \nNew Zealand's NZX50 share index was marginally firmer, recovering some poise after the previous day's sale of a majority stake in Contact Energy (NZSE: CEN.NZ - news ) was completed. \nThe index was last up 0.1 percent at 5,939.36, within sight of a lifetime high set on Monday. \nContact resumed trading merely a cent below where it was before Origin Energy sold its 53 percent stake at a 7 percent discount. \nEnergy stocks, which had been hardest hit by Contact's sell down, were modestly higher with Meridian Energy (Berlin: 15M1.BE - news ) and Mighty River Power (Stuttgart: MRY.SG - news ) nudging up about 0.5 percent. \nOutdoor clothing retailer and takeover target Kathmandu was up 1.2 percent but still below the takeover price being offered by home goods retailer Briscoe. Kathmandu is due to respond to the offer by the end of the week. (Reporting by Ian Chua; Editing by Kim Coghill)", "external_links": [], "published": "2015-08-05T06:27:00.000+03:00", "crawled": "2015-08-05T07:29:58.067+03:00", "highlightTitle": ""}