{"organizations": ["SHELL PLC", "BG"], "uuid": "923e67223a5730119500dae0df3c4235a9f318e2", "thread": {"social": {"gplus": {"shares": 0}, "pinterest": {"shares": 0}, "vk": {"shares": 0}, "linkedin": {"shares": 0}, "facebook": {"likes": 0, "shares": 0, "comments": 0}, "stumbledupon": {"shares": 0}}, "site_full": "uk.finance.yahoo.com", "main_image": "https://s.yimg.com/bt/api/res/1.2/6rik6AZwuPGCiADf_9dhPQ--/YXBwaWQ9eW5ld3M7cT03NTt3PTYwMA--/http://l.yimg.com/os/mit/media/m/social/images/social_default_logo-1481777.png", "site_section": "https://uk.finance.yahoo.com/news/sector-financial-services/?format=rss", "section_title": "Financial Services News - Yahoo! Finance UK", "url": "https://uk.finance.yahoo.com/news/form-8-3-royal-dutch-131200021.html", "country": "GB", "title": "Form 8.3 - ROYAL DUTCH SHELL PLC", "performance_score": 0, "site": "yahoo.com", "participants_count": 0, "title_full": "Form 8.3 - ROYAL DUTCH SHELL PLC", "spam_score": 0.0, "site_type": "news", "published": "2015-08-04T16:12:00.000+03:00", "replies_count": 0, "uuid": "923e67223a5730119500dae0df3c4235a9f318e2"}, "author": "", "url": "https://uk.finance.yahoo.com/news/form-8-3-royal-dutch-131200021.html", "ord_in_thread": 0, "title": "Form 8.3 - ROYAL DUTCH SHELL PLC", "locations": [], "entities": {"persons": [], "locations": [], "organizations": []}, "highlightText": "", "language": "english", "persons": [], "text": "Owner or controller of interest and short positions disclosed, if different from 1(a): Name of offeror/offeree in relation to whose ROYAL DUTCH SHELL PLC relevant securities this form relates: If an exempt fund manager connected with an offeror/offeree, state this and specify identity of In addition to the company in 1(c) above, is the discloser making YES: disclosures in respect of any other party to the offer? BG GROUP PLC \n2. POSITIONS OF THE PERSON MAKING THE DISCLOSURE \nIf there are positions or rights to subscribe to disclose in more than one class of relevant securities of the offeror or offeree named in 1(c), copy table 2(a) or (b) (as appropriate) for each additional class of relevant security. \n(a) Interests and short positions in the relevant securities of the offeror or offeree to which the disclosure relates following the dealing (if any) Class of relevant security: EUR 0.07 A ordinary (including A ADRs) EUR 0.07 B ordinary Shares (including B ADRs) Interests 0.77% \nAll interests and all short positions should be disclosed. \nDetails of any open stock-settled derivative positions (including traded options), or agreements to purchase or sell relevant securities, should be given on a Supplemental Form 8 (Open Positions). \n(b) Rights to subscribe for new securities (including directors’ and other employee options) Class of relevant security in relation to which subscription right exists: Details, including nature of the rights concerned and relevant percentages: \n3. DEALINGS (IF ANY) BY THE PERSON MAKING THE DISCLOSURE \nWhere there have been dealings in more than one class of relevant securities of the offeror or offeree named in 1(c), copy table 3(a), (b), (c) or (d) (as appropriate) for each additional class of relevant security dealt in. \nThe currency of all prices and other monetary amounts should be stated. \n(a) Purchases and sales \n(c) Stock-settled derivative transactions (including options) \n(i) Writing, selling, purchasing or varying Class of relevant security Product description e.g. call option Writing, purchasing, selling, varying etc. Number of securities to which option relates Option money paid/ received per unit \n(ii) Exercise \n(d) Other dealings (including subscribing for new securities) Class of relevant security Price per unit (if applicable) \n4. OTHER INFORMATION \n(a) Indemnity and other dealing arrangements Details of any indemnity or option arrangement, or any agreement or understanding, formal or informal, relating to relevant securities which may be an inducement to deal or refrain from dealing entered into by the person making the disclosure and any party to the offer or any person acting in concert with a party to the offer: Irrevocable commitments and letters of intent should not be included. If there are no such agreements, arrangements or understandings, state “none” \n(b) Agreements, arrangements or understandings relating to options or derivatives Details of any agreement, arrangement or understanding, formal or informal, between the person making the disclosure and any other person relating to: (i) the voting rights of any relevant securities under any option; or (ii) the voting rights or future acquisition or disposal of any relevant securities to which any derivative is referenced: If there are no such agreements, arrangements or understandings, state “none” \n(c) Attachments Is a Supplemental Form 8 (Open Positions) attached?", "external_links": [], "published": "2015-08-04T16:12:00.000+03:00", "crawled": "2015-08-04T16:45:12.139+03:00", "highlightTitle": ""}