{"organizations": [], "uuid": "1c720e66e83b7bc18fdaeb050bf23df391d8b8c4", "thread": {"social": {"gplus": {"shares": 0}, "pinterest": {"shares": 0}, "vk": {"shares": 0}, "linkedin": {"shares": 0}, "facebook": {"likes": 0, "shares": 0, "comments": 0}, "stumbledupon": {"shares": 0}}, "site_full": "allafrica.com", "main_image": "http://allafrica.com/static/images/structure/aa-logo-rgba-no-text-128x128.png", "site_section": "http://allafrica.com/tools/headlines/rdf/business/headlines.rdf", "section_title": "AllAfrica News: Economy, Business and Finance", "url": "http://allafrica.com/stories/201508061477.html", "country": "US", "title": "Nigeria: CBN Officially Bans Foreign Currency Cash Deposits in Nigeria", "performance_score": 0, "site": "allafrica.com", "participants_count": 0, "title_full": "Nigeria: CBN Officially Bans Foreign Currency Cash Deposits in Nigeria", "spam_score": 0.0, "site_type": "news", "published": "2015-08-06T15:30:00.000+03:00", "replies_count": 0, "uuid": "1c720e66e83b7bc18fdaeb050bf23df391d8b8c4"}, "author": "", "url": "http://allafrica.com/stories/201508061477.html", "ord_in_thread": 0, "title": "Nigeria: CBN Officially Bans Foreign Currency Cash Deposits in Nigeria", "locations": ["Nigeria", "Nigeria Nigeria"], "entities": {"persons": [], "locations": [], "organizations": []}, "highlightText": "", "language": "english", "persons": [], "text": "Nigeria: The Police and Criminal Record Database \nThe apex bank also advised those who have deposited foreign currencies into their accounts before the directive to either withdraw the cash as they will not be allowed to transfer the funds. \nThe circular reads in part: \"The Central Bank of Nigeria has considered the recent statements by Deposit Money Banks (DMBs) concerning the large volume of foreign currencies in their vaults and the decision to stop accepting foreign currency cash deposits into customers' domiciliary accounts as a welcome development. \n\"Therefore, in its continued efforts to stop illicit financial flows in the Nigerian banking system which aligns with the anti-money Laundering stance of the Federal Government, the CBN hereby prohibits from the date of this circular the acceptance of foreign currency cash deposits by DMBs. \n\"For foreign currency cash lodgments made prior to the date of this circular, the account holder has the option to either withdraw his or her foreign currency cash or the Naira equivalent. For the avoidance of doubt, only wire transfers to and from Domiciliary Accounts are henceforth permissible. \n\"The CBN advises individuals that wish to source foreign currency for eligible and legitimate purposes such as BTA, PTA medical, mortgage, school fees, goods etc. to do so through recognized channels with the use of Form 'A' for \"invisible\" and Form 'M' for \"visible\" transactions.\" \nBefore now, some banks including Fidelity Bank Plc, Guaranty Trust Bank Plc and Standard Chartered Bank, have already informed their customers they were going to stop receiving foreign currency cash deposit due to \"lack of available foreign exchange cash outlets.\" \nThe naira had appreciated against the dollar signifcantly after banks started denying their customers opportunity to make cash deposits of dollar, pound and euro into their domiciliary accounts. \nIt was also anticipated that the US dollar will further tumble against the naira at the parallel market this week as Deposit Money Banks continue to reject cash deposit of foreign currencies into customers' domiciliary accounts. \nHowever, the naira fell N235 to US$1 in the parallel market on August 4, despite appreciating to N209 barely 24 hours earlier. \nReacting to this development, foreign exchange dealers were hopeful that the naira would still appreciate again against the dollar at the black market. Nigeria \nNo fewer than 12,000 Nigerians, mostly from Borno state, who fled insurgency attacks in their communities to the … see more » Copyright © 2015 Daily Independent. All rights reserved. Distributed by AllAfrica Global Media ( allAfrica.com ). To contact the copyright holder directly for corrections — or for permission to republish or make other authorized use of this material, click here. AllAfrica publishes around 2,000 reports a day from more than 130 news organizations and over 200 other institutions and individuals , representing a diversity of positions on every topic. We publish news and views ranging from vigorous opponents of governments to government publications and spokespersons. Publishers named above each report are responsible for their own content, which AllAfrica does not have the legal right to edit or correct. Articles and commentaries that identify allAfrica.com as the publisher are produced or commissioned by AllAfrica . To address comments or complaints, please Contact us .", "external_links": [], "published": "2015-08-06T15:30:00.000+03:00", "crawled": "2015-08-06T16:52:17.926+03:00", "highlightTitle": ""}