{"organizations": ["NZST"], "uuid": "a85262e28903c077164798c25affb845836ed078", "thread": {"social": {"gplus": {"shares": 0}, "pinterest": {"shares": 0}, "vk": {"shares": 0}, "linkedin": {"shares": 0}, "facebook": {"likes": 0, "shares": 0, "comments": 0}, "stumbledupon": {"shares": 0}}, "site_full": "nz.finance.yahoo.com", "main_image": "https://s1.yimg.com/bt/api/res/1.2/CSU.nh16ju72N766g7t8eQ--/YXBwaWQ9eW5ld3M7aWw9cGxhbmU7cT03NTt3PTYwMA--/http://globalfinance.zenfs.com/images/FIN_ANZ_AAP_ART_FTP_LIVE_1/2994104_20120822000560273224-original_1280x720_original.jpg", "site_section": "https://nz.finance.yahoo.com/news/topic-top-stories/?format=rss", "section_title": "Latest business and finance news from New Zealand and the world's key markets - Yahoo New Zealand Finance", "url": "https://nz.finance.yahoo.com/news/beware-intro-offer-credit-card-024417408.html", "country": "US", "title": "Beware the intro offer credit card con", "performance_score": 0, "site": "yahoo.com", "participants_count": 0, "title_full": "Beware the intro offer credit card con", "spam_score": 0.0, "site_type": "news", "published": "2015-08-11T09:00:00.000+03:00", "replies_count": 0, "uuid": "a85262e28903c077164798c25affb845836ed078"}, "author": "", "url": "https://nz.finance.yahoo.com/news/beware-intro-offer-credit-card-024417408.html", "ord_in_thread": 0, "title": "Beware the intro offer credit card con", "locations": ["New Zealand"], "entities": {"persons": [], "locations": [], "organizations": []}, "highlightText": "", "language": "english", "persons": [], "text": "Tue, Aug 11, 2015, 6:09 PM NZST - New Zealand Markets closed Beware the intro offer credit card con AAP – 8 minutes ago View Photo \n\nBanks are luring customers in with tempting credit card introductory offers, but annual costs can jump by as much as $676 once the honeymoon period is over. \nFinance comparison site Mozo investigated 80 credit cards with initial fee discounts or promotional periods in the leadup to a Senate Inquiry into credit card interest rates. \nIt found the highest ongoing annual cost after the interest-free period was a staggering $1,376 for a Platinum card, while the lowest was just $326, based on an average spend of $3,261. \n\"Unfortunately, honeymoon offers are often marketed on the most expensive credit cards, while low-rate credit cards rarely have these sweeteners attached,\" Mozo Director Kirsty Lamont said. \nMs Lamont said this sort of marketing creates a double whammy of danger for cardholders, who are tempted to spend big without learning the discipline of paying off purchases each month. \n\"This can leave unsuspecting cardholders with huge debts to pay off once the honeymoon period is over, at revert rates of up to 20.74 per cent,\" she said. \nLabor and crossbench senators have established a November inquiry into credit card interest rates, as the gap between card rates and the cash rate stands at a record high. \nWhile the Reserve Bank has slashed its cash rate by 275 basis points since 2011 to an all-time low of two per cent, the average standard credit rate remains relatively unchanged at 17.57 per cent. \nConsumer advocacy group Choice says the big four banks are conning consumers, by offering introductory low-rate deals on cards that revert to high-interest ongoing rates. \n\"Interest rates on ANZ, Commonwealth Bank, NAB and Westpac low rate credit cards have moved by less than one per cent over five years, with most increasing rates from 2013,\" Choice campaigns manager Erin Turner said. \nShe said the only major lender that hadn't hiked the interest rate on its low-rate card was Westpac. But it had kept its rate static for five years, at 13.49 per cent, despite the historic drop in the cash rate. And that still made it poor value. \nMs Turner advised people to seek a better deal through credit unions and smaller lenders, saying the best rate available was 8.99 per cent offered by Community First Credit Union. \n\"Don't trust the big banks when it comes to credit card marketing,\" she said. \n\"Credit cards are high cost products and if you have a card with a big bank you'll pay up big in interest and fees,\" she said. \nTHE FACTS ON YOUR PLASTIC \n* 40pct of credit cards have an intro offer (either a discounted purchase rate or annual fee) \n* 0pct purchase rate offers were often the more expensive down the track \n* Only five of the top 20 lowest cost credit cards have an intro offer \n* On average, a credit card costs $685 to maintain each year \n* The average credit card rate is currently 17.57pct (lowest is 8.99pct, highest is 23.5pct) \n* There are almost twice as many intro purchase rate offers than in 2011 \n(Source: Mozo) @YahooNZBusiness on Twitter, become a fan on Facebook Related Headlines", "external_links": [], "published": "2015-08-11T09:00:00.000+03:00", "crawled": "2015-08-11T09:14:20.913+03:00", "highlightTitle": ""}