{"organizations": [], "uuid": "7c3de279d74fc2aca6af717566308801a1ccc6c6", "thread": {"social": {"gplus": {"shares": 0}, "pinterest": {"shares": 0}, "vk": {"shares": 0}, "linkedin": {"shares": 0}, "facebook": {"likes": 0, "shares": 0, "comments": 0}, "stumbledupon": {"shares": 0}}, "site_full": "www.marketwatch.com", "main_image": "http://mw1.wsj.net/MW5/content/images/logos/mw-social-logo.jpg", "site_section": "http://finance.yahoo.com/news/provider-marketwatch/", "section_title": "MarketWatch News Archive - Yahoo! Finance", "url": "http://www.marketwatch.com/story/republican-debate-drew-record-audience-for-fox-news-2015-08-07", "country": "US", "title": "Republican debate drew record audience for Fox News", "performance_score": 0, "site": "marketwatch.com", "participants_count": 2, "title_full": "Republican debate drew record audience for Fox News - MarketWatch", "spam_score": 0.0, "site_type": "news", "published": "2015-08-07T03:00:00.000+03:00", "replies_count": 1, "uuid": "f302052318a8b8b4b7697eb9735fb04e4a8fb715"}, "author": "By     Steve Goldstein", "url": "http://www.marketwatch.com/story/republican-debate-drew-record-audience-for-fox-news-2015-08-07#post-0", "ord_in_thread": 0, "title": "Republican debate drew record audience for Fox News", "locations": [], "entities": {"persons": [], "locations": [], "organizations": []}, "highlightText": "", "language": "english", "persons": [], "text": "WASHINGTON (MarketWatch) -- The Republican debate drew 24 million viewers to Fox News -- the largest-ever audience in the history of the 21st Century Fox FOX, +4.44% owned broadcaster, according to reports. The participation of real-estate tycoon Donald Trump helped turn the political contest into a highly watched event.", "external_links": [], "published": "2015-08-07T03:00:00.000+03:00", "crawled": "2015-08-07T22:09:42.706+03:00", "highlightTitle": ""}