{"organizations": [], "uuid": "1ab73d0c1a7ee8c8c3ee97497009454a73f096f4", "thread": {"social": {"gplus": {"shares": 0}, "pinterest": {"shares": 0}, "vk": {"shares": 0}, "linkedin": {"shares": 0}, "facebook": {"likes": 0, "shares": 0, "comments": 0}, "stumbledupon": {"shares": 0}}, "site_full": "www.financialexpress.com", "main_image": "", "site_section": "http://www.financialexpress.com/", "section_title": "The Financial Express | India News Today,Latest National News,Stock Market Today,SENSEX NIFTY,NSE BSE India,Finance News,Business News", "url": "http://www.financialexpress.com/article/lifestyle/showbiz/bobbi-kristina-brown-case-nick-gordon-denies-toxic-cocktail-claims/116993", "country": "IE", "title": "Bobbi Kristina Brown case: Nick Gordon denies ‘toxic cocktail’ claims", "performance_score": 0, "site": "financialexpress.com", "participants_count": 1, "title_full": "Bobbi Kristina Brown case: Nick Gordon denies ‘toxic cocktail’ claims | The Financial Express", "spam_score": 0.0, "site_type": "news", "published": "2015-08-11T05:55:00.000+03:00", "replies_count": 0, "uuid": "1ab73d0c1a7ee8c8c3ee97497009454a73f096f4"}, "author": "financialexpress.com", "url": "http://www.financialexpress.com/article/lifestyle/showbiz/bobbi-kristina-brown-case-nick-gordon-denies-toxic-cocktail-claims/116993", "ord_in_thread": 0, "title": "Bobbi Kristina Brown case: Nick Gordon denies ‘toxic cocktail’ claims", "locations": [], "entities": {"persons": [], "locations": [], "organizations": []}, "highlightText": "", "language": "english", "persons": [], "text": "Nick Gordon has denied claims he gave Bobbi Kristina Brown a “toxic cocktail”, which ultimately led to her death.\nCourt documents filed by the conservator of the late 22-year-old aspiring actress allege that Nick Gordon directly caused the daughter of Whitney Houston to “suffer brain damage”, reported OK! magazine.\nIn a statement, Nick Gordon’s representative said, “Nick has been heartbroken and destroyed over the loss of his love and it’s shameful that such baseless allegations have been presented publicly.\n“Nick has engaged civil counsel and intends to defend the lawsuit vigorously and expose it for what it is: a fictitious assault against the person who loved Krissy most.”\nIn the documents filed to the court, Bobbi’s conservator claims Gordon “gave Bobbi Kristina a toxic cocktail rendering her unconscious and then put her face down in a tub of cold water causing her to suffer brain damage”.\n 10, 2015 9:55 pm", "external_links": [], "published": "2015-08-11T05:55:00.000+03:00", "crawled": "2015-08-13T08:58:31.658+03:00", "highlightTitle": ""}