{"organizations": [], "uuid": "0f2cd9971456eed6be7848358c75b871359cee33", "thread": {"social": {"gplus": {"shares": 0}, "pinterest": {"shares": 0}, "vk": {"shares": 0}, "linkedin": {"shares": 0}, "facebook": {"likes": 0, "shares": 0, "comments": 0}, "stumbledupon": {"shares": 0}}, "site_full": "business-news.thestreet.com", "main_image": "", "site_section": "http://business-news.thestreet.com/rome-observer/rss/627", "section_title": "Rome Observer : Personal Finance", "url": "http://business-news.thestreet.com/rome-observer/story/will-fogo-de-chaos-first-earnings-be-tasty-keep-track-of-fossil/13250915", "country": "US", "title": "Will Fogo de Chao's First Earnings Be Tasty? Keep Track of Fossil", "performance_score": 0, "site": "thestreet.com", "participants_count": 0, "title_full": "Will Fogo de Chao's First Earnings Be Tasty? Keep Track of Fossil", "spam_score": 0.0, "site_type": "news", "published": "2015-08-11T03:15:00.000+03:00", "replies_count": 0, "uuid": "0f2cd9971456eed6be7848358c75b871359cee33"}, "author": "", "url": "http://business-news.thestreet.com/rome-observer/story/will-fogo-de-chaos-first-earnings-be-tasty-keep-track-of-fossil/13250915", "ord_in_thread": 0, "title": "Will Fogo de Chao's First Earnings Be Tasty? Keep Track of Fossil", "locations": [], "entities": {"persons": [], "locations": [], "organizations": []}, "highlightText": "", "language": "english", "persons": ["Fogo de Chao", "Will Fogo de Chao"], "text": "Will Fogo de Chao's First Earnings Be Tasty? Keep Track of Fossil Written by: U-Jin Lee 08/10/15 - 8:15 PM EDT Tickers in this article: FOGO FOSL FRPT \nNEW YORK (TheStreet) -- Earnings season is slowly trailing off but it's not over yet. On Tuesday , TheStreet will cover a few remaining key earnings, as well as important economic data. \nA number of companies will be reporting their latest quarterly earnings results after the market close. \n, Brazilian steakhouse Fogo de Chao , and pet food maker Freshpet are all scheduled to release their latest earnings results. Fogo de Chao is a Brazilian steakhouse, or churrascaria, which has specialized for over 35 years in fire-roasting high-quality meats using the Southern Brazilian cooking technique of churrasco. The steakhouse straddles the fast-casual and more traditional dining spaces. It will be the first earnings the company reports. For the latest quarter, the company is expected to post earnings of $0.22 a share on revenue of $65.26 million. In late June, the restaurant chain priced its initial public offering of more than 4 million shares at $20 a share. Currently, it operates 26 restaurants in the U.S., 10 in Brazil, and one in Mexico. Looking ahead, CEO Larry Johnson said that the company will continue to grow and expand. On the economic calendar, the productivity and reports is set to come out at 8:30 a.m. This is a quarterly report released by the Bureau of Labor Statistics that measures the level of output in producing goods. Look also for the release of the Redbook in the morning, which is a weekly indicator of chain-store sales. More Headlines", "external_links": [], "published": "2015-08-11T03:15:00.000+03:00", "crawled": "2015-08-11T06:34:36.689+03:00", "highlightTitle": ""}