{"organizations": [], "uuid": "ff1af1e1546c9e63e52f36b388538e70be74e7ed", "thread": {"social": {"gplus": {"shares": 0}, "pinterest": {"shares": 0}, "vk": {"shares": 0}, "linkedin": {"shares": 0}, "facebook": {"likes": 0, "shares": 0, "comments": 0}, "stumbledupon": {"shares": 0}}, "site_full": "www.financialexpress.com", "main_image": "", "site_section": "http://www.financialexpress.com/", "section_title": "The Financial Express | India News Today,Latest National News,Stock Market Today,SENSEX NIFTY,NSE BSE India,Finance News,Business News", "url": "http://www.financialexpress.com/article/markets/indian-markets/adani-enterprises-shares-jump-over-7-on-jv-talks-with-foxconn/114068", "country": "IE", "title": "Adani Enterprises shares jump over 4.5% on talks with Foxconn for a $5 bn JV", "performance_score": 0, "site": "financialexpress.com", "participants_count": 1, "title_full": "Adani Enterprises shares jump over 4.5% on talks with Foxconn for a $5 bn JV | The Financial Express", "spam_score": 0.0, "site_type": "news", "published": "2015-08-05T20:08:00.000+03:00", "replies_count": 0, "uuid": "ff1af1e1546c9e63e52f36b388538e70be74e7ed"}, "author": "financialexpress.com", "url": "http://www.financialexpress.com/article/markets/indian-markets/adani-enterprises-shares-jump-over-7-on-jv-talks-with-foxconn/114068", "ord_in_thread": 0, "title": "Adani Enterprises shares jump over 4.5% on talks with Foxconn for a $5 bn JV", "locations": [], "entities": {"persons": [], "locations": [], "organizations": []}, "highlightText": "", "language": "english", "persons": [], "text": "Adani Enterprises shares surged over 7 per cent in the noon trade on Wednesday after the company said on Tuesday that it is in talks with Taiwan’s Foxconn for a possible joint venture. According to reports, the joint venture between Adani and Foxconn plans to invest close to $5 billion in coming years for manufacturing electronics in India.\nFoxconn is the world’s largest contract maker of electronic products and counts companies like Apple, BlackBerry, Motorola, Huawei and Xiaomi as clients.\nAt 11.50 am, the share price of the company was Quote: d 7.94 per cent higher at Rs 101.90. It opened at Rs 96.20 and has touched a high and low of Rs 103 and Rs 95.50, in trade so far. Meanwhile, the BSE Sensex was trading 0.73 per cent higher at 28,277.\nThe scrip closed 4.61 per cent higher at Rs 98.75.\nAccording to market analysts, Adani group owns and operates Mundra Port, which has a special economic zone status, and is beneficial to any multinational company looking to set up export facilities in India.\n(With inputs from Reuters)\n 05, 2015 12:08 pm", "external_links": [], "published": "2015-08-05T20:08:00.000+03:00", "crawled": "2015-08-06T05:11:05.754+03:00", "highlightTitle": ""}