{"organizations": ["Associated Press", "Primero Mining"], "uuid": "370d66d6f58eec59bebcbbf66f0fcb2d4275828f", "thread": {"social": {"gplus": {"shares": 0}, "pinterest": {"shares": 0}, "vk": {"shares": 0}, "linkedin": {"shares": 0}, "facebook": {"likes": 0, "shares": 0, "comments": 0}, "stumbledupon": {"shares": 0}}, "site_full": "au.finance.yahoo.com", "main_image": "https://s.yimg.com/bt/api/res/1.2/6rik6AZwuPGCiADf_9dhPQ--/YXBwaWQ9eW5ld3M7cT03NTt3PTYwMA--/http://l.yimg.com/os/mit/media/m/social/images/social_default_logo-1481777.png", "site_section": "https://au.finance.yahoo.com/news/category-commodities/?format=rss", "section_title": "Commodities Market News - Yahoo!7 Australia Finance", "url": "https://au.finance.yahoo.com/news/primero-mining-reports-2q-loss-122801535.html", "country": "US", "title": "Primero Mining reports 2Q loss", "performance_score": 0, "site": "yahoo.com", "participants_count": 0, "title_full": "Primero Mining reports 2Q loss", "spam_score": 0.0, "site_type": "news", "published": "2015-08-05T15:28:00.000+03:00", "replies_count": 0, "uuid": "370d66d6f58eec59bebcbbf66f0fcb2d4275828f"}, "author": "", "url": "https://au.finance.yahoo.com/news/primero-mining-reports-2q-loss-122801535.html", "ord_in_thread": 0, "title": "Primero Mining reports 2Q loss", "locations": ["Australia"], "entities": {"persons": [], "locations": [], "organizations": []}, "highlightText": "", "language": "english", "persons": [], "text": "Wed, Aug 5, 2015, 11:29 PM AEST - Australia Markets closed Primero Mining reports 2Q loss Primero Mining reports second-quarter loss but tops expectations Associated Press – 1 hour 1 minute ago Recommend PPP 2.57 \nVANCOUVER, British Columbia (AP) _ Primero Mining Corp. (PPP) on Wednesday reported a second-quarter loss of $6.7 million, after reporting a profit in the same period a year earlier. \nThe Vancouver, British Columbia-based company said it had a loss of 4 cents per share. Earnings, adjusted for non-recurring costs, were 1 cent per share. \nThe results beat Wall Street expectations. The average estimate of four analysts surveyed by Zacks Investment Research was for a loss of 2 cents per share. \nThe precious metals producer posted revenue of $67.4 million in the period. \nThe company's shares closed at $2.57. A year ago, they were trading at $7.59.", "external_links": [], "published": "2015-08-05T15:28:00.000+03:00", "crawled": "2015-08-05T16:30:42.877+03:00", "highlightTitle": ""}