{"organizations": [], "uuid": "3435051137bfa60acd2a345b04ae3b3c65751b6e", "thread": {"social": {"gplus": {"shares": 0}, "pinterest": {"shares": 0}, "vk": {"shares": 0}, "linkedin": {"shares": 0}, "facebook": {"likes": 0, "shares": 0, "comments": 0}, "stumbledupon": {"shares": 0}}, "site_full": "www.cnbc.com", "main_image": "http://fm.cnbc.com/applications/cnbc.com/resources/img/editorial/2015/02/10/102414597-512043309.1910x1000.jpg", "site_section": "http://www.cnbc.com/id/21324812/device/rss/rss.html", "section_title": "Personal Finance", "url": "http://www.cnbc.com/2015/08/06/card-debt-is-getting-riskier.html", "country": "US", "title": "Why credit card debt is getting riskier", "performance_score": 2, "site": "cnbc.com", "participants_count": 0, "title_full": "Why credit card debt is getting riskier", "spam_score": 0.0, "site_type": "news", "published": "2015-08-06T16:01:00.000+03:00", "replies_count": 0, "uuid": "3435051137bfa60acd2a345b04ae3b3c65751b6e"}, "author": "", "url": "http://www.cnbc.com/2015/08/06/card-debt-is-getting-riskier.html", "ord_in_thread": 0, "title": "Why credit card debt is getting riskier", "locations": [], "entities": {"persons": [], "locations": [], "organizations": []}, "highlightText": "", "language": "english", "persons": ["Sharon Epperson"], "text": "CNBC.com SHARES <p>Millennials & money: Dealing with debt</p> <p>Being a Millennial certainly has its challenges, as most in this cohort are struggling with massive debt loads. The average Millennial is $47,689 in debt, mostly from student loans -- and that amount increases exponentially for older Millennials. Sharon Epperson on how to deal with this debt. </p> \nThe prospect of a Federal Reserve interest rate hike has plenty of investors on edge, but there is also another group that needs to take notice ... people who carry a balance on their credit cards. \nConsumers have been taking on more credit card debt , and they are not paying it off every month. If interest rates rise, that behavior could become significantly more costly. \nTotal credit card debt stood at $901 billion in May, according to Federal Reserve data , up 3.19 percent from a year earlier and up further, from $839.5 billion, as of the end of 2010. It is the third largest type of household debt, after mortgages and student loans. And a Nerdwallet analysis of Fed data found that among households with credit card debt, the average balance stood at $15,863 as of July. (Tweet This) 7 in 10 say debt is a 'necessity' for them \nCredit card debt is not spread equally across the country. A survey by CreditCards.com found that San Francisco is the metro area with the lowest credit card balances, and San Antonio had the highest. \nIt would be one thing if people were paying off their card balance each month. But a newly released survey by Prosper, a peer-to-peer lending platform, found that just 37.4 percent of credit card holders pay their balance in full each month, and 15.9 percent pay only the minimum balance. (Tweet This) \nThe National Foundation for Credit Counseling calculated that some 35 million people are rolling over at least $2,500 in credit card debt every month. \nWith an interest rate hike, \"the same amount of debt that Americans are carrying is going to get more expensive—but the problem is they are carrying more debt every year,\" said Sean McQuay, credit card associate at Nerdwallet. Using current average household credit card debt, he calculated that a 1 percentage point rate hike would cost that household $160 per year. In the aggregate, consumers would pay $9 billion more per year in credit card interest. \nMost Fed watchers expect the central bank to raise rates initially by a 0.25 of a percentage point in September. Watch out: These credit cards have 12 different fees \nThe news on credit card debt is not all bad. A survey for the National Foundation for Credit Counseling found that the percent of households with credit card debt has been steadily declining, from 44 percent in 2009 to 34 percent in 2014. \nIn addition, the share of people paying off their balance seems to be gradually increasing, according to Matt Schulz, a senior analyst at CreditCards.com. The American Bankers Association calculated that so called transactors, people who pay their balance every month, accounted for 29.2 percent of credit card accounts in the fourth quarter of 2014, up 0.5 percent from fourth quarter 2013. \n\"The number of people I see paying off their balance is still not enough people, but it's good that that number is climbing,\" Schulz said. \nCredit card delinquencies have been falling as well, but McQuay is not impressed. \"In the financial crisis, a lot of people declared bankruptcy, so banks had to write off their credit card debt and it comes out delinquency rate. I don't really read the delinquency rate being so low as such a big thing,\" he said. \"I don't think it was consumers paying off their credit card debt that really moved that needle.\" Best credit cards for college students and grads Arthur Carlo Franco | Getty Images \nConsumers have several options for reducing the pain of shaving away credit card debt, experts said. One is to contact the issuer and inquire about waiving a late fee or reducing the interest rate on the card, said Schulz. A Nerdwallet survey found that when people asked about waiving fees they were successful 80 to 85 percent of the time, and they were able to reduce card interest rates about 60 percent of the time. (It would also help to know the interest rate: Prosper found that just 48 percent of cardholders do.) \nAnother option is to take advantage of a zero interest balance transfer offer, Schulz said. An interest rate hike \"might make zero percent balance transfers an endangered species,\" he said, but consumers who act quickly can buy some time to whittle away their debt. Consumers need to be careful to obey all the terms of a transfer, though, since any misstep may put them at risk of having the zero percent offer revoked. \nMcQuay offered an old fashioned solution: paying attention. \"Finances don't need to be exciting to be effective,\" he said. \"People just need to write down what they are spending and where they are spending it.\" Then, he said, just chip away. Kelley Holland Special to CNBC SHOW COMMENTS", "external_links": [], "published": "2015-08-06T16:01:00.000+03:00", "crawled": "2015-08-06T17:13:21.484+03:00", "highlightTitle": ""}