{"organizations": ["CommBank"], "uuid": "0a42b3e13496c05fba534f2a30a0c24f9119ef64", "thread": {"social": {"gplus": {"shares": 0}, "pinterest": {"shares": 0}, "vk": {"shares": 0}, "linkedin": {"shares": 0}, "facebook": {"likes": 0, "shares": 0, "comments": 0}, "stumbledupon": {"shares": 0}}, "site_full": "nz.finance.yahoo.com", "main_image": "https://s1.yimg.com/bt/api/res/1.2/5yNrpN8XVkngOsqonM.ymw--/YXBwaWQ9eW5ld3M7aWw9cGxhbmU7cT03NTt3PTYwMA--/http://globalfinance.zenfs.com/images/FIN_ANZ_AAP_ART_FTP_LIVE_1/2985901_5Aug_CBA_1280x720_original.jpg", "site_section": "https://nz.finance.yahoo.com/news/topic-top-stories/?format=rss", "section_title": "Latest business and finance news from New Zealand and the world's key markets - Yahoo New Zealand Finance", "url": "https://nz.finance.yahoo.com/news/commbank-part-ways-controversial-mine-105808270.html", "country": "US", "title": "CommBank part ways with controversial mine", "performance_score": 0, "site": "yahoo.com", "participants_count": 0, "title_full": "CommBank part ways with controversial mine", "spam_score": 0.0, "site_type": "news", "published": "2015-08-05T14:14:00.000+03:00", "replies_count": 0, "uuid": "0a42b3e13496c05fba534f2a30a0c24f9119ef64"}, "author": "", "url": "https://nz.finance.yahoo.com/news/commbank-part-ways-controversial-mine-105808270.html", "ord_in_thread": 0, "title": "CommBank part ways with controversial mine", "locations": ["New Zealand"], "entities": {"persons": [], "locations": [], "organizations": []}, "highlightText": "", "language": "english", "persons": [], "text": "Thu, Aug 6, 2015, 12:07 AM NZST - New Zealand Markets open in 9 hrs 53 mins CommBank part ways with controversial mine AAP – 53 minutes ago View Photo \n\nThe Commonwealth Bank's role as adviser to the controversial Carmichael coal mine in Queensland has ended, dealing another blow to the beleaguered project. \nThe bank's financial advice mandate with Indian mining giant Adani has ended, following a Federal Court ruling that overturned the approval of its coal mine. \n\"As part of Adani's refocusing of the project on gaining the various outstanding approvals, the financial advisory mandate has ended,\" a Commonwealth Bank spokesman told AAP on Wednesday. \nThe termination of the agreement puts another roadblock in the project's path after environmentalists declared victory when the Federal Court ruled the coal mine's approval was invalid. \nEnvironment Minister Greg Hunt conceded to the court he failed to properly assess the project. \nIn a statement Adani said the \"technical legal error\" from Minister Hunt's office meant he would now have to reconsider their application. \nEnvironmentalists celebrated both the court ruling and the Commonwealth Bank's conclusion of its mandate with the mining giant. \n\"The decision comes on the back of a growing public campaign,\" a GetUp spokesman said in a statement. \n\"CommBank join eleven other international banks that have pulled out of the project.\" @YahooNZBusiness on Twitter, become a fan on Facebook", "external_links": [], "published": "2015-08-05T14:14:00.000+03:00", "crawled": "2015-08-05T15:16:28.836+03:00", "highlightTitle": ""}