{"organizations": ["Linc Energy"], "uuid": "96d1058422343c45681106aa98a50375d58043f8", "thread": {"social": {"gplus": {"shares": 0}, "pinterest": {"shares": 0}, "vk": {"shares": 0}, "linkedin": {"shares": 0}, "facebook": {"likes": 0, "shares": 0, "comments": 0}, "stumbledupon": {"shares": 0}}, "site_full": "au.finance.yahoo.com", "main_image": "https://s.yimg.com/bt/api/res/1.2/6rik6AZwuPGCiADf_9dhPQ--/YXBwaWQ9eW5ld3M7cT03NTt3PTYwMA--/http://l.yimg.com/os/mit/media/m/social/images/social_default_logo-1481777.png", "site_section": "https://au.finance.yahoo.com/news/topic-top-stories/?format=rss", "section_title": "Australian Business & World Finance News - Yahoo!7 Finance", "url": "https://au.finance.yahoo.com/news/linc-energy-defends-gas-pollution-072807966.html", "country": "GB", "title": "Linc Energy defends gas pollution claims", "performance_score": 0, "site": "yahoo.com", "participants_count": 0, "title_full": "Linc Energy defends gas pollution claims", "spam_score": 0.0, "site_type": "news", "published": "2015-08-11T10:28:00.000+03:00", "replies_count": 0, "uuid": "96d1058422343c45681106aa98a50375d58043f8"}, "author": "", "url": "https://au.finance.yahoo.com/news/linc-energy-defends-gas-pollution-072807966.html", "ord_in_thread": 0, "title": "Linc Energy defends gas pollution claims", "locations": ["Australia"], "entities": {"persons": [], "locations": [], "organizations": []}, "highlightText": "", "language": "english", "persons": [], "text": "Tue, Aug 11, 2015, 5:32 PM AEST - Australia Markets closed Linc Energy defends gas pollution claims AAP – 4 minutes 49 seconds ago Recommend Print \nLinc Energy is continuing to defend a controversial underground gas operation against claims of serious pollution thought to have landed four Queensland government workers in hospital. \nThe workers fell ill with suspected gas poisoning after conducting soil and gas testing at the Hopeland site, west of Brisbane, in March. \nOne said he felt nauseous for several hours and blood tests showed elevated levels of carbon monoxide, according to documents obtained by the ABC. \nGases released at the plant have also caused the permanent acidification of nearby soil, an expert study commissioned by the state government found. \nWhile the workers' symptoms were consistent with carbon monoxide exposure, Linc Energy maintains there is no evidence to suggest their sickness was a result of atmospheric contaminants. \nThe company organised its own independent inquiry after the incident. \n\"The sample that was being collected, from the area where the work parties were working, was found to have no presence of carbon monoxide,\" a spokesman said. \nTwo Linc staff who attended the site did not report any health problems. \nEnvironment Minister Steven Miles flew to Chinchilla in June with concerns for the wellbeing of 50 families who live near the plant. \nThe Environment Department had found enough evidence, after a four-month investigation, to level a fifth charge of causing serious environmental harm against Linc Energy - meaning it could be fined up to $32.5 million. \nThe government's report will not be released to local residents until next month. \nHopeland Community Sustainability Group's Shay Dougall said residents are disgusted. \n\"We're told the government investigators became sick, but what about the land holders who have lived with this toxic mix constantly?\" she said. \nThere is no immediate threat to human health in the area, the department said in a statement. \n\"The full extent of any impacts to agriculture, including grazing or cropping, are continuing to be investigated by the department's experts and the University of Queensland,\" it read. \nQueensland Greens senator Larissa Waters said residents are being used as \"test bunnies\". \n\"It's time to end this toxic experiment with our land, water and people's health that is underground coal gasification and coal seam gas mining alike,\" she said. \nThe Environment Department denied the material obtained by the ABC is \"secret\" but said it was commissioned for use in legal proceedings due to start in October. @y7finance on Twitter, become a fan on Facebook Domino's to charge for faster delivery AAP \nDomino's has set its sights on becoming the fastest option in fast food by promising to deliver pizza within 15 …", "external_links": [], "published": "2015-08-11T10:28:00.000+03:00", "crawled": "2015-08-11T10:33:33.398+03:00", "highlightTitle": ""}