{"organizations": ["Merge   Terex", "Terex", "Konecranes"], "uuid": "6a016eff6de5d3deab4e2e6eb09eb580d7e4bb76", "thread": {"social": {"gplus": {"shares": 0}, "pinterest": {"shares": 0}, "vk": {"shares": 0}, "linkedin": {"shares": 0}, "facebook": {"likes": 0, "shares": 0, "comments": 0}, "stumbledupon": {"shares": 0}}, "site_full": "www.equipmentfa.com", "main_image": "", "site_section": "http://www.equipmentfa.com/rss/feeds/latestnews.xml", "section_title": "Equipment Finance Advisor", "url": "http://www.equipmentfa.com/news/4578/terex-and-konecranes-to-merge", "country": "US", "title": "Terex and Konecranes to Merge", "performance_score": 0, "site": "equipmentfa.com", "participants_count": 0, "title_full": "Terex and Konecranes to Merge", "spam_score": 0.0, "site_type": "news", "published": "2015-08-11T15:02:00.000+03:00", "replies_count": 0, "uuid": "6a016eff6de5d3deab4e2e6eb09eb580d7e4bb76"}, "author": "", "url": "http://www.equipmentfa.com/news/4578/terex-and-konecranes-to-merge", "ord_in_thread": 0, "title": "Terex and Konecranes to Merge", "locations": [], "entities": {"persons": [], "locations": [], "organizations": []}, "highlightText": "", "language": "english", "persons": [], "text": "  Terex and Konecranes to Merge August 11, 2015, 08:02 AM Related: Cranes , Materials Handling Equipment , Terex \nTerex Corporation and Konecranes Plc jointly announced that their respective Boards of Directors have unanimously approved a definitive business combination agreement and the resulting all-stock merger of equals. Konecranes and Terex will combine to create a single company with estimated pro forma 2014 revenues and EBITDA of $10.0 billion and $845 million, respectively. Upon completion of the transaction, Terex shareholders will own approximately 60% of the combined company and Konecranes shareholders will own approximately 40%. The new company will be named Konecranes Terex Plc and will be incorporated in Finland. The combination will bring together two complementary leaders in cranes, materials handling, and equipment servicing solutions to create a premier industrial company. The combined company is expected to create enhanced shareholder value in a variety of ways, among them: Increased global scale with enhanced competitiveness to rival low-cost emerging market players; Broader presence in key sectors with greater opportunity to capitalize on growth trends in the port and industrial sectors as well as services; More robust portfolio of complementary products and customer solutions; Critical scale for further technology development and enhanced R&D; Significant operational and corporate synergies and complimentary geographic profiles; and Strong balance sheet and cash flow generation to support growth and return of capital to shareholders \nTerex CEO Ron DeFeo commented “This merger brings together two great businesses and through synergies provides another lever that is within our control to deliver value-creation to both the shareholders of Terex and Konecranes. We have a deep respect for Konecranes and look forward to joining forces with them to build a stronger and more diverse company that will be in an excellent position to succeed in a dynamic and highly competitive global industry.” \"The combination of Konecranes and Terex is a defining step in the history of both companies,\" added Stig Gustavson, Chairman of Konecranes. \"With a focus on Lifting and Material Handling solutions, Konecranes Terex will be in an excellent position to deliver enhanced growth in revenue and margins through several strategic advantages, including significant cross-selling opportunities. There is a common culture between the two organizations, with both companies having long histories of designing competitive and innovative solutions. Together, we will have the opportunity to expand what Konecranes and Terex have built and become even stronger in the future.\" Today's Other News", "external_links": [], "published": "2015-08-11T15:02:00.000+03:00", "crawled": "2015-08-12T01:07:32.363+03:00", "highlightTitle": ""}