{"organizations": [], "uuid": "ffbfcedaf03be7b661f6c0352cf7114cd61853e9", "thread": {"social": {"gplus": {"shares": 0}, "pinterest": {"shares": 0}, "vk": {"shares": 0}, "linkedin": {"shares": 0}, "facebook": {"likes": 0, "shares": 0, "comments": 0}, "stumbledupon": {"shares": 0}}, "site_full": "www.reuters.com", "main_image": "", "site_section": "http://www.reuters.com/finance/personal-finance", "section_title": "Wealth, Personal Finance &amp; Money | Reuters.com", "url": "http://www.reuters.com/article/2015/08/07/markets-stocks-usa-idUSL3N10I4GO20150807", "country": "US", "title": "US STOCKS SNAPSHOT-Futures extend losses after jobs data", "performance_score": 0, "site": "reuters.com", "participants_count": 1, "title_full": "US STOCKS SNAPSHOT-Futures extend losses after jobs data | Reuters", "spam_score": 0.0, "site_type": "news", "published": "2015-08-07T16:38:00.000+03:00", "replies_count": 0, "uuid": "ffbfcedaf03be7b661f6c0352cf7114cd61853e9"}, "author": "Reuters", "url": "http://www.reuters.com/article/2015/08/07/markets-stocks-usa-idUSL3N10I4GO20150807", "ord_in_thread": 0, "title": "US STOCKS SNAPSHOT-Futures extend losses after jobs data", "locations": [], "entities": {"persons": [], "locations": [], "organizations": []}, "highlightText": "", "language": "english", "persons": [], "text": "Aug 7 U.S. stock index futures extended their losses on Friday after non-farm payroll numbers rose at a solid clip in July, signaling an improving economy that could open the door wider to a Federal Reserve interest rate hike in September.\nNon-farm payrolls increased 215,000 last month, below the 223,000 that economists polled by Reuters had expected. However, wages rebounded after a surprise stall in the prior month.\nFutures snapshot at 8:37 a.m. EDT:\n* S&P 500 e-minis were down 7.5 points, or 0.36 percent, with 153,809 contracts traded.\n* Nasdaq 100 e-minis were down 19 points, or 0.42 percent, on volume of 23,847 contracts.\n* Dow e-minis were down 62 points, or 0.36 percent, with 17,561 contracts changing hands. (Reporting by Tanya Agrawal; Editing by Saumyadab Chakrabarty)", "external_links": [], "published": "2015-08-07T16:38:00.000+03:00", "crawled": "2015-08-07T15:48:09.086+03:00", "highlightTitle": ""}