{"organizations": [], "uuid": "8135f7f502518d1c2cf87e358d39a9c52c1d88b1", "thread": {"social": {"gplus": {"shares": 0}, "pinterest": {"shares": 0}, "vk": {"shares": 0}, "linkedin": {"shares": 0}, "facebook": {"likes": 0, "shares": 0, "comments": 0}, "stumbledupon": {"shares": 0}}, "site_full": "www.reuters.com", "main_image": "", "site_section": "http://www.reuters.com/finance/personal-finance", "section_title": "Wealth, Personal Finance &amp; Money | Reuters.com", "url": "http://www.reuters.com/article/2015/08/11/china-markets-yuan-britain-idUSU8N0ZN00R20150811", "country": "US", "title": "UK business body welcomes China's yuan devaluation", "performance_score": 0, "site": "reuters.com", "participants_count": 1, "title_full": "UK business body welcomes China's yuan devaluation | Reuters", "spam_score": 0.0, "site_type": "news", "published": "2015-08-11T19:16:00.000+03:00", "replies_count": 0, "uuid": "8135f7f502518d1c2cf87e358d39a9c52c1d88b1"}, "author": "Reuters", "url": "http://www.reuters.com/article/2015/08/11/china-markets-yuan-britain-idUSU8N0ZN00R20150811", "ord_in_thread": 0, "title": "UK business body welcomes China's yuan devaluation", "locations": [], "entities": {"persons": [], "locations": [], "organizations": []}, "highlightText": "", "language": "english", "persons": [], "text": "LONDON Aug 11 The Confederation of British Industry said on Tuesday that China's decision to devalue the yuan by nearly 2 percent should boost demand for British exports to China in the long run.\nThe CBI, which represents many of Britain's largest companies, said a weaker yuan could help support Chinese growth after an unexpectedly big fall in the country's exports last month.\n\"Although a depreciation in the renminbi against sterling will put pressure on UK exports to China in the short term, the effect on Chinese growth should be beneficial to UK exporters over the longer term,\" Rain Newton-Smith, the CBI's director of economics, said. (Reporting by David Milliken ; editing by John Stonestreet)", "external_links": [], "published": "2015-08-11T19:16:00.000+03:00", "crawled": "2015-08-11T18:30:28.924+03:00", "highlightTitle": ""}