{"organizations": [], "uuid": "2d4feb362bcd804ec230856156d12f51dac0780c", "thread": {"social": {"gplus": {"shares": 0}, "pinterest": {"shares": 0}, "vk": {"shares": 0}, "linkedin": {"shares": 0}, "facebook": {"likes": 0, "shares": 0, "comments": 0}, "stumbledupon": {"shares": 0}}, "site_full": "www.financialexpress.com", "main_image": "", "site_section": "http://www.financialexpress.com/", "section_title": "The Financial Express | India News Today,Latest National News,Stock Market Today,SENSEX NIFTY,NSE BSE India,Finance News,Business News", "url": "http://www.financialexpress.com/article/industry/banking-finance/indian-rupee-recovers-14-paise-to-64-64-against-us-dollar-in-early-trade/118611", "country": "IE", "title": "Indian rupee recovers 14 paise to 64.64 against US dollar in early trade", "performance_score": 0, "site": "financialexpress.com", "participants_count": 1, "title_full": "Indian rupee recovers 14 paise to 64.64 against US dollar in early trade | The Financial Express", "spam_score": 0.0, "site_type": "news", "published": "2015-08-13T18:21:00.000+03:00", "replies_count": 0, "uuid": "2d4feb362bcd804ec230856156d12f51dac0780c"}, "author": "financialexpress.com", "url": "http://www.financialexpress.com/article/industry/banking-finance/indian-rupee-recovers-14-paise-to-64-64-against-us-dollar-in-early-trade/118611", "ord_in_thread": 0, "title": "Indian rupee recovers 14 paise to 64.64 against US dollar in early trade", "locations": [], "entities": {"persons": [], "locations": [], "organizations": []}, "highlightText": "", "language": "english", "persons": [], "text": "Breaking its six-day falling spree, the rupee recovered 14 paise to 64.64 against the US dollar in early trade on Thursday on fresh selling of the American currency by exporters and banks amid positive economic data.\nBut the dollar’s firmness against euro and other currencies overseas capped the gains, dealers said.\nBesides, a higher opening in the domestic equity market, industrial production growing at a 4-month high of 3.8 per cent in June and inflation falling to 3.78 per cent in July, helped the local currency, they added.\nThe rupee had tumbled 59 paise to nearly 2-year low at 64.78 against the US dollar in Wednesday’s trade on sustained demand for the American currency from importers on the back of a firm greenback overseas following yuan devaluation.\nMeanwhile, the benchmark BSE Sensex recovered 278.84 points, or 1.01 per cent, to trade at 27,791.10 in early trade.\n 13, 2015 10:21 am", "external_links": [], "published": "2015-08-13T18:21:00.000+03:00", "crawled": "2015-08-13T08:57:06.226+03:00", "highlightTitle": ""}