{"organizations": [], "uuid": "6b1357c14ea8f0f5865fa347fb0c364f6fa2aae0", "thread": {"social": {"gplus": {"shares": 0}, "pinterest": {"shares": 0}, "vk": {"shares": 0}, "linkedin": {"shares": 0}, "facebook": {"likes": 0, "shares": 0, "comments": 0}, "stumbledupon": {"shares": 0}}, "site_full": "www.moneylife.in", "main_image": "http://moneylife.in/site/userimage/image/thumbnail/Dpradhan05815.jpg", "site_section": "http://www.moneylife.in/site/rss.php", "section_title": "Moneylife Personal Finance Magazine", "url": "http://www.moneylife.in/article/internet-failure-leads-to-fuel-crisis-in-tripura/43029.html", "country": "IN", "title": "Internet failure leads to fuel crisis in Tripura", "performance_score": 0, "site": "moneylife.in", "participants_count": 1, "title_full": "Internet failure leads to fuel crisis in Tripura", "spam_score": 0.0, "site_type": "news", "published": "2015-08-05T07:55:00.000+03:00", "replies_count": 0, "uuid": "6b1357c14ea8f0f5865fa347fb0c364f6fa2aae0"}, "author": "IANS", "url": "http://www.moneylife.in/article/internet-failure-leads-to-fuel-crisis-in-tripura/43029.html", "ord_in_thread": 0, "title": "Internet failure leads to fuel crisis in Tripura", "locations": [], "entities": {"persons": [], "locations": [], "organizations": []}, "highlightText": "", "language": "english", "persons": [], "text": "Moneylife » Life » Public Interest » Internet failure leads to fuel crisis in Tripura 43029 Internet failure leads to fuel crisis in Tripura 0 Comments, Be the first to comment + COMMENT IANS | 05/08/2015 10:25 AM | Internet connectivity failure has led to a transport fuel crisis in Tripura for the past five days, forcing the state government to seek intervention of Petroleum and Natural Gas Minister Dharmendra Pradhan. \"Hundreds of oil tankers from Guwahati have been stranded in IOCL (Indian Oil Corporation Limited) depot in Dharmanagar, the entry point to Tripura by road from Assam,\" a Tripura food department official said. \"As the internet connectivity is down, the IOCL officials are unable to get clearances online from their authorities in Guwahati,\" the official said. \"In absence of clearances from the IOCL authorities, the hundreds of oil tankers, carrying petrol and diesel, are unable to move to different parts of Tripura including capital city Agartala, 200 km from Dharmanagar,\" he said. Tripura Food and Civil Supplies Minister Bhanulal Saha in an urgent letter to Petroleum and Natural Gas Minister Dharmendra Pradhan requested him to intervene in the matter and resolve the problem. More in Moneylife", "external_links": [], "published": "2015-08-05T07:55:00.000+03:00", "crawled": "2015-08-05T14:15:49.800+03:00", "highlightTitle": ""}