{"organizations": [], "uuid": "34d4bd2cb4104cd27106718fbc09fb36958a54b0", "thread": {"social": {"gplus": {"shares": 0}, "pinterest": {"shares": 0}, "vk": {"shares": 0}, "linkedin": {"shares": 0}, "facebook": {"likes": 0, "shares": 0, "comments": 0}, "stumbledupon": {"shares": 0}}, "site_full": "www.jdsupra.com", "main_image": "http://www.jdsupra.com/showThumbnail.aspx?img=14750_4641.jpg&size=og", "site_section": "http://www.jdsupra.com/resources/syndication/docsRSSfeed.aspx?ftype=FinanceBanking&premium=1", "section_title": "Finance & Banking RSS Feed | JD Supra Law News", "url": "http://www.jdsupra.com/legalnews/2015-mid-year-securities-litigation-and-75650/", "country": "US", "title": "2015 Mid-Year Securities Litigation and Enforcement Highlights", "performance_score": 0, "site": "jdsupra.com", "participants_count": 1, "title_full": "2015 Mid-Year Securities Litigation and Enforcement Highlights", "spam_score": 0.0, "site_type": "news", "published": "2015-08-05T20:25:00.000+03:00", "replies_count": 0, "uuid": "34d4bd2cb4104cd27106718fbc09fb36958a54b0"}, "author": "BakerHostetler", "url": "http://www.jdsupra.com/legalnews/2015-mid-year-securities-litigation-and-75650/", "ord_in_thread": 0, "title": "2015 Mid-Year Securities Litigation and Enforcement Highlights", "locations": [], "entities": {"persons": [], "locations": [], "organizations": []}, "highlightText": "", "language": "english", "persons": [], "text": "2015 Mid-Year Securities Litigation and Enforcement Highlights more+ Contact \nTo embed, copy and paste the code into your website or blog: <iframe src=\"http://www.jdsupra.com/post/contentViewerEmbed.aspx?fid=f3286b32-42e0-4351-8ff5-a2f030426089\" width=\"100%\" height=\"620\" frameborder=\"1\" style=\"border: 2px solid #ccc; overflow-x:hidden !important; overflow:hidden;\" scrolling=\"auto\"></iframe> \nWelcome to the 2015 Mid-Year Report from the BakerHostetler Securities Litigation and Regulatory Enforcement Practice Team. The purpose is to provide a periodic survey, apart from our team Executive Alerts, on matters we believe of interest to sophisticated general counsel, chief compliance officers, compliance departments, legal departments, and members of the securities and commodities industries at financial institutions, private investment funds, and public companies. \nPlease see full publication below more information. \nFirefox recommends the PDF Plugin for Mac OS X for viewing PDF documents in your browser. \nWe can also show you Legal Updates using the Google Viewer; however, you will need to be logged into Google Docs to view them. \nPlease choose one of the above to proceed! \nLOADING PDF: If there are any problems, click here to download the file. \nDISCLAIMER: Because of the generality of this update, the information provided herein may not be applicable in all situations and should not be acted upon without specific legal advice based on particular situations. \n© BakerHostetler \"My best business intelligence, in one easy email… Or, sign up using your email address * With LinkedIn, you don't need to create a separate login to manage your free JD Supra account, and we can make suggestions based on your needs and interests. We will not post anything on LinkedIn in your name.", "external_links": [], "published": "2015-08-05T20:25:00.000+03:00", "crawled": "2015-08-05T20:36:12.446+03:00", "highlightTitle": ""}