{"organizations": [], "uuid": "a5e8e4d2b3a68e21759cf3d8fb8d0d58c771810a", "thread": {"social": {"gplus": {"shares": 0}, "pinterest": {"shares": 0}, "vk": {"shares": 0}, "linkedin": {"shares": 0}, "facebook": {"likes": 0, "shares": 0, "comments": 0}, "stumbledupon": {"shares": 0}}, "site_full": "www.financialexpress.com", "main_image": "", "site_section": "http://www.financialexpress.com/section/personal-finance/", "section_title": "Personal Finance News:Personal Finance Articles,Personal Finance Tips,Banking and Finance News | The Financial Express", "url": "http://www.financialexpress.com/article/industry/companies/apple-inc-supplier-hon-hai-confirms-death-at-china-plant-after-watchdog-reports-suicide/115186", "country": "IE", "title": "Apple Inc supplier Hon Hai confirms death at China plant after watchdog reports suicide", "performance_score": 0, "site": "financialexpress.com", "participants_count": 1, "title_full": "Apple Inc supplier Hon Hai confirms death at China plant after watchdog reports suicide | The Financial Express", "spam_score": 0.0, "site_type": "news", "published": "2015-08-07T16:44:00.000+03:00", "replies_count": 0, "uuid": "a5e8e4d2b3a68e21759cf3d8fb8d0d58c771810a"}, "author": "financialexpress.com", "url": "http://www.financialexpress.com/article/industry/companies/apple-inc-supplier-hon-hai-confirms-death-at-china-plant-after-watchdog-reports-suicide/115186", "ord_in_thread": 0, "title": "Apple Inc supplier Hon Hai confirms death at China plant after watchdog reports suicide", "locations": [], "entities": {"persons": [], "locations": [], "organizations": []}, "highlightText": "", "language": "english", "persons": [], "text": "Taiwan’s Hon Hai Precision Industry Co Ltd, a key supplier to Apple Inc, confirmed the death of an employee at its Zhengzhou plant in China which a labour group said was suicide.\nHon Hai, the world’s largest contract manufacturer of electronic products, is one of the largest private employers in China and has worked to improve labour conditions following a series of suicides in 2010-2011, mostly at its Shenzhen manufacturing operation.\nThe statement from Hon Hai, which goes by the trade name of Foxconn, came after watchdog China Labor Watch reported that a Foxconn worker committed suicide by jumping off a building at the Zhengzhou plant which makes Apple Inc’s iPhone products.\nIn a statement, Hon Hai said that a 28-year-old male employee was found dead outside a building at its campus in Zhengzhou in the early morning of Aug. 4.\nFirst Published on August 07, 2015 8:44 am", "external_links": [], "published": "2015-08-07T16:44:00.000+03:00", "crawled": "2015-08-07T08:39:37.445+03:00", "highlightTitle": ""}