{"organizations": [], "uuid": "c9981871e97be28a0866f24b05c0eb7076d26f84", "thread": {"social": {"gplus": {"shares": 0}, "pinterest": {"shares": 0}, "vk": {"shares": 0}, "linkedin": {"shares": 0}, "facebook": {"likes": 0, "shares": 0, "comments": 0}, "stumbledupon": {"shares": 0}}, "site_full": "uk.finance.yahoo.com", "main_image": "https://s.yimg.com/bt/api/res/1.2/6rik6AZwuPGCiADf_9dhPQ--/YXBwaWQ9eW5ld3M7cT03NTt3PTYwMA--/http://l.yimg.com/os/mit/media/m/social/images/social_default_logo-1481777.png", "site_section": "https://uk.finance.yahoo.com/news/sector-basic-resources/?format=rss", "section_title": "Basic Resources News - Yahoo! Finance UK", "url": "https://uk.finance.yahoo.com/news/european-shares-edge-lower-weighed-084023924.html", "country": "US", "title": "European shares edge lower, weighed down by China concerns", "performance_score": 0, "site": "yahoo.com", "participants_count": 0, "title_full": "European shares edge lower, weighed down by China concerns", "spam_score": 0.0, "site_type": "news", "published": "2015-08-10T11:40:00.000+03:00", "replies_count": 0, "uuid": "c9981871e97be28a0866f24b05c0eb7076d26f84"}, "author": "", "url": "https://uk.finance.yahoo.com/news/european-shares-edge-lower-weighed-084023924.html", "ord_in_thread": 0, "title": "European shares edge lower, weighed down by China concerns", "locations": ["China"], "entities": {"persons": [], "locations": [], "organizations": []}, "highlightText": "", "language": "english", "persons": [], "text": "Tip : Use comma (,) to separate multiple quotes. Learn more... \nMon, Aug 10, 2015, 10:10 BST - UK Markets close in 6 hrs 20 mins European shares edge lower, weighed down by China concerns Reuters - UK Focus – 30 minutes ago \n* Euro STOXX 50 down 0.3 pct \n* BHP Billiton (NYSE: BBL - news ) down 2.5 pct after job cut \nBy Liisa Tuhkanen \nLONDON, Aug 10 (Reuters) - European shares edged lower on Monday as disappointing economic data out of China and falls in mining companies BHP Billiton and Anglo American (LSE: AAL.L - news ) weighed on the market. \nThe euro zone's blue-chip Euro STOXX 50 index was down 0.3 percent by 0815 GMT, while the pan-European FTSEurofirst 300 index edged 0.6 percent lower to 1,564.94 points. Both ended last week on a downbeat note, closing down 0.8 and 0.9 percent respectively. \n\"There is softness on the market on concerns over the Chinese economy,\" said Brenda Kelly, analyst at London Capital (LSE: LCG.L - news ) Group. \nChina is under growing pressure to further stimulate its economy after data over the weekend showed another heavy fall in factory-gate prices and a surprise slump in exports. \nThe world's second-largest economy is officially targeted to grow at 7 percent this year, still strong by global standards, but some economists believe it is expanding at a much slower pace. \n\"I think we can probably come to expect GDP number later on this week of less than 7 percent. It's going to be very difficult for China to actually come good on that one,\" Kelly said. \nAmong individual movers, miner BHP Billiton dropped 2.5 percent after saying it would cut 380 jobs at its Olympic Dam copper and uranium mine in Australia, citing global market conditions in the resources sector and a desire to ensure the project was sustainable. \nRival Anglo American also fell more than 2 percent after a Chilean newspaper reported that a British investment fund will buy Anglo's Chilean copper assets. \nOn the upside, JCDecaux (Paris: FR 77919 - news ) rose 2.6 percent after its co-chief executive Jean-Francois Decaux told the Financial Times that the company could double its market share in the next decade. \nEurope bourses in 2015: http://link.reuters.com/pap87v \nAsset performance in 2015: http://link.reuters.com/gap87v \nToday's European research round-up", "external_links": [], "published": "2015-08-10T11:40:00.000+03:00", "crawled": "2015-08-10T12:12:39.731+03:00", "highlightTitle": ""}