{"organizations": [], "uuid": "e2221da936c31e8f6f6bd861c082fcceb251ec78", "thread": {"social": {"gplus": {"shares": 0}, "pinterest": {"shares": 0}, "vk": {"shares": 0}, "linkedin": {"shares": 0}, "facebook": {"likes": 0, "shares": 0, "comments": 0}, "stumbledupon": {"shares": 0}}, "site_full": "uk.finance.yahoo.com", "main_image": "https://s.yimg.com/bt/api/res/1.2/6rik6AZwuPGCiADf_9dhPQ--/YXBwaWQ9eW5ld3M7cT03NTt3PTYwMA--/http://l.yimg.com/os/mit/media/m/social/images/social_default_logo-1481777.png", "site_section": "https://uk.finance.yahoo.com/news/provider-telegraph/?format=rss", "section_title": "Finance News | Telegraph - Yahoo! UK & Ireland Finance", "url": "https://uk.finance.yahoo.com/news/repossessions-fall-historic-low-home-124114869.html", "country": "US", "title": "Repossessions fall to historic low as home owners keep on top of their mortgages", "performance_score": 0, "site": "yahoo.com", "participants_count": 0, "title_full": "Repossessions fall to historic low as home owners keep on top of their mortgages", "spam_score": 0.0, "site_type": "news", "published": "2015-08-13T15:41:00.000+03:00", "replies_count": 0, "uuid": "e2221da936c31e8f6f6bd861c082fcceb251ec78"}, "author": "", "url": "https://uk.finance.yahoo.com/news/repossessions-fall-historic-low-home-124114869.html", "ord_in_thread": 0, "title": "Repossessions fall to historic low as home owners keep on top of their mortgages", "locations": [], "entities": {"persons": [], "locations": [], "organizations": []}, "highlightText": "", "language": "english", "persons": [], "text": "Tip : Use comma (,) to separate multiple quotes. Learn more... \nThu, Aug 13, 2015, 14:02 BST - UK Markets close in 2 hrs 28 mins Repossessions fall to historic low as home owners keep on top of their mortgages By Tim Wallace | Telegraph – 21 minutes ago Print \nLow interest rates have helped homeowners pay their mortgages and keep their properties \nRepossessions fell to the lowest level ever as more families and landlords stayed on top of their mortgage payments in the second quarter of the year. \nLow interest rates were a key factor in reducing debt problems, while the economic recovery with relatively low unemployment and rising wages also helped. \nThe three-month period saw 2,500 properties taken into possession by lenders, down from 3,000 in the previous quarter and from 5,400 in the second quarter of 2014. \nBy contrast, in 2009, 48,900 homes were repossessed, averaging more than 12,000 per quarter, according to the data from the Council of Mortgage Lenders. \nThe latest figures translate to a repossession rate of 0.02pc, or one property in every 5,000. \nOf the 2,000 homes repossessed in the second quarter, 1,800 were owner-occupied and 700 were buy-to-let properties. \nAt the same time the number of borrowers who were behind on their mortgage payments is also at a record low. \nThe CML said that 106,400 borrowers had arrears amounting to more than 2.5pc of the mortgage balance in the second quarter, the lowest figure since the industry's quarterly data series began in 2008. \nOf those in arrears 100,700 were owner-occupiers, and 5,700 buy-to-let borrowers. A total of 20,800 had arrears of between 5pc and 7.5pc of their mortgage balance, while 10,300 were overdue on payments amounting to between 7.5pc and 10pc, while a further 23,400 had arrears of more than 10pc. \n\"Across all measures, mortgage arrears and repossessions are continuing to improve. We continue to see some amplification of the downward trend in repossessions, which may bring into question our repossessions forecast for 2015 as a whole,\" said the CML's director general Paul Smee. \n\"This trend is very welcome. Low interest rates are acting as a significant support for home owners in general, and are likely to be helping to stave off low-level arrears for stretched households in particular.\" \nThe figures come as increasing numbers of homeowners are remortgaging their properties in an effort to lock in low interest rates before the Bank of England decides to start making borrowing more expensive .", "external_links": [], "published": "2015-08-13T15:41:00.000+03:00", "crawled": "2015-08-13T16:03:05.006+03:00", "highlightTitle": ""}