{"organizations": [], "uuid": "d95a002c59cf47d72bccd145eb523e36ae919a23", "thread": {"social": {"gplus": {"shares": 0}, "pinterest": {"shares": 0}, "vk": {"shares": 0}, "linkedin": {"shares": 0}, "facebook": {"likes": 0, "shares": 0, "comments": 0}, "stumbledupon": {"shares": 0}}, "site_full": "media.smh.com.au", "main_image": "http://images.smh.com.au/2015/08/13/6764056/th-panda-with-money.jpg", "site_section": "http://www.smh.com.au/business/markets/sectors/share-listing/3510/health-care/health-care-equipment-and-services", "section_title": "Business News, Economy, Finance &amp; ASX Market News", "url": "http://media.smh.com.au/video-news/video-world-news/chinas-devaluation-what-it-means-6764054.html", "country": "AU", "title": "Peter Martin explains why China's devaluation of the Yuan is good", "performance_score": 0, "site": "smh.com.au", "participants_count": 1, "title_full": "Peter Martin explains why China's devaluation of the Yuan is good", "spam_score": 0.0, "site_type": "news", "published": "2015-08-13T03:00:00.000+03:00", "replies_count": 0, "uuid": "d95a002c59cf47d72bccd145eb523e36ae919a23"}, "author": "The Sydney Morning Herald", "url": "http://media.smh.com.au/video-news/video-world-news/chinas-devaluation-what-it-means-6764054.html", "ord_in_thread": 0, "title": "Peter Martin explains why China's devaluation of the Yuan is good", "locations": [], "entities": {"persons": [], "locations": [], "organizations": []}, "highlightText": "", "language": "english", "persons": [], "text": "Peter Martin explains why China is devaluing its currency - and why it could be good for Australia.", "external_links": [], "published": "2015-08-13T03:00:00.000+03:00", "crawled": "2015-08-14T05:45:32.594+03:00", "highlightTitle": ""}