{"organizations": [], "uuid": "37f12925dea03054e7771c1f2541eb5bb6bebeb8", "thread": {"social": {"gplus": {"shares": 0}, "pinterest": {"shares": 0}, "vk": {"shares": 0}, "linkedin": {"shares": 0}, "facebook": {"likes": 0, "shares": 0, "comments": 0}, "stumbledupon": {"shares": 0}}, "site_full": "www.wallstreetoasis.com", "main_image": "", "site_section": "http://www.wallstreetoasis.com/node/feed", "section_title": "Wall Street Oasis - Investment Banking & Finance Community", "url": "http://www.wallstreetoasis.com/event/webinar-biotechpharma-consulting-case-study-7pm-et-81015", "country": "US", "title": "Webinar: Biotech/Pharma Consulting Case Study -- 7pm ET, 8/10/15", "performance_score": 0, "site": "wallstreetoasis.com", "participants_count": 1, "title_full": "Webinar: Biotech/Pharma Consulting Case Study -- 7pm ET, 8/10/15", "spam_score": 0.0, "site_type": "news", "published": "2015-08-08T13:00:00.000+03:00", "replies_count": 0, "uuid": "37f12925dea03054e7771c1f2541eb5bb6bebeb8"}, "author": "wsomentors", "url": "http://www.wallstreetoasis.com/event/webinar-biotechpharma-consulting-case-study-7pm-et-81015", "ord_in_thread": 0, "title": "Webinar: Biotech/Pharma Consulting Case Study -- 7pm ET, 8/10/15", "locations": [], "entities": {"persons": [], "locations": [], "organizations": []}, "highlightText": "", "language": "english", "persons": [], "text": "on 8/8/15 at 6:00am WEBINAR DESCRIPTION \nOn Monday August 10th, 7PM ET Wall Street Mentor Dr Steven Mo will be hosting webinar a covering a Consulting Case Study on biotech/pharma R&D strategy and drug portfolio management (~45min), with a q&a session to follow. \nMore info from the presenter: In order to mitigate the considerable risks in developing drugs, the pharmaceutical industry is going through an extended phase of consolidation/transformation to try to realize economies of scale. Dr Steven Mo will go over a very interesting case on biotech/pharma R&D strategy and drug portfolio management . \nSteven's bio: Healthcare IT Director at a Fortune 20 company, Entrepreneur, Rhodes Scholar, and ex- BCG consultant with a Ph.D. in Biomedical Engineering (Oxford) and a B.S. in Biology (MIT); former interviewer at BCG , especially target candidates with PhD, JD, and/or MD background. \nIf you missed the webinar, it will be available on the homepage in exactly 1 month, for 24 hours September 10, 2015 before going into the WSO Video Library. WALL STREET MENTORS \nInterested in one-on-one personalized help from a WSO Mentor? Professionals in investment banking, private equity, hedge funds, sales & trading , management consulting , corporate finance and more are ready to help you with mock interviews , career consultations and detailed industry advice this week. Order 1 hour, 3 hour or 5 hour packages. To learn more about the Wall Street Mentors program, please click the Learn More button below: LEARN MORE WSO VIDEO LIBRARY - ALL WEBINARS + MORE \nBelow is a list of some of the webinars we currently have in the WSO Video Library...this is in addition to actual mock interviews and Q&As videos from some of our top mentors... with more on the way every week! Investment Banking + Sales & Trading Webinars Transitioning from Investment Banking to Private Equity Banking Fit Interviews 3 Secrets to Breaking into S&T Leveraged Loans Market Mastering the Sales & Trading Interview Fixed Income Sales and Trading - Products and Markets - July Breaking in / Working in S&T - September IPO's: How they are sold, how they are valued and why they usually go up Best Practices for Technical Interviews transaction advisory Working for a middle market investment bank How to decide between whether IB or S&T is right for you My Experience as an Analyst at Goldman Sachs Non-Target School to BB IB Career switching - going from engineering to banking - my story Technical Interview Prep Recruiting for IB in Germany MBA and your IB / PE Career IB in India: Recruiting, lateraling, networking, and foreigners working in India Surviving a summer IBD internship and how to go about treating return offers How a Middle Market M&A Process Works and a Junior Banker's Role Deciding between S&T, I Banking and Capital Markets + Who is capital markets right for? Mid Market PE & M&A in Toronto/Canada Former Goldman intern program manager discusses how to make the most of your summer internship + more! Private Equity & Venture Capital Webinars PE Recruiting & Transition to PE Webinar Growth Equity Investing Webinar Lessons from My Path: Consulting to MM Private Equity 6/19 How the PE investment process works and how to make a PE investment case - July Getting the VC Job - July PE Success Story from a Low GPA , Non-Target Engineering Major - Mid July Week in the Life of an Investment Director at a Growth Equity PE Firm - August Sources of Value Creation in Private Equity.\" - August Starting your own PE firm: structuring deals and building a business as an independent sponsor - September How to speak about your IB deals in a PE interview setting Week in the Life of a Private Equity Analyst Recruiting into a growth equity fund from a background in merchant banking and equity research + the current investing environment within growth equity Mid Market PE & M&A in Toronto/Canada + more!", "external_links": [], "published": "2015-08-08T13:00:00.000+03:00", "crawled": "2015-08-08T16:02:38.275+03:00", "highlightTitle": ""}