{"organizations": [], "uuid": "46b8ea4052ff12f52c4cab3b7ccc4c06817c47f5", "thread": {"social": {"gplus": {"shares": 0}, "pinterest": {"shares": 0}, "vk": {"shares": 0}, "linkedin": {"shares": 0}, "facebook": {"likes": 0, "shares": 0, "comments": 0}, "stumbledupon": {"shares": 0}}, "site_full": "uk.finance.yahoo.com", "main_image": "https://s.yimg.com/bt/api/res/1.2/6rik6AZwuPGCiADf_9dhPQ--/YXBwaWQ9eW5ld3M7cT03NTt3PTYwMA--/http://l.yimg.com/os/mit/media/m/social/images/social_default_logo-1481777.png", "site_section": "https://uk.finance.yahoo.com/news/sector-health-care/?format=rss", "section_title": "Health Care News | Pharmaceutical News - Yahoo! Finance UK", "url": "https://uk.finance.yahoo.com/news/coca-cola-bottlers-agree-three-134108517.html", "country": "US", "title": "Coca Cola bottlers agree three-way €28bn mega deal", "performance_score": 0, "site": "yahoo.com", "participants_count": 0, "title_full": "Coca Cola bottlers agree three-way €28bn mega deal", "spam_score": 0.0, "site_type": "news", "published": "2015-08-06T16:41:00.000+03:00", "replies_count": 0, "uuid": "46b8ea4052ff12f52c4cab3b7ccc4c06817c47f5"}, "author": "", "url": "https://uk.finance.yahoo.com/news/coca-cola-bottlers-agree-three-134108517.html", "ord_in_thread": 0, "title": "Coca Cola bottlers agree three-way €28bn mega deal", "locations": [], "entities": {"persons": [], "locations": [], "organizations": []}, "highlightText": "", "language": "english", "persons": [], "text": "35.7499 -0.0701 \nCoca-Cola Enterprises announces biggest European consumer deal for a century as it agrees to combine with Coca-Cola Iberian Partners and its German rival to create the world's biggest independent Coke bottler \nCoca-Cola Enterprises, the bottling group, has unveiled a three way merger with two of its counterparts in the biggest European consumer deal this century. \nThe group has announced a deal to combine with Coca-Cola Iberian Partners and the German bottling business of the Coca-Cola Company. \nThe new business, named Coca-Cola European Partners (CCEP), is expected to be worth around €28bn (£19.6bn). \nThe CCEP deal is expected to achieve synergies of between $350m and $375m within three years of completing. \nThe combination will mean that CCEP, which serves 300 million people in 13 territories spanning most of Western Europe, will have annual sales of around $12.6bn (£8bn) and earnings of $2.1bn. \nCCEP will be based in the UK as the three-way merger has been structured as an inversion deal , a type of structure that was thrust into the spotlight by Pfizer (NYSE: PFE - news ) 's pursuit of AstraZeneca (NYSE: AZN - news ) , in order to reduce its tax bill. \nIt will be the largest ever inversion deal involving a consumer company, ahead of Burger King (EUREX: 18860462.EX - news ) 's $11.4bn takeover of doughnut chain Tim Hortons in 2014. \nCCEP will be listed on the Amsterdam Euronext, the New York Stock Exchange and the Madrid Stock Exchange. \nThe new business will be the third largest consumer company on the Amsterdam Stock Exchange after conglomerate Unilever (NYSE: UL - news ) and brewer Heineken (Other OTC: HEINY - news ) . \nIn November brewing giant SABMiller (Amsterdam: MI8.AS - news ) agreed a deal with bottling firm Coca-Cola sabco to form a new company to cover 40pc of all the fizzy drink sold in Africa. \n“The creation of Coca-Cola European Partners will build on each bottler’s capabilities to create more efficient operations in their respective markets across Western Europe,” said John Brock, chairman and chief executive officer of Coca-Cola Enterprises. \nDeutsche advised Coca-Cola Company, Lazard acted as lead financial adviser to CC and Rothschild advised Coca Cola Iberia.", "external_links": [], "published": "2015-08-06T16:41:00.000+03:00", "crawled": "2015-08-06T16:56:48.033+03:00", "highlightTitle": ""}