{"organizations": [], "uuid": "f00f442535f282798a2971977e7925900de31b40", "thread": {"social": {"gplus": {"shares": 0}, "pinterest": {"shares": 0}, "vk": {"shares": 0}, "linkedin": {"shares": 0}, "facebook": {"likes": 0, "shares": 0, "comments": 0}, "stumbledupon": {"shares": 0}}, "site_full": "www.artipot.com", "main_image": "", "site_section": "http://rss.artipot.com/category/72", "section_title": "Artipot: Finance > Investing Articles", "url": "http://www.artipot.com/articles/1922427/index-provider-services-offering-calculation-of-custom-index-for-investors.htm", "country": "US", "title": "Index provider services offering calculation of custom index for investors (Jemma Barsby)", "performance_score": 0, "site": "artipot.com", "participants_count": 0, "title_full": "Index provider services offering calculation of custom index for investors (Jemma Barsby)", "spam_score": 0.0, "site_type": "news", "published": "2015-08-13T10:03:00.000+03:00", "replies_count": 0, "uuid": "f00f442535f282798a2971977e7925900de31b40"}, "author": "", "url": "http://www.artipot.com/articles/1922427/index-provider-services-offering-calculation-of-custom-index-for-investors.htm", "ord_in_thread": 0, "title": "Index provider services offering calculation of custom index for investors (Jemma Barsby)", "locations": [], "entities": {"persons": [], "locations": [], "organizations": []}, "highlightText": "", "language": "english", "persons": ["Jemma Barsby"], "text": "By Jemma Barsby Aug 13, 2015 Trading in stock market is one of the biggest investment choices that people are having now all over the world. People have a number of items to trade in such as shares, commodities, and many others depending upon their comfort zone and choice. There was a number when trading was a difficult term when people had to do it manually but with the advancement in technology, this difficulty has been removed with a number of ways. One of the ways how the process of trading is simplified is through the help of the best index provider to take the correct decision.Use of index in tradingFew years back, when trade was through manual means, people had to come face to face to exchange the items, but now time has changed. You do not have to meet the client or you do not even have to know about the client and you can trade. Again in previous times, you just had to decide on your own noticing the market trends about the trade. But now there are so many ways that can help you taking a decision in trading. Index calculation is one such method through which you can take correct decisions while trading. For people who wish to have a unique index, there are many providers who calculate custom index also.Research well and calculate the indices properly to know the market trend and then invest in the market to gain the maximum profit out of it. It should be noticed that when   stock market, you should be careful because a slight slip can lead you to a huge loss. Hence, it is very much needed that you should stop guessing work and adapt to some realistic and calculative alternatives that can provide you better results each time.Customizing indexA new trend that has evolved in such index calculation of stock market is the customization of the index. Now there are a number of index calculation expert companies that offer you calculations and conclusions about when to trade and where to trade. As per the new trend there are many individuals who wish to have a unique index requirement, and this is fulfilled by many providers and expert companies that offer such indexes. These expert companies offer calculation of many various customized indexes from the database of various items from across the world.Calculation, maintenance and data reliability of such indexes that are customized are almost similar to the methods of core indexes. There are also a number of advantages that you will love about these indexes. They have a wide coverage and also enjoy a global support. You get such indexes after rigorous calculations and hence you can expect proper transparency and results that are well established. Due to these reasons and advantages, these indexes are known to be very much reliable and hence today many investors are wishing to have such calculations for their trade purpose.The best thing is that when you approach a provider, they will make you understand in detail about the index and will offer you proper support. About the Author The author is related to index provider services and has good experience in methodologies of index calculation. The author introduces the concept of custom index and some other facts in this article. Rating:", "external_links": [], "published": "2015-08-13T10:03:00.000+03:00", "crawled": "2015-08-14T00:59:21.967+03:00", "highlightTitle": ""}