{"organizations": [], "uuid": "8ef636c718a2a507590d542e6ce7dfce1684f641", "thread": {"social": {"gplus": {"shares": 0}, "pinterest": {"shares": 0}, "vk": {"shares": 0}, "linkedin": {"shares": 0}, "facebook": {"likes": 0, "shares": 0, "comments": 0}, "stumbledupon": {"shares": 0}}, "site_full": "uk.finance.yahoo.com", "main_image": "https://s.yimg.com/bt/api/res/1.2/6rik6AZwuPGCiADf_9dhPQ--/YXBwaWQ9eW5ld3M7cT03NTt3PTYwMA--/http://l.yimg.com/os/mit/media/m/social/images/social_default_logo-1481777.png", "site_section": "https://uk.finance.yahoo.com/news/category-international/?format=rss", "section_title": "World Business News | Finance News - Yahoo! Finance UK", "url": "https://uk.finance.yahoo.com/news/grain-mixed-livestock-mixed-155409534.html", "country": "GB", "title": "Grain mixed and livestock mixed", "performance_score": 0, "site": "yahoo.com", "participants_count": 0, "title_full": "Grain mixed and livestock mixed", "spam_score": 0.0, "site_type": "news", "published": "2015-08-06T22:30:00.000+03:00", "replies_count": 0, "uuid": "8ef636c718a2a507590d542e6ce7dfce1684f641"}, "author": "", "url": "https://uk.finance.yahoo.com/news/grain-mixed-livestock-mixed-155409534.html", "ord_in_thread": 0, "title": "Grain mixed and livestock mixed", "locations": [], "entities": {"persons": [], "locations": [], "organizations": []}, "highlightText": "", "language": "english", "persons": [], "text": "Tip : Use comma (,) to separate multiple quotes. Learn more... \nThu, Aug 6, 2015, 20:46 BST - UK Markets closed Grain mixed and livestock mixed Wheat and oats higher, corn and soybeans lower on the CBOT; beef higher, pork lower on the CME. Associated Press – 15 minutes ago Print \nCHICAGO (AP) -- Grain futures were mixed Thursday on the Chicago Board of Trade. \nWheat for September delivery was up 5 cents to $5.07 a bushel; December corn fell 2.75 cents to 3.8050 a bushel; December oats rose .75 cent to 2.45 a bushel; while November soybeans lost 10 cents to $9.4325 a bushel. \nBeef rose while pork fell on the Chicago Mercantile Exchange. October live cattle was up .68 cent to $1.4885 a pound; August feeder cattle rose .85 cent to $2.1497 a pound; while October lean hogs lost 2.32 cents to $.6445 a pound. Follow the quotes you care about most. Access timely news and investment updates to stay on top of the market. … More » Yahoo UK & Ireland Finance Terms \nQuotes are real-time for NASDAQ, NYSE, and NYSEAmex when available. See also delay times for other exchanges . Quotes and other information supplied by independent providers identified on the Yahoo! Finance partner page . Quotes are updated automatically, but will be turned off after 25 minutes of inactivity. Quotes are delayed at least 15 minutes. All information provided \"as is\" for informational purposes only, not intended for trading purposes or advice. Neither Yahoo! nor any of independent providers is liable for any informational errors, incompleteness, or delays, or for any actions taken in reliance on information contained herein. By accessing the Yahoo! site, you agree not to redistribute the information found therein. \nFundamental company data provided by Capital IQ . Historical chart data and daily updates provided by Commodity Systems, Inc. (CSI) . International historical chart data and daily updates provided by Morningstar, Inc . Yahoo! - News Network", "external_links": [], "published": "2015-08-06T22:30:00.000+03:00", "crawled": "2015-08-06T22:49:58.364+03:00", "highlightTitle": ""}