{"organizations": [], "uuid": "46d7ea56f3f4c36eb51d05e0add05841a5b15f2a", "thread": {"social": {"gplus": {"shares": 0}, "pinterest": {"shares": 0}, "vk": {"shares": 0}, "linkedin": {"shares": 0}, "facebook": {"likes": 0, "shares": 0, "comments": 0}, "stumbledupon": {"shares": 0}}, "site_full": "www.arabianbusiness.com", "main_image": "http://www.arabianbusiness.com/incoming/article483200.ece/BINARY/158270141.jpg", "site_section": "http://www.arabianbusiness.com//industries/banking-finance/?service=rss", "section_title": "Arabian Business - Banking & Finance", "url": "http://www.arabianbusiness.com/saudi-royals-set-buy-541m-berlusconi-estate-602180.html", "country": "US", "title": "Saudi royals set to buy $541m Berlusconi estate", "performance_score": 0, "site": "arabianbusiness.com", "participants_count": 0, "title_full": "Saudi royals set to buy $541m Berlusconi estate", "spam_score": 0.0, "site_type": "news", "published": "2015-08-10T14:15:00.000+03:00", "replies_count": 0, "uuid": "46d7ea56f3f4c36eb51d05e0add05841a5b15f2a"}, "author": "", "url": "http://www.arabianbusiness.com/saudi-royals-set-buy-541m-berlusconi-estate-602180.html", "ord_in_thread": 0, "title": "Saudi royals set to buy $541m Berlusconi estate", "locations": [], "entities": {"persons": [], "locations": [], "organizations": []}, "highlightText": "", "language": "english", "persons": ["Berlusconi"], "text": "Monday, 10 August 2015 3:15 PM \nThe 168-acre estate is owned by former Italian Prime Minister Silvio Berlusconi. \nA 168-acre estate owned by former Italian Prime Minister Silvio Berlusconi, which includes an underwater entrance, an artificial volcano and an amphitheatre is reportedly set to be sold to Saudi royalty for £350million ($541 million). \nLocated on Sardinia's Costa Smeralda, Villa Certosa also consists of 68 rooms, six swimming pools, a private entrance for sail boats, an orange grove and a tennis court. \nThe 78-year-old former Italian controversially throw many lavish parties at the venue and, according to the Corriere della Sera newspaper, he recently gave Saudi Prime Minister Prince Mohammed bin Nayef a tour of the venue. While a deal is reportedly not yet finalised, it is believed Prince Nayef is planning to buy the estate on behalf of his uncle, King Salman bin Abdulaziz al Said.", "external_links": [], "published": "2015-08-10T14:15:00.000+03:00", "crawled": "2015-08-10T15:06:51.601+03:00", "highlightTitle": ""}