{"organizations": ["VIVUS Inc.", "VVUS"], "uuid": "cf36b87eb942e7e8c06697fe67a80d2f1e69dcf4", "thread": {"social": {"gplus": {"shares": 0}, "pinterest": {"shares": 0}, "vk": {"shares": 0}, "linkedin": {"shares": 0}, "facebook": {"likes": 0, "shares": 0, "comments": 0}, "stumbledupon": {"shares": 0}}, "site_full": "finance.yahoo.com", "main_image": "http://l2.yimg.com/bt/api/res/1.2/6rik6AZwuPGCiADf_9dhPQ--/YXBwaWQ9eW5ld3M7cT03NTt3PTYwMA--/http://l.yimg.com/os/mit/media/m/social/images/social_default_logo-1481777.png", "site_section": "http://finance.yahoo.com/rss/headline?s=VVUS", "section_title": "Yahoo! Finance: VVUS News", "url": "http://finance.yahoo.com/news/vivus-inc-vvus-focus-stock-131801944.html", "country": "GB", "title": "VIVUS Inc. (VVUS) in Focus: Stock Jumps 5.4%", "performance_score": 0, "site": "yahoo.com", "participants_count": 0, "title_full": "VIVUS Inc. (VVUS) in Focus: Stock Jumps 5.4%", "spam_score": 0.0, "site_type": "news", "published": "2015-08-13T16:18:00.000+03:00", "replies_count": 0, "uuid": "cf36b87eb942e7e8c06697fe67a80d2f1e69dcf4"}, "author": "", "url": "http://finance.yahoo.com/news/vivus-inc-vvus-focus-stock-131801944.html", "ord_in_thread": 0, "title": "VIVUS Inc. (VVUS) in Focus: Stock Jumps 5.4%", "locations": [], "entities": {"persons": [], "locations": [], "organizations": []}, "highlightText": "", "language": "english", "persons": [], "text": "Content preferences Done \nVIVUS Inc. (VVUS) was a big mover last session, as the company saw its shares rise over 5% on the day. The move came on solid volume too with far more shares changing hands than in a normal session. This reverses the recent trend for the company as the stock is now down 47.3% in the past one-month time frame. \nThe company has seen two positive revisions in the past one month, while its Zacks Consensus Estimate moved higher over the same time frame, suggesting that more solid trading could be ahead for this stock. So make sure to keep an eye on this stock going forward to see if this recent jump can turn into more strength down the road. \nVIVUS currently carries a Zacks Rank #2 (Buy). \nAnother favorably placed stock in the biomedical industry is AMAG Pharmaceuticals, Inc. (AMAG), sporting a Zacks Rank #1 (Strong Buy). \nIs VVUS going up? Or down? Predict to see what others think: Up or Down \nWant the latest recommendations from Zacks Investment Research? Today, you can download 7 Best Stocks for the Next 30 Days. Click to get this free report >> \nWant the latest recommendations from Zacks Investment Research? Today, you can download 7 Best Stocks for the Next 30 Days. Click to get this free report", "external_links": [], "published": "2015-08-13T16:18:00.000+03:00", "crawled": "2015-08-13T17:17:01.701+03:00", "highlightTitle": ""}