{"organizations": ["Habib Bank UAE", "Ithmaar Bank"], "uuid": "c2649ff830a8e0b2b909455b31eab09177a53cec", "thread": {"social": {"gplus": {"shares": 0}, "pinterest": {"shares": 0}, "vk": {"shares": 0}, "linkedin": {"shares": 0}, "facebook": {"likes": 0, "shares": 0, "comments": 0}, "stumbledupon": {"shares": 0}}, "site_full": "www.zawya.com", "main_image": "http://images.zawya.com/pr/images/2015/1_2015_08_01.jpg", "site_section": "http://www.zawya.com/rssfeeds/islamic_finance.xml", "section_title": "Zawya.com - Islamic Finance News", "url": "http://www.zawya.com/story/Bahrains_Tamkee_Ithmaar_Bank_sign_BAD10m_finance_agreement-ZAWYA20150801091715/", "country": "AE", "title": "Bahrain's Tamkee, Ithmaar Bank sign BAD10m finance agreement", "performance_score": 0, "site": "zawya.com", "participants_count": 0, "title_full": "Bahrain's Tamkee, Ithmaar Bank sign BAD10m finance agreement", "spam_score": 0.0, "site_type": "news", "published": "2015-08-02T12:27:00.000+03:00", "replies_count": 0, "uuid": "c2649ff830a8e0b2b909455b31eab09177a53cec"}, "author": "", "url": "http://www.zawya.com/story/Bahrains_Tamkee_Ithmaar_Bank_sign_BAD10m_finance_agreement-ZAWYA20150801091715/", "ord_in_thread": 0, "title": "Bahrain's Tamkee, Ithmaar Bank sign BAD10m finance agreement", "locations": ["Bahrain"], "entities": {"persons": [], "locations": [], "organizations": []}, "highlightText": "", "language": "english", "persons": ["Tamkeen"], "text": "Habib Bank UAE launches call center As part of their joint efforts to provide financing solutions to help enterprises meet their needs and achieve their business objectives, Tamkeen and Ithmaar Bank signed an agreement to add BD10 million to their joint enterprise finance scheme portfolio. \nCommenting on the agreement, Tamkeen Chairman and Acting CEO H.E Shaikh Mohammed bin Isa Al Khalifa said: \"Through its various programmes, Tamkeen seeks to help enterprises achieve their developmental goals and provide them with opportunities for expansion and growth. This includes financing solutions that make it easier for these enterprises to succeed in their ventures and projects. To achieve this, Tamkeen cooperates with partners sharing the same objectives, amongst which is Ithmaar Bank , one of leading financing institutions in the kingdom.\" \nIthmaar Bank CEO Ahmed Abdul Rahim said: \"We are pleased to participate in this Bahrain Government initiative together with Tamkeen to help enterprises realise their strategic objectives. The enterprise finance scheme will provide the foundation and engine for growth of business and the economy. This is part of the bank's efforts to open new prospects for enterprise to achieve sustainability and growth, diversify their businesses, expand their customer bases, and build a solid foundation for future development.\" With the signing of this agreement, the total financing offered through Tamkeen's Finance scheme in cooperation with partner banks reached BD372.5 million. More than 6,000 enterprises benefited from the programme to date.\nFor more information about the scheme and how to benefit from it, please call 17383333, contact support@Tamkeen.bh , or visit any Tamkeen or Ithmaar Bank branches available across the kingdom. -Ends-\nAbout Tamkeen: Tamkeen is a semi-government organisation in Bahrain established in 2006 by Royal Decree as part of the country's national reform initiatives, with the task of making the private sector as the key driver of sustainable economic development. Underpinned by its three strategic pillars -enhancing quality, serving customers, and achieving results, the organisation provides an integrated range of programmes, which address key challenges facing Bahrainis and businesses in the private sector at various stages of their development. As of end of 2014, Tamkeen's programmes have served more than 110,000 Bahrainis and businesses. \nMore information available at www.tamkeen.bh \nFor media inquiries, please contact:Tamkeen Marketing Communications Dept.", "external_links": [], "published": "2015-08-02T12:27:00.000+03:00", "crawled": "2015-08-02T13:28:32.838+03:00", "highlightTitle": ""}