{"organizations": [], "uuid": "1556026190f9259c58b2ecc6975cfa8903846591", "thread": {"social": {"gplus": {"shares": 0}, "pinterest": {"shares": 0}, "vk": {"shares": 0}, "linkedin": {"shares": 0}, "facebook": {"likes": 0, "shares": 0, "comments": 0}, "stumbledupon": {"shares": 0}}, "site_full": "uk.finance.yahoo.com", "main_image": "https://s.yimg.com/bt/api/res/1.2/XYsIajUUTiKsZtfVS8vmfg--/YXBwaWQ9eW5ld3M7aWw9cGxhbmU7cT03NTt3PTYwMA--/http://globalfinance.zenfs.com/images/UK_AHTTP_SKYNEWS_LIVE_1/aldi-1-400x240_original.jpg", "site_section": "https://uk.finance.yahoo.com/news/provider-skynews/?format=rss", "section_title": "Finance News | Sky News - Yahoo! UK & Ireland Finance", "url": "https://uk.finance.yahoo.com/news/aldi-open-130-uk-stores-021058794.html", "country": "GB", "title": "Aldi To Open 130 New UK Stores And Hire 8,000", "performance_score": 0, "site": "yahoo.com", "participants_count": 0, "title_full": "Aldi To Open 130 New UK Stores And Hire 8,000", "spam_score": 0.0, "site_type": "news", "published": "2015-08-06T05:10:00.000+03:00", "replies_count": 0, "uuid": "1556026190f9259c58b2ecc6975cfa8903846591"}, "author": "", "url": "https://uk.finance.yahoo.com/news/aldi-open-130-uk-stores-021058794.html", "ord_in_thread": 0, "title": "Aldi To Open 130 New UK Stores And Hire 8,000", "locations": ["New UK"], "entities": {"persons": [], "locations": [], "organizations": []}, "highlightText": "", "language": "english", "persons": [], "text": "Tip : Use comma (,) to separate multiple quotes. Learn more... \nThu, Aug 6, 2015, 05:17 BST - UK Markets open in 2 hrs 43 mins Aldi To Open 130 New UK Stores And Hire 8,000 By (c) Sky News 2015 | Sky News – 2 hours 6 minutes ago View Photo \n\nDiscount supermarket Aldi is hiring 8,000 more staff and opening 130 new stores as part of a £600m expansion in the UK. \nThe supermarket is aiming to increase its UK workforce to 35,000, in the two-year planned investment. \nAldi has grown from strength to strength in recent years. \nIn April it overtook Waitrose as the UK's sixth-biggest supermarket, with 5.3% of the market share. \nAldi has also launched its campaign as an official Team GB partner with a year to go until the Rio 2016 Olympic Games. \nAs part of the partnership, the supermarket has recruited six Team GB athletes including Nicola Adams, the world's first female boxing Olympic champion. \nTony Baines, joint managing director of corporate buying, said: \"Since we opened our doors in the UK in April 1990, we've worked hard to establish British roots, sourcing locally where possible and building long-term relationships with British suppliers. \n\"The partnership with Team GB celebrates this and epitomises the spirit of teamwork that is at the heart of how we give customers what they want and respect what matters most to them.\"", "external_links": [], "published": "2015-08-06T05:10:00.000+03:00", "crawled": "2015-08-06T07:19:33.068+03:00", "highlightTitle": ""}