{"organizations": ["Bharti Airtel"], "uuid": "77447736bd4dbd2ccca1b65eb7acec2fe5d8522b", "thread": {"social": {"gplus": {"shares": 0}, "pinterest": {"shares": 0}, "vk": {"shares": 0}, "linkedin": {"shares": 0}, "facebook": {"likes": 0, "shares": 0, "comments": 0}, "stumbledupon": {"shares": 0}}, "site_full": "www.hindustantimes.com", "main_image": "http://www.hindustantimes.com/Images/2015/4/beb8f29e-7129-459e-947c-29cb9a3b70afMediumRes.JPG", "site_section": "http://feeds.hindustantimes.com/HT-Business", "section_title": "Business News, Personal Finance, Financial News, India Stock Market Investing", "url": "http://www.hindustantimes.com/business-news/bharti-airtel-launches-4g-services-in-296-towns-across-india/article1-1377188.aspx", "country": "US", "title": "Bharti Airtel launches 4G services in 296 towns across India", "performance_score": 0, "site": "hindustantimes.com", "participants_count": 0, "title_full": "Bharti Airtel launches 4G services in 296 towns across India", "spam_score": 0.0, "site_type": "news", "published": "2015-08-06T15:10:00.000+03:00", "replies_count": 0, "uuid": "77447736bd4dbd2ccca1b65eb7acec2fe5d8522b"}, "author": "", "url": "http://www.hindustantimes.com/business-news/bharti-airtel-launches-4g-services-in-296-towns-across-india/article1-1377188.aspx", "ord_in_thread": 0, "title": "Bharti Airtel launches 4G services in 296 towns across India", "locations": ["India"], "entities": {"persons": [], "locations": [], "organizations": []}, "highlightText": "", "language": "english", "persons": [], "text": "| Updated: Aug 06, 2015 17:46 IST \nIndia's top telecom service provider Bharti Airtel commercially launched its fourth generation (4G) communications services in 296 towns across the country on Thursday. \n\"With the help of the feedback received from the beta launches, we have now built India's first commercial 4G network that will make high speed mobile broadband a reality,\" Gopal Vittal, managing director and chief executive officer of the company, said at the launch event in Gurgaon. \n\"The national roll-out today is another small step in our journey to be the most innovative and customer focused brand,\" he said, adding that the company's journey in 4G began with the launch in Kolkata in April 2012, followed by successive beta offerings in 51 cities. \"The roll-out will take place in few weeks.\" \nVittal said the company has a projection of $2.2 billion capital expenditure for 2015-16, but declined to divulge the details on the money spent and intended to be spent in offering 4G services. \nSo far, 4G is available in data format in India only. \nTalking about the rising competition in the 4G space in the country, Vittal said, \"We are the children of competition. It's a brutal market place in India. But it makes one sharper. We thrive in competitive atmosphere.\" \nHe said the company's 4G network has been built on an open partner ecosystem model accordingly, bringing together the best in the industry. \n\"We are introducing to the Indian market some never-before experiences. Together with our network and device partners, we have enabled deep proliferation of 4G services in the country.\" \nBharti has 230 million subscribers in 14 circles across the country. \nVittal conceded that the quality of the third generation (3G) services was still not up to the mark, and said: \"We have been vocal about call drops.\" \n\"We have many challenges over spectrum. Towers and sites pose a bigger challenge. With the growth in data sector, we need more sites. That's a genuine struggle. The government had been supportive on this.\" \nAround three weeks ago, Vittal had written to Airtel customers across the country to provide suggestions regarding tower sites and he said at the 4G launch event that the company received 20,000 responses, out of which 500 provided leads on potential sites. \nAsked about the device eco-system for 4G, he mentioned the company has an exclusive tie-up with Samsung, but the team is working towards build a robust device ecosystem. \n\"Out of the 60 million phones that are shipped into India every quarter, 20 million are smartphones. This quarter, we expect some 1 million 4G-compatible phones to be shipped,\" Vittal said. \nHe said the company's focus is also to work with manufacturers to drive down prices. \nAirtel also announced the launch of a new carrier agnostic mobile app - 'Wynk Movies' - which it claimed was first-of-its-kind movie mall that will offer specially curated library of thousands of movies and other popular videos. Tags", "external_links": [], "published": "2015-08-06T15:10:00.000+03:00", "crawled": "2015-08-06T15:40:34.945+03:00", "highlightTitle": ""}