{"organizations": ["Hilco Valuation Services Adds SVP of Business Development   Hilco Valuation Services", "Hilco Valuation Services"], "uuid": "63bd5caf9f43847e415fbba47f5b4a144bec522e", "thread": {"social": {"gplus": {"shares": 0}, "pinterest": {"shares": 0}, "vk": {"shares": 0}, "linkedin": {"shares": 0}, "facebook": {"likes": 0, "shares": 0, "comments": 0}, "stumbledupon": {"shares": 0}}, "site_full": "www.equipmentfa.com", "main_image": "", "site_section": "http://www.equipmentfa.com/rss/feeds/latestnews.xml", "section_title": "Equipment Finance Advisor", "url": "http://www.equipmentfa.com/news/4577/hilco-valuation-services-adds-svp-of-business-development", "country": "US", "title": "Hilco Valuation Services Adds SVP of Business Development", "performance_score": 0, "site": "equipmentfa.com", "participants_count": 0, "title_full": "Hilco Valuation Services Adds SVP of Business Development", "spam_score": 0.0, "site_type": "news", "published": "2015-08-11T14:57:00.000+03:00", "replies_count": 0, "uuid": "63bd5caf9f43847e415fbba47f5b4a144bec522e"}, "author": "", "url": "http://www.equipmentfa.com/news/4577/hilco-valuation-services-adds-svp-of-business-development", "ord_in_thread": 0, "title": "Hilco Valuation Services Adds SVP of Business Development", "locations": [], "entities": {"persons": [], "locations": [], "organizations": []}, "highlightText": "", "language": "english", "persons": [], "text": "  Hilco Valuation Services Adds SVP of Business Development August 11, 2015, 07:57 AM Related: Hilco Valuation Services \nThomas A. Greco, Chief Executive Officer, Hilco Valuation Services, LLC, today announced the appointment of Karin Gorynski as Senior Vice President, Business Development. Ms. Gorynski, who will be based in New York City, will focus on financial institutions, advisors, investors, and owners in the states of New York, New Jersey, Connecticut, Rhode Island, Maine, Vermont, New Hampshire, Pennsylvania, Maryland, and Washington, DC.Ms. Gorynski joins Hilco Global from GE Capital, where she has held various positions in financial services. After initially being recruited into and completing GE's signature Financial Management Program, Karin worked in Risk Management, Capital Markets, Asset Based Lending, and Equipment Finance. Most recently, Ms. Gorynski served as Senior Vice President of Equipment Sales, where she managed accounts across the NY metro market and focused on providing equipment loans and leases to middle market companies.\"We feel very fortunate to have someone of Karin's caliber join the Hilco team,\" said Tom Greco. \"Her knowledge and experience of financial services, and particularly asset based lending, will be of great benefit to lenders, advisors, and private equity investors in helping move their transactions from qualification to closure.\"Ms. Gorynski graduated from Fairfield University with bachelor degrees in Accounting and Information Systems, and currently lives in Whitestone, NY, with her husband and son. She is active in Dress for Success and Bulldogs Care Organization. Today's Other News", "external_links": [], "published": "2015-08-11T14:57:00.000+03:00", "crawled": "2015-08-12T01:07:33.703+03:00", "highlightTitle": ""}