{"organizations": [], "uuid": "f9cea89861b8429ec1f59063effe69eeb0882089", "thread": {"social": {"gplus": {"shares": 0}, "pinterest": {"shares": 0}, "vk": {"shares": 0}, "linkedin": {"shares": 0}, "facebook": {"likes": 0, "shares": 0, "comments": 0}, "stumbledupon": {"shares": 0}}, "site_full": "www.reuters.com", "main_image": "", "site_section": "http://www.reuters.com/finance/personal-finance", "section_title": "Wealth, Personal Finance &amp; Money | Reuters.com", "url": "http://www.reuters.com/article/2015/08/11/germany-economy-zew-idUSEONF8B0S320150811", "country": "US", "title": "German investor morale unexpectedly deteriorates in August", "performance_score": 0, "site": "reuters.com", "participants_count": 1, "title_full": "German investor morale unexpectedly deteriorates in August | Reuters", "spam_score": 0.0, "site_type": "news", "published": "2015-08-11T13:09:00.000+03:00", "replies_count": 0, "uuid": "f9cea89861b8429ec1f59063effe69eeb0882089"}, "author": "Reuters", "url": "http://www.reuters.com/article/2015/08/11/germany-economy-zew-idUSEONF8B0S320150811", "ord_in_thread": 0, "title": "German investor morale unexpectedly deteriorates in August", "locations": [], "entities": {"persons": [], "locations": [], "organizations": []}, "highlightText": "", "language": "english", "persons": [], "text": "BERLIN Aug 11 The mood among German analysts and investors worsened in August as concerns about an unstable global economic and geopolitical backdrop hit sentiment, a survey by ZEW think tank showed on Tuesday.\nMannheim-based ZEW said its monthly survey showed economic sentiment fell to 25.0 points from 29.7 in July. That was below even the lowest forecast in a Reuters poll of economists, which had given a consensus forecast for a reading of 32.0.\nHowever, a separate gauge of current conditions rose to 65.7 points from 63.9 points in July, surpassing expectations for this index to rise to 64.3.\nThe index was based on a survey of 228 analysts and investors conducted between July 27 and Aug. 10. (Reporting by Paul Carrel and Madeline Chambers )", "external_links": [], "published": "2015-08-11T13:09:00.000+03:00", "crawled": "2015-08-11T12:30:26.108+03:00", "highlightTitle": ""}