{"organizations": ["LifePoint Health", "LifePoint Health View", "Sale of Fleming Hospital"], "uuid": "489adb0934746ccab91a354eb891b51dbb77fb08", "thread": {"social": {"gplus": {"shares": 0}, "pinterest": {"shares": 0}, "vk": {"shares": 0}, "linkedin": {"shares": 0}, "facebook": {"likes": 0, "shares": 0, "comments": 0}, "stumbledupon": {"shares": 0}}, "site_full": "finance.yahoo.com", "main_image": "http://l3.yimg.com/bt/api/res/1.2/52n5xdicjF5I8C8PTgWzpw--/YXBwaWQ9eW5ld3M7aWw9cGxhbmU7cT03NTt3PTYwMA--/http://globalfinance.zenfs.com/images/US_AFTP_MarketWire_XHTML/Fleming_2015-841096906743_original.jpg", "site_section": "http://finance.yahoo.com/rss/headline?s=LPNT", "section_title": "Yahoo! Finance: LPNT News", "url": "http://finance.yahoo.com/news/brown-gibbons-lang-bgl-advises-110000090.html", "country": "GB", "title": "Brown Gibbons Lang (BGL) Advises Fleming County Hospital in Its Sale to LifePoint Health", "performance_score": 0, "site": "yahoo.com", "participants_count": 0, "title_full": "Brown Gibbons Lang (BGL) Advises Fleming County Hospital in Its Sale to LifePoint Health", "spam_score": 0.0, "site_type": "news", "published": "2015-08-05T14:00:00.000+03:00", "replies_count": 0, "uuid": "489adb0934746ccab91a354eb891b51dbb77fb08"}, "author": "", "url": "http://finance.yahoo.com/news/brown-gibbons-lang-bgl-advises-110000090.html", "ord_in_thread": 0, "title": "Brown Gibbons Lang (BGL) Advises Fleming County Hospital in Its Sale to LifePoint Health", "locations": ["Advises Fleming County Hospital", "Its Sale"], "entities": {"persons": [], "locations": [], "organizations": []}, "highlightText": "", "language": "english", "persons": ["Brown Gibbons Lang"], "text": "View photo Sale of Fleming Hospital to LifePoint Health TombstoneClick here for high-resolution version \nCHICAGO, IL --(Marketwired - August 05, 2015) - Brown Gibbons Lang & Company (BGL) is pleased to announce the sale of Fleming County Hospital (FCH) to LifePoint Health ( LPNT ) . BGL served as the exclusive financial advisor to FCH in the transaction. The specific terms of the transaction were not disclosed. \nOpened in 1962 as a district hospital, Flemingsburg, Kentucky-based Fleming County Hospital is a regional provider of inpatient and outpatient services to residents of Fleming and surrounding counties. FCH opened a new replacement facility in 2008 featuring private rooms, expanded operating rooms, a larger emergency department, state of the art imaging equipment, and many other improvements. The hospital employs over 260 staff members and has 52 acute care beds, 10 of which are swing beds. \nChairman Tony McGlone commented on the transaction: \"Fleming County Hospital was very appreciative to have worked with BGL. Much of the success in this transaction with LifePoint Health is owed to the hard work and determination that BGL put forth in getting the hospital deal completed.\" \nLifePoint Health (LifePoint) is a leading healthcare company dedicated to Making Communities Healthier®. Through its subsidiaries, it provides quality inpatient, outpatient and post-acute services close to home. LifePoint owns and operates community hospitals, regional health systems, physician practices, outpatient centers, and post-acute facilities in 20 states and is the sole community healthcare provider in the majority of the non-urban communities it serves. For more information on LifePoint, please visit www.lifepointhealth.net . \nAbout Brown Gibbons Lang & Company Brown Gibbons Lang & Company is a leading independent investment bank serving the middle market. BGL specializes in mergers and acquisitions advisory services, debt and equity placements, financial restructuring advice, and valuations and fairness opinions, with global industry teams in Consumer Products & Retail Services, Environmental & Energy Services, Healthcare & Life Sciences, Human Capital Management Outsourcing, Industrials, and Real Estate. BGL has offices in Chicago and Cleveland and real estate offices in Irvine and San Antonio, in addition to Global M&A partner offices in more than 50 countries across 5 continents, which allows us to deliver to our clients unparalleled access to corporations, investors, and opportunities globally. For more information, please visit www.bglco.com .", "external_links": [], "published": "2015-08-05T14:00:00.000+03:00", "crawled": "2015-08-05T18:04:35.854+03:00", "highlightTitle": ""}