{"organizations": [], "uuid": "bdc044401a69b0a9af0b72fc0f678cb60c0e1e74", "thread": {"social": {"gplus": {"shares": 0}, "pinterest": {"shares": 0}, "vk": {"shares": 0}, "linkedin": {"shares": 0}, "facebook": {"likes": 0, "shares": 0, "comments": 0}, "stumbledupon": {"shares": 0}}, "site_full": "uk.finance.yahoo.com", "main_image": "https://s1.yimg.com/bt/api/res/1.2/CJpmJSETCVxTvnRNOVR7ig--/YXBwaWQ9eW5ld3M7aWw9cGxhbmU7cT03NTt3PTYwMA--/http://globalfinance.zenfs.com/images/UK_AFTP_AFP_LIVE_1/3a151fb641b9d564338f63136cecb7198422db54_original.jpg", "site_section": "https://uk.finance.yahoo.com/news/provider-afp/?format=rss", "section_title": "Finance News | AFP - Yahoo! UK & Ireland Finance", "url": "https://uk.finance.yahoo.com/news/china-announces-sharp-fall-value-031137982.html", "country": "GB", "title": "China announces sharp fall in value of yuan currency", "performance_score": 0, "site": "yahoo.com", "participants_count": 0, "title_full": "China announces sharp fall in value of yuan currency", "spam_score": 0.0, "site_type": "news", "published": "2015-08-11T06:11:00.000+03:00", "replies_count": 0, "uuid": "bdc044401a69b0a9af0b72fc0f678cb60c0e1e74"}, "author": "", "url": "https://uk.finance.yahoo.com/news/china-announces-sharp-fall-value-031137982.html", "ord_in_thread": 0, "title": "China announces sharp fall in value of yuan currency", "locations": ["China"], "entities": {"persons": [], "locations": [], "organizations": []}, "highlightText": "", "language": "english", "persons": [], "text": "Tip : Use comma (,) to separate multiple quotes. Learn more... \nTue, Aug 11, 2015, 05:04 BST - UK Markets open in 2 hrs 56 mins China announces sharp fall in value of yuan currency AFP – 52 minutes ago View Photo \n\nChina's central bank on Tuesday announced a sharply lower daily reference rate for the yuan against the US dollar, saying it was part of moves to make its exchange rate regime more market-oriented. \nThe People's Bank of China (HKSE: 3988-OL.HK - news ) (PBoC) set its so-called \"central parity\" for the yuan at 6.2298 to $1, compared with 6.1162 yuan the previous day, effectively 1.86 percent lower. Bloomberg News described the reduction as a record. \nThe move came amid speculation China is preparing to widen the trading band for the yuan for the first time since March, 2014. The unit is allowed to fluctuate two percent on either side of the daily rate on the domestic foreign exchange market. \nChina is also seeking to reform its yuan policy as it aims to be included in the International Monetary Fund's basket of \"special drawing rights\" (SDR) reserve currencies. \nThe central bank described the sharply lower rate as a one-off move, though it did not use the term devaluation, and said the weakening in the currency reflected a new method of calculating central parity. \nWhile previously the bank polled market makers to set the rate, it will now \"comprehensively consider the supply and demand of foreign exchange\" as well the latest international market rates for foreign currencies, according to a statement. \nAnalysts said data showing a slump in exports over the weekend could also have prompted the move, which should make Chinese goods cheaper overseas. \n\"While the weak trade figures should have pushed the fixing to the weak side, this move is still quite out of consensus,\" Zhou Hao, an economist at Commerzbank AG (Xetra: CBK100 - news ) in Singapore, was quoted by Bloomberg News as saying.", "external_links": [], "published": "2015-08-11T06:11:00.000+03:00", "crawled": "2015-08-11T07:04:20.082+03:00", "highlightTitle": ""}