{"organizations": ["Northern Corridor"], "uuid": "e9f7fd3639a14328e51ea2097ae4b66b960b75e0", "thread": {"social": {"gplus": {"shares": 0}, "pinterest": {"shares": 0}, "vk": {"shares": 0}, "linkedin": {"shares": 0}, "facebook": {"likes": 0, "shares": 0, "comments": 0}, "stumbledupon": {"shares": 0}}, "site_full": "allafrica.com", "main_image": "http://allafrica.com/static/images/structure/aa-logo-rgba-no-text-128x128.png", "site_section": "http://allafrica.com/tools/headlines/rdf/business/headlines.rdf", "section_title": "AllAfrica News: Economy, Business and Finance", "url": "http://allafrica.com/stories/201508060933.html", "country": "US", "title": "Rwanda: Farmers Should Not Be Left At the Mercy of Middlemen", "performance_score": 0, "site": "allafrica.com", "participants_count": 0, "title_full": "Rwanda: Farmers Should Not Be Left At the Mercy of Middlemen", "spam_score": 0.0, "site_type": "news", "published": "2015-08-06T12:43:00.000+03:00", "replies_count": 0, "uuid": "e9f7fd3639a14328e51ea2097ae4b66b960b75e0"}, "author": "", "url": "http://allafrica.com/stories/201508060933.html", "ord_in_thread": 0, "title": "Rwanda: Farmers Should Not Be Left At the Mercy of Middlemen", "locations": ["Middlemen Rwanda", "Rwanda"], "entities": {"persons": [], "locations": [], "organizations": []}, "highlightText": "", "language": "english", "persons": [], "text": "Rwanda: Northern Corridor - Telecoms Slash SMS, Data Costs \nMany milk processors have been on record claiming that they operate below capacity because of insufficient supply. Farmers, on the other hand, allege that some of their production does not arrive at the final destination as it gets spoilt along the way, while in the custody of the middlemen. \nThe only way to put an end to the cycle of loss and underproduction is coming up with measures to eliminate the middlemen, and this could be easily be achieved if farmers were more organised. \nThis calls for better coordination between farmers' local authorities and factories so that milk reaches the processors in the shortest possible time. Once the distribution chain cuts out the middlemen, farmers would be free to negotiate a fair price that would benefit all; especially consumers. \nWith more enhanced modern farming methods being drummed up among farmers, agricultural production is sure to increase. This will call for better and efficient post harvest handling of produce to do away with archaic methods where farmers find themselves at the end of the exploitation table. Rwanda \nFour Kenya teams have confirmed participation in the Fiba Africa Zone Five Club Championship slated for Rwanda later … see more » Copyright © 2015 The New Times. All rights reserved. Distributed by AllAfrica Global Media ( allAfrica.com ). To contact the copyright holder directly for corrections — or for permission to republish or make other authorized use of this material, click here. AllAfrica publishes around 2,000 reports a day from more than 130 news organizations and over 200 other institutions and individuals , representing a diversity of positions on every topic. We publish news and views ranging from vigorous opponents of governments to government publications and spokespersons. Publishers named above each report are responsible for their own content, which AllAfrica does not have the legal right to edit or correct. Articles and commentaries that identify allAfrica.com as the publisher are produced or commissioned by AllAfrica . To address comments or complaints, please Contact us .", "external_links": [], "published": "2015-08-06T12:43:00.000+03:00", "crawled": "2015-08-06T13:28:43.751+03:00", "highlightTitle": ""}