{"organizations": ["Not Jobs Battered Flint Michigan Gets GM Plant", "GM Plant"], "uuid": "8831cc1306595fa7e0fd2ee6866913ae1c0eaf56", "thread": {"social": {"gplus": {"shares": 0}, "pinterest": {"shares": 0}, "vk": {"shares": 0}, "linkedin": {"shares": 0}, "facebook": {"likes": 0, "shares": 0, "comments": 0}, "stumbledupon": {"shares": 0}}, "site_full": "finance.yahoo.com", "main_image": "http://l2.yimg.com/bt/api/res/1.2/6rik6AZwuPGCiADf_9dhPQ--/YXBwaWQ9eW5ld3M7cT03NTt3PTYwMA--/http://l.yimg.com/os/mit/media/m/social/images/social_default_logo-1481777.png", "site_section": "http://finance.yahoo.com/rss/headline?s=GM", "section_title": "Yahoo! Finance: GM News", "url": "http://finance.yahoo.com/news/battered-flint-michigan-gets-gm-105110527.html", "country": "GB", "title": "Battered Flint Michigan Gets GM Plant, but Not Jobs", "performance_score": 0, "site": "yahoo.com", "participants_count": 0, "title_full": "Battered Flint Michigan Gets GM Plant, but Not Jobs", "spam_score": 0.0, "site_type": "news", "published": "2015-08-05T13:51:00.000+03:00", "replies_count": 0, "uuid": "8831cc1306595fa7e0fd2ee6866913ae1c0eaf56"}, "author": "", "url": "http://finance.yahoo.com/news/battered-flint-michigan-gets-gm-105110527.html", "ord_in_thread": 0, "title": "Battered Flint Michigan Gets GM Plant, but Not Jobs", "locations": ["Flint Michigan"], "entities": {"persons": [], "locations": [], "organizations": []}, "highlightText": "", "language": "english", "persons": ["Douglas A. McIntyre"], "text": "Battered Flint Michigan Gets GM Plant, but Not Jobs By Douglas A. McIntyre 3 hours ago  Content preferences Done \nFlint, Mich., was as badly hurt by the downturn in the auto industry as any other city. Unemployment has remained high, along with poverty and crime. Its population reached 196,000 in 1960, based on Census data, and stayed at that level in 1970. By 2014, it had fallen to just below 100,000. The city twice has been run by a state-appointed emergency manager because its financial situation became so dire. \nGeneral Motors Co. ( GM ) is investing in a new plant in Flint, but it will not add any jobs, at least based on the company's announcement. While the upgrade may be good for GM as its modernizes its lineup, the decision does little or nothing for Flint. \nALSO READ: 3 Biotech Stocks to Buy With Huge Catalysts Coming Soon \nIn the announcement about a new facility in Flint, GM management said: \nGeneral Motors’ oldest assembly plant in North America, a popular destination for pickup truck customers who want to watch their vehicles being built, will undergo transformation in the coming years. \nGM officials today announced plans to invest $877 million to build a new body shop for the assembly plant, locating it closer to the Flint Metal Center, which supplies sheet metal and other parts used in the Chevrolet and GMC full-size pickups produced in the assembly plant. \nThe investment will also cover improvements to the general assembly area inside Flint Assembly, as well as retooling and the installation of new equipment at the plant. \nALSO READ: 4 Top Jefferies US Growth Stocks to Buy Now \nAlso: \nSince 2011, GM has announced investments topping $1.8 billion for Flint Assembly. This includes $600 million for plant upgrades and a new standalone paint shop that is under construction and slated to open in 2016. Work on the 883,000-square-foot body shop is expected to begin in the first half of 2016, with completion slated for 2018. \nGM management also said that its initiatives across the United States have been helped by UAW cooperation and \"have created approximately 6,250 new jobs and secured 20,700 other positions.\" \nBut not in Flint.", "external_links": [], "published": "2015-08-05T13:51:00.000+03:00", "crawled": "2015-08-05T17:26:23.659+03:00", "highlightTitle": ""}