{"organizations": ["Rio Tinto"], "uuid": "1c264b231791f9d448df4a9d234c20b6da8dabe2", "thread": {"social": {"gplus": {"shares": 0}, "pinterest": {"shares": 0}, "vk": {"shares": 0}, "linkedin": {"shares": 0}, "facebook": {"likes": 0, "shares": 0, "comments": 0}, "stumbledupon": {"shares": 0}}, "site_full": "nz.finance.yahoo.com", "main_image": "https://s1.yimg.com/bt/api/res/1.2/RzIskRRSxz5UXnOmcf3Wzw--/YXBwaWQ9eW5ld3M7aWw9cGxhbmU7cT03NTt3PTYwMA--/http://globalfinance.zenfs.com/images/FIN_ANZ_AAP_ART_FTP_LIVE_1/2986213_20141124001066014111-original_1280x720_original.jpg", "site_section": "https://nz.finance.yahoo.com/news/topic-top-stories/?format=rss", "section_title": "Latest business and finance news from New Zealand and the world's key markets - Yahoo New Zealand Finance", "url": "https://nz.finance.yahoo.com/news/iron-ore-prices-dent-rio-173108753.html", "country": "US", "title": "Iron ore prices to dent Rio Tinto profit", "performance_score": 0, "site": "yahoo.com", "participants_count": 0, "title_full": "Iron ore prices to dent Rio Tinto profit", "spam_score": 0.0, "site_type": "news", "published": "2015-08-06T00:11:00.000+03:00", "replies_count": 0, "uuid": "1c264b231791f9d448df4a9d234c20b6da8dabe2"}, "author": "", "url": "https://nz.finance.yahoo.com/news/iron-ore-prices-dent-rio-173108753.html", "ord_in_thread": 0, "title": "Iron ore prices to dent Rio Tinto profit", "locations": ["New Zealand"], "entities": {"persons": [], "locations": [], "organizations": []}, "highlightText": "", "language": "english", "persons": [], "text": "Thu, Aug 6, 2015, 9:16 AM NZST - New Zealand Markets open in 44 mins. Iron ore prices to dent Rio Tinto profit AAP – 4 minutes 53 seconds ago Recommend View Photo \n\nPlunging iron ore prices are expected to have severely dented mining giant Rio Tinto's earnings last financial year. \nThe company reveals its annual financial performance on Thursday, and analysts expect its underlying earnings to have halved from $US5.1 billion in the 2013/14 year. \nBut the company has been ramping up production of iron ore, and slashing expenditure and costs, which should help to offset to bottom line impact of lower prices. \nInvestors will be keen to hear the company's views on the year ahead, with the price of iron ore recently improving from its historic lows. @YahooNZBusiness on Twitter, become a fan on Facebook AAP \nPlunging iron ore prices are expected to have severely dented mining giant Rio Tinto's earnings last financial … % Chg Your most recently viewed tickers will automatically show up here if you type a ticker in the \"Enter symbol/company\" at the bottom of this module. You need to enable your browser cookies to view your most recent quotes. Search for share prices Sign-in to view quotes in your portfolios. Follow us \nPersonal finance & investment intel, fresh from the market. On This Site Terms \nQuotes are real-time for NASDAQ, NYSE, and NYSEAmex when available. See also delay times for other exchanges . Quotes and other information supplied by independent providers identified on the Yahoo! Finance partner page . Quotes are updated automatically, but will be turned off after 25 minutes of inactivity. Quotes are delayed at least 15 minutes. All information provided \"as is\" for informational purposes only, not intended for trading purposes or advice. Neither Yahoo! nor any of independent providers is liable for any informational errors, incompleteness, or delays, or for any actions taken in reliance on information contained herein. By accessing the Yahoo! site, you agree not to redistribute the information found therein. \nFundamental company data provided by Capital IQ . Historical chart data and daily updates provided by Commodity Systems, Inc. (CSI) . International historical chart data and daily updates provided by Morningstar, Inc . Yahoo! News Network", "external_links": [], "published": "2015-08-06T00:11:00.000+03:00", "crawled": "2015-08-06T00:19:46.952+03:00", "highlightTitle": ""}