{"organizations": [], "uuid": "0cb7fd6c24f83c5d18915fb0094940fd2491bb44", "thread": {"social": {"gplus": {"shares": 0}, "pinterest": {"shares": 0}, "vk": {"shares": 0}, "linkedin": {"shares": 0}, "facebook": {"likes": 0, "shares": 0, "comments": 0}, "stumbledupon": {"shares": 0}}, "site_full": "www.modernghana.com", "main_image": "http://img.modernghana.com/images/content/20150814_135455.png", "site_section": "http://www.modernghana.com/rssfeed/news.xml?cat_id=1&gender=46", "section_title": "Business & Finance", "url": "http://www.modernghana.com/news/636172/1/inflation-increases-to-179.html", "country": "US", "title": "Inflation Increases To 17.9%", "performance_score": 0, "site": "modernghana.com", "participants_count": 0, "title_full": "Inflation Increases To 17.9%", "spam_score": 0.0, "site_type": "news", "published": "2015-08-13T17:56:00.000+03:00", "replies_count": 0, "uuid": "0cb7fd6c24f83c5d18915fb0094940fd2491bb44"}, "author": "", "url": "http://www.modernghana.com/news/636172/1/inflation-increases-to-179.html", "ord_in_thread": 0, "title": "Inflation Increases To 17.9%", "locations": [], "entities": {"persons": [], "locations": [], "organizations": []}, "highlightText": "", "language": "english", "persons": [], "text": "  13 August 2015 15:56 CET Inflation Increases To 17.9% By Daily Guide \nYear-on year inflation rate for July 2015 stood at 17.9 percent compared to 17.1 percent recorded in June 2015. \nThe monthly change rate in July 2015 was 2.3 percent, while that for June 2015 was 1.8 percent. \nAccording to Dr Philomena Nyarko, Government Statistician, who presented the inflation figures to the media in Accra on Wednesday, while the year-on-year non-food inflation rate recorded 24.6 percent compared with 23.6 percent recorded in June 2015, that of food inflation rate was 7.6 percent, compared with the 7.4 percent in June 2015. \nFor imported items, the inflation rate was 21.2 percent in July 2015 (same as the rate recorded in June 2015) but 1.2 times that of the inflation rate for locally produced items which stood at 17.0 percent in July 2015 compared with 15.5 percent recorded in June 2015. \nPrice drivers For the non-food inflation rate, the price drivers were housing, water, electricity, gas and other fuels which recorded 27.1 percent; transport (25.7 percent); recreation and culture (25.5 percent); clothing and footwear (24.9 percent) and furnishings, household equipment and routine maintenance (24.9 percent). \nOn food inflation, the main price drivers were mineral water, soft drinks, fruit and vegetable juices (14.5 percent); coffee, tea and cocoa (14.3%); food products (13.9 percent); sugar, jam, honey, chocolate and confectionery (13.8 percent); meat and meat products (11.6 percent); milk, cheese and eggs (9.6 percent) and vegetables (9.3 percent). \nRegions Four regions (Central, Ashanti, Volta, and Upper East) recorded inflation rates higher than the national average of 17.9 percent. \nAshanti Region recorded the highest food inflation rate in July 2015 while Volta Region recorded the highest non-food inflation rate in July 2015. \nThe Central Region recorded the highest year-on-year inflation rate of 19.8 percent while the Northern Region recorded the lowest (14.3 percent). \nBy Samuel Boadi", "external_links": [], "published": "2015-08-13T17:56:00.000+03:00", "crawled": "2015-08-14T06:28:59.065+03:00", "highlightTitle": ""}