{"organizations": [], "uuid": "38622dec6d588cba886d571bddaffbaa4cd016f5", "thread": {"social": {"gplus": {"shares": 0}, "pinterest": {"shares": 0}, "vk": {"shares": 0}, "linkedin": {"shares": 0}, "facebook": {"likes": 0, "shares": 0, "comments": 0}, "stumbledupon": {"shares": 0}}, "site_full": "uk.finance.yahoo.com", "main_image": "https://s.yimg.com/bt/api/res/1.2/6rik6AZwuPGCiADf_9dhPQ--/YXBwaWQ9eW5ld3M7cT03NTt3PTYwMA--/http://l.yimg.com/os/mit/media/m/social/images/social_default_logo-1481777.png", "site_section": "https://uk.finance.yahoo.com/news/sector-basic-resources/?format=rss", "section_title": "Basic Resources News - Yahoo! Finance UK", "url": "https://uk.finance.yahoo.com/news/rio-tinto-ceo-says-iron-065804170.html", "country": "US", "title": "Rio Tinto CEO says iron ore market at equilibrium", "performance_score": 0, "site": "yahoo.com", "participants_count": 0, "title_full": "Rio Tinto CEO says iron ore market at equilibrium", "spam_score": 0.0, "site_type": "news", "published": "2015-08-06T09:58:00.000+03:00", "replies_count": 0, "uuid": "38622dec6d588cba886d571bddaffbaa4cd016f5"}, "author": "", "url": "https://uk.finance.yahoo.com/news/rio-tinto-ceo-says-iron-065804170.html", "ord_in_thread": 0, "title": "Rio Tinto CEO says iron ore market at equilibrium", "locations": [], "entities": {"persons": [], "locations": [], "organizations": []}, "highlightText": "", "language": "english", "persons": [], "text": "Tip : Use comma (,) to separate multiple quotes. Learn more... \nThu, Aug 6, 2015, 08:23 BST - UK Markets close in 8 hrs 7 mins Rio Tinto CEO says iron ore market at equilibrium Reuters - UK Focus – 25 minutes ago 53.55 +0.57 \nSYDNEY, Aug 6 (Reuters) - Rio Tinto Chief Executive Sam Walsh said on Thursday he sees 120 million tonnes of global iron ore capacity exiting the market this year. \nWalsh told reporters the iron ore market was at \"some sort of equilibrium\" after the global miner posted a 43 percent drop in first-half underlying earnings to $2.9 billion from the same period a year ago, hit by weak iron ore, coal and metals prices. (Reporting By Jim Regan; Editing by Himani Sarkar) Tax cuts, pensions, childcare, online accounts and beer duty, here's … Related Stock Articles Follow the quotes you care about most. Access timely news and investment updates to stay on top of the market. … More » Yahoo UK & Ireland Finance Terms \nQuotes are real-time for NASDAQ, NYSE, and NYSEAmex when available. See also delay times for other exchanges . Quotes and other information supplied by independent providers identified on the Yahoo! Finance partner page . Quotes are updated automatically, but will be turned off after 25 minutes of inactivity. Quotes are delayed at least 15 minutes. All information provided \"as is\" for informational purposes only, not intended for trading purposes or advice. Neither Yahoo! nor any of independent providers is liable for any informational errors, incompleteness, or delays, or for any actions taken in reliance on information contained herein. By accessing the Yahoo! site, you agree not to redistribute the information found therein. \nFundamental company data provided by Capital IQ . Historical chart data and daily updates provided by Commodity Systems, Inc. (CSI) . International historical chart data and daily updates provided by Morningstar, Inc . Yahoo! - News Network", "external_links": [], "published": "2015-08-06T09:58:00.000+03:00", "crawled": "2015-08-06T10:25:36.873+03:00", "highlightTitle": ""}