{"organizations": ["United States Congress", "Stock Volatility", "Federal Reserve System"], "uuid": "9eb15ad607bbb560e14c7c631b3bdcb1e12ba49f", "thread": {"social": {"gplus": {"shares": 0}, "pinterest": {"shares": 0}, "vk": {"shares": 0}, "linkedin": {"shares": 0}, "facebook": {"likes": 0, "shares": 0, "comments": 0}, "stumbledupon": {"shares": 0}}, "site_full": "www.getabstract.com", "main_image": "http://www.getabstract.com/abstractData/flashFile/dividend-taxes-and-stock-volatility-syron-ferris-en-24776_200x0.jpg", "site_section": "http://www.getabstract.com/rss-feeds/categories/20000000/finance.html", "section_title": "getAbstract: Best of Finance", "url": "http://www.getabstract.com/en/summary/economics-and-politics/dividend-taxes-and-stock-volatility/24776", "country": "CH", "title": "Dividend Taxes and Stock Volatility", "performance_score": 0, "site": "getabstract.com", "participants_count": 0, "title_full": "Dividend Taxes and Stock Volatility", "spam_score": 0.0, "site_type": "news", "published": "2015-08-13T00:16:00.000+03:00", "replies_count": 0, "uuid": "9eb15ad607bbb560e14c7c631b3bdcb1e12ba49f"}, "author": "", "url": "http://www.getabstract.com/en/summary/economics-and-politics/dividend-taxes-and-stock-volatility/24776", "ord_in_thread": 0, "title": "Dividend Taxes and Stock Volatility", "locations": ["United States"], "entities": {"persons": [], "locations": [], "organizations": []}, "highlightText": "", "language": "english", "persons": ["Erin E. Syron Ferris"], "text": "5 Style Review When adjusting the tax code, policy makers and economists may account for possible effects on stock prices, but not necessarily on stock volatility or on how changes in either could influence equity-compensated executives’ behavior on the job. This technical report by economist Erin E. Syron Ferris dives into complex analytics to see how the United States’ 2003 tax cut on dividends affected share prices, volatility and managerial risk aversion. Highly compensated individuals, including corporate executives, benefitted the most from the tax drop. But it may also have incentivized them to reduce price volatility, potentially harming shareholder returns. getAbstract suggests this methodical investigation to tax experts, remuneration specialists and portfolio analysts.   2003 tax cut on dividends affected stock volatility How tax changes motivate executives with equity compensation packages to dampen volatility How executive activity to prevent volatility can have a negative impact on shareholders Summary In 2003, the United States Congress passed legislation that temporarily reduced the tax rate on qualified dividends from a maximum of 35% to 15%. Because dividends no longer had the same tax rate as personal income, high earners, including corporate executives, benefitted the most from the huge tax ...   report   About the Author Erin E. Syron Ferris is an economist at the Board of Governors of the Federal Reserve System.", "external_links": [], "published": "2015-08-13T00:16:00.000+03:00", "crawled": "2015-08-13T04:13:09.265+03:00", "highlightTitle": ""}