{"organizations": [], "uuid": "6d4653e6689867c90cd5f8172ea865110b7823b8", "thread": {"social": {"gplus": {"shares": 0}, "pinterest": {"shares": 0}, "vk": {"shares": 0}, "linkedin": {"shares": 0}, "facebook": {"likes": 0, "shares": 0, "comments": 0}, "stumbledupon": {"shares": 0}}, "site_full": "www.moneylife.in", "main_image": "http://moneylife.in/site/userimage/image/thumbnail/ManoharLalKhattar014815.jpg", "site_section": "http://moneylife.in/site/rss.php", "section_title": "Moneylife Personal Finance Magazine", "url": "http://www.moneylife.in/article/haryanas-bjp-government-to-spend-rs-500-million-to-promote-mythological-river/43099.html", "country": "IN", "title": "Haryana's BJP government to spend Rs 500 million to promote mythological river", "performance_score": 0, "site": "moneylife.in", "participants_count": 1, "title_full": "Haryana's BJP government to spend Rs 500 million to promote mythological river", "spam_score": 0.0, "site_type": "news", "published": "2015-08-14T14:16:00.000+03:00", "replies_count": 0, "uuid": "6d4653e6689867c90cd5f8172ea865110b7823b8"}, "author": "Jaideep Sarin (IANS)", "url": "http://www.moneylife.in/article/haryanas-bjp-government-to-spend-rs-500-million-to-promote-mythological-river/43099.html", "ord_in_thread": 0, "title": "Haryana's BJP government to spend Rs 500 million to promote mythological river", "locations": [], "entities": {"persons": [], "locations": [], "organizations": []}, "highlightText": "", "language": "english", "persons": [], "text": "Moneylife » Haryana's BJP government to spend Rs 500 million to promote mythological river 43099 Haryana's BJP government to spend Rs 500 million to promote mythological river 0 Comments, Be the first to comment Jaideep Sarin (IANS) | 14/08/2015 04:46 PM | Chief Minister Manohar Lal Khattar had in April announced the Rs.50 crore project to revive the river Purported signs of existence of a river considered sacred in Hindu mythology and a religious-minded BJP government being in power in Haryana are sufficient factors to try and \"revive\" the invisible Saraswati by spending a whopping Rs.50 crores ($7.5 million) in public money. Buoyed by the recent \"discovery\" of water at just seven feet in Rohlaheri village of Haryana's Yamunanagar district during digging work to find the mythological river, the Haryana government has pledged Rs.10 crore from the corpus to establish the Haryana Saraswati Heritage Development Board. Chief Minister Manohar Lal Khattar had in April announced the Rs.50 crore project to revive the river. \"The Board will conduct meticulous field work to unearth and understand the past and the present content of the Saraswati heritage in Haryana for exposition of cultural patterns and values. It will help to preserve and promote the various archeo-cultural facets of the Saraswati Heritage Area,\" said a note of the state cabinet, which approved the setting up of the new board and release of funds for it. \"A provision of Rs.10 crore has been made for establishment and smooth functioning of the Haryana Saraswati Heritage Development Board which includes a provision for recurring expenditure of Rs 2.42 crore for petty expenses, payment of salaries and wages,\" a senior Haryana government official told IANS. Khattar, who heads the first Bharatiya Janata Party (BJP) government in the state and has been a Rashtriya Swayamsewak Sangh (RSS) ideologue, and other BJP ministers have been quite inclined to dig up the mystery behind the mythological river, given its significance in Hindu mythology. The Saraswati river finds several mentions in ancient Hindu scriptures like the Rig Veda, the Mahabharata, the Ramayana and others, giving credence to the belief that the river existed during ancient times when it was held in great reverence. \"In Yamunanagar district, there are several places where there is tell-tale evidence that the river flowed in the area at one time,\" Sohan Lal, a septuagenarian from the area, told IANS. The Haryana government has drawn up elaborate plans for reviving the river through the new board. \"The Board will aim at revitalizing sacred places in the Saraswati Heritage Area. It will create effective linkages between tourism and cultural facilities by developing tourism circuits and conservation of natural resources in the area. It will develop and revive the existing Saraswati creek for irrigation, sanitation, recharging of ground water, plantation, development of herbal parks, landscaping to preserve and protect the environment and to ensure soil conservation,\" the state government's plan states. The board will associate with the Archaeological Survey of India (ASI), UNESCO and other related national and international institutions for the project. More in Moneylife", "external_links": [], "published": "2015-08-14T14:16:00.000+03:00", "crawled": "2015-08-14T14:24:23.429+03:00", "highlightTitle": ""}