{"organizations": [], "uuid": "378440aa8dbd5baa415930119cc02a9f174af03f", "thread": {"social": {"gplus": {"shares": 0}, "pinterest": {"shares": 0}, "vk": {"shares": 0}, "linkedin": {"shares": 0}, "facebook": {"likes": 0, "shares": 0, "comments": 0}, "stumbledupon": {"shares": 0}}, "site_full": "www.afr.com", "main_image": "http://www.afr.com/content/dam/images/g/i/t/a/z/n/image.related.afrArticleLead.620x365.giq0pr.png/1439286754979.jpg", "site_section": "http://www.afr.com/news", "section_title": "Finance &amp; Political Breaking News Australia &amp; Worldwide | afr.com", "url": "http://www.afr.com/news/how-to-get-more-indigenous-bankers-20150802-giq0pr", "country": "AU", "title": "How to get more Indigenous bankers", "performance_score": 0, "site": "afr.com", "participants_count": 1, "title_full": "How to get more Indigenous bankers | afr.com", "spam_score": 0.0, "site_type": "news", "published": "2015-08-11T13:44:00.000+03:00", "replies_count": 0, "uuid": "378440aa8dbd5baa415930119cc02a9f174af03f"}, "author": "Misa Han", "url": "http://www.afr.com/news/how-to-get-more-indigenous-bankers-20150802-giq0pr", "ord_in_thread": 0, "title": "How to get more Indigenous bankers", "locations": [], "entities": {"persons": [], "locations": [], "organizations": []}, "highlightText": "", "language": "english", "persons": [], "text": "Students Davina Tilberoo from Woorabinda and Kathleen Haines from Palm Island were in Sydney for a week for training on presentation skills and interview techniques, with mentor Eli Bates, Westpac intern, right, and Cathy Freeman Foundation board member Campbell Lobb, left, from Credit Suisse. Peter Braig Share on twitter by Misa Han The private sector should target students if they want more Indigenous employees on board, a student who has found a banking internship says.\nEli Bates, an Indigenous student from Anaiwan with a second-year marketing degree at Macquarie University, is working one or two days a week at Westpac through a paid, targeted-internship program.\nWhen he finishes university, Bates hopes to work for Westpac full-time in a marketing role but he acknowledges working for Westpac has meant a big transition.\n\"I was working as a pizza delivery boy which is a big step down from working at Westpac in a suit. It is just so different to everything I've done,\" he says.\nHe is one of nearly 1000 indigenous students who are working in the corporate sector through the CareerTrackers program which has 86 corporate partners, including the big four banks, Telstra and top-tier law firms.\nBates says corporations could best tackle under-representation of Indigenous employees by targeting university students.\n\"It's about getting them involved as early as possible, getting them while they're at uni and giving them support. I never planned to be working at a bank,\" he says.\nHe also hopes if more Indigenous kids go to university there will be more opportunities for employment in the corporate sector.\n \"Once more people go to uni, job opportunities will come from there,\" he says.\nStudent mentor Bates is also mentoring high school students through the Cathy Freeman Foundation Horizons Program.\nHigh school students Davina Tilberoo from Woorabinda and Kathleen Haines from Palm Island were in Sydney for a week recently, including a spell at investment bank Credit Suisse to get training on presentation skills, interview techniques and resume tips and visit UNSW.\nCathy Freeman Foundation chief executive Jamie Howden says the non-mining private sector lags behind the government and the mining industry when it comes to Indigenous employee representation.\n\"Mining is often done in areas where there is a high percentage of Indigenous people and they are in close proximity to Indigenous communities. In other industries the link has not been established to the same level,\" Howden says.\nHe says corporations should target Indigenous employment by raising awareness of job opportunities that exist in the sector.\n\"The best way is for indigenous students to engage with corporations – visit the place of operation on site and hear from staff their personal experiences and how they got to work at that particular organisation. Once they visit a place then the pathway becomes a lot more tangible for the students.\"", "external_links": ["https://twitter.com/misahan"], "published": "2015-08-11T13:44:00.000+03:00", "crawled": "2015-08-11T21:06:30.360+03:00", "highlightTitle": ""}