{"organizations": [], "uuid": "870071a47cccf97f9d7cae2199756d8719948cad", "thread": {"social": {"gplus": {"shares": 0}, "pinterest": {"shares": 0}, "vk": {"shares": 0}, "linkedin": {"shares": 0}, "facebook": {"likes": 0, "shares": 0, "comments": 0}, "stumbledupon": {"shares": 0}}, "site_full": "uk.finance.yahoo.com", "main_image": "https://s.yimg.com/bt/api/res/1.2/6rik6AZwuPGCiADf_9dhPQ--/YXBwaWQ9eW5ld3M7cT03NTt3PTYwMA--/http://l.yimg.com/os/mit/media/m/social/images/social_default_logo-1481777.png", "site_section": "https://uk.finance.yahoo.com/news/category-international/?format=rss", "section_title": "World Business News | Finance News - Yahoo! Finance UK", "url": "https://uk.finance.yahoo.com/news/u-banking-regulator-wins-revival-213456794.html", "country": "GB", "title": "U.S. banking regulator wins revival of mortgage bond lawsuits", "performance_score": 0, "site": "yahoo.com", "participants_count": 0, "title_full": "U.S. banking regulator wins revival of mortgage bond lawsuits", "spam_score": 0.0, "site_type": "news", "published": "2015-08-11T00:34:00.000+03:00", "replies_count": 0, "uuid": "870071a47cccf97f9d7cae2199756d8719948cad"}, "author": "", "url": "https://uk.finance.yahoo.com/news/u-banking-regulator-wins-revival-213456794.html", "ord_in_thread": 0, "title": "U.S. banking regulator wins revival of mortgage bond lawsuits", "locations": ["U.S."], "entities": {"persons": [], "locations": [], "organizations": []}, "highlightText": "", "language": "english", "persons": [], "text": "Tip : Use comma (,) to separate multiple quotes. Learn more... \nMon, Aug 10, 2015, 22:40 BST - UK Markets closed U.S. banking regulator wins revival of mortgage bond lawsuits Reuters - UK Focus – 5 minutes ago 0.000 \nBy Nate Raymond \nAug 10 (Reuters) - A U.S (Other OTC: UBGXF - news ) . appeals court on Monday handed a significant victory to federal regulators suing banks over their sale of mortgage-backed securities ahead of the 2008 financial crisis, reviving a pair of lawsuits dismissed last year for being filed too late. \nThe 5th U.S. Circuit Court of Appeals in New Orleans said the Federal Deposit Insurance Corporation could sue Deutsche Bank AG, Goldman Sachs Group Inc and Royal Bank of Scotland Group Plc for making false statements in selling $840 million in mortgage bonds to a failed Texas bank. \nThe court ruled that a federal law passed in 1989 after the savings and loan crisis extended the time period that the FDIC could sue on behalf of Guaranty Bank and other banks that it took into receivership. \nThe banks last year convinced a judge in Austin, Texas, to dismiss the 2014 lawsuits, saying the federal law did not preempt a Texas state law that required the cases to be filed within five years of the securities' sale in 2004 and 2005. \nBut Circuit Judge Carolyn Dineen King, writing for a three-judge panel, said it was \"highly unlikely\" Congress would have extended some but not all time limits. \nThe federal statute, she wrote, gave the FDIC certainty that in a financial crisis it could focus on dealing with bank failures and investigating potential claims rather than \"combing through statute books\" for potential time limits. \n\"That certainty would be wholly upset absent preemption of all limitations periods,\" he wrote. \nThe FDIC and the banks declined comment. \nThe question at issue has been closely watched by banks who have been fighting off lawsuits by regulators over the mortgage bonds sold ahead of the financial crisis. \nAnother federal appeals court in Denver ruled in favor of the National Credit Union Administration in 2014 in saying its own mortgage-bond lawsuits were timely filed. \nThe issue is expected to be key to an appeal by Nomura Holdings Inc and RBS (LSE: RBS.L - news ) of a Manhattan (Hamburg: 32U.HM - news ) federal judge's order that they pay $806 million for false statements made in selling mortgage bonds to Fannie Mae and Freddie Mac. \nThose banks argue the Federal Housing Finance Agency, the conservator for Fannie and Freddie, similarly waited too long to file a lawsuit. \nMeanwhile, a U.S. appeals court in New York is expected to hear arguments on Oct (HKSE: 3366-OL.HK - news ) . 8 on whether to revive another lawsuit by the FDIC against 7 banks that was dismissed for being too late. \nThe case is Federal Deposit Insurance Corporation v. RBS Securities Incorporated, 5th U.S. Circuit Court of Appeals, No. 14-51055. (Reporting by Nate Raymond in New York; Editing by Grant McCool)", "external_links": [], "published": "2015-08-11T00:34:00.000+03:00", "crawled": "2015-08-11T00:43:33.454+03:00", "highlightTitle": ""}