{"organizations": [], "uuid": "95e42c0eb3f6e6544d5d2c2cb28c86b3200bae75", "thread": {"social": {"gplus": {"shares": 0}, "pinterest": {"shares": 0}, "vk": {"shares": 0}, "linkedin": {"shares": 0}, "facebook": {"likes": 0, "shares": 0, "comments": 0}, "stumbledupon": {"shares": 0}}, "site_full": "business-news.thestreet.com", "main_image": "", "site_section": "http://business-news.thestreet.com/south-jersey-local-news/rss/627", "section_title": "South Jersey Local News : Personal Finance", "url": "http://business-news.thestreet.com/south-jersey-local-news/story/what-to-watch-thursday-trump-bush-allergan-earnings-jobless-claims/13246028", "country": "US", "title": "What to Watch Thursday -- Trump, Bush, Allergan Earnings, Jobless Claims", "performance_score": 0, "site": "thestreet.com", "participants_count": 0, "title_full": "What to Watch Thursday -- Trump, Bush, Allergan Earnings, Jobless Claims", "spam_score": 0.0, "site_type": "news", "published": "2015-08-06T03:15:00.000+03:00", "replies_count": 0, "uuid": "95e42c0eb3f6e6544d5d2c2cb28c86b3200bae75"}, "author": "", "url": "http://business-news.thestreet.com/south-jersey-local-news/story/what-to-watch-thursday-trump-bush-allergan-earnings-jobless-claims/13246028", "ord_in_thread": 0, "title": "What to Watch Thursday -- Trump, Bush, Allergan Earnings, Jobless Claims", "locations": [], "entities": {"persons": [], "locations": [], "organizations": []}, "highlightText": "", "language": "english", "persons": ["Bush"], "text": "What to Watch Thursday -- Trump, Bush, Allergan Earnings, Jobless Claims Written by: U-Jin Lee 08/05/15 - 8:15 PM EDT Tickers in this article: AGN DUK KYTH LGF MNST PBR TEVA VIAB \nNEW YORK ( TheStreet ) -- For Thursday August 6, TheStreet highlights the GOP primary debates . A total of 17 contenders will square off. The first debate with seven candidates will start at 5 p.m. Eastern time on Fox News Channel followed by a prime time debate at 9 p.m. with the top 10 candidates. The latter debate is set to go for two hours. All eyes will likely be on Donald Trump . Other Republican candidates include Jeb Bush, Ted Cruz, and Chris Christie. Also, some of the major companies are reporting their latest quarterly earnings tomorrow. It's a mixture of several different companies from pharmaceutical to mass media. Before the market opens, global pharmaceutical company Allergan , electric power company Duke Energy , and mass media company Viacom are all reporting their earnings. Also, 3D Systems will also report their earnings. Then, after the closing bell, energy drink manufacturer Monster Beverage , oil giant Petrobras , entertainment company Lions Gate Entertainment , and Overstock.com are all reporting their numbers as well. But the company that's getting all the attention is Allergan. Allergan develops, manufactures, and distributes generic, branded, and over-the-counter pharmaceutical products. For the second quarter of 2015, analysts are forecasting the company to report earnings of $4.38 a share on revenue of $5.71 billion. Overall, they expect profit and revenue to grow year-over-year. In the latest quarter, the company made moves to acquire Kythera Biopharmaceuticals for $2.1 billion. The deal had originally been for 80% cash and 20% in stock but the company said this morning that it's going to pay all cash for the deal. TheStreet's Jim Cramer is watching this company. Allergan is one of the stocks in Cramer's charitable trust portfolio, Action Alerts PLUS. He says that Allergan's deal with Teva Pharmaceutical was a \"brilliant idea.\" Allergan sold its generics business to Israel's Teva Pharmaceutical for $40.5 billion in cash and stock. This deal made Teva the largest producer of generics in the world. At 8:30 a.m., the U.S. Labor Department will report weekly j obless claims .", "external_links": [], "published": "2015-08-06T03:15:00.000+03:00", "crawled": "2015-08-06T03:49:18.851+03:00", "highlightTitle": ""}