{"organizations": [], "uuid": "a4db378375bdc73f8687f3c55770c92b4752d4ab", "thread": {"social": {"gplus": {"shares": 0}, "pinterest": {"shares": 0}, "vk": {"shares": 0}, "linkedin": {"shares": 0}, "facebook": {"likes": 0, "shares": 0, "comments": 0}, "stumbledupon": {"shares": 0}}, "site_full": "uk.finance.yahoo.com", "main_image": "https://s.yimg.com/bt/api/res/1.2/6rik6AZwuPGCiADf_9dhPQ--/YXBwaWQ9eW5ld3M7cT03NTt3PTYwMA--/http://l.yimg.com/os/mit/media/m/social/images/social_default_logo-1481777.png", "site_section": "https://uk.finance.yahoo.com/news/category-europe/?format=rss", "section_title": "European Business News | Financial News - Yahoo! Finance UK", "url": "https://uk.finance.yahoo.com/news/european-shares-rally-china-calms-143630176.html", "country": "GB", "title": "European shares rally after China calms yuan fall", "performance_score": 0, "site": "yahoo.com", "participants_count": 0, "title_full": "European shares rally after China calms yuan fall", "spam_score": 0.0, "site_type": "news", "published": "2015-08-13T17:36:00.000+03:00", "replies_count": 0, "uuid": "a4db378375bdc73f8687f3c55770c92b4752d4ab"}, "author": "", "url": "https://uk.finance.yahoo.com/news/european-shares-rally-china-calms-143630176.html", "ord_in_thread": 0, "title": "European shares rally after China calms yuan fall", "locations": ["China"], "entities": {"persons": [], "locations": [], "organizations": []}, "highlightText": "", "language": "english", "persons": [], "text": "Tip : Use comma (,) to separate multiple quotes. Learn more... \nThu, Aug 13, 2015, 15:40 BST - UK Markets close in 50 mins. European shares rally after China calms yuan fall Reuters - UK Focus – 3 minutes 57 seconds ago \n* FTSEurofirst 300 up 1.2 pct \n* Bounce-back for automakers, luxury stocks \n* Nestle (VTX: NESN.VX - news ) reports slightly disappointing sales \n* TUI (LSE: TUI.L - news ) , Moller Maersk lead after updates \n* Aegon (Swiss: AGN.SW - news ) , RWE (Xetra: 703712 - news ) fall on results disappointment (Updates with fresh prices) \nBy Lionel Laurent \nLONDON, Aug 13 (Reuters) - European shares bounced on Thursday after a 4 percent fall this week, tracking global equities higher on efforts by China's central bank to slow the sharp descent of the yuan that has rocked markets worldwide. \nThe pan-European FTSEurofirst 300 index was up 1.2 percent at 1,534.84 by 1345 GMT. \nAutomakers and luxury goods stocks, among the worst hit this week, were among the biggest gainers after China's central bank said there was no reason for the yuan to fall further. \n\"I think markets massively misunderstood what happened in China,\" Jefferies strategist Sean Darby said. \n\"The exchange rate in China is moving to a free float. There was too much hype over the word 'devaluation' and markets are realising that after 48 hours,\" he said. \nEuropean equities hit their lowest level in a month in the wake of China's move to allow its currency to fall. But by Thursday there were signs the pace of decline was slowing after the central bank set a midpoint for the currency that was not as low as expected. \nBetter-than-expected profits from shipping and oil group Moller Maersk and a positive earnings outlook from travel firm TUI sent shares in the two companies up around 6 percent. \nNestle reported worse-than-expected half-year sales, hurt by a recall of its Maggi noodles in India, though the Swiss food group's shares rose 3.7 percent after it said it maintained its 2015 outlook. \nAmong standout losers, shares in Germany's No. 2 utility RWE (Amsterdam: RW6.AS - news ) dropped 7.6 percent after it posted weaker-than-expected profits in the first half, hit by a mix of low wholesale power prices, a small footprint in renewables and problems at its UK business. \n\"Conventional power generation was below our estimates, and the UK supply operations (Npower) were a major disappointment,\" John Musk, analyst at RBC Capital Markets, said in a note. \nDutch insurer Aegon slumped 7.4 percent after it missed earnings forecasts. \nWhile fears over Greece's ability to avert financial ruin appear to have receded, the European Union moved to keep Greece on a tight rein after its latest bailout. Sources said the 85 billion euro deal will be reviewed by lenders in October and any discussion of debt relief will only come at a later stage. Greece's Athex stock index edged 0.7 percent lower. \nEurope bourses in 2015: http://link.reuters.com/pap87v \nAsset performance in 2015: http://link.reuters.com/gap87v \nToday's European research round-up", "external_links": [], "published": "2015-08-13T17:36:00.000+03:00", "crawled": "2015-08-13T17:41:15.202+03:00", "highlightTitle": ""}