{"organizations": [], "uuid": "6c9d8c3bc6a66ee766cb18193bfd1b6d879fa731", "thread": {"social": {"gplus": {"shares": 0}, "pinterest": {"shares": 0}, "vk": {"shares": 0}, "linkedin": {"shares": 0}, "facebook": {"likes": 0, "shares": 0, "comments": 0}, "stumbledupon": {"shares": 0}}, "site_full": "www.3news.co.nz", "main_image": "http://cdn.3news.co.nz/3news/AM/2015/8/10/636565c9-98ae-4ec7-9900-ed890f7f1bdf/quakehouse1200.jpg", "site_section": "http://feeds.feedburner.com/co/hYAN", "section_title": "Business / Finance news", "url": "http://www.3news.co.nz/nznews/a-third-of-christchurch-quake-claims-still-outstanding-2015081011", "country": "NZ", "title": "A third of Christchurch quake claims still outstanding", "performance_score": 0, "site": "3news.co.nz", "participants_count": 0, "title_full": "A third of Christchurch quake claims still outstanding", "spam_score": 0.0, "site_type": "news", "published": "2015-08-10T01:15:00.000+03:00", "replies_count": 0, "uuid": "6c9d8c3bc6a66ee766cb18193bfd1b6d879fa731"}, "author": "", "url": "http://www.3news.co.nz/nznews/a-third-of-christchurch-quake-claims-still-outstanding-2015081011", "ord_in_thread": 0, "title": "A third of Christchurch quake claims still outstanding", "locations": ["Christchurch"], "entities": {"persons": [], "locations": [], "organizations": []}, "highlightText": "", "language": "english", "persons": [], "text": "A third of Christchurch quake claims still outstanding \nMonday 10 Aug 2015 11:15 a.m. \nDespite a ramp-up in settlements, a third of Christchurch earthquake insurance claims have yet to be settled nearly five years after the first event. \nIn the quarter to the end of June, private insurers settled a record 1500 Canterbury earthquake claims, about 40 per cent up from last quarter and more than double some quarters in 2013, according to the Insurance Council of New Zealand. \nThat means about 16,000, or two-thirds, of all claims have now been settled, totalling about $15 billion in payments made by insurers. \nBut another $4.7 billion is still to be finalised. \nCurrently, 2311 homes are also under construction - meaning they can't be counted as settled - while about another 4700 are waiting for construction to begin or cash settlements to be paid out. \nInsurance Council chief executive Tim Grafton said despite negative media coverage, the industry was picking up the pace. \n\"Contrary to recent commentary reported in the media about the rate of recovery, we are continuing to see more residential settlements than ever,\" he said. \nHowever, 488 people still have yet to receive any offer from their private insurer, with 358 still yet to make a decision on their offer. \nBut the Insurance Council said the vast majority of these were recent transfers from the EQC to private insurers - of which there were 327 last quarter. \nClaims of over $100,000 are split between EQC and private insurers, meaning if they end up moving over that cap, they get moved to onto private insurer's books. \nTHE BREAKDOWN: \n* a total 24,527 claims to private insurers \n* about 16,000 of those have been settled \n* total value of all claims expected to be $19.65 billion \n* $15 billion has been settled \n* 488 people have yet to be made an offer by their insurer \n* about 12,000 settlements have been in cash \n* 1500 settlements June quarter - up from 1150 last year, and 756 in 2013 \n* Claims deemed settled if payment received or building work finished \nNZN", "external_links": [], "published": "2015-08-10T01:15:00.000+03:00", "crawled": "2015-08-10T05:12:55.034+03:00", "highlightTitle": ""}