{"organizations": ["Axis Bank"], "uuid": "2330b40d3b3f2b908faabd06ac32b717fbe1f86a", "thread": {"social": {"gplus": {"shares": 0}, "pinterest": {"shares": 0}, "vk": {"shares": 0}, "linkedin": {"shares": 0}, "facebook": {"likes": 0, "shares": 0, "comments": 0}, "stumbledupon": {"shares": 0}}, "site_full": "economictimes.indiatimes.com", "main_image": "http://economictimes.indiatimes.com/thumb/msid-48462638,width-600,resizemode-4/axis-bank-launches-multi-currency-contactless-card-with-visa.jpg", "site_section": "http://economictimes.indiatimes.com/rssfeeds/13358319.cms", "section_title": "Banking-Banking/Finance-Industry-The Economic Times", "url": "http://economictimes.indiatimes.com/industry/banking/finance/banking/chinese-move-to-devalue-yuan-dangerous-and-unpredictable-aditya-puri/articleshow/48471057.cms", "country": "IL", "title": "Axis Bank launches multi-currency contactless card with Visa", "performance_score": 0, "site": "indiatimes.com", "participants_count": 0, "title_full": "Axis Bank launches multi-currency contactless card with Visa", "spam_score": 0.0, "site_type": "news", "published": "2015-08-13T08:02:00.000+03:00", "replies_count": 0, "uuid": "2330b40d3b3f2b908faabd06ac32b717fbe1f86a"}, "author": "", "url": "http://economictimes.indiatimes.com/industry/banking/finance/banking/chinese-move-to-devalue-yuan-dangerous-and-unpredictable-aditya-puri/articleshow/48471057.cms", "ord_in_thread": 0, "title": "Axis Bank launches multi-currency contactless card with Visa", "locations": ["US", "Hong Kong", "MUMBAI"], "entities": {"persons": [], "locations": [], "organizations": []}, "highlightText": "", "language": "english", "persons": [], "text": "ET SPECIAL: Love visual aspect of news? Enjoy this exclusive slideshows treat! MUMBAI: Axis Bank will upgrade close to about one-fourth, or 50,000, of its point of sale (PoS) machines so that they can accept debit and credit card payments from contactless cards. On Wednesday , the bank launched contactless multi-currency forex cards in partnership with Visa -the payments gateway company. Axis Bank would be the first bank to issue multi-currency contactless cards or 'tap and pay' cards which can be loaded in 15 currencies such as Swiss Franc and Hong Kong dollar besides the three main currencies -US dollar, Euro and British Pound. Axis Bank has also launched contactless debit and credit cards for its premium customers.  ", "external_links": [], "published": "2015-08-13T08:02:00.000+03:00", "crawled": "2015-08-13T18:10:22.608+03:00", "highlightTitle": ""}