{"organizations": ["Boost E-Governance Goes Live Rwanda"], "uuid": "ffd9f402e5084732ab3a6db7eccec3f5a7897be8", "thread": {"social": {"gplus": {"shares": 0}, "pinterest": {"shares": 0}, "vk": {"shares": 0}, "linkedin": {"shares": 0}, "facebook": {"likes": 0, "shares": 0, "comments": 0}, "stumbledupon": {"shares": 0}}, "site_full": "allafrica.com", "main_image": "http://allafrica.com/static/images/structure/aa-logo-rgba-no-text-128x128.png", "site_section": "http://allafrica.com/tools/headlines/rdf/business/headlines.rdf", "section_title": "AllAfrica News: Economy, Business and Finance", "url": "http://allafrica.com/stories/201508101253.html", "country": "US", "title": "Rwanda: Rwanda's Online Portal to Boost E-Governance Goes Live", "performance_score": 0, "site": "allafrica.com", "participants_count": 0, "title_full": "Rwanda: Rwanda's Online Portal to Boost E-Governance Goes Live", "spam_score": 0.0, "site_type": "news", "published": "2015-08-10T13:18:00.000+03:00", "replies_count": 0, "uuid": "ffd9f402e5084732ab3a6db7eccec3f5a7897be8"}, "author": "", "url": "http://allafrica.com/stories/201508101253.html", "ord_in_thread": 0, "title": "Rwanda: Rwanda's Online Portal to Boost E-Governance Goes Live", "locations": ["Rwanda"], "entities": {"persons": [], "locations": [], "organizations": []}, "highlightText": "", "language": "english", "persons": ["Jean-Pierre Afadhali"], "text": "Rwanda's Online Portal to Boost E-Governance Goes Live Tagged: By Jean-Pierre Afadhali \nThe government's one-stop portal that aims to provide online services to citizens and businesses has gone live. \nThe online platform branded \"Irembo\" is a public-private partnership deal between the government and Rwanda Online Platform Ltd to offer e-government solutions to fast-track service delivery and increase efficiency in public institutions. \nClement Uwajeneza, chief executive of Rwanda Online Platform Ltd, a technology company that is implementing the project said \"Irembo,\" which means gateway or door, went live last week and five services are now available on www.irembo.gov.rw. Related Topics Tanzania: Affordable Smart Phones Complement E-Commerce \n\"We have put the platform online so that active Internet users and those who are used to technology services give us feedback so that we can improve it and make it more user friendly,\" Mr Uwajeneza said in interview with Rwanda Today. \n\"The technology product is not put entirely on the market without passing through steps and getting feedback from users to make it better so that slowly it becomes like a daily life service,\" he said. \nInternet penetration in the country is still low which could deny many citizens access to the services being offered. Rwanda \nIt is 18 months since the University of Rwanda came into force following the merger of all public universities in the … see more » Copyright © 2015 The East African. All rights reserved. Distributed by AllAfrica Global Media ( allAfrica.com ). To contact the copyright holder directly for corrections — or for permission to republish or make other authorized use of this material, click here. AllAfrica publishes around 2,000 reports a day from more than 130 news organizations and over 200 other institutions and individuals , representing a diversity of positions on every topic. We publish news and views ranging from vigorous opponents of governments to government publications and spokespersons. Publishers named above each report are responsible for their own content, which AllAfrica does not have the legal right to edit or correct. Articles and commentaries that identify allAfrica.com as the publisher are produced or commissioned by AllAfrica . To address comments or complaints, please Contact us .", "external_links": [], "published": "2015-08-10T13:18:00.000+03:00", "crawled": "2015-08-10T14:57:42.650+03:00", "highlightTitle": ""}