{"organizations": [], "uuid": "bc4549ef7a59941349e0185aad15f4a3c1706640", "thread": {"social": {"gplus": {"shares": 0}, "pinterest": {"shares": 0}, "vk": {"shares": 0}, "linkedin": {"shares": 0}, "facebook": {"likes": 0, "shares": 0, "comments": 0}, "stumbledupon": {"shares": 0}}, "site_full": "www.zawya.com", "main_image": "", "site_section": "http://www.zawya.com/rss/default.cfm?rssid=23C341EC-8851-9E2C-C35A985480E8068B", "section_title": "Zawya.com - Islamic Finance Live News", "url": "http://www.zawya.com/story/BRIEFAlbaraka_Turk_mandates_banks_for_murabaha_syndication_with_initial_amount_of_400_mln-TR20150804nFWN10F00IX3/", "country": "AE", "title": "BRIEF-Albaraka Turk mandates banks for murabaha syndication with initial amount of $400 mln", "performance_score": 0, "site": "zawya.com", "participants_count": 0, "title_full": "BRIEF-Albaraka Turk mandates banks for murabaha syndication with initial amount of $400 mln", "spam_score": 0.0, "site_type": "news", "published": "2015-08-04T11:48:00.000+03:00", "replies_count": 0, "uuid": "bc4549ef7a59941349e0185aad15f4a3c1706640"}, "author": "", "url": "http://www.zawya.com/story/BRIEFAlbaraka_Turk_mandates_banks_for_murabaha_syndication_with_initial_amount_of_400_mln-TR20150804nFWN10F00IX3/", "ord_in_thread": 0, "title": "BRIEF-Albaraka Turk mandates banks for murabaha syndication with initial amount of $400 mln", "locations": [], "entities": {"persons": [], "locations": [], "organizations": []}, "highlightText": "", "language": "english", "persons": [], "text": "Property Insider In Focus BusinessPulse helps business owners increase their revenue and reduce their costs by offering support at each stage of their business. Providing transparent information and practical advice on how to grow their business and take it to the next level. Visit the site:", "external_links": [], "published": "2015-08-04T11:48:00.000+03:00", "crawled": "2015-08-04T23:41:13.621+03:00", "highlightTitle": ""}