{"organizations": [], "uuid": "14e26d32d7a034e76921aa5f9712c62378a0f64f", "thread": {"social": {"gplus": {"shares": 0}, "pinterest": {"shares": 0}, "vk": {"shares": 0}, "linkedin": {"shares": 0}, "facebook": {"likes": 0, "shares": 0, "comments": 0}, "stumbledupon": {"shares": 0}}, "site_full": "www.reuters.com", "main_image": "", "site_section": "http://www.reuters.com/finance/personal-finance", "section_title": "Wealth, Personal Finance &amp; Money | Reuters.com", "url": "http://www.reuters.com/article/2015/08/05/malaysia-airlines-crash-mh-idUSL3N10G5FG20150805", "country": "US", "title": "UPDATE 1-Malaysia confirms debris found in Reunion is from Flight MH370", "performance_score": 0, "site": "reuters.com", "participants_count": 1, "title_full": "UPDATE 1-Malaysia confirms debris found in Reunion is from Flight MH370 | Reuters", "spam_score": 0.0, "site_type": "news", "published": "2015-08-05T22:16:00.000+03:00", "replies_count": 0, "uuid": "14e26d32d7a034e76921aa5f9712c62378a0f64f"}, "author": "Reuters", "url": "http://www.reuters.com/article/2015/08/05/malaysia-airlines-crash-mh-idUSL3N10G5FG20150805", "ord_in_thread": 0, "title": "UPDATE 1-Malaysia confirms debris found in Reunion is from Flight MH370", "locations": [], "entities": {"persons": [], "locations": [], "organizations": []}, "highlightText": "", "language": "english", "persons": [], "text": "(Adds details, Quote: s)\nKUALA LUMPUR Aug 6 (Reuters) - Malaysian Prime Minister Najib Razak confirmed on Thursday that a Boeing 777 wing segment discovered in the Indian Ocean island of Reunion is from the missing Flight MH370, the first real breakthrough in the search for the plane that disappeared 17 months ago.\n\"Today, 515 days since the plane disappeared, it is with a heavy heart that I must tell you that an international team of experts have conclusively confirmed that the aircraft debris found on Reunion Island is indeed from MH370,\" Najib said in a televised statement.\nMalaysia Airlines Flight MH370 disappeared in March last year enroute from Kuala Lumpur to Beijing with 239 passengers and crew on board.\nInvestigators in France ascertained that the barnacle-covered debris, a 2-2.5 metre (6.5-8 feet) wing surface known as a flaperon, belonged to MH370 just days after Malaysia identified it as being part of the same model, a Boeing 777.\nThe confirmation brings some closure to the relatives of those on board but does not shed any light on what happened to the airliner.\n\"I would like to assure all those affected by this tragedy that the government of Malaysia is committed to do everything within our means to find out the truth of what happened,\" Najib said.\nThe plane piece washed up last Wednesday on Reunion, a volcanic island of 850,000 people that is a full part of France, located in the Indian Ocean near Madagascar.\nReunion is roughly 3,700 km (2,300 miles) from the broad expanse of the southern Indian Ocean off Australia where search efforts have focused, but officials and experts said currents could have carried wreckage that way, thousands of kilometres from where the plane is thought to have crashed.\nMalaysia Airlines said in a separate statement that the relatives of passengers and the crew had been informed.\nThe airline said the discovery was a major breakthrough in resolving the disappearance of MH370.\n\"We expect and hope that there would be more objects to be found which would be able to help resolve this mystery,\" it added.\nThe discovery of the flaperon led to a frantic search for more possible wreckage from the missing plane in the island. (Reporting by Praveen Menon and Al-Zaquan Amer Hamzah; Editing by Angus MacSwan)", "external_links": [], "published": "2015-08-05T22:16:00.000+03:00", "crawled": "2015-08-05T21:28:44.536+03:00", "highlightTitle": ""}