{"organizations": [], "uuid": "5a14e1f7392211c13059bbfa2e47cfdee7795229", "thread": {"social": {"gplus": {"shares": 0}, "pinterest": {"shares": 0}, "vk": {"shares": 0}, "linkedin": {"shares": 0}, "facebook": {"likes": 0, "shares": 0, "comments": 0}, "stumbledupon": {"shares": 0}}, "site_full": "uk.finance.yahoo.com", "main_image": "https://s.yimg.com/bt/api/res/1.2/6rik6AZwuPGCiADf_9dhPQ--/YXBwaWQ9eW5ld3M7cT03NTt3PTYwMA--/http://l.yimg.com/os/mit/media/m/social/images/social_default_logo-1481777.png", "site_section": "https://uk.finance.yahoo.com/news/sector-basic-materials/?format=rss", "section_title": "Basic Resources News | Yahoo! Finance", "url": "https://uk.finance.yahoo.com/news/bp-h1-oil-output-azeri-161537900.html", "country": "US", "title": "BP H1 oil output at Azeri projects declines to 641,000 bpd", "performance_score": 0, "site": "yahoo.com", "participants_count": 0, "title_full": "BP H1 oil output at Azeri projects declines to 641,000 bpd", "spam_score": 0.0, "site_type": "news", "published": "2015-08-10T19:15:00.000+03:00", "replies_count": 0, "uuid": "5a14e1f7392211c13059bbfa2e47cfdee7795229"}, "author": "", "url": "https://uk.finance.yahoo.com/news/bp-h1-oil-output-azeri-161537900.html", "ord_in_thread": 0, "title": "BP H1 oil output at Azeri projects declines to 641,000 bpd", "locations": [], "entities": {"persons": [], "locations": [], "organizations": []}, "highlightText": "", "language": "english", "persons": [], "text": "Tip : Use comma (,) to separate multiple quotes. Learn more... \nMon, Aug 10, 2015, 17:30 BST - UK Markets closed BP H1 oil output at Azeri projects declines to 641,000 bpd Reuters - UK Focus – 15 minutes ago -0.10 \n(Corrects H1 2014 output as 656,000 bpd, not 672,000 bpd) \nTBILISI, Aug 10 (Reuters) - Oil output from BP-led oilfields in Azerbaijan in the first half of 2015 was slightly down compared to a year earlier, BP-Azerbaijan said on Monday, driving a decline in the country's total oil production. \nDaily oil output at the Azeri-Chirag-Guneshli (ACG) oilfields, which account for most of Azerbaijan's production, declined to an average of 641,000 barrels per day (bpd) from 656,000 bpd in the same period last year and 661,000 bpd in the first quarter of this year. \n(Reporting by Margarita Antidze; Editing by Jack Stubbs) Tax cuts, pensions, childcare, online accounts and beer duty, here's … Related Stock Articles Follow the quotes you care about most. Access timely news and investment updates to stay on top of the market. … More » Yahoo UK & Ireland Finance Terms \nQuotes are real-time for NASDAQ, NYSE, and NYSEAmex when available. See also delay times for other exchanges . Quotes and other information supplied by independent providers identified on the Yahoo! Finance partner page . Quotes are updated automatically, but will be turned off after 25 minutes of inactivity. Quotes are delayed at least 15 minutes. All information provided \"as is\" for informational purposes only, not intended for trading purposes or advice. Neither Yahoo! nor any of independent providers is liable for any informational errors, incompleteness, or delays, or for any actions taken in reliance on information contained herein. By accessing the Yahoo! site, you agree not to redistribute the information found therein. \nFundamental company data provided by Capital IQ . Historical chart data and daily updates provided by Commodity Systems, Inc. (CSI) . International historical chart data and daily updates provided by Morningstar, Inc . Yahoo! - News Network", "external_links": [], "published": "2015-08-10T19:15:00.000+03:00", "crawled": "2015-08-10T19:31:23.099+03:00", "highlightTitle": ""}