{"organizations": [], "uuid": "0d9a12a8aa25981d50e8f98af9a1d6bfb2916b4a", "thread": {"social": {"gplus": {"shares": 0}, "pinterest": {"shares": 0}, "vk": {"shares": 0}, "linkedin": {"shares": 0}, "facebook": {"likes": 0, "shares": 0, "comments": 0}, "stumbledupon": {"shares": 0}}, "site_full": "www.reuters.com", "main_image": "", "site_section": "http://www.reuters.com/finance/personal-finance", "section_title": "Wealth, Personal Finance &amp; Money | Reuters.com", "url": "http://www.reuters.com/article/2015/08/13/vale-sa-spill-idUSL1N10O0VP20150813", "country": "US", "title": "UPDATE 1-Vale says leak at Copper Cliff smelter in Canada contained", "performance_score": 0, "site": "reuters.com", "participants_count": 1, "title_full": "UPDATE 1-Vale says leak at Copper Cliff smelter in Canada contained | Reuters", "spam_score": 0.0, "site_type": "news", "published": "2015-08-13T17:07:00.000+03:00", "replies_count": 0, "uuid": "0d9a12a8aa25981d50e8f98af9a1d6bfb2916b4a"}, "author": "Reuters", "url": "http://www.reuters.com/article/2015/08/13/vale-sa-spill-idUSL1N10O0VP20150813", "ord_in_thread": 0, "title": "UPDATE 1-Vale says leak at Copper Cliff smelter in Canada contained", "locations": [], "entities": {"persons": [], "locations": [], "organizations": []}, "highlightText": "", "language": "english", "persons": [], "text": "(Recasts with comments from Vale)\nTORONTO Aug 13 (Reuters) - Brazilian miner Vale said on Thursday that a nitrogen dioxide leak at its Copper Cliff smelter in Sudbury, Ontario had been contained and that the leak did not result in any injuries.\nA spokesman for Vale said the incident would not have an impact production as the leak occurred just as Vale was beginning a scheduled maintenance shutdown at the nickel smelter.\n\"It looks at this point in time like it may be related to some of the shutdown work that was being done,\" said Cory McPhee a spokesman for Vale in Canada. \"Until we're able to investigate further, I can't say with any degree of certainty.\"\nVale initially declared a Level 3 emergency at the site, but it has now downgraded that to Level 2, meaning that it now only affects the plant, and it is safe for residents in the area to go outside, said McPhee.\nBroadcaster CBC earlier reported a yellow plume was visible above the Vale complex - and that cars were being directed away from the smelter.\n\"The cloud is dissipating. The levels that we registered throughout the event were very low,\" said McPhee, adding that Vale has not received reports of any adverse effects outside the plant. (Reporting by Euan Rocha and Allison Martell Editing by W Simon)", "external_links": [], "published": "2015-08-13T17:07:00.000+03:00", "crawled": "2015-08-13T16:18:47.343+03:00", "highlightTitle": ""}