{"organizations": [], "uuid": "ed1e28a254d31824010835aa6ead43d9a02d923a", "thread": {"social": {"gplus": {"shares": 0}, "pinterest": {"shares": 0}, "vk": {"shares": 0}, "linkedin": {"shares": 0}, "facebook": {"likes": 0, "shares": 0, "comments": 0}, "stumbledupon": {"shares": 0}}, "site_full": "www.reuters.com", "main_image": "", "site_section": "http://www.reuters.com/finance/personal-finance", "section_title": "Wealth, Personal Finance &amp; Money | Reuters.com", "url": "http://www.reuters.com/article/2015/08/10/eurozone-greece-germany-negotiations-idUSB4N0ZN01U20150810", "country": "US", "title": "Germany says swift Greek bailout deal desirable", "performance_score": 0, "site": "reuters.com", "participants_count": 1, "title_full": "Germany says swift Greek bailout deal desirable | Reuters", "spam_score": 0.0, "site_type": "news", "published": "2015-08-10T13:47:00.000+03:00", "replies_count": 0, "uuid": "ed1e28a254d31824010835aa6ead43d9a02d923a"}, "author": "Reuters", "url": "http://www.reuters.com/article/2015/08/10/eurozone-greece-germany-negotiations-idUSB4N0ZN01U20150810", "ord_in_thread": 0, "title": "Germany says swift Greek bailout deal desirable", "locations": [], "entities": {"persons": [], "locations": [], "organizations": []}, "highlightText": "", "language": "english", "persons": [], "text": "BERLIN Aug 10 A swift conclusion to negotiations with international creditors on a new bailout for Greece would be desirable, German government spokesman Steffen Seibert said on Monday, noting that a thorough agreement was more important than a quick deal.\nAt the same regular government news conference, a finance ministry spokesman said that it would be sensible to link the size of the first tranche of aid to Athens' progress in implementing reforms.\n(Reporting by Paul Carrel and Tina Bellon; Editing by Louise Ireland)", "external_links": [], "published": "2015-08-10T13:47:00.000+03:00", "crawled": "2015-08-10T13:06:04.909+03:00", "highlightTitle": ""}