{"organizations": [], "uuid": "c72062e49d80d755808237e327f9ac33e9969cdb", "thread": {"social": {"gplus": {"shares": 0}, "pinterest": {"shares": 0}, "vk": {"shares": 0}, "linkedin": {"shares": 0}, "facebook": {"likes": 0, "shares": 0, "comments": 0}, "stumbledupon": {"shares": 0}}, "site_full": "www.financemagnates.com", "main_image": "http://www.financemagnates.com/executives/wp-content/uploads/sites/11/2015/08/portware.jpg", "site_section": "http://forexmagnates.com/feed/", "section_title": "Latest News from Finance Magnates", "url": "http://www.financemagnates.com/executives/move/portware-taps-chris-matsko-as-head-of-fx-trading-services/", "country": "US", "title": "Portware Taps Chris Matsko as Head of FX Trading Services", "performance_score": 0, "site": "financemagnates.com", "participants_count": 0, "title_full": "Portware Taps Chris Matsko as Head of FX Trading Services", "spam_score": 0.0, "site_type": "news", "published": "2015-08-12T22:52:00.000+03:00", "replies_count": 0, "uuid": "c72062e49d80d755808237e327f9ac33e9969cdb"}, "author": "", "url": "http://www.financemagnates.com/executives/move/portware-taps-chris-matsko-as-head-of-fx-trading-services/", "ord_in_thread": 0, "title": "Portware Taps Chris Matsko as Head of FX Trading Services", "locations": ["Portware"], "entities": {"persons": [], "locations": [], "organizations": []}, "highlightText": "", "language": "english", "persons": ["Matsko", "Chris Matsko"], "text": "Portware Taps Chris Matsko as Head of FX Trading Services Portware Taps Chris Matsko as Head of FX Trading Services In his new role at Portware, Mr. Matsko will work with the group's global clientele to help push and oversee the firm’s FX solutions. Advertising Print This Post \nPortware, a multi-asset trade automation solutions provider that utilizes artificial intelligence, has appointed foreign exchange (FX) industry veteran Christopher Matsko as its newest Head of FX Trading Services, according to a Portware statement. \nIn his new role as the Head of FX Trading Services at Portware, Mr. Matsko will work with the group’s global clientele to help push and oversee the firm’s comprehensive FX solutions. Mr. Matsko will also maintain an institutional focus, whereby strengthening Portware’s trading platform. He will be based out of New York, where he will report to Portware’s CEO, Alfred Eskandar. \nMr. Matsko joins Portware with over a decade of experience in FX business development in North American markets, including the United States and Canada. Prior to Portware, Matsko also held several senior level roles at 360T, FXall, Associated Foreign Exchange, and Capital Markets Services. \nAccording to Mr. Matsko in a recent statement on the appointment to Portware, “In all my years in the industry, I haven’t seen another company like Portware that truly understands the buy side’s unique workflows and delivers demonstrable best execution. Portware FX is geared directly towards the needs of large asset managers and enables them to deal directly with their banks, ECNs, and custodians at a fraction of the cost of other platforms.” \n“The number and size of their recent client wins is a testament to the strength of Portware FX. I am excited to join Portware at this time of impressive company growth and contribute to the ongoing innovation and success of its award-winning FX platform and solutions.” \n“The FX market is distinct from equities and presents unique challenges, from evolving regulatory initiatives to the mounting demand for transparency. Buy side firms are turning to Portware to meet these challenges and provide intelligent decision support and performance optimization. Adding someone of Chris’s caliber to our FX team ensures we can continuously deliver an FX trading experience that enhances dealer relationships, execution quality, and service levels to our clients around the world,” added Alfred Eskandar, CEO of Portware in an accompanying statement. \nPortware provides broker-neutral trading solutions for a number of asset classes, including equities, futures, options, and FX. The company has offices in New York, London, Hong Kong, and Hyderabad. Got a news tip? Let Us Know FOUND A MISTAKE", "external_links": [], "published": "2015-08-12T22:52:00.000+03:00", "crawled": "2015-08-12T19:59:36.307+03:00", "highlightTitle": ""}