{"organizations": ["First Clover Leaf Financial Corp.", "First Clover Leaf Financial Corp", "Leaf Financial Corp", "First Clover Leaf Financial Corporation"], "uuid": "75b6bd65d65607f4df6bc4aef739470291766104", "thread": {"social": {"gplus": {"shares": 0}, "pinterest": {"shares": 0}, "vk": {"shares": 0}, "linkedin": {"shares": 0}, "facebook": {"likes": 0, "shares": 0, "comments": 0}, "stumbledupon": {"shares": 0}}, "site_full": "globenewswire.com", "main_image": "", "site_section": "http://globenewswire.com//Rss/industry/8779/Mortgage%20Finance", "section_title": "GlobeNewswire: Industry News on Mortgage Finance", "url": "http://globenewswire.com/news-release/2015/08/11/759869/0/en/First-Clover-Leaf-Financial-Corp-Announces-Second-Quarter-Financial-Results.html?f=22&fvtc=3&fvtv=8779", "country": "US", "title": "First Clover Leaf Financial Corp. Announces Second Quarter Financial Results", "performance_score": 0, "site": "globenewswire.com", "participants_count": 0, "title_full": "First Clover Leaf Financial Corp. Announces Second Quarter Financial Results", "spam_score": 0.0, "site_type": "news", "published": "2015-08-11T23:30:00.000+03:00", "replies_count": 0, "uuid": "75b6bd65d65607f4df6bc4aef739470291766104"}, "author": "", "url": "http://globenewswire.com/news-release/2015/08/11/759869/0/en/First-Clover-Leaf-Financial-Corp-Announces-Second-Quarter-Financial-Results.html?f=22&fvtc=3&fvtv=8779", "ord_in_thread": 0, "title": "First Clover Leaf Financial Corp. Announces Second Quarter Financial Results", "locations": ["EDWARDSVILLE", "Ill."], "entities": {"persons": [], "locations": [], "organizations": []}, "highlightText": "", "language": "english", "persons": ["Kuhl", "P. David Kuhl"], "text": "First Clover Leaf Financial Corp. Announces Second Quarter Financial Results August 11, 2015 16:30 ET | Source: First Clover Leaf Financial Corporation EDWARDSVILLE, Ill., Aug. 11, 2015 (GLOBE NEWSWIRE) -- First Clover Leaf Financial Corp. (the “Company”) (Nasdaq: FCLF ) today reported unaudited net income of $1,212,000 for the second quarter of 2015 compared to $710,000 for the same quarter in 2014, an increase in earnings of $502,000, or 70.7%. Highlighting our strong operating performance was revenue growth from an increase in average loans and an increase in non-interest income. Basic and diluted earnings per share were $0.17 for the second quarter of 2015 compared to $0.10 for the same quarter in 2014. “We are pleased with the increased earnings we are reporting for the second quarter,” noted P. David Kuhl, President and CEO. “We continue to execute on our strategic plan and move forward despite the very competitive market conditions in which we operate.” While loans, net, decreased to $393,069,712 at June 30, 2015 from $400,904,404 at December 31, 2014, the commercial loan portfolio increased to $147,066,000 at June 30, 2015 from $129,415,000 at December 31, 2014. This represented a 13.6% increase in the commercial loan portfolio. Mr. Kuhl reported, “We are very pleased with our increased commercial activity. Growth in this area highlights our ability to deepen and grow customer relationships, as well as gain new customers and market share.” \nFor  , unaudited net income was $2,684,000, an increase of $1,197,000, or 80.5% compared to $1,487,000 for the six months ended June 30, 2014. In addition to revenue growth and higher non-interest income, the Company recorded a $500,000 credit   during the six-month period ended June 30, 2015. Basic and diluted earnings per share were $0.38 for the first half of 2015 compared to $0.21 for the same period in 2014. \nNet interest income after credit for loan losses was $4,436,000 for the second quarter of 2015, which was $301,000 higher than the same quarter in 2014. For  , net interest income after credit for loan losses was $9,281,000, which was $1,109,000 higher than the same period in 2014. \nNon-  to $741,000 for the second quarter of 2015 compared to $372,000 for the same period in 2014. Non-  to $1,339,000   $749,000 for the same period in 2014. For the three and six   income increased primarily due to increases in gain on sale of loans, service fees on deposits and other service charges and fees, as well as a reduction in loss on sale of foreclosed assets compared to the same periods in 2014. \nThe non-interest category showing the greatest increase was gain on sale of loans, which totaled $295,000 for the quarter ended June 30, 2015 compared to $187,000 for the same quarter in 2014. Gain on sale of loans totaled $476,000   $213,000 for the six months ended June 30, 2014. These increases were due to a higher volume of loan sales   2015 compared to the same periods in 2014. Mr. Kuhl reported, “In an effort to increase loan gains, the Company has added additional one-to-four family real estate products and will continue the focus on increasing the volume of loans originated and sold.” The Company sold loans totaling $17.3 million and $6.4 million during   and 2014, respectively. \nAbout Us. \nFirst Clover Leaf Financial Corp. is the bank holding company for First Clover Leaf Bank, National Association. First Clover Leaf Bank is a nationally-chartered community bank. First Clover Leaf Bank conducts business from its headquarters in Edwardsville, Illinois with five branch offices located in Madison County, Illinois as well as a branch office in St. Clair County, Illinois, and a loan production office in Clayton, Missouri. \nForward-Looking Statements. \nWhen used in this press release, the words or phrases “will,” “are expected to,” “we believe,” “should,” “is anticipated,” “estimate,” “project” or similar expressions are intended to identify “forward-looking statements” within the meaning of the Private Securities Litigation Reform Act of 1995. Such statements are subject to certain risks and uncertainties including, but not limited to changes in general economic conditions, either nationally or in our market areas, that are worse than expected; competition among depository and other financial institutions; inflation and changes in the interest rate environment that reduce our margins or reduce the fair value of financial instruments; adverse changes in the securities markets; changes in laws or government regulations or policies affecting financial institutions, including Basel III, the Dodd-Frank Wall Street Reform and Consumer Protection Act and the regulations issued thereunder; our ability to enter new markets successfully and capitalize on growth opportunities; our ability to successfully integrate acquired entities, if any; changes in consumer spending, borrowing and savings habits; changes in accounting policies and practices, as may be adopted by the bank regulatory agencies, the Financial Accounting Standards Board, the Securities and Exchange Commission and the Public Company Accounting Oversight Board; changes resulting from shutdowns of the federal government; changes in our organization, compensation and benefit plans; changes in our financial condition or results of operations that reduce capital available to pay dividends; and changes in the financial condition or future prospects of issuers of securities that we own, that could cause actual results to differ materially from historical earnings and those presently anticipated or projected. The Company wishes to caution you not to place undue reliance on any such forward-looking statements, which only speak as of the date made. The Company wishes to advise you that the factors listed above could affect the Company’s financial performance and could cause the Company’s actual results for future periods to differ materially from any opinions or statements expressed with respect to future periods in any current statements. Additional factors that could affect our results may be discussed in reports we file with the Securities and Exchange Commission. \nThe Company does not undertake, and specifically disclaims any obligation, to publicly release the result of any revisions which may be made to any forward-looking statements to reflect events or circumstances after the date of such statements or to reflect the occurrence of anticipated or unanticipated events.", "external_links": [], "published": "2015-08-11T23:30:00.000+03:00", "crawled": "2015-08-12T00:14:33.736+03:00", "highlightTitle": ""}