{"organizations": ["Wilmar"], "uuid": "0274c95aee57f10c9e2c1123b978e69436c7b372", "thread": {"social": {"gplus": {"shares": 0}, "pinterest": {"shares": 0}, "vk": {"shares": 0}, "linkedin": {"shares": 0}, "facebook": {"likes": 0, "shares": 0, "comments": 0}, "stumbledupon": {"shares": 0}}, "site_full": "allafrica.com", "main_image": "http://allafrica.com/static/images/structure/aa-logo-rgba-no-text-128x128.png", "site_section": "http://allafrica.com/tools/headlines/rdf/business/headlines.rdf", "section_title": "AllAfrica News: Economy, Business and Finance", "url": "http://allafrica.com/stories/201508030482.html", "country": "US", "title": "Zimbabwe: Wilmar to Inject U.S $30 Million Into Olivine", "performance_score": 0, "site": "allafrica.com", "participants_count": 0, "title_full": "Zimbabwe: Wilmar to Inject U.S $30 Million Into Olivine", "spam_score": 0.0, "site_type": "news", "published": "2015-08-03T11:10:00.000+03:00", "replies_count": 0, "uuid": "0274c95aee57f10c9e2c1123b978e69436c7b372"}, "author": "", "url": "http://allafrica.com/stories/201508030482.html", "ord_in_thread": 0, "title": "Zimbabwe: Wilmar to Inject U.S $30 Million Into Olivine", "locations": ["Zimbabwe"], "entities": {"persons": [], "locations": [], "organizations": []}, "highlightText": "", "language": "english", "persons": [], "text": "Zimbabwe: Adaptative Strategies Marred By Lack of Funding \n\"The transaction has already been approved by the Competition and Tariff Commission and is awaiting clearance from the Zimbabwe Revenue Authority on issues to do with tax assessment. \n\"Surface Wilmar will inject an initial $30 million towards recapitalisation and this will see Olivine expanding its contract farming programme in bid to develop the base for raw materials,\" said the source. \nThe source said Cottco Holdings has for sometime been scouting for an investor for its shareholding in Olivine estimated to be worth $10 million. \nGovernment and Cottco Holdings each had 49 percent in Olivine Industries with the remainder being held by the Industrial Development Corporation. \nThe source said Olivine has been failing to procure adequate raw materials due to shortages of working capital and the coming of a new investor is expected to change the face of the company by the end of this year. \n\"Surface Wilmar Private Limited jointly owns Surface investments with IDC and the transaction is expected to expand Surface's footprint in the local cooking oil market. \n\"Considering that Olivine has been failing to secure an investor for a long time, this is a positive way forward towards the revival of the largest cooking oil producer in Zimbabwe,\" said the source. \nOlivine has been in the market for $30 million in working capital to boost output and increase export margins. \nThe source said Olivine wants to increase the contribution of its margarine and bath soap brands to overall exports to 33 percent of turnover from the current levels of below 12 percent. \nBy last year Olivine had borrowings and payables in excess of $34 million against current assets of $21 million, $17,2 million being inventory. \nThe source said large debt, obsolete machinery and huge working capital required to resuscitate the company made it difficult for the company to attract investors. \nPoor performance of Olivine also saw its employment capacity dropping to 568 workers in 2014 from 2 286 in 2001. \n\"The company has also been struggling due to the shortage of soya beans and the influx of imports and that is the reason why the new investor is looking at injecting huge start-up capital to expand the source of raw materials,\" said the source. \nEfforts to get a comment from the Wilmar and the Industrial Development Corporation officials were fruitless at the time of going to print. Zimbabwe \nPRESIDENT Robert Mugabe could have played both puppet and puppeteer, in the Zanu PF debacle that resulted in the removal … see more » Copyright © 2015 The Herald. All rights reserved. Distributed by AllAfrica Global Media ( allAfrica.com ). To contact the copyright holder directly for corrections — or for permission to republish or make other authorized use of this material, click here. AllAfrica publishes around 2,000 reports a day from more than 130 news organizations and over 200 other institutions and individuals , representing a diversity of positions on every topic. We publish news and views ranging from vigorous opponents of governments to government publications and spokespersons. Publishers named above each report are responsible for their own content, which AllAfrica does not have the legal right to edit or correct. Articles and commentaries that identify allAfrica.com as the publisher are produced or commissioned by AllAfrica . To address comments or complaints, please Contact us .", "external_links": [], "published": "2015-08-03T11:10:00.000+03:00", "crawled": "2015-08-03T12:15:17.030+03:00", "highlightTitle": ""}