{"organizations": ["Bohai Leasing"], "uuid": "e17e1892470cd2dca2a81d305c3eb9c8be630691", "thread": {"social": {"gplus": {"shares": 0}, "pinterest": {"shares": 0}, "vk": {"shares": 0}, "linkedin": {"shares": 0}, "facebook": {"likes": 0, "shares": 0, "comments": 0}, "stumbledupon": {"shares": 0}}, "site_full": "uk.finance.yahoo.com", "main_image": "https://s.yimg.com/bt/api/res/1.2/6rik6AZwuPGCiADf_9dhPQ--/YXBwaWQ9eW5ld3M7cT03NTt3PTYwMA--/http://l.yimg.com/os/mit/media/m/social/images/social_default_logo-1481777.png", "site_section": "https://uk.finance.yahoo.com/news/category-asia/?format=rss", "section_title": "Asian Business News | Financial News - Yahoo! Finance UK", "url": "https://uk.finance.yahoo.com/news/chinas-bohai-leasing-exclusive-talks-141732086.html", "country": "US", "title": "China's Bohai Leasing in exclusive talks to buy Avolon for $2.64 bln", "performance_score": 0, "site": "yahoo.com", "participants_count": 0, "title_full": "China's Bohai Leasing in exclusive talks to buy Avolon for $2.64 bln", "spam_score": 0.0, "site_type": "news", "published": "2015-08-10T17:17:00.000+03:00", "replies_count": 0, "uuid": "e17e1892470cd2dca2a81d305c3eb9c8be630691"}, "author": "", "url": "https://uk.finance.yahoo.com/news/chinas-bohai-leasing-exclusive-talks-141732086.html", "ord_in_thread": 0, "title": "China's Bohai Leasing in exclusive talks to buy Avolon for $2.64 bln", "locations": ["China"], "entities": {"persons": [], "locations": [], "organizations": []}, "highlightText": "", "language": "english", "persons": [], "text": "Tip : Use comma (,) to separate multiple quotes. Learn more... \nMon, Aug 10, 2015, 16:15 BST - UK Markets close in 15 mins. China's Bohai Leasing in exclusive talks to buy Avolon for $2.64 bln Reuters - UK Focus – 58 minutes ago -0.140 \n(Adds detail, background, dateline) \nLONDON, Aug 10 (Reuters) - China's Bohai Leasing Co Ltd is in exclusive talks to buy Irish aircraft leasing firm Avolon Holdings Ltd for $2.64 billion, after raising its offer to put it ahead of a rival bidder. \nThe deal, which gives Avolon a total enterprise value of $7.6 billion, would give Bohai 100 percent ownership of the world's 11th-largest aircraft lessor. \nThe $32 per share offer was $1 per share higher than Bohai's earlier approach in July and represents a premium of 11.3 percent to Avolon's Friday close of $28.76. It is also $2 per share higher than an offer from a rival unidentified suitor. \nShares (Berlin: DI6.BE - news ) in Avolon traded up 4.8 percent at $30.13 by 1336 GMT. \nBohai and Avolon now have until Sept. 7 to negotiate a deal. \nChinese lessors, mostly backed by state-owned banks, have been expanding in recent years as large carriers such as Hainan Airlines Co Ltd, Air China Ltd, China Eastern Airlines Corp Ltd and China Southern Airlines Co Ltd open more routes at home and overseas. \nBohai, a unit of aviation and shipping conglomerate HNA (Shanghai: 600221.SS - news ) Group, bid for all of Avolon after learning there was another bidder, having originally offered to buy 20 percent of the company for $429 million at $26 per share. \nAvolon, which was founded by leasing entrepreneurs Domhnal Slattery and John Higgins in 2010, was floated last December. It owned or managed 152 aircraft at the end of June and had more than 100 more on order. \nAhead of Avolon's flotation, China Investment Corp (CIC) and AVIC Capital Co Ltd had been in talks to acquire the company. \nThe offer includes a break fee of up to $250 million in the event that the deal does not go ahead under certain circumstances, with an initial $75 million deposited by Bohai as a \"good faith\" measure. (Reporting by Sarah Young; Additional reporting by Sagarika Jaisinghani in Bengaluru; Editing by Susan Thomas and David Holmes)", "external_links": [], "published": "2015-08-10T17:17:00.000+03:00", "crawled": "2015-08-10T18:19:47.269+03:00", "highlightTitle": ""}