{"organizations": [], "uuid": "5fb2e85dfc55e21d7a0cd373980a9b243adf41d1", "thread": {"social": {"gplus": {"shares": 0}, "pinterest": {"shares": 0}, "vk": {"shares": 0}, "linkedin": {"shares": 0}, "facebook": {"likes": 0, "shares": 0, "comments": 0}, "stumbledupon": {"shares": 0}}, "site_full": "www.bloomberg.com", "main_image": "", "site_section": "http://www.bloomberg.com/personal-finance", "section_title": "Personal-finance - Bloomberg Business", "url": "http://www.bloomberg.com/news/articles/2015-07-31/sempra-s-ienova-to-buy-pemex-s-stake-in-jv-for-1-325-billion", "country": "US", "title": "Sempra’s Ienova to Buy Pemex’s Stake in JV for $1.325 Billion", "performance_score": 0, "site": "bloomberg.com", "participants_count": 1, "title_full": "Sempra’s Ienova to Buy Pemex’s Stake in JV for $1.325 Billion - Bloomberg Business", "spam_score": 0.0, "site_type": "news", "published": "2015-08-01T05:38:00.000+03:00", "replies_count": 0, "uuid": "5fb2e85dfc55e21d7a0cd373980a9b243adf41d1"}, "author": "Lynn Doan", "url": "http://www.bloomberg.com/news/articles/2015-07-31/sempra-s-ienova-to-buy-pemex-s-stake-in-jv-for-1-325-billion", "ord_in_thread": 0, "title": "Sempra’s Ienova to Buy Pemex’s Stake in JV for $1.325 Billion", "locations": [], "entities": {"persons": [], "locations": [], "organizations": []}, "highlightText": "", "language": "english", "persons": [], "text": "Sempra Energy’s Mexican subsidiary plans to buy Petróleos Mexicanos’s 50 percent stake in the Gasoductos de Chihuahua joint venture for $1.325 billion.\nSempra’s Infraestructura Energética Nova, known as Ienova, and Pemex announced the deal in a joint statement late Friday. Sempra will assume about $170 million in net debt as part of the agreement, the statement shows.", "external_links": [], "published": "2015-08-01T05:38:00.000+03:00", "crawled": "2015-08-01T01:22:57.682+03:00", "highlightTitle": ""}