{"organizations": [], "uuid": "c83e4c98afb553705c2a82097c34f2255014b249", "thread": {"social": {"gplus": {"shares": 0}, "pinterest": {"shares": 0}, "vk": {"shares": 0}, "linkedin": {"shares": 0}, "facebook": {"likes": 0, "shares": 0, "comments": 0}, "stumbledupon": {"shares": 0}}, "site_full": "www.smh.com.au", "main_image": "http://www.smh.com.au/content/dam/images/g/i/n/g/0/8/image.related.articleLeadwide.620x349.gir9t0.png/1438700048154.jpg", "site_section": "http://www.smh.com.au/business", "section_title": "Business News, Economy, Finance &amp; ASX Market News", "url": "http://www.smh.com.au/business/mining-and-resources/industrial-trouble-brews-for-south32-at-illawarra-coal-20150804-gir9t0.html", "country": "AU", "title": "Industrial trouble brews for South32 at Illawarra coal", "performance_score": 0, "site": "smh.com.au", "participants_count": 1, "title_full": "Industrial trouble brews for South32 at Illawarra coal", "spam_score": 0.0, "site_type": "news", "published": "2015-08-04T03:00:00.000+03:00", "replies_count": 0, "uuid": "c83e4c98afb553705c2a82097c34f2255014b249"}, "author": "Peter Ker", "url": "http://www.smh.com.au/business/mining-and-resources/industrial-trouble-brews-for-south32-at-illawarra-coal-20150804-gir9t0.html", "ord_in_thread": 0, "title": "Industrial trouble brews for South32 at Illawarra coal", "locations": [], "entities": {"persons": [], "locations": [], "organizations": []}, "highlightText": "", "language": "english", "persons": [], "text": "Coal miners at South32's Illawarra mines are talking of industrial action and have asked for a protected ballot.\nIndustrial trouble is looming at South32's coal mines in the Illawarra region of New South Wales, as lengthy negotiations over new workplace agreements come to a head.\nWorkers from the Dendrobium mine, one of the three mines South32 operates near Wollongong, are considering a strike and have applied for permission to hold a protected ballot, expected later this week.\nThe enterprise agreement for workers at the Dendrobium mine expired in April 2014, and agreement over a new deal has proved elusive ever since.\nLow coal prices had seen thousands of Australian jobs lost over the past two years, and a large part of the dispute related to clauses about job security that Dendrobium workers want included in a new enterprise agreement in a bid to protect themselves against casual workers.\nAdvertisement The 2014 financial results submitted to the Australian Securities and Investments Commission, the Dendrobium operation had 290 workers, with almost 200 believed to be members of the Construction, Forestry, Mining and Energy Union.\nThe broader Illawarra coal business, including the Appin and West Cliff mining operations, had about 2500 full time workers, and many of those workers were thought to have similar demands to the Dendrobium staff.\nEnterprise agreements for workers at West Cliff and Appin expired last month, and staff from those mines may take similar action to their colleagues from Dendrobium in coming weeks.\nClosure rumours not helpful Dendrobium mine supplied coking coal to BlueScope Steel's struggling Port Kembla steelworks, and rumours that the steel mill could soon close were not helping confidence in the region.\nSouth32, which inherited the Illawarra coal business from BHP Billiton in this year's demerger, had gone to the unusual length of giving workers a pay rise before the new workplace deal was finalised, and the company indicated it was committed to finalising a new enterprise agreement.\n\"Since late 2013, we have been working with employees and their representatives to develop a new enterprise agreement for mineworkers and trades employees at Dendrobium Mine,\" said Illawarra coal asset president Troy McDonald.\n\"As a sign of good faith to our employees, we have commenced for a six-month period, the pay increase that has been the subject of negotiations while discussions continue.\n\"Illawarra Coal looks forward to working with Dendrobium employees and their representatives to achieve a resolution, in this difficult economic environment for the coal industry, in the near future.\"\nCoking coal prices traded above $US300 a tonne in 2011, but were fetching about $US82 a tonne over the past week, with the product produced by BHP in Queensland's Bowen Basin considered to be the benchmark.\nSouth32 shares closed 1¢ lower on Tuesday at $1.715.", "external_links": [], "published": "2015-08-04T03:00:00.000+03:00", "crawled": "2015-08-05T17:53:47.159+03:00", "highlightTitle": ""}