{"organizations": [], "uuid": "de9a27b5f6cd3f1c81b8db22953108a1c30b58ec", "thread": {"social": {"gplus": {"shares": 0}, "pinterest": {"shares": 0}, "vk": {"shares": 0}, "linkedin": {"shares": 0}, "facebook": {"likes": 0, "shares": 0, "comments": 0}, "stumbledupon": {"shares": 0}}, "site_full": "www.reuters.com", "main_image": "", "site_section": "http://www.reuters.com/finance/personal-finance", "section_title": "Wealth, Personal Finance &amp; Money | Reuters.com", "url": "http://www.reuters.com/article/2015/08/07/idUSFWN10I03320150807", "country": "US", "title": "BRIEF-Zodiac Aerospace says Newport, WA facility is returning to operations", "performance_score": 0, "site": "reuters.com", "participants_count": 1, "title_full": "BRIEF-Zodiac Aerospace says Newport, WA facility is returning to operations | Reuters", "spam_score": 0.0, "site_type": "news", "published": "2015-08-07T19:55:00.000+03:00", "replies_count": 0, "uuid": "de9a27b5f6cd3f1c81b8db22953108a1c30b58ec"}, "author": "Reuters", "url": "http://www.reuters.com/article/2015/08/07/idUSFWN10I03320150807", "ord_in_thread": 0, "title": "BRIEF-Zodiac Aerospace says Newport, WA facility is returning to operations", "locations": [], "entities": {"persons": [], "locations": [], "organizations": []}, "highlightText": "", "language": "english", "persons": [], "text": "Aug 7 Zodiac Aerospace SA :\n* Gives update on situation following explosion at Zodiac Aerospace facility, located in Newport, WA, USA (occured July 14)\n* Facility is returning to operations\n* Investigation to determine cause of explosion is on-going\nSource text for Eikon: Further company coverage: (Gdynia Newsroom)", "external_links": [], "published": "2015-08-07T19:55:00.000+03:00", "crawled": "2015-08-07T19:08:00.645+03:00", "highlightTitle": ""}