{"organizations": [], "uuid": "7f6a407ec2f138de59ed683eaf4a33903e618227", "thread": {"social": {"gplus": {"shares": 0}, "pinterest": {"shares": 0}, "vk": {"shares": 0}, "linkedin": {"shares": 0}, "facebook": {"likes": 0, "shares": 0, "comments": 0}, "stumbledupon": {"shares": 0}}, "site_full": "www.thestreet.com", "main_image": "http://s.thestreet.com/files/tsc/v2008/photos/contrib/uploads/nordstrommall_600x400.jpg", "site_section": "http://finance.yahoo.com/rss/headline?s=COTY", "section_title": "Yahoo! Finance: COTY News", "url": "http://www.thestreet.com/story/13253985/1/nordstrom-earnings-retail-sales-on-tap-for-thursday.html?puc=yahoo&cm_ven=YAHOO", "country": "US", "title": "Nordstrom Earnings, Retail Sales on Tap for Thursday", "performance_score": 0, "site": "thestreet.com", "participants_count": 0, "title_full": "Nordstrom Earnings, Retail Sales on Tap for Thursday", "spam_score": 0.0, "site_type": "news", "published": "2015-08-13T03:15:00.000+03:00", "replies_count": 0, "uuid": "7f6a407ec2f138de59ed683eaf4a33903e618227"}, "author": "", "url": "http://www.thestreet.com/story/13253985/1/nordstrom-earnings-retail-sales-on-tap-for-thursday.html?puc=yahoo&cm_ven=YAHOO", "ord_in_thread": 0, "title": "Nordstrom Earnings, Retail Sales on Tap for Thursday", "locations": [], "entities": {"persons": [], "locations": [], "organizations": []}, "highlightText": "", "language": "english", "persons": [], "text": "Nordstrom Earnings, Retail Sales on Tap for Thursday By U-Jin Lee | 08/12/15 - 08:15 PM EDT Reprint \nNEW YORK ( TheStreet ) -- A number of retailers will be reporting Thursday, and retail sales will also be announced. \nBefore the opening come Kohl's ( KSS - Get Report ) , Coty ( COTY - Get Report ) , and Advance Auto Parts ( AAP - Get Report ) followed by Applied Materials ( AMAT - Get Report ) and Nordstrom ( JWN - Get Report ) after the close. \nNordstrom is expected to report earnings of 90 cents a share on revenue of $3.67 billion, according to analysts surveyed by Thomson Reuters . Investors will pay close attention to how it will perform as the strong dollar has been putting pressure on tourism. \nTheStreet's Jim Cramer said Nordstrom has a great growth division in Nordstrom Rack and the company has spent billions of dollars on developing its website. Overall, it has a \"compelling story to tell,\" but that being said, \"retail sales have been horrendous,\" he added. \nMust Read: 7 Stocks Jim Cramer Has Found Amid the Stock Market Rubble \nThe question is whether or not Nordstrom's earnings results will be similar to Macy's ( M ) quarterly results , as its earnings missed analysts' estimates on both the top and bottom line. Cramer noted that Nordstrom must distinguish itself as a company. \nThe U.S. economic calendar includes retail sales for the month of July and jobless claims at 8:30 a.m. ET followed by the July business inventories report at 10 a.m. ET. Business inventories, or the dollar amount of inventories held by manufacturers, wholesalers and retailers, is forecast to rise 0.3%. Check Out Our Best Services for Investors \nPortfolio Manager Jim Cramer and Director of Research Jack Mohr reveal their investment tactics while giving advanced notice before every trade. Product Features:", "external_links": [], "published": "2015-08-13T03:15:00.000+03:00", "crawled": "2015-08-13T05:07:45.268+03:00", "highlightTitle": ""}