{"organizations": ["MainStreet", "Washington University", "Corporate Talent Institute"], "uuid": "4e79b029bedaec93ab6dee32ae0bd2f3f067516b", "thread": {"social": {"gplus": {"shares": 0}, "pinterest": {"shares": 0}, "vk": {"shares": 0}, "linkedin": {"shares": 0}, "facebook": {"likes": 0, "shares": 0, "comments": 0}, "stumbledupon": {"shares": 0}}, "site_full": "business-news.thestreet.com", "main_image": "", "site_section": "http://business-news.thestreet.com/news-herald/rss/627", "section_title": "The News Herald    : Personal Finance", "url": "http://business-news.thestreet.com/news-herald/story/the-more-conscientious-your-spouse-the-higher-your-earnings/13242852", "country": "US", "title": "The More Conscientious Your Spouse, The Higher Your Earnings", "performance_score": 0, "site": "thestreet.com", "participants_count": 0, "title_full": "The More Conscientious Your Spouse, The Higher Your Earnings", "spam_score": 0.0, "site_type": "news", "published": "2015-08-04T16:18:00.000+03:00", "replies_count": 0, "uuid": "4e79b029bedaec93ab6dee32ae0bd2f3f067516b"}, "author": "", "url": "http://business-news.thestreet.com/news-herald/story/the-more-conscientious-your-spouse-the-higher-your-earnings/13242852", "ord_in_thread": 0, "title": "The More Conscientious Your Spouse, The Higher Your Earnings", "locations": ["NEW YORK", "St. Louis"], "entities": {"persons": [], "locations": [], "organizations": []}, "highlightText": "", "language": "english", "persons": ["Angela Nuttle", "S.Z. Berg", "Nuttle"], "text": "The More Conscientious Your Spouse, The Higher Your Earnings Written by: S.Z. Berg 08/04/15 - 9:18 AM EDT NEW YORK (MainStreet) — Angela Nuttle, a corporate talent expert at Corporate Talent Institute, attributes much of her success to her husband's personality mix. \"My personality is extroverted, big picture creative, with one speed-go fast,\" she says, but her husband is more one for analysis paralysis -- overthinking things. \"My husband is an introverted, analytical in the weeds kind of guy who is ultra conservative,\" Nuttle says. \"I consult with him before I put any type of program or workshop out, because he catches the nuances that I might not even think about. He looks over my contracts for details I might have missed, and he has even reviewed my first book since I am a first-time published author.\" When highly successful professionals attribute their success to their spouses, or when celebrities thank their spouses at awards ceremonies, it may not be as gratuitous as it sometimes sounds. According to new research out of Washington University in St. Louis, conscientiousness in one spouse will boost the career of the other spouse. “For both male and female participants, partner conscientiousness predicted future job satisfaction, income and likelihood of promotion, even after accounting for participants’ conscientiousness,\" the authors wrote . \"These associations occurred, because more conscientious partners perform more household tasks, exhibit more pragmatic behaviors that their spouses are likely to emulate and promote a more satisfying home life, enabling their spouses to focus more on work.”According to this research, marrying a conscientious spouse may be a good investment in your career. Furthermore, being a conscientious spouse may further boost your household income. \n“People with spouses higher in conscientiousness earn at least $4,000 more, and that number increases the more conscientious their spouse is,” Brittany C. Solomon, a graduate student and lead investigator of the study told TheStreet . More Headlines", "external_links": [], "published": "2015-08-04T16:18:00.000+03:00", "crawled": "2015-08-04T17:25:41.853+03:00", "highlightTitle": ""}