{"organizations": ["Recording Studio Insurance"], "uuid": "d4639cb4405e6022c09f8be80a8f508f45223778", "thread": {"social": {"gplus": {"shares": 0}, "pinterest": {"shares": 0}, "vk": {"shares": 0}, "linkedin": {"shares": 0}, "facebook": {"likes": 0, "shares": 0, "comments": 0}, "stumbledupon": {"shares": 0}}, "site_full": "www.artipot.com", "main_image": "", "site_section": "http://rss.artipot.com/category/71", "section_title": "Artipot: Finance > Insurance Articles", "url": "http://www.artipot.com/articles/1921063/recording-studio-insurance-need-of-the-hour.htm", "country": "US", "title": "Recording Studio Insurance: Need Of The Hour (Johnson Victor)", "performance_score": 0, "site": "artipot.com", "participants_count": 0, "title_full": "Recording Studio Insurance: Need Of The Hour (Johnson Victor)", "spam_score": 0.0, "site_type": "news", "published": "2015-08-08T10:03:00.000+03:00", "replies_count": 0, "uuid": "d4639cb4405e6022c09f8be80a8f508f45223778"}, "author": "", "url": "http://www.artipot.com/articles/1921063/recording-studio-insurance-need-of-the-hour.htm", "ord_in_thread": 0, "title": "Recording Studio Insurance: Need Of The Hour (Johnson Victor)", "locations": [], "entities": {"persons": [], "locations": [], "organizations": []}, "highlightText": "", "language": "english", "persons": ["Johnson Victor"], "text": "By Johnson Victor Aug 8, 2015 Have you taken notice of the news item mentioning about the newly set up music studio accomplished with modern recording and mixing tools, which got half burnt due to fire recently? Looking at the pathetic situation of his newly established recording studio, the owner went out shouting and screaming for help, but to the dismay of studio owner it was too late! Later when, water was sprinkled at the venue, disappointment and shock was clearly visible in the eyes of the budding entrepreneur.Being a veteran in music fraternity are you planning to open piano classes from an ample period of time? Whether it's regarding musical equipments and instruments or owners of these exclusive musical tools, safety and security measures should be taken into account; so that all the possible liabilities that can cause harm to the instruments and their owners can be covered besides they can be saved from all set of legal claims. There are many studio owners who have the notion that their walled recording studio is safe; but mind it with the absence of a right nature of insurance plan there will always a possibility of damage to the premises. Having an entrepreneurship, quality with inclination in music will always lead you to open a recording studio with all latest facilities. On account of the complex and delicate nature of music and entertainment industry, it is advisable to wrap your music studio under Recording Studio Insurance designed by an established insurance provider. With this policy in hand, your business venture saves you from fire, explosions, earthquake and all other malicious damages. Just as all other business ventures need to be saved from various sorts of unsolicited happenings, in same way recording studio too face a variety of risks, including electrical disturbances, fire due to electrical short circuit, equipment breakdown.To cope out all possible threats, it is better to procure comprehensive plans from insurance vendors as it will help studio owners and other veterans to cover up the unexpected losses. There are a number of insurance vendors who are solely catering to the needs of music and entertainment sector; and through their expertise in this field are the best persons to guide you for the type of insurance plan you require. These vendors understand the importance of securing musical gears and gadgets, thus they are quick in responding to the request of quotes forwarded by the musicians of all orders. Owing to the peculiar requirement of each and every music professional, the concept of custom designed policies is picking up fast.As a performer if you have to commute to far off places attending concerts and live shows, you might be scared of your most precious asset i.e. piano. Here if you procure Piano Insurance from a renowned vendor you will secure your instrument from damage caused due to fire, theft or breakdown. In spite, of the great care taken by you, Piano often shows signs of depreciation due to age factor, thus need to be replaced. With insurance in your hand, it is the service provider who will take care of your worries regarding maintenance and replacement of your musical gear. About the Author In this piece of writing author informs the music enthusiasts and studio owners about the benefits of Recording Studio Insurance as well as Piano Insurance; as they help to cover most of the risk options that can destroy or damage music instruments. Rating:", "external_links": [], "published": "2015-08-08T10:03:00.000+03:00", "crawled": "2015-08-08T14:49:52.168+03:00", "highlightTitle": ""}