{"organizations": [], "uuid": "b21f9fc126c5883e5d4d3e66b3d52b45102d8537", "thread": {"social": {"gplus": {"shares": 0}, "pinterest": {"shares": 0}, "vk": {"shares": 0}, "linkedin": {"shares": 0}, "facebook": {"likes": 0, "shares": 0, "comments": 0}, "stumbledupon": {"shares": 0}}, "site_full": "business-news.thestreet.com", "main_image": "", "site_section": "http://business-news.thestreet.com/morning-star-publishing/rss/627", "section_title": "Morning Star Publishing : Personal Finance", "url": "http://business-news.thestreet.com/morning-star-publishing/story/why-job-gains-arent-luring-millennials-from-mom-dads-basement/13242627", "country": "EU", "title": "Why Job Gains Aren't Luring Millennials From Mom & Dad's Basement", "performance_score": 0, "site": "thestreet.com", "participants_count": 0, "title_full": "Why Job Gains Aren't Luring Millennials From Mom & Dad's Basement", "spam_score": 0.0, "site_type": "news", "published": "2015-08-05T14:27:00.000+03:00", "replies_count": 0, "uuid": "b21f9fc126c5883e5d4d3e66b3d52b45102d8537"}, "author": "", "url": "http://business-news.thestreet.com/morning-star-publishing/story/why-job-gains-arent-luring-millennials-from-mom-dads-basement/13242627", "ord_in_thread": 0, "title": "Why Job Gains Aren't Luring Millennials From Mom & Dad's Basement", "locations": [], "entities": {"persons": [], "locations": [], "organizations": []}, "highlightText": "", "language": "english", "persons": [], "text": "Why Job Gains Aren't Luring Millennials From Mom & Dad's Basement Written by: Carleton English 08/05/15 - 7:27 AM EDT Tickers in this article: GS \nNEW YORK (TheStreet) -- Even an improving job market isn't enough to get millennials to move out of their childhood homes, says Goldman Sachs . At least not when they're still grappling with high student debt, low starting salaries and increasing rents. \nUnemployment among 18- to 34-year-olds has dropped from a high of nearly 14% in 2010, just two years after the financial crisis, to 8%. That's almost reaching the 7% rate in 2007, but it hasn't enabled the generation born from 1980 to 2000 to match historical patterns in achieving one of the most basic adult milestones -- getting their own places . \nWith a population of about 92 million, millennials are the largest generation in U.S. history, outnumbering even baby boomers, so their spending patterns are important for both individual companies and the economy as a whole. More Headlines", "external_links": [], "published": "2015-08-05T14:27:00.000+03:00", "crawled": "2015-08-05T15:00:25.012+03:00", "highlightTitle": ""}