{"organizations": [], "uuid": "39b14aceb8c76e4c793579a1c4753793b0fed64e", "thread": {"social": {"gplus": {"shares": 0}, "pinterest": {"shares": 0}, "vk": {"shares": 0}, "linkedin": {"shares": 0}, "facebook": {"likes": 0, "shares": 0, "comments": 0}, "stumbledupon": {"shares": 0}}, "site_full": "allafrica.com", "main_image": "http://allafrica.com/static/images/structure/aa-logo-rgba-no-text-128x128.png", "site_section": "http://allafrica.com/tools/headlines/rdf/business/headlines.rdf", "section_title": "AllAfrica News: Economy, Business and Finance", "url": "http://allafrica.com/stories/201508102247.html", "country": "US", "title": "Kenya: Government of Kenya Fully Satisfied That Dahabshiil Is Compliant and Poses No Risk", "performance_score": 0, "site": "allafrica.com", "participants_count": 0, "title_full": "Kenya: Government of Kenya Fully Satisfied That Dahabshiil Is Compliant and Poses No Risk", "spam_score": 0.0, "site_type": "news", "published": "2015-08-10T15:47:00.000+03:00", "replies_count": 0, "uuid": "39b14aceb8c76e4c793579a1c4753793b0fed64e"}, "author": "", "url": "http://allafrica.com/stories/201508102247.html", "ord_in_thread": 0, "title": "Kenya: Government of Kenya Fully Satisfied That Dahabshiil Is Compliant and Poses No Risk", "locations": ["Nigeria", "Kenya"], "entities": {"persons": [], "locations": [], "organizations": []}, "highlightText": "", "language": "english", "persons": [], "text": "Nigeria: Premium Times Centre Trains Nigerian Journalists On Investigative Reporting \nThe authorities have now completed a comprehensive review of Dahabshiil Kenya's operations, policies and practices. They are satisfied that the company complies fully with the law, and operates strict anti-money laundering and counter-terrorism financing practices. \nThe Gazette notifies the public that no order should be made specifying Dahabshiil Kenya, amongst others, after it was provisionally listed as part of a blanket review of all licensed remittance providers in Kenya. The delisting follows the Central Bank of Kenya's move to lift the suspension on Dahabshiil Kenya in June after it had suspended the operations of all licensed remittance providers on 7 April 2015. \nChief Executive Officer of Dahabshiil Group, Abdirashid Duale, said: \"The formal delisting absolutely clears Dahabshiil Kenya of any wrongdoing. The Kenyan authorities are fully satisfied that Dahabshiil Kenya has no involvement whatsoever with the funding of terrorist organisations and complies fully with all international regulations and industry best practice. \n\"The Dahabshiil network operates in 126 countries, including Kenya, the UK and the USA, and we respect and comply with the laws of each and every country. Our services provide a vital lifeline for people to feed, educate and otherwise help their families and loved ones, and to run businesses, thus creating jobs.\" \nDahabshiil makes significant contributions to the Kenyan economy. It helps create hundreds of thousands of jobs, either by providing direct employment, or by enabling the transfer of investment funds, which creates more jobs, and further helps reduce poverty. Dahabshiil supports communities in the countries it serves, including Kenya. It invests 10% of its profits in humanitarian and community regeneration projects, including building schools, hospitals, and providing safe drinking water. Kenya \nThe opposition must not exploit democratic freedoms to delegitimise government and undermine the people's will, … see more » Copyright © 2015 CIO East Africa. All rights reserved. Distributed by AllAfrica Global Media ( allAfrica.com ). To contact the copyright holder directly for corrections — or for permission to republish or make other authorized use of this material, click here. AllAfrica publishes around 2,000 reports a day from more than 130 news organizations and over 200 other institutions and individuals , representing a diversity of positions on every topic. We publish news and views ranging from vigorous opponents of governments to government publications and spokespersons. Publishers named above each report are responsible for their own content, which AllAfrica does not have the legal right to edit or correct. Articles and commentaries that identify allAfrica.com as the publisher are produced or commissioned by AllAfrica . To address comments or complaints, please Contact us .", "external_links": [], "published": "2015-08-10T15:47:00.000+03:00", "crawled": "2015-08-10T16:26:06.931+03:00", "highlightTitle": ""}