{"organizations": [], "uuid": "b57bd9ce5d7e398c81d5cc61a2e02958c51c7e36", "thread": {"social": {"gplus": {"shares": 0}, "pinterest": {"shares": 0}, "vk": {"shares": 0}, "linkedin": {"shares": 0}, "facebook": {"likes": 0, "shares": 0, "comments": 0}, "stumbledupon": {"shares": 0}}, "site_full": "www.zawya.com", "main_image": "http://images.zawya.com/images/ui/img-logo-zawya.png", "site_section": "http://www.zawya.com/rss/default.cfm?rssid=23C341EC-8851-9E2C-C35A985480E8068B", "section_title": "Zawya.com - Islamic Finance Live News", "url": "http://www.zawya.com/story/Kuwait_Finance_House_posts_137_Q2_profit_gain-TR20150714nL5N0ZU409X2/", "country": "AE", "title": "Kuwait Finance House posts 13.7% Q2 profit gain", "performance_score": 0, "site": "zawya.com", "participants_count": 0, "title_full": "Kuwait Finance House posts 13.7% Q2 profit gain", "spam_score": 0.0, "site_type": "news", "published": "2015-07-14T18:49:00.000+03:00", "replies_count": 0, "uuid": "b57bd9ce5d7e398c81d5cc61a2e02958c51c7e36"}, "author": "", "url": "http://www.zawya.com/story/Kuwait_Finance_House_posts_137_Q2_profit_gain-TR20150714nL5N0ZU409X2/", "ord_in_thread": 0, "title": "Kuwait Finance House posts 13.7% Q2 profit gain", "locations": [], "entities": {"persons": [], "locations": [], "organizations": []}, "highlightText": "", "language": "english", "persons": [], "text": "* Q2 profit 32.4 mln dinars vs 28.5 mln dinars yr-ago - Reuters * H1 profit up 14.1 pct y-o-y - statement * Benefits from higher net interest income, restructurings * Further profit gains from restructurings to be booked - chairman DUBAI, July 14 (Reuters) - Kuwait Finance House (KFH), the Gulf state's biggest Islamic lender, reported a 13.7 percent jump in second quarter net profit on Tuesday, according to Reuters calculations from the company's data, but missed analysts' forecasts. Net profit rose to 32.4 million dinars ($107.2 million) in the three months to June 30, from 28.5 million dinars in the same period a year ago, Reuters calculated as the bank did not provide quarterly results breakdown in an earnings statement. Four analysts polled by Reuters had forecast, on average, a quarterly profit of 35.7 million dinars. Still, the result continued the positive earnings season for Kuwaiti lenders, with National Bank of Kuwait and Gulf Bank also reporting strong profit growth on Tuesday. KFH made a net profit of 62.3 million dinars in the first half of 2015, up 14.1 percent on the corresponding period of last year, it said in a statement. Its half-year performance was aided by a 15 percent increase in net interest income -- which covers traditional banking activities such as lending -- to 186.8 million dinars, as well as benefits accrued from restructuring debts with customers. Kuwait's banks were hit by a wave of bad loans in the wake of the global financial crisis and many have taken years to be addressed due to opaque insolvency laws in the Gulf Arab state. KFH Chairman Hamad Abdulmohsen al-Marzouq said in the statement that \"several\" facilities had been restructured and had achieved profits for the bank, with some of these gains booked in the first half of the year and others to be added in coming periods. KFH is going through a major restructuring of its activities, which could see its Malaysian unit and some of its properties sold. It aims for a leaner structure ahead of a planned divestment by its largest shareholder, the Kuwait Investment Authority. ($1 = 0.3022 Kuwaiti dinars) (Reporting by David French; Editing by Susan Fenton) ((davidj.french@thomsonreuters.com; +971 4 362 5864; Reuters Messaging: davidj.french.thomsonreuters.com@reuters.net)) © Copyright Zawya. All Rights Reserved.", "external_links": [], "published": "2015-07-14T18:49:00.000+03:00", "crawled": "2015-07-15T00:53:44.000+03:00", "highlightTitle": ""}