{"organizations": [], "uuid": "190332eaa47a54a8a693ab841ffca211a789d5f6", "thread": {"social": {"gplus": {"shares": 0}, "pinterest": {"shares": 0}, "vk": {"shares": 0}, "linkedin": {"shares": 0}, "facebook": {"likes": 0, "shares": 0, "comments": 0}, "stumbledupon": {"shares": 0}}, "site_full": "allafrica.com", "main_image": "http://allafrica.com/static/images/structure/aa-logo-rgba-no-text-128x128.png", "site_section": "http://allafrica.com/tools/headlines/rdf/business/headlines.rdf", "section_title": "AllAfrica News: Economy, Business and Finance", "url": "http://allafrica.com/stories/201507290876.html", "country": "US", "title": "Uganda: NSE Links Up With Uganda Share System", "performance_score": 0, "site": "allafrica.com", "participants_count": 0, "title_full": "Uganda: NSE Links Up With Uganda Share System", "spam_score": 0.0, "site_type": "news", "published": "2015-07-29T13:06:00.000+03:00", "replies_count": 0, "uuid": "190332eaa47a54a8a693ab841ffca211a789d5f6"}, "author": "", "url": "http://allafrica.com/stories/201507290876.html", "ord_in_thread": 0, "title": "Uganda: NSE Links Up With Uganda Share System", "locations": ["Nigeria", "Uganda"], "entities": {"persons": [], "locations": [], "organizations": []}, "highlightText": "", "language": "english", "persons": [], "text": "Nigeria: Sustainability for Capital Markets \nThe EASEA said that investors trading across the Uganda Securities Exchange (USE) and the Nairobi Securities Exchange (NSE) have started using the system. \n\"Investors in the Ugandan and the Kenyan market have started accessing securities through this arrangement,\" said ESEA in a statement. \nThe USE said that the bourse has begun dematerialisation of shares to increase efficiency in trading. Uganda \nPresident Museveni has said he is always in fights with greedy people in Public Service demanding for a salary increment … see more » Copyright © 2015 The East African. All rights reserved. Distributed by AllAfrica Global Media ( allAfrica.com ). To contact the copyright holder directly for corrections — or for permission to republish or make other authorized use of this material, click here. AllAfrica publishes around 2,000 reports a day from more than 130 news organizations and over 200 other institutions and individuals , representing a diversity of positions on every topic. We publish news and views ranging from vigorous opponents of governments to government publications and spokespersons. Publishers named above each report are responsible for their own content, which AllAfrica does not have the legal right to edit or correct. Articles and commentaries that identify allAfrica.com as the publisher are produced or commissioned by AllAfrica . To address comments or complaints, please Contact us .", "external_links": [], "published": "2015-07-29T13:06:00.000+03:00", "crawled": "2015-07-29T13:52:55.874+03:00", "highlightTitle": ""}