{"organizations": ["Clara Maass Medical Center", "Saint Barnabas Medical Center", "Newark Beth Israel Medical Center", "Community Medical Center", "Jersey City Medical Center", "Monmouth Medical Centers", "Barnabas Health and Robert Wood Johnson Health System", "University Hospital"], "uuid": "952a11772ee8d298cc5572b871aefe96a186d4e4", "thread": {"social": {"gplus": {"shares": 0}, "pinterest": {"shares": 0}, "vk": {"shares": 0}, "linkedin": {"shares": 0}, "facebook": {"likes": 0, "shares": 0, "comments": 0}, "stumbledupon": {"shares": 0}}, "site_full": "www.healthleadersmedia.com", "main_image": "", "site_section": "http://www.healthleadersmedia.com/rss/WS_HLM2_FIN_TS.xml", "section_title": "HealthLeadersMedia.com - Finance News & Analysis", "url": "http://www.healthleadersmedia.com/content_redirect.cfm?content_id=318555", "country": "US", "title": "Mega-hospital merger in NJ completed", "performance_score": 0, "site": "healthleadersmedia.com", "participants_count": 0, "title_full": "Mega-hospital merger in NJ completed", "spam_score": 0.0, "site_type": "news", "published": "2015-07-15T14:09:00.000+03:00", "replies_count": 0, "uuid": "952a11772ee8d298cc5572b871aefe96a186d4e4"}, "author": "", "url": "http://www.healthleadersmedia.com/content_redirect.cfm?content_id=318555", "ord_in_thread": 0, "title": "Mega-hospital merger in NJ completed", "locations": ["Long Branch", "Newark", "Essex County", "Toms River", "Belleville"], "entities": {"persons": [], "locations": [], "organizations": []}, "highlightText": "", "language": "english", "persons": ["Barnabas", "Livingston"], "text": "RSS NJ.com , July 15, 2015 Barnabas Health and Robert Wood Johnson Health System have finalized their plans to merge, creating the largest hospital chain in the state stretching from Essex County to the Jersey shore, the hospitals announced Tuesday. Barnabas operates Clara Maass Medical Center in Belleville, Community Medical Center in Toms River, Jersey City Medical Center, Monmouth Medical Centers in Long Branch and Toms River, Newark Beth Israel Medical Center in Newark, Saint Barnabas Medical Center in Livingston and two children's hospitals. Barnabas also has a management agreement with University Hospital in Newark.", "external_links": [], "published": "2015-07-15T14:09:00.000+03:00", "crawled": "2015-07-15T15:12:06.000+03:00", "highlightTitle": ""}