{"organizations": [], "uuid": "83f8b2d265f6413bc786dd5d47b4efe8712618a3", "thread": {"social": {"gplus": {"shares": 0}, "pinterest": {"shares": 0}, "vk": {"shares": 0}, "linkedin": {"shares": 0}, "facebook": {"likes": 0, "shares": 0, "comments": 0}, "stumbledupon": {"shares": 0}}, "site_full": "www.menafn.com", "main_image": "http://menafn.com/images/shared/menafnlogo_sm.gif", "site_section": "http://www.menafn.com/rss/menafn_Business_Finance.xml", "section_title": "MENAFN.com Business_Finance", "url": "http://www.menafn.com/1094283583/Saudi-Jarir-records-USD4130m-net-profit-in-Q2&src=RSS", "country": "US", "title": "Saudi Jarir records USD41.30m net profit in Q2", "performance_score": 0, "site": "menafn.com", "participants_count": 1, "title_full": "Saudi Jarir records USD41.30m net profit in Q2 | MENAFN.COM", "spam_score": 0.0, "site_type": "news", "published": "2015-07-16T03:00:00.000+03:00", "replies_count": 0, "uuid": "83f8b2d265f6413bc786dd5d47b4efe8712618a3"}, "author": "", "url": "http://www.menafn.com/1094283583/Saudi-Jarir-records-USD4130m-net-profit-in-Q2&src=RSS", "ord_in_thread": 0, "title": "Saudi Jarir records USD41.30m net profit in Q2", "locations": [], "entities": {"persons": [], "locations": [], "organizations": []}, "highlightText": "", "language": "english", "persons": [], "text": "(MENAFN) Jarir Marketing, the Saudi Arabian retailer, recorded a net profit of around USD41.30 million in the second quarter of the year, marking an increase of 14.6 percent year-on-year, Arab News reported.\n\nThe figure compares to the USD36.03 million logged for the corresponding period last year, according to a corporate statement issued by Jarir.\n\nNonetheless, seven analysts picked by Reuters had estimates that Jarir would make a net profit of around USD42.3 million for the second quarter.", "external_links": [], "published": "2015-07-16T03:00:00.000+03:00", "crawled": "2015-07-16T19:49:59.000+03:00", "highlightTitle": ""}