{"organizations": ["Abbott", "Labor"], "uuid": "ffd6ab7f54558991bb1e3090b7a383285770bee9", "thread": {"social": {"gplus": {"shares": 0}, "pinterest": {"shares": 0}, "vk": {"shares": 0}, "linkedin": {"shares": 0}, "facebook": {"likes": 0, "shares": 0, "comments": 0}, "stumbledupon": {"shares": 0}}, "site_full": "au.finance.yahoo.com", "main_image": "https://s.yimg.com/bt/api/res/1.2/6rik6AZwuPGCiADf_9dhPQ--/YXBwaWQ9eW5ld3M7cT03NTt3PTYwMA--/http://l.yimg.com/os/mit/media/m/social/images/social_default_logo-1481777.png", "site_section": "https://au.finance.yahoo.com/news/topic-top-stories/?format=rss", "section_title": "Australian Business & World Finance News - Yahoo!7 Finance", "url": "https://au.finance.yahoo.com/news/abbott-attacks-labor-over-china-140614972.html", "country": "GB", "title": "Abbott attacks Labor over China FTA", "performance_score": 0, "site": "yahoo.com", "participants_count": 0, "title_full": "Abbott attacks Labor over China FTA", "spam_score": 0.0, "site_type": "news", "published": "2015-07-29T17:06:00.000+03:00", "replies_count": 0, "uuid": "ffd6ab7f54558991bb1e3090b7a383285770bee9"}, "author": "", "url": "https://au.finance.yahoo.com/news/abbott-attacks-labor-over-china-140614972.html", "ord_in_thread": 0, "title": "Abbott attacks Labor over China FTA", "locations": ["Australia", "China"], "entities": {"persons": [], "locations": [], "organizations": []}, "highlightText": "", "language": "english", "persons": [], "text": "Thu, Jul 30, 2015, 12:36 AM AEST - Australia Markets open in 9 hrs 24 mins Abbott attacks Labor over China FTA AAP – 30 minutes ago Print \nPrime Minister Tony Abbott will use a speech to the finance community to attack Labor for its opposition to his government's free trade agreement with China, describing it as \"xenophobic short-term politics\". \nMr Abbott believes the FTA with Australia's number one trading partner is as vital to the country's long term prosperity as the floating of the Australian dollar and the deregulation of the banking sector in 1980s. \nHe will tell the Boao Forum for Asia Financial Cooperation Conference in Sydney on Thursday that the FTA will secure future employment for generations, provide massive new markets for entrepreneurs and provide investment opportunities for Australian and Chinese people. \n\"This is too important to our economy, to our businesses and our children to be sacrificed at the altar of xenophobic short-term politics,\" he will say. \n\"The coalition won't be part of that and I hope our opponents will end their flirtation with the ideas and fears of the past.\" \nThe government is locked in with the FTA after 10 years of talks with China and a \"deal is a deal\". \nHe will say to amend one part of it will reopen it all, and his government won't do that because it would put Australian businesses, exports and jobs at risk. \nLabor is concerned Chinese investors will exploit the agreement to bring in their own workers and licensing standards of imported workers could be lowered. @y7finance on Twitter, become a fan on Facebook", "external_links": [], "published": "2015-07-29T17:06:00.000+03:00", "crawled": "2015-07-29T17:39:09.573+03:00", "highlightTitle": ""}