{"organizations": [], "uuid": "ab42e98eaa168c0add3a444d355eff9f48af0da8", "thread": {"social": {"gplus": {"shares": 0}, "pinterest": {"shares": 0}, "vk": {"shares": 0}, "linkedin": {"shares": 0}, "facebook": {"likes": 0, "shares": 0, "comments": 0}, "stumbledupon": {"shares": 0}}, "site_full": "www.news.com.au", "main_image": "http://resources.news.com.au/cs/newscomau/images/placeholders/story-thumb-large.jpg", "site_section": "http://www.news.com.au/finance/business/breaking-news", "section_title": "Business Breaking News | Finance &amp; Business News | News.com.au", "url": "http://www.news.com.au/finance/business/macmahon-promotes-cfo-to-ceo/story-e6frfkur-1227439609433", "country": "AU", "title": "Macmahon promotes CFO to CEO", "performance_score": 0, "site": "news.com.au", "participants_count": 1, "title_full": "Macmahon promotes CFO to CEO", "spam_score": 0.0, "site_type": "news", "published": "2015-07-13T03:00:00.000+03:00", "replies_count": 0, "uuid": "ab42e98eaa168c0add3a444d355eff9f48af0da8"}, "author": "news.com.au", "url": "http://www.news.com.au/finance/business/macmahon-promotes-cfo-to-ceo/story-e6frfkur-1227439609433", "ord_in_thread": 0, "title": "Macmahon promotes CFO to CEO", "locations": [], "entities": {"persons": [], "locations": [], "organizations": []}, "highlightText": "", "language": "english", "persons": [], "text": "TROUBLED mining services company Macmahon Holdings has promoted chief financial officer Sybrandt van Dyk to chief executive.\nHE replaces Ross Carroll, who resigned in January after two years in the top job.\nMr van Dyk joined Macmahon in April 2014 from WesTrac Group. His appointment comes just weeks after Macmahon announced another impairment charge of up to $125 million on top of a $130 million first half charge, sparking speculation the contractor could be broken up. ", "external_links": ["http://www.myspace.com/index.cfm?fuseaction=postto&t=Macmahon+promotes+CFO+to+CEO&c=MACMAHON+Holdings+chief+financial+officer+Sybrandt+van+Dyk+has+been+promoted+to+the+top+job+at+the+troubled+mining+services+contractor.&u=http://www.news.com.au/finance/business/macmahon-promotes-cfo-to-ceo/story-e6frfkur-1227439609433?sv=a8b7a478d4f6b3114ccf5195b3ba1e2f", "http://digg.com/submit?phase=2&url=http://www.news.com.au/finance/business/macmahon-promotes-cfo-to-ceo/story-e6frfkur-1227439609433?sv=a8b7a478d4f6b3114ccf5195b3ba1e2f&title=Macmahon+promotes+CFO+to+CEO", "http://del.icio.us/post?url=http://www.news.com.au/finance/business/macmahon-promotes-cfo-to-ceo/story-e6frfkur-1227439609433?sv=a8b7a478d4f6b3114ccf5195b3ba1e2f&title=Macmahon+promotes+CFO+to+CEO", "http://www.facebook.com/share.php?u=http://www.news.com.au/finance/business/macmahon-promotes-cfo-to-ceo/story-e6frfkur-1227439609433?sv=a8b7a478d4f6b3114ccf5195b3ba1e2f", "http://www.newsvine.com/_wine/save?popoff=0&u=http://www.news.com.au/finance/business/macmahon-promotes-cfo-to-ceo/story-e6frfkur-1227439609433?sv=a8b7a478d4f6b3114ccf5195b3ba1e2f&h=Macmahon+promotes+CFO+to+CEO", "http://www.kwoff.com/submit.php?url=http://www.news.com.au/finance/business/macmahon-promotes-cfo-to-ceo/story-e6frfkur-1227439609433?sv=a8b7a478d4f6b3114ccf5195b3ba1e2f"], "published": "2015-07-13T03:00:00.000+03:00", "crawled": "2015-07-14T09:13:23.000+03:00", "highlightTitle": ""}