{"organizations": [], "uuid": "84e765db1c38339576ec8205a698c110c7c75b76", "thread": {"social": {"gplus": {"shares": 0}, "pinterest": {"shares": 0}, "vk": {"shares": 0}, "linkedin": {"shares": 0}, "facebook": {"likes": 0, "shares": 0, "comments": 0}, "stumbledupon": {"shares": 0}}, "site_full": "finance-commerce.com", "main_image": "http://finance-commerce.com/files/2015/07/2905Dean2-200x200.jpg", "site_section": "http://finance-commerce.com/feed/", "section_title": "Finance & Commerce", "url": "http://finance-commerce.com/2015/07/hornig-expands-uptown-minneapolis-empire/", "country": "US", "title": "Hornig expands Uptown Minneapolis empire", "performance_score": 0, "site": "finance-commerce.com", "participants_count": 1, "title_full": "Hornig expands Uptown Minneapolis empire", "spam_score": 0.0, "site_type": "news", "published": "2015-07-09T23:58:00.000+03:00", "replies_count": 0, "uuid": "84e765db1c38339576ec8205a698c110c7c75b76"}, "author": "Adam Voge", "url": "http://finance-commerce.com/2015/07/hornig-expands-uptown-minneapolis-empire/", "ord_in_thread": 0, "title": "Hornig expands Uptown Minneapolis empire", "locations": [], "entities": {"persons": [], "locations": [], "organizations": []}, "highlightText": "", "language": "english", "persons": [], "text": "Home / News / Real Estate / Hornig expands Uptown Minneapolis empire The 50-unit Calhoun Beach Apartments, at 2905 E. Dean Parkway in Minneapolis, were constructed in 1926. The fully leased building, which is now owned by Hornig Cos., is just north of Lake Calhoun. (Staff photo: Bill Klotz) Hornig expands Uptown Minneapolis empire By: Adam Voge July 9, 2015 3:58 pm 0 Hornig Cos. beat out a dozen bidders for a seven-building, 192-unit portfolio of brownstone apartments. User Name/E-mail: Password: \nEnter your user name and password in the fields above to gain access to the subscriber content on this site. \nYour subscription includes one set of login credentials for your exclusive use. Security features have been integrated on this site: If someone signs in with your credentials while you are logged in, the site will automatically close your ongoing login and you will lose access at that time. To inquire about group subscriptions for your organization, contact Disa McClellan . If you feel your login credentials are being used by a second party, contact customer service at 800-451-9998 for assistance in changing your password.\nAlready a paid subscriber but not registered for online access yet? For instructions on how to get premium web access, click here .", "external_links": [], "published": "2015-07-09T23:58:00.000+03:00", "crawled": "2015-07-10T00:35:13.000+03:00", "highlightTitle": ""}