{"organizations": [], "uuid": "9aa8b6ffa32a9aec12196182352cfb3dc7743fcd", "thread": {"social": {"gplus": {"shares": 0}, "pinterest": {"shares": 0}, "vk": {"shares": 0}, "linkedin": {"shares": 0}, "facebook": {"likes": 0, "shares": 0, "comments": 0}, "stumbledupon": {"shares": 0}}, "site_full": "www.theepochtimes.com", "main_image": "http://www.theepochtimes.com/n3/eet-content/uploads/2015/07/14/5537894072_49e1d481c0_o-674x449.jpg", "site_section": "http://www.theepochtimes.com/n3/c/life/personal-finance/feed#", "section_title": "The Epoch Times » Personal Finance", "url": "http://www.theepochtimes.com/n3/1462832-do-student-loans-prevent-new-small-businesses/", "country": "US", "title": "Do Student Loans Prevent New Small Businesses?", "performance_score": 0, "site": "theepochtimes.com", "participants_count": 1, "title_full": "Do Student Loans Prevent New Small Businesses?", "spam_score": 0.0, "site_type": "news", "published": "2015-07-15T13:00:00.000+03:00", "replies_count": 0, "uuid": "9aa8b6ffa32a9aec12196182352cfb3dc7743fcd"}, "author": "Andy Elder , Penn State", "url": "http://www.theepochtimes.com/n3/1462832-do-student-loans-prevent-new-small-businesses/", "ord_in_thread": 0, "title": "Do Student Loans Prevent New Small Businesses?", "locations": [], "entities": {"persons": [], "locations": [], "organizations": []}, "highlightText": "", "language": "english", "persons": [], "text": "Do Student Loans Prevent New Small Businesses? By Andy Elder , Penn State | July 15, 2015 Last Updated: July 14, 2015 6:39 pm \"Given the enormous growth in the use of student debt in recent years, the issue of whether it may impact future small business formation is becoming critically important,\" Brent W. Ambrose says. (Ken Teegardin/CC BY-SA 2.0) More in Personal Finance Vancouver Real Estate Market Keeps SurgingAward-Winning SRI Funds Give Investors More Than Clear ConsciencesWhere Do Workers Pay the Highest Income Tax? \nStudent loan debt can get in the way of small business creation, report researchers. \nTheir recently updated study looks at student loan debt across the United States by county. Between 2000 and 2010, one standard deviation increase in student debt reduced small businesses by 14 percent, on average. \nPotential entrepreneurs are so encumbered by student debt they can’t borrow more money to start a business, conclude Brent W. Ambrose, professor of real estate and director of the Institute for Real Estate Studies at the Penn State Smeal College of Business, and coauthor Larry Cordell and Shuwei Ma of the Federal Reserve Bank of Philadelphia. MORE: Is Student Loan Debt Really a Crisis? \nThe researchers find that the correlation only exists for the smallest of small businesses—those most likely to rely on the founder’s personal credit. \n“The effect on larger firm formation is not significant,” the researcher write, “which we interpret to mean that these firms have greater access to outside capital.” \nThis correlation could have broad implications for the economy, the researchers say. They cite United States Small Business Association (SBA) data showing that small businesses account for approximately half of the private-sector economy and 99 percent of all businesses—and almost 60 percent of new jobs in the private sector are created by small businesses. MORE: Is Student Loan Debt Dampening the Housing Market? \nStudent-loan debt almost tripled from 2004 to 2012 and is now approximately $1 trillion. While other forms of consumer debt (home equity loans, auto loans, and credit card debt) declined during the recent financial crisis, the report says, student loan debt increased substantially. It accounted for 10 percent of all consumer debt in 2012, up from 2.9 percent in 2000. \n“Given the enormous growth in the use of student debt in recent years, the issue of whether it may impact future small business formation is becoming critically important,” Ambrose says.", "external_links": [], "published": "2015-07-15T13:00:00.000+03:00", "crawled": "2015-07-15T15:00:33.000+03:00", "highlightTitle": ""}