{"organizations": [], "uuid": "cef707624701cdeafdc99a479a683c753e3fd65a", "thread": {"social": {"gplus": {"shares": 0}, "pinterest": {"shares": 0}, "vk": {"shares": 0}, "linkedin": {"shares": 0}, "facebook": {"likes": 0, "shares": 0, "comments": 0}, "stumbledupon": {"shares": 0}}, "site_full": "www.reuters.com", "main_image": "", "site_section": "http://www.reuters.com/finance/personal-finance", "section_title": "Wealth, Personal Finance &amp; Money | Reuters.com", "url": "http://www.reuters.com/article/2015/07/08/mexico-pemex-production-idUSL1N0ZO2QA20150708", "country": "US", "title": "UPDATE 1-Mexico to produce 2.26 mln bpd through rest of 2015, 2016-govt", "performance_score": 0, "site": "reuters.com", "participants_count": 1, "title_full": "UPDATE 1-Mexico to produce 2.26 mln bpd through rest of 2015, 2016-govt | Reuters", "spam_score": 0.0, "site_type": "news", "published": "2015-07-09T03:13:00.000+03:00", "replies_count": 0, "uuid": "cef707624701cdeafdc99a479a683c753e3fd65a"}, "author": "Reuters", "url": "http://www.reuters.com/article/2015/07/08/mexico-pemex-production-idUSL1N0ZO2QA20150708", "ord_in_thread": 0, "title": "UPDATE 1-Mexico to produce 2.26 mln bpd through rest of 2015, 2016-govt", "locations": [], "entities": {"persons": [], "locations": [], "organizations": []}, "highlightText": "", "language": "english", "persons": [], "text": "(Adds context, comments from energy secretary on Pemex plans in fourth paragraph)\nMEXICO CITY, July 8 (Reuters) - Mexican oil production should average around 2.26 million barrels per day (bpd) for the rest of this year and next, the head of Mexico's National Hydrocarbons Commission said on Wednesday, underscoring still-sagging output at Pemex.\nIn April, Pemex estimated average output of around 2.3 million bpd this year, down from previous forecasts for 2.4 million bpd and well below a peak of 3.4 million bpd reached in 2004.\nProduction has declined at Pemex despite a landmark opening of the energy sector completed last year that allows private companies to bid for concessions to explore and produce oil through a series of auctions.\nBut Energy Secretary Pedro Joaquin Coldwell said that Pemex would not participate in the first phase of the so-called Round One oil auction, which will feature shallow water concessions.\nStill, he said, the company was interested in entering future auctions through consortia.\nColdwell also tamped down expectations for interest in the first phase of round one bidding, saying that it would be acceptable if just 30 to 50 percent of the 14 contracts up for tender were awarded. (Reporting by Ana Isabel Martinez and Adriana Barrera ; Editing by Christian Plumb)", "external_links": [], "published": "2015-07-09T03:13:00.000+03:00", "crawled": "2015-07-09T02:36:36.000+03:00", "highlightTitle": ""}