{"organizations": [], "uuid": "cbb017e10810175046262a55e0fc69b10b0ac3f6", "thread": {"social": {"gplus": {"shares": 0}, "pinterest": {"shares": 0}, "vk": {"shares": 0}, "linkedin": {"shares": 0}, "facebook": {"likes": 0, "shares": 0, "comments": 0}, "stumbledupon": {"shares": 0}}, "site_full": "uk.finance.yahoo.com", "main_image": "https://s.yimg.com/bt/api/res/1.2/6rik6AZwuPGCiADf_9dhPQ--/YXBwaWQ9eW5ld3M7cT03NTt3PTYwMA--/http://l.yimg.com/os/mit/media/m/social/images/social_default_logo-1481777.png", "site_section": "https://uk.finance.yahoo.com/news/sector-basic-materials/?format=rss", "section_title": "Basic Resources News | Yahoo! Finance", "url": "https://uk.finance.yahoo.com/news/gold-price-drop-fails-spark-063708256.html", "country": "US", "title": "Gold price drop fails to spark demand in Asia as China picks stocks", "performance_score": 0, "site": "yahoo.com", "participants_count": 0, "title_full": "Gold price drop fails to spark demand in Asia as China picks stocks", "spam_score": 0.0, "site_type": "news", "published": "2015-07-10T09:37:00.000+03:00", "replies_count": 0, "uuid": "cbb017e10810175046262a55e0fc69b10b0ac3f6"}, "author": "", "url": "https://uk.finance.yahoo.com/news/gold-price-drop-fails-spark-063708256.html", "ord_in_thread": 0, "title": "Gold price drop fails to spark demand in Asia as China picks stocks", "locations": ["Asia", "China"], "entities": {"persons": [], "locations": [], "organizations": []}, "highlightText": "", "language": "english", "persons": [], "text": "Tip : Use comma (,) to separate multiple quotes. Learn more... \nFri, Jul 10, 2015, 07:54 BST - UK Markets open in 6 mins. Gold price drop fails to spark demand in Asia as China picks stocks Reuters – 17 minutes ago Print \nBy Manolo Serapio Jr and Rajendra Jadhav \nMANILA/MUMBAI (Reuters) - Gold demand remained tepid this week as prospective investors in top consumer China chased bargains in equities after a market rout, while those in India delayed purchases, keeping prices there at a discount over the global spot benchmark. \nBullion dropped on Wednesday to its lowest since March at $1,146.75 an ounce, but the price decline failed to spark demand, limiting any upside potential. The global benchmark was trading at $1,161 on Friday. \n\"The Chinese would rather buy cheap blue chips in the market. I don't think they have any intention to buy gold for the time being,\" said Dick Poon, general manager at Heraeus Precious Metals in Hong Kong. \nThat kept premiums for gold prices in Hong Kong at 50 cents to $1 an ounce over the international benchmark, about the same level as last week, said Poon. \nChina's stocks climbed sharply for a second day on Friday after Beijing moved to arrest a rout that knocked key indexes by around 30 percent from mid-June, banning shareholders with large stakes in listed firms from selling. \nSome investors hit by the massive selloff couldn't move funds in other assets, such as gold, with their holdings trapped in shares that have sought trading suspensions. \n\"There's no rotation of funds simply because there's no funds to rotate. You have all your money locked up in stock that has halted trading, so I don't think you'll be looking to buy gold anytime soon,\" said Howie Lee, analyst at Phillip Securities in Singapore. \nIn India, the world's No. 2 gold consumer, demand improved slightly, but domestic prices were still trading at discount of $6 to $8 an ounce over global spot, against last week's discount of $8 to $15. \n\"Compared to last week demand is better, but it is quite weak if we compare with last year,\" said Ashok Jain, proprietor of Mumbai-based wholesaler Chenaji Narsinghji. \n\"The crash in prices of base metals and Chinese stocks this week has hurt sentiment. Anticipating further fall in gold prices, consumers are delaying purchases,\" Jain said. \nGold supply in India was ample but demand was weak with the wedding season over and no major festivals scheduled this month, said a Mumbai-based bank dealer, adding poor monsoon rains over the last two weeks also hurt sentiment in rural areas. \nTwo-thirds of India's gold demand comes from rural areas, where jewellery is the traditional store of wealth for those with no access to formal banking. \n(Editing by Himani Sarkar)", "external_links": [], "published": "2015-07-10T09:37:00.000+03:00", "crawled": "2015-07-10T09:54:34.000+03:00", "highlightTitle": ""}