{"organizations": ["Microsoft"], "uuid": "936336163ca0bd88c3e0aaec542a7d7ad0ab20e9", "thread": {"social": {"gplus": {"shares": 0}, "pinterest": {"shares": 0}, "vk": {"shares": 0}, "linkedin": {"shares": 0}, "facebook": {"likes": 0, "shares": 0, "comments": 0}, "stumbledupon": {"shares": 0}}, "site_full": "uk.finance.yahoo.com", "main_image": "https://s1.yimg.com/bt/api/res/1.2/9QjX85bQJ6Md_YDfSOnuIw--/YXBwaWQ9eW5ld3M7aWw9cGxhbmU7cT03NTt3PTYwMA--/http://globalfinance.zenfs.com/images/UK_AHTTP_SKYNEWS_LIVE_1/148470916-1-400x240_original.jpg", "site_section": "https://uk.finance.yahoo.com/news/provider-skynews/?format=rss", "section_title": "Finance News | Sky News - Yahoo! UK & Ireland Finance", "url": "https://uk.finance.yahoo.com/news/microsoft-posts-3-2bn-loss-203225427.html", "country": "GB", "title": "Microsoft Posts $3.2bn Loss In Second Quarter", "performance_score": 0, "site": "yahoo.com", "participants_count": 0, "title_full": "Microsoft Posts $3.2bn Loss In Second Quarter", "spam_score": 0.0, "site_type": "news", "published": "2015-07-21T23:32:00.000+03:00", "replies_count": 0, "uuid": "936336163ca0bd88c3e0aaec542a7d7ad0ab20e9"}, "author": "", "url": "https://uk.finance.yahoo.com/news/microsoft-posts-3-2bn-loss-203225427.html", "ord_in_thread": 0, "title": "Microsoft Posts $3.2bn Loss In Second Quarter", "locations": [], "entities": {"persons": [], "locations": [], "organizations": []}, "highlightText": "", "language": "english", "persons": [], "text": "Tip : Use comma (,) to separate multiple quotes. Learn more... \nTue, Jul 21, 2015, 21:37 BST - UK Markets closed Microsoft Posts $3.2bn Loss In Second Quarter By (c) Sky News 2015 | Sky News – 4 minutes 38 seconds ago View Photo \n\nMicrosoft (NasdaqGS: MSFT - news ) has announced a net loss of $3.2bn (£2.1bn), following a substantial writedown on the value of its smartphone business. \nMore follows... Tax cuts, pensions, childcare, online accounts and beer duty, here's … Related Stock Articles Follow the quotes you care about most. Access timely news and investment updates to stay on top of the market. … More » Yahoo UK & Ireland Finance Terms \nQuotes are real-time for NASDAQ, NYSE, and NYSEAmex when available. See also delay times for other exchanges . Quotes and other information supplied by independent providers identified on the Yahoo! Finance partner page . Quotes are updated automatically, but will be turned off after 25 minutes of inactivity. Quotes are delayed at least 15 minutes. All information provided \"as is\" for informational purposes only, not intended for trading purposes or advice. Neither Yahoo! nor any of independent providers is liable for any informational errors, incompleteness, or delays, or for any actions taken in reliance on information contained herein. By accessing the Yahoo! site, you agree not to redistribute the information found therein. \nFundamental company data provided by Capital IQ . Historical chart data and daily updates provided by Commodity Systems, Inc. (CSI) . International historical chart data and daily updates provided by Morningstar, Inc . Yahoo! - News Network", "external_links": [], "published": "2015-07-21T23:32:00.000+03:00", "crawled": "2015-07-21T23:42:29.330+03:00", "highlightTitle": ""}