{"organizations": [], "uuid": "db2300fc33725eeb54c4562cdbd3deea97cc9ab8", "thread": {"social": {"gplus": {"shares": 0}, "pinterest": {"shares": 0}, "vk": {"shares": 0}, "linkedin": {"shares": 0}, "facebook": {"likes": 0, "shares": 0, "comments": 0}, "stumbledupon": {"shares": 0}}, "site_full": "www.examiner.com", "main_image": "http://cdn2-b.examiner.com/sites/default/files/styles/image_content_width/hash/c4/78/c478552f308089bb1c5373e195ce42b1.jpg?itok=nqpesfwx", "site_section": "http://rss.examiner.com/rss/Business_and_Finance-Channel.rss", "section_title": "Examiner Business & Finance Channel Articles", "url": "http://www.examiner.com/article/amazon-prime-day-tool-deals-every-auto-enthusiast-will-love?cid=rss", "country": "US", "title": "Amazon Prime Day: Tool deals every auto enthusiast will love", "performance_score": 0, "site": "examiner.com", "participants_count": 1, "title_full": "Amazon Prime Day: Tool deals every auto enthusiast will love", "spam_score": 0.0, "site_type": "news", "published": "2015-07-15T00:54:00.000+03:00", "replies_count": 0, "uuid": "db2300fc33725eeb54c4562cdbd3deea97cc9ab8"}, "author": "Jeff Sherwood, Knoxville Business Examiner", "url": "http://www.examiner.com/article/amazon-prime-day-tool-deals-every-auto-enthusiast-will-love?cid=rss", "ord_in_thread": 0, "title": "Amazon Prime Day: Tool deals every auto enthusiast will love", "locations": [], "entities": {"persons": [], "locations": [], "organizations": []}, "highlightText": "", "language": "english", "persons": [], "text": "During the Amazon Prime Day one-day sale that kicks off on July 15, 2015, there will be several tool deals available to shoppers who need to make auto repairs or get their vehicles road-trip ready. Image courtesy of Getty Images \nThe Amazon Prime Day sale will start on July 15, 2015 at Midnight PT, according to a press release by Amazon . There will be hundreds of tool deals available exclusively to Amazon Prime members throughout the duration of the one-day sale. Anyone who is not currently an Amazon Prime member can start a 30-day free trial to gain immediate access to the Prime Day sale and the thousands of tool deals that will be included in it. Prime Day will feature more tool deals than Amazon released during Black Friday and will include thousands of deep discounts and free unlimited shipping on other items as well. \nHere are a few of the featured tool deals to look for during the Amazon Prime Day sale: Save up to 50% on select tools for the DIY auto enthusiast Connected Car and Scan Tool products starting at 60% off Road-trip-ready automotive products starting at 50% off \nThere will be thousands of tool deals available throughout the Prime Day sale. Some of the deals that will be available will come in the form of Lightning Deals which will be limited in quantity, so any shopper who wishes to get a great deal will need to be as quick as possible to add the deal to their cart and checkout before the deal expires. There will be thousands of shoppers competing for the same items, and Lightning Deals are usually sold out within a matter of seconds depending on their popularity. \nThe Amazon Prime Day sale will also feature thousands of deals on items in categories all across the Amazon website. Shoppers will be able to get their back-to-school shopping done as well as mark birthday gifts and other gift-giving occasion items off the list. This is also a great opportunity to beat the holiday crowds and get some holiday shopping done. Anyone wishing to get a jump start on the deals should take a look at the sneak peek of Amazon Prime Day that Amazon released.", "external_links": [], "published": "2015-07-15T00:54:00.000+03:00", "crawled": "2015-07-15T01:45:32.000+03:00", "highlightTitle": ""}