{"organizations": ["Wal-Mart"], "uuid": "d7d15084b858e7a5cdfdf7d3bd7a277de6d88f6b", "thread": {"social": {"gplus": {"shares": 0}, "pinterest": {"shares": 0}, "vk": {"shares": 0}, "linkedin": {"shares": 0}, "facebook": {"likes": 0, "shares": 0, "comments": 0}, "stumbledupon": {"shares": 0}}, "site_full": "www.wsj.com", "main_image": "http://si.wsj.net/public/resources/images/BN-JJ814_walmar_G_20150714193340.jpg", "site_section": "http://finance.yahoo.com/rss/headline?s=WMT", "section_title": "Yahoo! Finance: WMT News", "url": "http://www.wsj.com/articles/co-founders-of-wal-marts-chinese-e-commerce-venture-to-leave-1436909592?ru=yahoo?mod=yahoo_itp", "country": "GB", "title": "Co-Founders of Wal-Mart’s Chinese E-Commerce Venture to Leave", "performance_score": 0, "site": "wsj.com", "participants_count": 0, "title_full": "Co-Founders of Wal-Mart’s Chinese E-Commerce Venture to Leave", "spam_score": 0.0, "site_type": "news", "published": "2015-07-15T02:55:00.000+03:00", "replies_count": 0, "uuid": "d7d15084b858e7a5cdfdf7d3bd7a277de6d88f6b"}, "author": "", "url": "http://www.wsj.com/articles/co-founders-of-wal-marts-chinese-e-commerce-venture-to-leave-1436909592?ru=yahoo?mod=yahoo_itp", "ord_in_thread": 0, "title": "Co-Founders of Wal-Mart’s Chinese E-Commerce Venture to Leave", "locations": [], "entities": {"persons": [], "locations": [], "organizations": []}, "highlightText": "", "language": "english", "persons": [], "text": "Laurie.Burkitt@wsj.com Updated July 14, 2015 7:10 p.m. ET \nWal-Mart Stores Inc. said Tuesday the co-founders of its Chinese e-commerce venture have announced their departures, thrusting a central part of the retailer’s China strategy into transition. \nYihaodian Chairman Yu Gang and Chief Executive Liu Junling, both veterans of Dell who launched the company in 2008, are leaving to pursue their next venture, Wal-Mart spokesman Dan Toporek said in a statement. Wal-Mart, which holds a 51% stake... To Read the Full Story, Subscribe or Sign In Popular on WSJ", "external_links": [], "published": "2015-07-15T02:55:00.000+03:00", "crawled": "2015-07-15T03:32:37.000+03:00", "highlightTitle": ""}