{"organizations": [], "uuid": "927f1ea63b54193629b2635abcb716e9ef3bef8c", "thread": {"social": {"gplus": {"shares": 0}, "pinterest": {"shares": 0}, "vk": {"shares": 0}, "linkedin": {"shares": 0}, "facebook": {"likes": 0, "shares": 0, "comments": 0}, "stumbledupon": {"shares": 0}}, "site_full": "www.business2community.com", "main_image": "http://cdn.business2community.com/wp-content/uploads/2015/07/How-to-Spot-a-Success-Story-Years-in-Advance.png.png", "site_section": "http://feeds.feedburner.com/B2C_Business", "section_title": "Business & Finance Articles on Business 2 Community", "url": "http://www.business2community.com/startups/how-to-spot-a-success-story-years-in-advance-01279629", "country": "US", "title": "How To Spot A Success Story Years In Advance", "performance_score": 0, "site": "business2community.com", "participants_count": 1, "title_full": "How To Spot A Success Story Years In Advance", "spam_score": 0.0, "site_type": "news", "published": "2015-07-23T01:30:00.000+03:00", "replies_count": 0, "uuid": "927f1ea63b54193629b2635abcb716e9ef3bef8c"}, "author": "Troy Hollenbeck", "url": "http://www.business2community.com/startups/how-to-spot-a-success-story-years-in-advance-01279629", "ord_in_thread": 0, "title": "How To Spot A Success Story Years In Advance", "locations": [], "entities": {"persons": [], "locations": [], "organizations": []}, "highlightText": "", "language": "english", "persons": [], "text": "How To Spot A Success Story Years In Advance 0 SHARES July 22, 2015 Startups 0 \nAs a child prodigy, Mark Zuckerberg, most of his time was spent with computers and creating software. He learned the ATARI 2600 basic programming from his father and later used it to make ‘ZuckNet’; a software that linked all the computers of his house and his father’s dental clinic. \nHe had an outstanding mind even when he was little as quoted precisely by writer Jose Antonio Vargas “some kids played computer games. Mark created them.” \nEven then, he was a force to be considered as raw future entrepreneur talent. While at Harvard he wrote various softwares namely ‘Facemash,’ a program in which the students could vote who was better looking. \nAnd now, he’s the creator of “Facebook” one of the most highly regarded social media sites in the world, with billions of raving fans world-wide. \nWhat qualities did Mark Zuckerberg, Donald Trump and Richard Branson have that made them a huge success? Recommended for You Webcast: Online Equity Fundraising – Everything You Need to Know \nLots Of “Oh My God” Moments \nIf the very best expression that explains your profession is “never a dull minute,” there’s an good indication that your doing something right. Do not believe entrepreneurs fortunes automatically go up and up, because they don’t. But you won’t get any “Oh my God” moments if you are not an action or risk taker, you have to do both to get the results. \nThe Need To Will Yourself To Win \nDo not ask me why, however the pure will to shows up frequently ends up being a self-fulfilling prediction, “ if you want to WIN you will WIN,” end of story. That aspect had a lot to do with the success of a long list of excellent entrepreneurs who matured with misfortune consisting of John Chow, the artist Sting, and so on. \nThe Expert \nProficiency, particularly in an extremely valuable field, is possibly the best skill to have. In plain English, that suggests bargaining power in a work scenario and prices power in a business owner scenario. It’s a “should have” if you wish to succeed over the long run. Take just one thing your good at and run with it. \nExecution \nWhen it comes to execution, nothing proves better to success than having a selling machine that’s turning profits hand over fist. \nRuthless Drive To Win If your inspiration to be successful is the most effective and solid force that drives you, then there’s little doubt that you will. It likewise hints of excellent things to come. If you can’t see an entrepreneur’s drive to win, then he’s missing a key ingredient that most success stories have. \nStrong Work Ethic \nIt might not suffice to ensure popularity and fortune, however if you put your work top priorities ahead of everything else and lose sleep when you’re not satisfying your dedications and finishing the job, then clients and other stakeholders will certainly understand they can depend on you. That’s big. \nDevotion \nOne last trait that the “ ultra-preneur’s” have more than most is “Devotion” to any project they tend to work on. Some people mistake this as obsession, but i see it as an entrepreneur’s pure dedication to seeing his company, product or service they provide to be the best. \nCompetitors…For Your Services \nThere’s no more conclusive indicator of up-and-coming success than clients or companies contending for your services. Bear in mind, the factor they desire you is not about you however exactly what you can do for them. \nThese days, people really believe they can just up and quit their day jobs, develop a site, build a brand of some sort, market their services, do some traffic growth hacks, and, Poof! It has absolutely nothing to do with your potential to succeed in business, and more focus on implementation and pure will. \nKeep in mind, the internet changed everything back in 1995 to make it easier– to end up being an entrepreneur– for a billion people, not simply for you. It’s a competitive world. If you wish to be tomorrow’s success story, you’ve got to do the things others are “unwilling” to do…TODAY!", "external_links": [], "published": "2015-07-23T01:30:00.000+03:00", "crawled": "2015-07-23T09:59:12.622+03:00", "highlightTitle": ""}