{"organizations": [], "uuid": "e05ca8ca5693f2e372a45255d9caca7825b36e42", "thread": {"social": {"gplus": {"shares": 0}, "pinterest": {"shares": 0}, "vk": {"shares": 0}, "linkedin": {"shares": 0}, "facebook": {"likes": 0, "shares": 0, "comments": 0}, "stumbledupon": {"shares": 0}}, "site_full": "www.financialexpress.com", "main_image": "http://www.financialexpress.com/wp-content/uploads/2015/07/Bajaj-Auto-S.jpg", "site_section": "http://www.financialexpress.com/section/industry/banking-finance/", "section_title": "Banking and Finance News:Banking News,Finance News,Bank and Finance News Today | The Financial Express", "url": "http://www.financialexpress.com/article/industry/companies/bajaj-auto-q1-net-surges-37-to-rs-1015-cr/106047", "country": "IE", "title": "Bajaj Auto Q1 net surges 37% to Rs 1,015 cr", "performance_score": 0, "site": "financialexpress.com", "participants_count": 1, "title_full": "Bajaj Auto Q1 net surges 37% to Rs 1,015 cr | The Financial Express", "spam_score": 0.0, "site_type": "news", "published": "2015-07-23T21:10:00.000+03:00", "replies_count": 0, "uuid": "e05ca8ca5693f2e372a45255d9caca7825b36e42"}, "author": "financialexpress.com", "url": "http://www.financialexpress.com/article/industry/companies/bajaj-auto-q1-net-surges-37-to-rs-1015-cr/106047", "ord_in_thread": 0, "title": "Bajaj Auto Q1 net surges 37% to Rs 1,015 cr", "locations": [], "entities": {"persons": [], "locations": [], "organizations": []}, "highlightText": "", "language": "english", "persons": [], "text": "Other Articles Want to eat 'chips'? This London restaurant will offer you just that Lupin buys US generics firm Gavis for $880 million Lupin Q1 net dips by 16% at Rs 525.02 cr Bajaj Auto on Thursday reported a 37.14 per cent increase in its standalone net profit at Rs 1,014.80 crore for the first quarter ended on June 30.\nThe company had posted a standalone net profit of Rs 739.98 crore in the same period previous fiscal.\nBajaj Auto net sales on standalone basis was also up 7.24 per cent during April-June quarter to Rs 5,505.06 crore as against Rs 5,133.37 crore in the same period previous fiscal, Bajaj Auto said in a BSE filing.\nUnit volume sales during the quarter stood at 10,13,029 units as against 9,88,430 up 2.48 per cent.\n“The company’s strategy for growth in markets across the globe and increase of share in the domestic motorcycle market has yielded desired results,” the company said.\nBajaj Auto export revenue recorded a growth of 17.01 per cent during the quarter under review to Rs 2,634 crore as against Rs 2,251 crore of Q1 of financial year 2014-15.\n“Export revenue recorded a growth of 17 per cent over Q1FY15 while overall share in domestic market expanded by 300 bps to 18 per cent in Q1FY2016,” the company said.\nShares of Bajaj Auto were trading at Rs 2,529.85 per scrip on BSE in afternoon trade, down 3.41 per cent.\n 23, 2015 1:10 pm", "external_links": [], "published": "2015-07-23T21:10:00.000+03:00", "crawled": "2015-07-23T14:29:48.294+03:00", "highlightTitle": ""}