{"organizations": ["New York Times"], "uuid": "16c43637f1b3d0348c51fcea72aabc37e002bfe3", "thread": {"social": {"gplus": {"shares": 0}, "pinterest": {"shares": 0}, "vk": {"shares": 0}, "linkedin": {"shares": 0}, "facebook": {"likes": 0, "shares": 0, "comments": 0}, "stumbledupon": {"shares": 0}}, "site_full": "www.healthleadersmedia.com", "main_image": "", "site_section": "http://www.healthleadersmedia.com/rss/WS_HLM2_FIN_TS.xml", "section_title": "HealthLeadersMedia.com - Finance News & Analysis", "url": "http://www.healthleadersmedia.com/content_redirect.cfm?content_id=318207", "country": "US", "title": "In health law, a boon for diet clinics", "performance_score": 0, "site": "healthleadersmedia.com", "participants_count": 0, "title_full": "In health law, a boon for diet clinics", "spam_score": 0.0, "site_type": "news", "published": "2015-07-06T14:50:00.000+03:00", "replies_count": 0, "uuid": "16c43637f1b3d0348c51fcea72aabc37e002bfe3"}, "author": "", "url": "http://www.healthleadersmedia.com/content_redirect.cfm?content_id=318207", "ord_in_thread": 0, "title": "In health law, a boon for diet clinics", "locations": [], "entities": {"persons": [], "locations": [], "organizations": []}, "highlightText": "", "language": "english", "persons": [], "text": "RSS The New York Times , July 6, 2015 \nDr. Michael Kaplan looked across his desk at a woman who had sought out his Long Island Weight Loss Institute and asked the question he often poses to new patients: \"Where do you think you go wrong with food?\" The 38-year-old patient was about 20 pounds overweight and, as she described it, desperate. Weight Watchers, nutritionists — she had tried them all in vain. A physician like Dr. Kaplan, she reasoned, might be the only one left who could help her. \"I'm really tired of it,\" the woman said one recent afternoon, declining to give her name to a reporter. \"I feel like something is off with me.\"", "external_links": [], "published": "2015-07-06T14:50:00.000+03:00", "crawled": "2015-07-06T15:27:26.000+03:00", "highlightTitle": ""}