{"organizations": [], "uuid": "f314a0528bfb76e36144a241962aad24d90f808f", "thread": {"social": {"gplus": {"shares": 0}, "pinterest": {"shares": 0}, "vk": {"shares": 0}, "linkedin": {"shares": 0}, "facebook": {"likes": 0, "shares": 0, "comments": 0}, "stumbledupon": {"shares": 0}}, "site_full": "au.finance.yahoo.com", "main_image": "https://s1.yimg.com/bt/api/res/1.2/F3I.hBDn9J.Z8MrkXRnUfw--/YXBwaWQ9eW5ld3M7aWw9cGxhbmU7cT03NTt3PTYwMA--/http://globalfinance.zenfs.com/images/FIN_ANZ_AAP_ART_FTP_LIVE_1/230715m_UBerNY_1280x720_original.jpg", "site_section": "https://au.finance.yahoo.com/news/topic-top-stories/?format=rss", "section_title": "Australian Business & World Finance News - Yahoo!7 Finance", "url": "https://au.finance.yahoo.com/news/uber-strikes-deal-nyc-214709360.html", "country": "GB", "title": "Uber strikes deal with NYC", "performance_score": 0, "site": "yahoo.com", "participants_count": 0, "title_full": "Uber strikes deal with NYC", "spam_score": 0.0, "site_type": "news", "published": "2015-07-23T00:47:00.000+03:00", "replies_count": 0, "uuid": "f314a0528bfb76e36144a241962aad24d90f808f"}, "author": "", "url": "https://au.finance.yahoo.com/news/uber-strikes-deal-nyc-214709360.html", "ord_in_thread": 0, "title": "Uber strikes deal with NYC", "locations": [], "entities": {"persons": [], "locations": [], "organizations": []}, "highlightText": "", "language": "english", "persons": [], "text": "View Photo \n\nA deal has been struck between New York City and Uber on the eve of a council vote that could have placed a cap on the number of cars the company can have on the streets of the city. \nMayor Bill de Blasio's administration announced on Wednesday that Uber agreed to a four-month study on the impact of the cars on traffic and the environment. Under the deal, the city will not cap Uber's growth during those four months. \nThe agreement contrasts with the legislation the council was set to vote on Thursday that called for a 1 per cent cap on the California-based company's growth within the city during a year-long study. Uber has steadfastly opposed any cap, and the company and City Hall had traded increasing nasty barbs over the past week. \nBut the hostilities were set aside to announce the surprise arrangement, which also includes commitments from Uber to make more of its vehicles handicap-accessible and to turn over data to the city on the location and duration of its rides. \nCity officials said the deal was reminiscent of what the de Blasio administration offered Uber early in the negotiating process. They said a cap could still be imposed if Uber reneges on the agreement. \nA call to Uber for comment was not immediately returned. \nUber, a $US40 billion ($A53.93 billion) company, has become a dominant force on the streets of New York, dispatching 25,000 cars compared to 13,000 of the city's iconic yellow taxis. \nThe de Blasio administration had pushed for a cap, citing concern over increased congestion on Manhattan's clogged streets. When talks broke down last week, sniping between City Hall and Uber reached a frenzy with expensive TV ad campaigns that have blanketed the airwaves. \nThough most observers believe the City Council legislation would have passed, the de Blasio administration's position appeared to weaken as Uber unleashed its ad campaign, depicting the mayor as too influenced by the yellow taxi industry, which ranks among his biggest donors. @y7finance on Twitter, become a fan on Facebook Uber strikes deal with NYC AAP \nA deal has been struck between New York City and Uber on the eve of a council vote that could have placed a cap …", "external_links": [], "published": "2015-07-23T00:47:00.000+03:00", "crawled": "2015-07-23T00:52:08.217+03:00", "highlightTitle": ""}