{"organizations": ["ABC", "NFL"], "uuid": "8b1578de67cec78ce41e5d8b4cd8870a3de6dbff", "thread": {"social": {"gplus": {"shares": 0}, "pinterest": {"shares": 0}, "vk": {"shares": 0}, "linkedin": {"shares": 0}, "facebook": {"likes": 0, "shares": 0, "comments": 0}, "stumbledupon": {"shares": 0}}, "site_full": "www.healthleadersmedia.com", "main_image": "", "site_section": "http://www.healthleadersmedia.com/rss/WS_HLM2_FIN_TS.xml", "section_title": "HealthLeadersMedia.com - Finance News & Analysis", "url": "http://www.healthleadersmedia.com/content_redirect.cfm?content_id=318392", "country": "US", "title": "Hospital launches 'aggressive' probe into how ESPN got NFL player's chart", "performance_score": 0, "site": "healthleadersmedia.com", "participants_count": 0, "title_full": "Hospital launches 'aggressive' probe into how ESPN got NFL player's chart", "spam_score": 0.0, "site_type": "news", "published": "2015-07-10T14:33:00.000+03:00", "replies_count": 0, "uuid": "8b1578de67cec78ce41e5d8b4cd8870a3de6dbff"}, "author": "", "url": "http://www.healthleadersmedia.com/content_redirect.cfm?content_id=318392", "ord_in_thread": 0, "title": "Hospital launches 'aggressive' probe into how ESPN got NFL player's chart", "locations": [], "entities": {"persons": [], "locations": [], "organizations": []}, "highlightText": "", "language": "english", "persons": [], "text": "RSS ABC 17 News / CNN Money , July 10, 2015 \nA Florida hospital said Thursday that it has launched an \"aggressive\" investigation into the release of an NFL player's private medical records. The probe comes a day after ESPN reporter Adam Schefter tweeted a photo of a medical chart indicating that New York Giants defensive end Jason Pierre-Paul had a finger amputated, the result of a fireworks accident on the Fourth of July. ESPN defended Schefter's reporting, noting that the 1996 law safeguarding the privacy of medical records -- the Health Insurance Portability and Accountability Act or \"HIPAA\" -- \"does not apply to news organizations.\"", "external_links": [], "published": "2015-07-10T14:33:00.000+03:00", "crawled": "2015-07-10T15:25:11.000+03:00", "highlightTitle": ""}