{"organizations": [], "uuid": "5fcf4f972a3536732dbac3df2ab78b9612432f37", "thread": {"social": {"gplus": {"shares": 0}, "pinterest": {"shares": 0}, "vk": {"shares": 0}, "linkedin": {"shares": 0}, "facebook": {"likes": 0, "shares": 0, "comments": 0}, "stumbledupon": {"shares": 0}}, "site_full": "www.wsj.com", "main_image": "http://si.wsj.net/public/resources/images/BT-AD077_BIZBRI_G_20150714223828.jpg", "site_section": "http://finance.yahoo.com/rss/headline?s=GM", "section_title": "Yahoo! Finance: GM News", "url": "http://www.wsj.com/articles/business-watch-news-digest-1436925445?ru=yahoo?mod=yahoo_itp", "country": "GB", "title": "Business Watch", "performance_score": 0, "site": "wsj.com", "participants_count": 0, "title_full": "Business Watch", "spam_score": 0.0, "site_type": "news", "published": "2015-07-15T06:08:00.000+03:00", "replies_count": 0, "uuid": "5fcf4f972a3536732dbac3df2ab78b9612432f37"}, "author": "", "url": "http://www.wsj.com/articles/business-watch-news-digest-1436925445?ru=yahoo?mod=yahoo_itp", "ord_in_thread": 0, "title": "Business Watch", "locations": [], "entities": {"persons": [], "locations": [], "organizations": []}, "highlightText": "", "language": "english", "persons": [], "text": "A roundup of news items about businesses July 14, 2015 9:57 p.m. ET Auto Maker Seeks Cut In Jeep Case Damages \nLegal damages awarded to the parents of a boy killed in a fiery rear-end Jeep crash could be reduced by $100 million, lawyers for the family said during a Georgia court hearing on Tuesday. \nThe plaintiffs’ lawyers suggested the reduction to a judge hearing arguments from Fiat Chrysler Automobiles... To Read the Full Story, Subscribe or Sign In Popular on WSJ", "external_links": [], "published": "2015-07-15T06:08:00.000+03:00", "crawled": "2015-07-15T06:48:25.000+03:00", "highlightTitle": ""}