{"organizations": [], "uuid": "9d391d1c802637f64159fe1ab284fe2918e3ebb5", "thread": {"social": {"gplus": {"shares": 0}, "pinterest": {"shares": 0}, "vk": {"shares": 0}, "linkedin": {"shares": 0}, "facebook": {"likes": 0, "shares": 0, "comments": 0}, "stumbledupon": {"shares": 0}}, "site_full": "www.reuters.com", "main_image": "", "site_section": "http://www.reuters.com/finance/personal-finance", "section_title": "Wealth, Personal Finance &amp; Money | Reuters.com", "url": "http://www.reuters.com/article/2015/07/15/eurozone-greece-tsakalotos-idUSA8N0ZT00H20150715", "country": "US", "title": "Greek finmin: many measures in bailout deal will be recessionary", "performance_score": 0, "site": "reuters.com", "participants_count": 1, "title_full": "Greek finmin: many measures in bailout deal will be recessionary | Reuters", "spam_score": 0.0, "site_type": "news", "published": "2015-07-15T12:34:00.000+03:00", "replies_count": 0, "uuid": "9d391d1c802637f64159fe1ab284fe2918e3ebb5"}, "author": "Reuters", "url": "http://www.reuters.com/article/2015/07/15/eurozone-greece-tsakalotos-idUSA8N0ZT00H20150715", "ord_in_thread": 0, "title": "Greek finmin: many measures in bailout deal will be recessionary", "locations": [], "entities": {"persons": [], "locations": [], "organizations": []}, "highlightText": "", "language": "english", "persons": [], "text": "ATHENS, July 15 A lot of the measures in a deal struck with Greece's lenders will have a recessionary effect but removing the prospect of a \"Grexit\" will help offset their impact and bring in investments, Finance Minister Euclid Tsakalotos said on Wednesday.\n\"It's a difficult deal, a deal for which only time will show if it is economically viable,\" he told lawmakers ahead of a crucial vote on the package later on Wednesday. (Reporting by Lefteris Karagiannopoulos and George Georgiopoulos; Writing by Ingrid Melander ; editing by Matthias Williams)", "external_links": [], "published": "2015-07-15T12:34:00.000+03:00", "crawled": "2015-07-15T12:00:37.000+03:00", "highlightTitle": ""}