{"organizations": ["Junior Financial Analyst", "Squires Group"], "uuid": "c46221e60083f679d7b7c5db312f77b31f7c0a80", "thread": {"social": {"gplus": {"shares": 0}, "pinterest": {"shares": 0}, "vk": {"shares": 0}, "linkedin": {"shares": 0}, "facebook": {"likes": 0, "shares": 0, "comments": 0}, "stumbledupon": {"shares": 0}}, "site_full": "www.simplyhired.com", "main_image": "", "site_section": "http://www.simplyhired.com/a/job-feed/rss/o-13205", "section_title": "Finance jobs | Simply Hired", "url": "http://www.simplyhired.com/job/crqlh3p7qg", "country": "US", "title": "Junior Financial Analyst - Great position for recent graduate! at Squires Group (Savage, MD)", "performance_score": 0, "site": "simplyhired.com", "participants_count": 0, "title_full": "Junior Financial Analyst - Great position for recent graduate! at Squires Group (Savage, MD)", "spam_score": 0.0, "site_type": "news", "published": "2015-07-15T13:13:00.000+03:00", "replies_count": 0, "uuid": "c46221e60083f679d7b7c5db312f77b31f7c0a80"}, "author": "", "url": "http://www.simplyhired.com/job/crqlh3p7qg", "ord_in_thread": 0, "title": "Junior Financial Analyst - Great position for recent graduate! at Squires Group (Savage, MD)", "locations": [], "entities": {"persons": [], "locations": [], "organizations": []}, "highlightText": "", "language": "english", "persons": [], "text": "Source: StartWire \nOur client, a leading distributor in the Mid-Atlantic region, issearching for a Junior Financial Analyst .Their commitment to providing value to their clients is why they havelong-standing customers and continue to grow in a very competitive market. This opportunity will offer you a great workenvironment with tremendous opportunity for both professional and personalgrowth. \nAs a direct hire employee you can expect to receive a health careplan, 100% company paid life insurance, 401K with company match and 100%vesting, voluntary short/long term disability & term life insurance, paid daysoff, and free employee assistance program. \nJob ResponsibilitiesInclude: \nGenerate and run reports from an ERP system as well as access and other databases \nProvide trend analysis on company results, market, and financial data \nCompare and analyze actual results versus budget and forecast \nMaintain database by entering and verifying data \nForecast sales for major customers \nAssist with board presentations", "external_links": [], "published": "2015-07-15T13:13:00.000+03:00", "crawled": "2015-07-15T15:21:48.000+03:00", "highlightTitle": ""}