{"organizations": [], "uuid": "90cc4474fa2edd02f082470882f5c18aba9dfc7b", "thread": {"social": {"gplus": {"shares": 0}, "pinterest": {"shares": 0}, "vk": {"shares": 0}, "linkedin": {"shares": 0}, "facebook": {"likes": 0, "shares": 0, "comments": 0}, "stumbledupon": {"shares": 0}}, "site_full": "www.oneindia.com", "main_image": "http://www.oneindia.com/img/2015/07/09-1436433434-practo-logo.jpg", "site_section": "http://news.oneindia.in/rss/news-business-fb.xml", "section_title": "India Business News, Latest Finance News Headlines, Indian Stock Market & economic news", "url": "http://www.oneindia.com/business/online-healthcare-platform-practo-acquires-product-outsourcing-firm-genii-1801351.html", "country": "IN", "title": "Online healthcare platform Practo acquires product outsourcing firm Genii", "performance_score": 0, "site": "oneindia.com", "participants_count": 0, "title_full": "Online healthcare platform Practo acquires product outsourcing firm Genii", "spam_score": 0.0, "site_type": "news", "published": "2015-07-09T11:00:00.000+03:00", "replies_count": 0, "uuid": "90cc4474fa2edd02f082470882f5c18aba9dfc7b"}, "author": "", "url": "http://www.oneindia.com/business/online-healthcare-platform-practo-acquires-product-outsourcing-firm-genii-1801351.html", "ord_in_thread": 0, "title": "Online healthcare platform Practo acquires product outsourcing firm Genii", "locations": [], "entities": {"persons": [], "locations": [], "organizations": []}, "highlightText": "", "language": "english", "persons": [], "text": "Online healthcare platform Practo acquires product outsourcing firm Genii Updated: Thursday, July 9, 2015, 14:48 [IST] Facebook Twitter Google+ Comments Mail \nMumbai, Jul 9: Online healthcare platform Practo has acquired product outsourcing firm Genii which has domain experience in building bespoke e-commerce portals and SaaS platforms across retail, media, finance and other sectors. \nWhile the company did not disclose the size and structure of the deal, Practo said Genii founders will lead product teams and help it to get into the enterprise space with products focused around hospitals , diagnostic centers and other medical facilities. \nThis comes close on the heels of the Bengaluru-based start-up's recent expansion into helping locate diagnostic centres over and above doctor discovery on its platform. \nThe founders of Genii, Varun Vohra and Aditya Anand, along with a 11-member team will join Practo and move to Bangalore, a statement said. Genii's clientele includes Axis Bank, Mediassist, Economic Times, and HDFC RED among others. \n\"We believe acquisitions are a fantastic way to add world class, like-minded talent to our team. It gives us a fast way to scale and the ability to further accelerate our roadmap. We continue to look at acquiring great talent and technology,\" Practo Founder and Chief Executive Shashank ND said. \nIn late April, Practo had acquired digital fitness solution firm Fitho Wellness for an undisclosed amount. The company raised USD 30 million in second round of funding from Sequoia Capital and Matrix Partners in February this year. \n[ #ThankYouDoctor trends on Twitter on National Doctors' Day ] \nPracto aims to offer consumers a single window platform covering curative, preventive, fitness and wellness segments. \nPracto's has nearly 1.5 lakh verified doctors listed across 35 cities, and has on-boarded nearly 4,000 labs in eight cities. The firm will soon extend its diagnostic search facility to 35 cities, it said. \nPTI BharatMatrimony - the gateway to happy marriages. Register Free! Read more about:", "external_links": [], "published": "2015-07-09T11:00:00.000+03:00", "crawled": "2015-07-09T16:08:51.000+03:00", "highlightTitle": ""}