{"organizations": [], "uuid": "6e5002dc889c48bfd477b4ece76e867af89a13d2", "thread": {"social": {"gplus": {"shares": 0}, "pinterest": {"shares": 0}, "vk": {"shares": 0}, "linkedin": {"shares": 0}, "facebook": {"likes": 0, "shares": 0, "comments": 0}, "stumbledupon": {"shares": 0}}, "site_full": "www.forbes.com", "main_image": "http://blogs-images.forbes.com/ashleaebeling/files/2015/07/0708_william-davidson_1200x675.jpg", "site_section": "http://www.forbes.com/finance/index.xml", "section_title": "Forbes - Personal Finance", "url": "http://www.forbes.com/sites/ashleaebeling/2015/07/08/irs-grabs-388-million-from-billionaire-davidson-estate/", "country": "US", "title": "IRS Grabs $388 Million From Billionaire Davidson Estate", "performance_score": 2, "site": "forbes.com", "participants_count": 2, "title_full": "IRS Grabs $388 Million From Billionaire Davidson Estate - Forbes", "spam_score": 0.0, "site_type": "news", "published": "2015-07-08T20:39:00.000+03:00", "replies_count": 1, "uuid": "51cdac2d54938f51c6c75c36981ff89a70b687e6"}, "author": "Ashlea Ebeling", "url": "http://www.forbes.com/sites/ashleaebeling/2015/07/08/irs-grabs-388-million-from-billionaire-davidson-estate/#post-0", "ord_in_thread": 0, "title": "IRS Grabs $388 Million From Billionaire Davidson Estate", "locations": [], "entities": {"persons": [], "locations": [], "organizations": []}, "highlightText": "", "language": "english", "persons": [], "text": "In a ginormous estate tax battle denouement, the Internal Revenue Service just won $388 million in a settlement with the estate of Detroit Pistons owner Bill Davidson .\nThe IRS had asserted a deficiency of over $2 billion in estate/gift/generation-skipping taxes. To put the dollar amounts in perspective, consider that the Treasury took in a total of $12.7 billion in estate tax revenue in 2013.\nDavidson, of Bloomfield Hills, Mich., died at age 86 in 2009. He made his fortune in glass and auto products with Guardian Industries, was a noted philanthropist, but best known as team owner of the Pistons, the W.N.B.A.’s Detroit Shock and the N.H.L.’s Tampa Bay Lightning.\nIt was two years ago that his estate took the IRS to U.S. tax court to challenge the assessment of additional taxes. The agreement is outlined in a stipulated decision in Estate of William M. Davidson released this week. Here is the breakdown of tax deficiencies: $187 million in gift taxes, $152 million in estate taxes, and $49 million in generation-skipping taxes. There’s also a $133,000 gift tax penalty bill. Note: no estate tax penalties were assessed.\nPay attention: the valuation issues that derailed billionaire Davidson’s estate plan could affect yours. (Credit: Dan Lippitt/NBAE via Getty Images)\nThere were two main issues that led to the deficiencies. The IRS said the estate undervalued corporate stock and improperly valued self-cancelling installment notes (SCINs). As to the stock, the IRS said that the estate low-balled the value of privately held Guardian stock held in trust for Davidson’s children and grandchildren. You always need to pay attention to valuations of assets like privately-held stock or real estate or art for gift and estate tax purposes.\nAnd as to the SCINs, they are legitimate tax planning devices, but there’s wiggle-room in how you structure them. The IRS called into question the calculations used and said Davidson was essentially making taxable gifts he should have reported. The IRS takes a tough stance on how you value the notes and what you have to do to establish that it’s a fair exchange of assets for the notes, says Andrew DeMaio, an estate lawyer in Red Bank, N.J. “In a sense, it’s a loss for the estate planning community in that we don’t get a ruling on these SCIN valuation issues,” he says.\nIt’s not just billionaires who face these battles, but multi-million-dollar estates with hard-to-value assets and those that take advantage of legitimate but cutting edge estate planning techniques like SCINs. Even estates under the estate exclusion amount of $5.43 million per person may need to file estate tax returns, and face unlimited audit times for hard-to-value assets: see IRS To Allow Do-Overs For Some Small Estates.\nPage 1 / 2 Continue Get The Forbes Investing Digest", "external_links": ["https://www.ustaxcourt.gov/UstcDockInq/DocumentViewer.aspx?IndexID=6610435"], "published": "2015-07-08T20:39:00.000+03:00", "crawled": "2015-07-09T02:37:27.000+03:00", "highlightTitle": ""}