{"organizations": [], "uuid": "c53ddfc9030c8ef50d92136bacff6039be886d80", "thread": {"social": {"gplus": {"shares": 0}, "pinterest": {"shares": 0}, "vk": {"shares": 0}, "linkedin": {"shares": 0}, "facebook": {"likes": 0, "shares": 0, "comments": 0}, "stumbledupon": {"shares": 0}}, "site_full": "www.zawya.com", "main_image": "http://images.zawya.com/images/ui/img-logo-zawya.png", "site_section": "http://www.zawya.com/rss/default.cfm?rssid=23C341EC-8851-9E2C-C35A985480E8068B", "section_title": "Zawya.com - Islamic Finance Live News", "url": "http://www.zawya.com/story/Qatars_Barwa_raises_USD175m_to_refinance_debt-TR20150712nD5N0Y204IX3/", "country": "AE", "title": "Qatar's Barwa raises USD175m to refinance debt", "performance_score": 0, "site": "zawya.com", "participants_count": 0, "title_full": "Qatar's Barwa raises USD175m to refinance debt", "spam_score": 0.0, "site_type": "news", "published": "2015-07-12T14:00:00.000+03:00", "replies_count": 0, "uuid": "c53ddfc9030c8ef50d92136bacff6039be886d80"}, "author": "", "url": "http://www.zawya.com/story/Qatars_Barwa_raises_USD175m_to_refinance_debt-TR20150712nD5N0Y204IX3/", "ord_in_thread": 0, "title": "Qatar's Barwa raises USD175m to refinance debt", "locations": ["Qatar"], "entities": {"persons": [], "locations": [], "organizations": []}, "highlightText": "", "language": "english", "persons": ["Barwa"], "text": "X Zawya Comment Policy \nZawya encourages you to add a comment to this discussion. You agree that when you add content to this discussion your comments will not: 1.1 Contain any material which is libelous or defamatory of any person, is obscene, offensive, hateful or inflammatory or causes damage to the reputation of any person or organisation.1.2 Promote sexually explicit material, violence, discrimination based on race, sex, religion, nationality, disability, sexual orientation or age or any illegal activity.1.3 Be made in breach of any legal duty owed to a third party, such as a contractual duty or a duty of confidence.1.4 Be threatening, abuse or invade another's privacy, or cause annoyance, inconvenience or needless anxiety.1.5 Be used to impersonate any person, to misrepresent your identity or affiliation with any person, or be likely to deceive any person.1.6 Give the impression that they represent Zawya.1.7 Advocate, promote or assist any unlawful act such as (by way of example only) copyright infringement or computer misuse. The content posted on www.zawya.com is created by members of the public. The views expressed are theirs and unless specifically stated are not those of Zawya. Zawya reserves the right to review all comments prior to posting and edit or delete any contribution, but Zawya is not responsible for and can not be held liable for any content posted by members of the public on www.zawya.com . Zawya is not responsible for the availability or content of any third party sites that are accessible through www.zawya.com . Any links to third party websites from www.zawya.com do not amount to any endorsement of that site by Zawya and any use of that site by you is at your own risk. By submitting your comment, you hereby give Zawya the right, but not the obligation, to post, air, edit, exhibit, telecast, webcast, re-use, publish, reproduce, use, license, print, distribute or otherwise use your comments worldwide, in perpetuity. ×", "external_links": [], "published": "2015-07-12T14:00:00.000+03:00", "crawled": "2015-07-12T14:53:43.000+03:00", "highlightTitle": ""}