{"organizations": ["Shark Tank", "Low-Volatility ETF Line Shark Tank"], "uuid": "f3292e78b1f680be20edb2ceca0ea3589b761133", "thread": {"social": {"gplus": {"shares": 0}, "pinterest": {"shares": 0}, "vk": {"shares": 0}, "linkedin": {"shares": 0}, "facebook": {"likes": 0, "shares": 0, "comments": 0}, "stumbledupon": {"shares": 0}}, "site_full": "business-news.thestreet.com", "main_image": "", "site_section": "http://business-news.thestreet.com/minute-man-news-center/rss/627", "section_title": "Minute Man News Center : Personal Finance", "url": "http://business-news.thestreet.com/minute-man-news-center/story/shark-tanks-kevin-oleary-launches-high-yield-low-volatility-etf-line/13218674", "country": "US", "title": "Shark Tank's Kevin O'Leary Launches High-Yield, Low-Volatility ETF Line", "performance_score": 0, "site": "thestreet.com", "participants_count": 0, "title_full": "Shark Tank's Kevin O'Leary Launches High-Yield, Low-Volatility ETF Line", "spam_score": 0.0, "site_type": "news", "published": "2015-07-15T00:29:00.000+03:00", "replies_count": 0, "uuid": "f3292e78b1f680be20edb2ceca0ea3589b761133"}, "author": "", "url": "http://business-news.thestreet.com/minute-man-news-center/story/shark-tanks-kevin-oleary-launches-high-yield-low-volatility-etf-line/13218674", "ord_in_thread": 0, "title": "Shark Tank's Kevin O'Leary Launches High-Yield, Low-Volatility ETF Line", "locations": [], "entities": {"persons": [], "locations": [], "organizations": []}, "highlightText": "", "language": "english", "persons": ["Kevin O'Leary", "Lauren Lyons Cole"], "text": "Shark Tank's Kevin O'Leary Launches High-Yield, Low-Volatility ETF Line Written by: Lauren Lyons Cole 07/14/15 - 5:29 PM EDT \nNEW YORK ( MainStreet ) — Kevin O’Leary isn’t one to keep his fortune shoved under a mattress. When he’s not busy investing in entrepreneurs on the set of ABC’s \"Shark Tank,\" Mr. Wonderful is looking for ways to put his money to work in the stock market. O’Leary’s investment philosophy, passed down from his mother, is simple: “In cash I trust. If [an investment] doesn’t generate cash I’m not interested.” \nIn keeping with this risk-averse strategy, O’Leary partnered with Connor O’Brien to form O’Shares , a line of five exchange traded funds, or ETFs, the first of which began trading today on the NYSE Arca as O’Shares FTSE US Quality Dividend ETF ( ). The investment ensemble aims to give investors cost-efficient access to a diverse portfolio of low-volatility, high-yield stocks. “When I was young [my mother] said to me, ‘Never buy a stock that doesn’t pay a dividend,’” O’Leary said. “And she killed it. She was right. She wasn’t a portfolio manager, she was just really smart.” O’Leary and O’Brien also co-founded O’Leary Funds , an investment fund manager focused on income, capital appreciation and wealth preservation that has grown to approximately $900 million in assets under management. \n“The first fund, ticker OUSA, is designed to be the core equity portion and income generating equity portion of a portfolio for anyone who is a conservative long-term investor who wants more income and less risk.” said O’Brien, CEO of O’Shares. OUSA will track the performance of the FTSE US Qual / Vol / Yield Factor 5% Capped Index (FUSYQVCF). The 140 stocks in the index are selected from the FTSE USA Index and have an average weighted market capitalization of $56 billion and a minimum market capitalization of over $750 Million. The stocks are diversified across ten industry sectors, with the three largest sectors being consumer goods, health care and technology, and the three smallest being materials, financials and utilities. More Headlines", "external_links": [], "published": "2015-07-15T00:29:00.000+03:00", "crawled": "2015-07-15T01:01:44.000+03:00", "highlightTitle": ""}