{"organizations": [], "uuid": "1d77810f25f0a4ea90f1aedfe7dafde9b0455a92", "thread": {"social": {"gplus": {"shares": 0}, "pinterest": {"shares": 0}, "vk": {"shares": 0}, "linkedin": {"shares": 0}, "facebook": {"likes": 0, "shares": 0, "comments": 0}, "stumbledupon": {"shares": 0}}, "site_full": "www.bloomberg.com", "main_image": "http://assets.bwbx.io/images/iKIUE5fwoR5c/v1/-1x-1.jpg", "site_section": "http://www.bloomberg.com/personal-finance", "section_title": "Personal-finance - Bloomberg Business", "url": "http://www.bloomberg.com/news/articles/2015-07-08/china-bans-stock-sales-by-major-shareholders-for-six-months", "country": "US", "title": "China Bans Stock Sales by Major Shareholders for Six Months", "performance_score": 10, "site": "bloomberg.com", "participants_count": 1, "title_full": "China Bans Stock Sales by Major Shareholders for Six Months - Bloomberg Business", "spam_score": 0.0, "site_type": "news", "published": "2015-07-08T20:10:00.000+03:00", "replies_count": 0, "uuid": "1d77810f25f0a4ea90f1aedfe7dafde9b0455a92"}, "author": "Richard Frost", "url": "http://www.bloomberg.com/news/articles/2015-07-08/china-bans-stock-sales-by-major-shareholders-for-six-months", "ord_in_thread": 0, "title": "China Bans Stock Sales by Major Shareholders for Six Months", "locations": [], "entities": {"persons": [], "locations": [], "organizations": []}, "highlightText": "", "language": "english", "persons": [], "text": "China’s securities regulator banned major shareholders, corporate executives and directors from selling any of their stakes for six months, the latest effort to stop a $3.5 trillion rout in the nation’s equity market.\nControlling shareholders and investors holding more than a 5 percent stake in a company will be prevented from cutting their holdings over that time period, the China Securities Regulatory Commission said in a statement.", "external_links": [], "published": "2015-07-08T20:10:00.000+03:00", "crawled": "2015-07-08T15:27:51.000+03:00", "highlightTitle": ""}