{"organizations": [], "uuid": "951dc854679e175e828b20ab808bf7c63022d6fe", "thread": {"social": {"gplus": {"shares": 0}, "pinterest": {"shares": 0}, "vk": {"shares": 0}, "linkedin": {"shares": 0}, "facebook": {"likes": 0, "shares": 0, "comments": 0}, "stumbledupon": {"shares": 0}}, "site_full": "www.telegraph.co.uk", "main_image": "http://i.telegraph.co.uk/multimedia/archive/03376/rich_3376170a.jpg", "site_section": "http://www.telegraph.co.uk/finance/", "section_title": "Finance - Business news and market updates - Telegraph - Telegraph", "url": "http://www.telegraph.co.uk/finance/newsbysector/banksandfinance/11740971/Where-in-the-world-are-you-most-likely-to-find-a-female-billionaire.html", "country": "GB", "title": "Where in the world are you most likely to find a female billionaire?", "performance_score": 0, "site": "telegraph.co.uk", "participants_count": 2, "title_full": "Where in the world are you most likely to find a female billionaire? - Telegraph", "spam_score": 0.0, "site_type": "news", "published": "2015-07-15T21:38:00.000+03:00", "replies_count": 1, "uuid": "03d76067200a31d220e2473f0cb379232a70f255"}, "author": "Rebecca Burn-Callander , Enterprise Editor", "url": "http://www.telegraph.co.uk/finance/newsbysector/banksandfinance/11740971/Where-in-the-world-are-you-most-likely-to-find-a-female-billionaire.html#post-0", "ord_in_thread": 0, "title": "Where in the world are you most likely to find a female billionaire?", "locations": [], "entities": {"persons": [], "locations": [], "organizations": []}, "highlightText": "", "language": "english", "persons": [], "text": "Follow @telegraph", "external_links": [], "published": "2015-07-15T21:38:00.000+03:00", "crawled": "2015-07-15T19:37:07.000+03:00", "highlightTitle": ""}