{"organizations": [], "uuid": "6e2c180943ff6c4b1d6323bf16ee7ac06c9fbff8", "thread": {"social": {"gplus": {"shares": 0}, "pinterest": {"shares": 0}, "vk": {"shares": 0}, "linkedin": {"shares": 0}, "facebook": {"likes": 0, "shares": 0, "comments": 0}, "stumbledupon": {"shares": 0}}, "site_full": "finance-commerce.com", "main_image": "http://finance-commerce.com/files/2014/02/Most-Read-200x200.jpg", "site_section": "http://finance-commerce.com/feed/", "section_title": "Finance & Commerce", "url": "http://finance-commerce.com/2015/07/most-read-stories-on-finance-commerce-com-week-of-july-6/", "country": "US", "title": "Most-read stories on finance-commerce.com, week of July 6", "performance_score": 0, "site": "finance-commerce.com", "participants_count": 1, "title_full": "Most-read stories on finance-commerce.com, week of July 6", "spam_score": 0.0, "site_type": "news", "published": "2015-07-13T19:52:00.000+03:00", "replies_count": 0, "uuid": "6e2c180943ff6c4b1d6323bf16ee7ac06c9fbff8"}, "author": "Finance and Commerce Staff", "url": "http://finance-commerce.com/2015/07/most-read-stories-on-finance-commerce-com-week-of-july-6/", "ord_in_thread": 0, "title": "Most-read stories on finance-commerce.com, week of July 6", "locations": [], "entities": {"persons": [], "locations": [], "organizations": []}, "highlightText": "", "language": "english", "persons": [], "text": "By Adam Voge, staff writer (Published online July 7, in print July 8) By Karlee Weinmann, staff writer (Published online July 2, in print July 3) By Frank Jossi, contributing writer (Published online July 7, in print July 7) By Adam Voge, staff writer (Published online July 9, in print July 10) By Adam Voge, staff writer (Published online July 6, in print July 7) By Karlee Weinmann, staff writer (Published online July 8, in print July 8) By Adam Voge, staff writer (Published online July 6, in print July 7) By Cali Owings, staff writer (Published online July 6, in print July 7) By Brian Johnson, staff writer (Published online July 6, in print July 7) By Adam Voge, staff writer (Published online July 7, in print July 8) Share this:", "external_links": [], "published": "2015-07-13T19:52:00.000+03:00", "crawled": "2015-07-13T20:56:18.000+03:00", "highlightTitle": ""}