{"organizations": [], "uuid": "55092fd7b1e379faf1bd0d58cc964f35b45b616c", "thread": {"social": {"gplus": {"shares": 0}, "pinterest": {"shares": 0}, "vk": {"shares": 0}, "linkedin": {"shares": 0}, "facebook": {"likes": 0, "shares": 0, "comments": 0}, "stumbledupon": {"shares": 0}}, "site_full": "www.prbuzz.com", "main_image": "", "site_section": "https://www.prbuzz.com/personal-finance.html", "section_title": "Personal Finance", "url": "https://www.prbuzz.com/personal-finance/335802-mediation-advantage-services-now-offering-divorce-mediation-in-massachusetts.html", "country": "US", "title": "Mediation Advantage Services Now Offering Divorce Mediation in Massachusetts!", "performance_score": 0, "site": "prbuzz.com", "participants_count": 1, "title_full": "Mediation Advantage Services Now Offering Divorce Mediation in Massachusetts!", "spam_score": 0.0, "site_type": "news", "published": "2015-07-09T03:00:00.000+03:00", "replies_count": 0, "uuid": "55092fd7b1e379faf1bd0d58cc964f35b45b616c"}, "author": "prbuzz.com", "url": "https://www.prbuzz.com/personal-finance/335802-mediation-advantage-services-now-offering-divorce-mediation-in-massachusetts.html", "ord_in_thread": 0, "title": "Mediation Advantage Services Now Offering Divorce Mediation in Massachusetts!", "locations": [], "entities": {"persons": [], "locations": [], "organizations": []}, "highlightText": "", "language": "english", "persons": [], "text": "FOR IMMEDIATE RELEASE:\nJuly 9th, 2015\nFor more information, contact:\n19 Cedar Street\nWorcester, Ma 01609\n508-795-1557\nhttp://www.mediationadvantage.com/\nJuly 9, 2015 - (Worcester, Massachusetts) - Divorce hurts, even if you're the one who 'wants' it. If you seek a compassionate lawyer to help see you through this hurtful process, you need to call Mediation Advantage Services now. For married couples wishing to divorce peaceable, wisely and economically, divorce mediation may be the best alternative. While many attorneys may state that they offer mediation services, do they have the training and experience to make the process a success? Making certain the lawyer you choose has an extensive background in mediation can make a significant difference in the efficiency with which your divorce is settled. At the Law Office of Polly A. Tatum (Mediation Advantage Services), their domestic relations attorney is a trained professional mediator who has conducted well over 1800-2000 divorce and family law mediations since 1997. Another aspect about divorce mediation that is compelling for divorcing parties is the fact that it is far less expensive to mediate a divorce voluntarily than to hire separate lawyers and settle divorce matters in court. For more information on the financial benefits of divorce mediation, please visit our page on divorce mediation facts and costs. Settling divorce and family law matters does not have to be an adversarial or expensive process. Mediate, do not litigate — resolve disputes expeditiously and economically. If you and your spouse can't split in a friendly, respectful, and caring way, your kids are going to suffer, your bank account is going to suffer, and you are going to suffer. Mediation is a better idea. The law firm offers mediation services designed to help families find solutions to divorce-related conflicts in a non-combative approach. Worcester divorce mediator Polly A. Tatum acts as a third-party neutral mediator. Often, mediation is a less-costly alternative to a prolonged courtroom battle. In some cases, however, a formal lawsuit might be the only way to effectively resolve a family law dispute. In addition to offering mediation services, Polly A. Tatum also represents clients as their attorney in contested divorces and guardianship disputes. She is highly skilled in family law, prepared to advocate in her clients' best interests or act as a neutral third party.", "external_links": ["http://www.mediationadvantage.com/"], "published": "2015-07-09T03:00:00.000+03:00", "crawled": "2015-07-11T02:55:51.000+03:00", "highlightTitle": ""}