{"organizations": ["Reuters"], "uuid": "70874c3ecb3ed80cf41d5fd5c49f1e63c63d88fc", "thread": {"social": {"gplus": {"shares": 0}, "pinterest": {"shares": 0}, "vk": {"shares": 0}, "linkedin": {"shares": 0}, "facebook": {"likes": 0, "shares": 0, "comments": 0}, "stumbledupon": {"shares": 0}}, "site_full": "finance.yahoo.com", "main_image": "http://l1.yimg.com/bt/api/res/1.2/WT6xZd0X1awhtmLqFS7HJw--/YXBwaWQ9eW5ld3M7cT03NTt3PTYwMA--/http://media.zenfs.com/en-US/homerun/cnbc.com/feb485026d9595ca7c1b18c4355ebcf5.cf.png", "site_section": "http://finance.yahoo.com/rss/topstories", "section_title": "Yahoo! Finance: Top Stories", "url": "http://finance.yahoo.com/news/dow-jumps-triple-digits-street-140823928.html?l=1", "country": "GB", "title": "Dow jumps triple digits as Street cheers Greece, China", "performance_score": 0, "site": "yahoo.com", "participants_count": 0, "title_full": "Dow jumps triple digits as Street cheers Greece, China", "spam_score": 0.0, "site_type": "news", "published": "2015-07-10T17:30:00.000+03:00", "replies_count": 0, "uuid": "70874c3ecb3ed80cf41d5fd5c49f1e63c63d88fc"}, "author": "", "url": "http://finance.yahoo.com/news/dow-jumps-triple-digits-street-140823928.html?l=1", "ord_in_thread": 0, "title": "Dow jumps triple digits as Street cheers Greece, China", "locations": ["U.S.", "Greece", "China"], "entities": {"persons": [], "locations": [], "organizations": []}, "highlightText": "", "language": "english", "persons": ["Evelyn Cheng", "Lucas Jackson"], "text": "Dow jumps triple digits as Street cheers Greece, China By Evelyn Cheng 9 minutes ago  . View photo Lucas Jackson | Reuters. U.S. stocks surged as a second day of recovery in Chinese stocks and hopes of a resolution in Greece boosted investor sentiment. \nU.S. stocks surged on Friday as a second day of recovery in Chinese stocks and hopes of a resolution in Greece boosted investor sentiment. ( Tweet This ) \nThe Dow Jones industrial average attempted gains for the week, trading about 160 points higher. \nThe index jumped more than 200 points in the open as the major averages leaped nearly 1 percent or more. The Dow transports also gained more than 1.5 percent led by airlines. \n\"This has been a week where everyone worried about China and Greece and as we go into the weekend those big financial headwinds are less scary,\" said David Kelly, chief global strategist at JPMorgan Funds. \"There's clearly more optimism that a a Greece deal (is reached).\" \nGreece submitted new reform proposals late Thursday that creditors could evaluate as early as Friday . The parliament in Athens is also scheduled to vote on the proposals later in the day. \nChinese stocks extended gains on Friday , jumping for a second day following government intervention amid hopes of a Greece deal. \nTraders will also listen to Fed Chair Janet Yellen's midday speech for signals on when the central bank might raise rates, especially given the recent developments in Greece and China. \nAnalysts said the bond market will likely react the most to Yellen's comments. \nYields were already higher in morning trade amid some relief on overseas pressures. The U.S. 10-year note yield was near 2.39 percent and the 2-year yield at 0.63 percent. German 10-year bund yields leaped to 0.88 percent. \nThe U.S. dollar fell more than 1 percent, with the euro approaching $1.12. \n\"The likelihood of a Grexit has dramatically diminished,\" said Doug Cote, chief market strategist at Voya Investment Management. \"Despite the volatility, despite the noise from Greece we're having good fundamental data coming out in (U.S.) housing. ... The fundamentals continue to drive this market forward.\" \nIn economic reports, U.S. wholesale trade inventories for May jumped 0.8 percent, soundly topping estimates for the fastest pace of growth in six months. April's figure was unchanged, showing a 0.4 percent gain. \nThere are no major earnings due on Friday. \nStocks rallied sharply in the open Thursday but gave back the majority of their gains to close mildly higher as lack of resolution on Greece kept investors on edge. \nThe Dow Jones Industrial Average (Dow Jones Global Indexes: .DJI) traded up 195 points, or 1.10 percent, at 17,741, with Verizon ( VZ ) leading all blue chips higher. \nThe S&P 500 ( ^GSPC ) traded up 22 points, or 1.07 percent, at 2,073, with telecommunications leading all sectors higher. \nThe Nasdaq ( ^IXIC ) traded up 57 points, or 1.15 percent, at 4,979. \nThe CBOE Volatility Index (VIX) ( ^VIX ) , widely considered the best gauge of fear in the market, traded just below 18. \nAbout six stocks advanced for every decliner on the New York Stock Exchange, with an exchange volume of 122 million and a composite volume of 443 million as of 10:06 a.m. \nCrude oil futures for August delivery fell 12 cents to $52.66 a barrel on the New York Mercantile Exchange. Gold futures fell 10 cents to $1,159.10 an ounce in morning trade. \nRead More Early movers: BUD, COTY, GPS, CUDA, IHG, WBA & more \nGap ( GPS ) reported a 1 percent drop in June same-store sales, more than the Thomson Reuters estimate for a 0.5 percent decline. \nBarracuda Networks ( CUDA ) beat estimates by 1 cent with adjusted quarterly profit of 9 cents per share, with revenue also above estimates. However, gross billings-a sign of future demand-were well below Street forecasts. \n- CNBC's Peter Schacknow contributed to this report. \nOn tap this week:", "external_links": [], "published": "2015-07-10T17:30:00.000+03:00", "crawled": "2015-07-10T17:38:07.000+03:00", "highlightTitle": ""}