{"organizations": [], "uuid": "966fcea3f36d9248f9560b3890b023af412f3c13", "thread": {"social": {"gplus": {"shares": 0}, "pinterest": {"shares": 0}, "vk": {"shares": 0}, "linkedin": {"shares": 0}, "facebook": {"likes": 0, "shares": 0, "comments": 0}, "stumbledupon": {"shares": 0}}, "site_full": "www.afr.com", "main_image": "http://www.afr.com/content/dam/images/g/i/5/v/h/6/image.related.afrArticleLead.620x365.ghzfnx.png/1436470937751.jpg", "site_section": "http://www.afr.com/", "section_title": "Financial Review - Business, Finance and Investment News | afr.com", "url": "http://www.afr.com/real-estate/executive-property-country-estate-near-hobart-beckons-20150708-ghzfnx", "country": "AU", "title": "Executive property: $2.85m to live the high life", "performance_score": 0, "site": "afr.com", "participants_count": 1, "title_full": "Executive property: $2.85m to live the high life | afr.com", "spam_score": 0.0, "site_type": "news", "published": "2015-07-08T22:15:00.000+03:00", "replies_count": 0, "uuid": "966fcea3f36d9248f9560b3890b023af412f3c13"}, "author": "Post to Linkedin", "url": "http://www.afr.com/real-estate/executive-property-country-estate-near-hobart-beckons-20150708-ghzfnx", "ord_in_thread": 0, "title": "Executive property: $2.85m to live the high life", "locations": [], "entities": {"persons": [], "locations": [], "organizations": []}, "highlightText": "", "language": "english", "persons": [], "text": "The view from the pool deck of this Koonyum Range property, 25 minutes from Byron Bay and on the market for $2.85 million. ", "external_links": ["http://s3-ap-southeast-2.amazonaws.com/sasha-project/afr-prod/2015/07jul/ep_jul10_hype/index.html", "https://sasha-project.s3.amazonaws.com/afr-prod/archive/responsiveJSV2/pym.min.js"], "published": "2015-07-08T22:15:00.000+03:00", "crawled": "2015-07-10T06:02:55.000+03:00", "highlightTitle": ""}