{"organizations": [], "uuid": "2477bcca393f0e23ca88a9389f96a609e9d0a95c", "thread": {"social": {"gplus": {"shares": 0}, "pinterest": {"shares": 0}, "vk": {"shares": 0}, "linkedin": {"shares": 0}, "facebook": {"likes": 0, "shares": 0, "comments": 0}, "stumbledupon": {"shares": 0}}, "site_full": "uk.finance.yahoo.com", "main_image": "https://s.yimg.com/bt/api/res/1.2/6rik6AZwuPGCiADf_9dhPQ--/YXBwaWQ9eW5ld3M7cT03NTt3PTYwMA--/http://l.yimg.com/os/mit/media/m/social/images/social_default_logo-1481777.png", "site_section": "https://uk.finance.yahoo.com/news/sector-chemicals/?format=rss", "section_title": "Chemicals News - Yahoo! Finance UK", "url": "https://uk.finance.yahoo.com/news/greece-three-four-months-medicine-174311083.html", "country": "US", "title": "Greece has three to four months of medicine supplies, industry says", "performance_score": 0, "site": "yahoo.com", "participants_count": 0, "title_full": "Greece has three to four months of medicine supplies, industry says", "spam_score": 0.0, "site_type": "news", "published": "2015-07-06T20:43:00.000+03:00", "replies_count": 0, "uuid": "2477bcca393f0e23ca88a9389f96a609e9d0a95c"}, "author": "", "url": "https://uk.finance.yahoo.com/news/greece-three-four-months-medicine-174311083.html", "ord_in_thread": 0, "title": "Greece has three to four months of medicine supplies, industry says", "locations": ["Greece"], "entities": {"persons": [], "locations": [], "organizations": []}, "highlightText": "", "language": "english", "persons": [], "text": "Tip : Use comma (,) to separate multiple quotes. Learn more... \nTue, Jul 7, 2015, 01:58 BST - UK Markets open in 6 hrs 2 mins Greece has three to four months of medicine supplies, industry says Reuters - UK Focus – 7 hours ago \n(Updates drug stocks situation, adds comment from companies) \nBy Ben Hirschler \nLONDON, July 6 (Reuters) - Greece has enough medicine to last three to four months and drugmakers said on Monday that they would continue supplying the country for now, despite increased financial uncertainty after Greeks rejected austerity terms of a bailout. \nThe pharmaceuticals industry is owed more than 1.1 billion euros ($1.2 billion) by Greek hospitals and the state-run health insurer for unpaid bills since December but has promised to keep supply lines open on humanitarian grounds. \nThe European Federation of Pharmaceutical Industries and Associations (Efpia), representing 40 drug companies, said it stood by a commitment made last week to ensure supplies continued for the coming weeks. \nImports of life-saving medicines -- along with fuel -- top the list of products at risk as Greece struggles with bank closures and the threat of an exit from the euro zone. Nearly all Greek medicine is imported. \n\"We have supplies for three to four months in the country and we remain committed to supply Greek patients,\" Efpia Director-General Richard Bergstrom said after an assessment of the latest situation. \nEfpia warned last week, however, that shortages could still emerge, given the fragmented nature of the Greek supply chain, adding that this could be exacerbated if drugs were re-exported. \nPfizer (NYSE: PFE - news ) said that current recorded stock levels in Greece should ensure that patients do not suffer any interruption in supply to its medicines in the short term. \nSanofi (NasdaqGM: GCVRZ - news ) , Bayer (Milan: BAY.MI - news ) , Merck (Other OTC: MKGAF - news ) and Boehringer Ingelheim said they were continuing to supply Greek patients. A spokeswoman for AstraZeneca (NYSE: AZN - news ) said it was preparing contingency plans but operations remain normal for now. \n\"At present, there is no impact on our supply chain as, while the banks are closed, bank transfers to and within Greece are still possible,\" she said. \nRoche also said that both its medicines and diagnostics were available to patients. \n\"Roche is working to understand the full implications of yesterday's referendum decision and will both review and take steps to revise its operating plans as needed,\" the company said. \n(Additional reporting by Paul Arnold, Andreas Kroener and Patricia Weiss; Editing by Susan Fenton and David Goodman)", "external_links": [], "published": "2015-07-06T20:43:00.000+03:00", "crawled": "2015-07-07T03:58:21.000+03:00", "highlightTitle": ""}