{"organizations": [], "uuid": "5d5a0fc98229b66178c53701bbb4e72a242463e3", "thread": {"social": {"gplus": {"shares": 0}, "pinterest": {"shares": 0}, "vk": {"shares": 0}, "linkedin": {"shares": 0}, "facebook": {"likes": 0, "shares": 0, "comments": 0}, "stumbledupon": {"shares": 0}}, "site_full": "uk.finance.yahoo.com", "main_image": "https://s.yimg.com/bt/api/res/1.2/6rik6AZwuPGCiADf_9dhPQ--/YXBwaWQ9eW5ld3M7cT03NTt3PTYwMA--/http://l.yimg.com/os/mit/media/m/social/images/social_default_logo-1481777.png", "site_section": "https://uk.finance.yahoo.com/news/sector-oil-gas/?format=rss", "section_title": "Oil News | Gas News - Yahoo! Finance UK", "url": "https://uk.finance.yahoo.com/news/low-oil-price-domino-effect-103429868.html", "country": "US", "title": "Low oil price domino effect to shut more North Sea fields early", "performance_score": 0, "site": "yahoo.com", "participants_count": 0, "title_full": "Low oil price domino effect to shut more North Sea fields early", "spam_score": 0.0, "site_type": "news", "published": "2015-07-14T14:00:00.000+03:00", "replies_count": 0, "uuid": "5d5a0fc98229b66178c53701bbb4e72a242463e3"}, "author": "", "url": "https://uk.finance.yahoo.com/news/low-oil-price-domino-effect-103429868.html", "ord_in_thread": 0, "title": "Low oil price domino effect to shut more North Sea fields early", "locations": ["North Sea"], "entities": {"persons": [], "locations": [], "organizations": []}, "highlightText": "", "language": "english", "persons": [], "text": "Tip : Use comma (,) to separate multiple quotes. Learn more... \nTue, Jul 14, 2015, 12:15 BST - UK Markets close in 4 hrs 15 mins Low oil price domino effect to shut more North Sea fields early Reuters - UK Focus – 15 minutes ago Tax cuts, pensions, childcare, online accounts and beer duty, here's … Related Stock Articles Follow the quotes you care about most. Access timely news and investment updates to stay on top of the market. … More » Yahoo UK & Ireland Finance Terms \nQuotes are real-time for NASDAQ, NYSE, and NYSEAmex when available. See also delay times for other exchanges . Quotes and other information supplied by independent providers identified on the Yahoo! Finance partner page . Quotes are updated automatically, but will be turned off after 25 minutes of inactivity. Quotes are delayed at least 15 minutes. All information provided \"as is\" for informational purposes only, not intended for trading purposes or advice. Neither Yahoo! nor any of independent providers is liable for any informational errors, incompleteness, or delays, or for any actions taken in reliance on information contained herein. By accessing the Yahoo! site, you agree not to redistribute the information found therein. \nFundamental company data provided by Capital IQ . Historical chart data and daily updates provided by Commodity Systems, Inc. (CSI) . International historical chart data and daily updates provided by Morningstar, Inc . Yahoo! - News Network", "external_links": [], "published": "2015-07-14T14:00:00.000+03:00", "crawled": "2015-07-14T14:16:42.000+03:00", "highlightTitle": ""}