{"organizations": [], "uuid": "d761a130877430f2c5db387c27c88269dc049457", "thread": {"social": {"gplus": {"shares": 0}, "pinterest": {"shares": 0}, "vk": {"shares": 0}, "linkedin": {"shares": 0}, "facebook": {"likes": 0, "shares": 0, "comments": 0}, "stumbledupon": {"shares": 0}}, "site_full": "www.bloomberg.com", "main_image": "null", "site_section": "http://www.bloomberg.com/personal-finance", "section_title": "Personal-finance - Bloomberg Business", "url": "http://www.bloomberg.com/news/articles/2015-07-08/pboc-says-it-will-give-ample-liquidity-to-aid-china-stock-market", "country": "US", "title": "PBOC Says it Will Give Ample Liquidity to Aid China Stock Market", "performance_score": 0, "site": "bloomberg.com", "participants_count": 1, "title_full": "PBOC Says it Will Give Ample Liquidity to Aid China Stock Market - Bloomberg Business", "spam_score": 0.0, "site_type": "news", "published": "2015-07-08T09:44:00.000+03:00", "replies_count": 0, "uuid": "d761a130877430f2c5db387c27c88269dc049457"}, "author": "Bloomberg.com", "url": "http://www.bloomberg.com/news/articles/2015-07-08/pboc-says-it-will-give-ample-liquidity-to-aid-china-stock-market", "ord_in_thread": 0, "title": "PBOC Says it Will Give Ample Liquidity to Aid China Stock Market", "locations": [], "entities": {"persons": [], "locations": [], "organizations": []}, "highlightText": "", "language": "english", "persons": [], "text": "China’s central bank will provide “ample liquidity” to the nation’s stock market, it said in a statement on its website Wednesday.\nThe People’s Bank of China said it will provide liquidity to the China Securities Finance Corp. and will prevent “systemic” risks.\nThe Shanghai Composite Index opened today by falling as much as 8.2 percent.", "external_links": [], "published": "2015-07-08T09:44:00.000+03:00", "crawled": "2015-07-08T05:10:32.000+03:00", "highlightTitle": ""}