{"organizations": [], "uuid": "806a25762d7a0eb68e150dd920c71895ab1a2ecb", "thread": {"social": {"gplus": {"shares": 0}, "pinterest": {"shares": 0}, "vk": {"shares": 0}, "linkedin": {"shares": 0}, "facebook": {"likes": 0, "shares": 0, "comments": 0}, "stumbledupon": {"shares": 0}}, "site_full": "uk.finance.yahoo.com", "main_image": "https://s1.yimg.com/bt/api/res/1.2/81TeLC6PqXUlPuvn6rjH_A--/YXBwaWQ9eW5ld3M7aWw9cGxhbmU7cT03NTt3PTYwMA--/http://globalfinance.zenfs.com/images/UK_AFTP_AFP_LIVE_1/57758b8b7a4d254af5bcd4a9c726b2da8e8274b5_original.jpg", "site_section": "https://uk.finance.yahoo.com/news/sector-technology/?format=rss", "section_title": "Technology News - Yahoo! Finance UK", "url": "https://uk.finance.yahoo.com/news/us-stocks-down-0-6-142734701.html", "country": "GB", "title": "US stocks down about 0.6% after Greek vote", "performance_score": 0, "site": "yahoo.com", "participants_count": 0, "title_full": "US stocks down about 0.6% after Greek vote", "spam_score": 0.0, "site_type": "news", "published": "2015-07-06T17:27:00.000+03:00", "replies_count": 0, "uuid": "806a25762d7a0eb68e150dd920c71895ab1a2ecb"}, "author": "", "url": "https://uk.finance.yahoo.com/news/us-stocks-down-0-6-142734701.html", "ord_in_thread": 0, "title": "US stocks down about 0.6% after Greek vote", "locations": ["US"], "entities": {"persons": [], "locations": [], "organizations": []}, "highlightText": "", "language": "english", "persons": [], "text": "Tip : Use comma (,) to separate multiple quotes. Learn more... \nMon, Jul 6, 2015, 15:54 BST - UK Markets close in 36 mins. US stocks down about 0.6% after Greek vote AFP – 26 minutes ago View Photo \n\nUS stocks fell in early trade Monday after Greek voters rejected a creditor austerity package, throwing Greece and the eurozone into turmoil. \nAbout 40 minutes into trade, the Dow Jones Industrial Average stood at 17,647.80, down 82.31 points (0.46 percent). \nThe broad-based S&P 500 fell 9.00 (0.43 percent) to 2,067.78, while the tech-rich Nasdaq Composite Index dropped 18.87 (0.38 percent) to 4,990.34. \nEarlier, European bourses fell after 61 percent of Greeks voters opted against accepting further austerity measures to unlock key bailout funds. \nThe vote raised immediate worries about a cash crunch in Greece and the debt-wracked country's ability to stay in the eurozone. \n\"Statements from European officials about doing 'whatever is necessary' and actions to provide yet more liquidity as necessary may help, but the problems are real. Very real,\" said a note from Briefing.com. \n\"There is also now a serious risk that Spain and other countries will experience popular discontent towards austerity measures, spurred on by the undeniable resentment and anger represented in the Greek vote.\" \nMost Asian markets finished lower after the Greek vote. Shanghai gained 2.41 percent as officials unveiled measures to shore up liquidity in Chinese markets. \nHealth insurer Humana (NYSE: HUM - news ) gained 2.7 percent after unveiling a $37 billion deal to be acquired by rival Aetna (NYSE: AET - news ) . Aetna fell 4.6 percent. \nAnthem (NYSE: ANTM - news ) and Cigna (NYSE: CI - news ) , two other health insurers that have been seen as possible merger partners, both fell. Anthem lost 1.8 percent, while Cigna fell 1.4 percent. \nWeight Watchers surged 16.6 percent following a report in the New York Post that an activist hedge fund may lead a consortium of companies to buy out the weight-loss service. \nTech giants Intel (Swiss: INTC.SW - news ) and Cisco Systems (Xetra: 878841 - news ) fell 0.9 percent and 1.0 percent. Apple (NasdaqGS: AAPL - news ) shed 0.7 percent. \nLarge banks were also weak, including Bank of America (-1.0 percent), Citigroup (-1.1 percent) and Wells Fargo (-0.9 percent). \nBond prices rose. The yield on the 10-year US Treasury fell to 2.31 percent from 2.38 percent Thursday, while the 30-year dropped to 3.11 percent from 3.19 percent. Bond prices and yields move inversely.", "external_links": [], "published": "2015-07-06T17:27:00.000+03:00", "crawled": "2015-07-06T18:06:12.000+03:00", "highlightTitle": ""}