{"organizations": [], "uuid": "3438508f8299fafdbe27dc7971355ed68c2fe175", "thread": {"social": {"gplus": {"shares": 0}, "pinterest": {"shares": 0}, "vk": {"shares": 0}, "linkedin": {"shares": 0}, "facebook": {"likes": 0, "shares": 0, "comments": 0}, "stumbledupon": {"shares": 0}}, "site_full": "www.financialexpress.com", "main_image": "", "site_section": "http://www.financialexpress.com/", "section_title": "The Financial Express | India News Today,Latest National News,Stock Market Today,SENSEX NIFTY,NSE BSE India,Finance News,Business News", "url": "http://www.financialexpress.com/article/miscellaneous/gurdaspur-terror-attack-badal-meets-baljeet-singhs-family-extends-condolences/109850", "country": "IE", "title": "Gurdaspur terror attack: Badal meets Baljeet Singh’s family, extends condolences", "performance_score": 0, "site": "financialexpress.com", "participants_count": 1, "title_full": "Gurdaspur terror attack: Badal meets Baljeet Singh’s family, extends condolences | The Financial Express", "spam_score": 0.0, "site_type": "news", "published": "2015-07-29T18:26:00.000+03:00", "replies_count": 0, "uuid": "3438508f8299fafdbe27dc7971355ed68c2fe175"}, "author": "financialexpress.com", "url": "http://www.financialexpress.com/article/miscellaneous/gurdaspur-terror-attack-badal-meets-baljeet-singhs-family-extends-condolences/109850", "ord_in_thread": 0, "title": "Gurdaspur terror attack: Badal meets Baljeet Singh’s family, extends condolences", "locations": [], "entities": {"persons": [], "locations": [], "organizations": []}, "highlightText": "", "language": "english", "persons": [], "text": "Other Articles Bobby Jindal ranked 13th in Republican presidential race Yakub Memon execution: Security of SC judges who dismissed plea raised HRW asks India to abolish death penalty after Yakub Memon's hanging Punjab Chief Minister Parkash Singh Badal on Wednesday paid his last respects to late Superintendent of Police Baljeet Singh, who lost his life in the Gurdaspur terror attack.\n“Baljeet Singh is a martyr of the nation and Punjab. The entire state salutes him for the courage and valour he has shown,” said Badal.\nBadal reached Punjab’s Kapurthala district earlier today to meet Singh’s family members.\nSingh’s family had earlier refused to cremate him till the state government handed over appointment letters of SP rank to his son and post of tehsildar to his daughters.\nThe Ministry of Home Affairs had earlier said that the terrorists involved in the Gurdaspur terror attack, which has claimed the lives of several civilians and police personnel, are linked to terror outfit Lashkar-e-Taiba.\n 29, 2015 10:26 am", "external_links": [], "published": "2015-07-29T18:26:00.000+03:00", "crawled": "2015-07-31T08:25:57.090+03:00", "highlightTitle": ""}