{"organizations": [], "uuid": "0a42f946003ce823cb1b89149b5fc8a75498f533", "thread": {"social": {"gplus": {"shares": 0}, "pinterest": {"shares": 0}, "vk": {"shares": 0}, "linkedin": {"shares": 0}, "facebook": {"likes": 0, "shares": 0, "comments": 0}, "stumbledupon": {"shares": 0}}, "site_full": "www.moneylife.in", "main_image": "http://moneylife.in/site/userimage/image/thumbnail/stockmarket015715.jpg", "site_section": "http://www.moneylife.in/site/rss.php", "section_title": "Moneylife Personal Finance Magazine", "url": "http://www.moneylife.in/article/bse-cracks-down-on-530-companies-without-a-woman-director/42786.html", "country": "IN", "title": "BSE cracks down on 530 companies without a woman director", "performance_score": 0, "site": "moneylife.in", "participants_count": 1, "title_full": "BSE cracks down on 530 companies without a woman director", "spam_score": 0.0, "site_type": "news", "published": "2015-07-15T16:15:00.000+03:00", "replies_count": 0, "uuid": "0a42f946003ce823cb1b89149b5fc8a75498f533"}, "author": "IANS", "url": "http://www.moneylife.in/article/bse-cracks-down-on-530-companies-without-a-woman-director/42786.html", "ord_in_thread": 0, "title": "BSE cracks down on 530 companies without a woman director", "locations": [], "entities": {"persons": [], "locations": [], "organizations": []}, "highlightText": "", "language": "english", "persons": [], "text": "Moneylife » BSE cracks down on 530 companies without a woman director 42786 BSE cracks down on 530 companies without a woman director 0 Comments, Be the first to comment + COMMENT IANS | 15/07/2015 06:45 PM | Stock exchange BSE has cracked the whip on 530 companies that have not appointed a woman director, asking them to pay up the fine for non-compliance, said an official. \"We have sent notices to 530 listed companies out of 4,262 companies that are eligible for trading. The total number of companies that are listed in BSE are 5,712 and out of them 1,450 have been suspended,\" the official, who didn't want to be named, told IANS over phone from Mumbai. According to him, the BSE till date has issued advisory letters to 530 companies regarding levy of fines for non-appointment of women directors. Markets regulator Securities and Exchange Board of India (SEBI) had stipulated listed companies should have at least one woman representative on their board. Several of the companied met the SEBI deadline of March 30 by finding suitable persons and some by appointing close relatives of promoters. However, industry watchers said the BSE action will not be very effective. \"The penalty amount is very low and is not a deterrant for non-compliance,\" Prime Database managing director Pranav Haldea told IANS over phone from New Delhi. According to SEBI, listed companies that comply with the norm between April 1-June 30 would be levied a fine of Rs.50,000. For companies that comply with the stipulation between July 1-September 30, the fine will be a total of Rs.50,000 plus Rs.1,000 per day from July 1 till the date of compliance. For listed companies that appoint women directors on or after October 1, the fine is Rs.142,000 plus Rs.5,000 per day from October 2015 till the date of compliance. For any non-compliance beyond September 30, SEBI may take any other action, against the non-compliant entities, their promoters and/or directors or issue such directions in accordance with law, as considered appropriate. More in Moneylife", "external_links": [], "published": "2015-07-15T16:15:00.000+03:00", "crawled": "2015-07-15T17:00:01.000+03:00", "highlightTitle": ""}