{"organizations": [], "uuid": "3f27c785332566ca97d5b5d21a473d1cfab72ea0", "thread": {"social": {"gplus": {"shares": 0}, "pinterest": {"shares": 0}, "vk": {"shares": 0}, "linkedin": {"shares": 0}, "facebook": {"likes": 0, "shares": 0, "comments": 0}, "stumbledupon": {"shares": 0}}, "site_full": "www.reuters.com", "main_image": "", "site_section": "http://www.reuters.com/finance/personal-finance", "section_title": "Wealth, Personal Finance &amp; Money | Reuters.com", "url": "http://www.reuters.com/article/2015/07/28/chevron-workers-layoffs-idUSL1N10837X20150728", "country": "US", "title": "Chevron to lay off 1,500 workers amidst oil price slump", "performance_score": 0, "site": "reuters.com", "participants_count": 1, "title_full": "Chevron to lay off 1,500 workers amidst oil price slump | Reuters", "spam_score": 0.0, "site_type": "news", "published": "2015-07-29T02:20:00.000+03:00", "replies_count": 0, "uuid": "3f27c785332566ca97d5b5d21a473d1cfab72ea0"}, "author": "Reuters", "url": "http://www.reuters.com/article/2015/07/28/chevron-workers-layoffs-idUSL1N10837X20150728", "ord_in_thread": 0, "title": "Chevron to lay off 1,500 workers amidst oil price slump", "locations": [], "entities": {"persons": [], "locations": [], "organizations": []}, "highlightText": "", "language": "english", "persons": [], "text": "July 28 Chevron Corp, the second-largest U.S. oil company, said on Tuesday it would lay off 1,500 employees, about 2 percent of its global work force, as it trims costs to offset declining crude prices.\nNearly all of the layoffs will be in Texas, where the company has expanded in recent years to develop land in the Permian shale formation, and California, where Chevron is headquartered.\nFifty international employees will be laid off and roughly 600 contractor positions will be canceled, the company said in a statement.\nOf the 1,500 jobs being eliminated, 270 are currently empty and will not be filled, Chevron said.\nChevron had previously labeled the Permian as one of its premium assets.\nOil prices have plunged by about 55 percent in the past year due to oversupply concerns both in the United States and internationally.\n\"In light of the current market environment, Chevron is taking action to reduce internal costs in multiple operating units and the corporate center,\" Chevron spokeswoman Melissa Ritchie said in a statement.\nShares of Chevron rose 3.6 percent to close Tuesday at $92.40. The stock has lost 17 percent of its value so far this year. (Reporting by Ernest Scheyder ; Editing by Tom Brown )", "external_links": [], "published": "2015-07-29T02:20:00.000+03:00", "crawled": "2015-07-29T01:29:06.509+03:00", "highlightTitle": ""}