{"organizations": [], "uuid": "8267f5920d86a721870eb8b1d3d3796c7efd4054", "thread": {"social": {"gplus": {"shares": 0}, "pinterest": {"shares": 0}, "vk": {"shares": 0}, "linkedin": {"shares": 0}, "facebook": {"likes": 0, "shares": 0, "comments": 0}, "stumbledupon": {"shares": 0}}, "site_full": "www.financialexpress.com", "main_image": "http://www.financialexpress.com/wp-content/uploads/2015/07/isre-S.jpg", "site_section": "http://www.financialexpress.com/", "section_title": "The Financial Express | India News Today,Latest National News,Stock Market Today,SENSEX NIFTY,NSE BSE India,Finance News,Business News", "url": "http://www.financialexpress.com/article/lifestyle/science/isro-to-launch-gslv-mark-ii-next-month/99056", "country": "IE", "title": "ISRO to launch GSLV-Mark II next month", "performance_score": 0, "site": "financialexpress.com", "participants_count": 1, "title_full": "ISRO to launch GSLV-Mark II next month | The Financial Express", "spam_score": 0.0, "site_type": "news", "published": "2015-07-11T17:05:00.000+03:00", "replies_count": 0, "uuid": "8267f5920d86a721870eb8b1d3d3796c7efd4054"}, "author": "financialexpress.com", "url": "http://www.financialexpress.com/article/lifestyle/science/isro-to-launch-gslv-mark-ii-next-month/99056", "ord_in_thread": 0, "title": "ISRO to launch GSLV-Mark II next month", "locations": [], "entities": {"persons": [], "locations": [], "organizations": []}, "highlightText": "", "language": "english", "persons": [], "text": "Following the successful launch of five British satellites, the Indian Space Research Organisation ISRO has planned to launch GSLV-Mark II next month and three more navigational satellites before March 2016.\nAccording to reports, GSLV-Mark-II has already reached Sriharikota and is going through final tests.\nWith Friday’s launch, ISRO has completed 120 mission and 74 satellite launches including 45 commercial launches.\n 11, 2015 9:05 am", "external_links": [], "published": "2015-07-11T17:05:00.000+03:00", "crawled": "2015-07-12T04:24:19.000+03:00", "highlightTitle": ""}