{"organizations": [], "uuid": "63063830c445a57469d245011d9c07fc687e9119", "thread": {"social": {"gplus": {"shares": 0}, "pinterest": {"shares": 0}, "vk": {"shares": 0}, "linkedin": {"shares": 0}, "facebook": {"likes": 0, "shares": 0, "comments": 0}, "stumbledupon": {"shares": 0}}, "site_full": "www.abc.net.au", "main_image": "", "site_section": "http://abc.net.au/rn/podcast/feeds/bbf.xml", "section_title": "RN Breakfast - Business & Finance", "url": "http://www.abc.net.au/radionational/programs/breakfast/finance-update-with-simon-frazer/6641618", "country": "AU", "title": "Finance update with Simon Frazer", "performance_score": 0, "site": "abc.net.au", "participants_count": 1, "title_full": "Finance update with Simon Frazer", "spam_score": 0.0, "site_type": "news", "published": "2015-07-22T23:59:00.000+03:00", "replies_count": 0, "uuid": "63063830c445a57469d245011d9c07fc687e9119"}, "author": "ABC Radio National", "url": "http://www.abc.net.au/radionational/programs/breakfast/finance-update-with-simon-frazer/6641618", "ord_in_thread": 0, "title": "Finance update with Simon Frazer", "locations": [], "entities": {"persons": [], "locations": [], "organizations": []}, "highlightText": "", "language": "english", "persons": [], "text": "Thursday 23 July 2015 6:59AM (view full episode) \nThe latest finance news here and abroad with Simon Frazer.", "external_links": [], "published": "2015-07-22T23:59:00.000+03:00", "crawled": "2015-07-23T06:20:10.585+03:00", "highlightTitle": ""}