{"organizations": ["Centrica"], "uuid": "6293d94bd5deec1cee4df0abb6c1e3a33a260009", "thread": {"social": {"gplus": {"shares": 0}, "pinterest": {"shares": 0}, "vk": {"shares": 0}, "linkedin": {"shares": 0}, "facebook": {"likes": 0, "shares": 0, "comments": 0}, "stumbledupon": {"shares": 0}}, "site_full": "uk.finance.yahoo.com", "main_image": "https://s.yimg.com/bt/api/res/1.2/6rik6AZwuPGCiADf_9dhPQ--/YXBwaWQ9eW5ld3M7cT03NTt3PTYwMA--/http://l.yimg.com/os/mit/media/m/social/images/social_default_logo-1481777.png", "site_section": "https://uk.finance.yahoo.com/news/sector-basic-materials/?format=rss", "section_title": "Basic Resources News | Yahoo! Finance", "url": "https://uk.finance.yahoo.com/news/centrica-tops-ftse-fallers-unplanned-113700517.html", "country": "US", "title": "Centrica tops FTSE fallers on unplanned North Morecambe gas outage", "performance_score": 0, "site": "yahoo.com", "participants_count": 0, "title_full": "Centrica tops FTSE fallers on unplanned North Morecambe gas outage", "spam_score": 0.0, "site_type": "news", "published": "2015-07-21T14:37:00.000+03:00", "replies_count": 0, "uuid": "6293d94bd5deec1cee4df0abb6c1e3a33a260009"}, "author": "", "url": "https://uk.finance.yahoo.com/news/centrica-tops-ftse-fallers-unplanned-113700517.html", "ord_in_thread": 0, "title": "Centrica tops FTSE fallers on unplanned North Morecambe gas outage", "locations": ["North Morecambe"], "entities": {"persons": [], "locations": [], "organizations": []}, "highlightText": "", "language": "english", "persons": [], "text": "Tip : Use comma (,) to separate multiple quotes. Learn more... \nTue, Jul 21, 2015, 12:50 BST - UK Markets close in 3 hrs 40 mins Centrica tops FTSE fallers on unplanned North Morecambe gas outage By Michele Maatouk | Sharecast – 13 minutes ago 275.80 -7.2000 \nLONDON (ShareCast) - (ShareCast News) - Centrica (LSE: CNA.L - news ) was the biggest faller on the FTSE 100 after an unplanned outage cut its North Morecambe gas sub-terminal output to zero on Tuesday. Centrica, the owner of British Gas, said gas production was cut off due to an \"offshore issue\". \nFlows from the Barrow terminal, which includes the North Morecambe sub-terminal, were running at around 1m cubic metres per day compared with 5.2 mcm delivered on Monday. \nAt 11:27, Centrica shares were down 2% at 277.30p. Tax cuts, pensions, childcare, online accounts and beer duty, here's … Related Stock Articles Follow the quotes you care about most. Access timely news and investment updates to stay on top of the market. … More » Yahoo UK & Ireland Finance Terms \nQuotes are real-time for NASDAQ, NYSE, and NYSEAmex when available. See also delay times for other exchanges . Quotes and other information supplied by independent providers identified on the Yahoo! Finance partner page . Quotes are updated automatically, but will be turned off after 25 minutes of inactivity. Quotes are delayed at least 15 minutes. All information provided \"as is\" for informational purposes only, not intended for trading purposes or advice. Neither Yahoo! nor any of independent providers is liable for any informational errors, incompleteness, or delays, or for any actions taken in reliance on information contained herein. By accessing the Yahoo! site, you agree not to redistribute the information found therein. \nFundamental company data provided by Capital IQ . Historical chart data and daily updates provided by Commodity Systems, Inc. (CSI) . International historical chart data and daily updates provided by Morningstar, Inc . Yahoo! - News Network", "external_links": [], "published": "2015-07-21T14:37:00.000+03:00", "crawled": "2015-07-21T14:51:05.551+03:00", "highlightTitle": ""}