{"organizations": [], "uuid": "76a5686722d5d13009fa537b491f569b50a0373d", "thread": {"social": {"gplus": {"shares": 0}, "pinterest": {"shares": 0}, "vk": {"shares": 0}, "linkedin": {"shares": 0}, "facebook": {"likes": 0, "shares": 0, "comments": 0}, "stumbledupon": {"shares": 0}}, "site_full": "www.reuters.com", "main_image": "", "site_section": "http://www.reuters.com/finance/personal-finance", "section_title": "Wealth, Personal Finance &amp; Money | Reuters.com", "url": "http://www.reuters.com/article/2015/07/08/mexico-pemex-idUSL1N0ZO2FB20150708", "country": "US", "title": "Pemex to skip first phase of Mexico round one oil tender", "performance_score": 0, "site": "reuters.com", "participants_count": 1, "title_full": "Pemex to skip first phase of Mexico round one oil tender | Reuters", "spam_score": 0.0, "site_type": "news", "published": "2015-07-09T00:33:00.000+03:00", "replies_count": 0, "uuid": "76a5686722d5d13009fa537b491f569b50a0373d"}, "author": "Reuters", "url": "http://www.reuters.com/article/2015/07/08/mexico-pemex-idUSL1N0ZO2FB20150708", "ord_in_thread": 0, "title": "Pemex to skip first phase of Mexico round one oil tender", "locations": [], "entities": {"persons": [], "locations": [], "organizations": []}, "highlightText": "", "language": "english", "persons": [], "text": "MEXICO CITY, July 8 Mexican state oil giant Pemex will not participate in the first phase of the so-called round one tender of Mexico's historic enegy opening, Mexican energy minister Pedro Joaquin Coldwell said on Wednesday.\nThe initial tenders are part of an opening aimed at luring private investment into the flagging oil and gas sector.\n(Reporting by Ana Isabel Martinez)", "external_links": [], "published": "2015-07-09T00:33:00.000+03:00", "crawled": "2015-07-08T23:46:51.000+03:00", "highlightTitle": ""}