{"organizations": [], "uuid": "64e5de630619700b0b8c37e9f0784642f408524a", "thread": {"social": {"gplus": {"shares": 0}, "pinterest": {"shares": 0}, "vk": {"shares": 0}, "linkedin": {"shares": 0}, "facebook": {"likes": 0, "shares": 0, "comments": 0}, "stumbledupon": {"shares": 0}}, "site_full": "uk.finance.yahoo.com", "main_image": "https://s.yimg.com/bt/api/res/1.2/uRtMbhPgFpqtT8_j2IV4wA--/YXBwaWQ9eW5ld3M7aWw9cGxhbmU7cT03NTt3PTYwMA--/http://globalfinance.zenfs.com/images/UK_AHTTP_SKYNEWS_LIVE_1/ft-1-400x240_original.jpg", "site_section": "https://uk.finance.yahoo.com/news/sector-media/?format=rss", "section_title": "Media News | Media Industry News - Yahoo! Finance UK", "url": "https://uk.finance.yahoo.com/news/ft-reports-axel-springer-talks-133357158.html", "country": "GB", "title": "FT Reports Axel Springer In Talks To Be Owner", "performance_score": 0, "site": "yahoo.com", "participants_count": 0, "title_full": "FT Reports Axel Springer In Talks To Be Owner", "spam_score": 0.0, "site_type": "news", "published": "2015-07-23T16:34:00.000+03:00", "replies_count": 0, "uuid": "64e5de630619700b0b8c37e9f0784642f408524a"}, "author": "", "url": "https://uk.finance.yahoo.com/news/ft-reports-axel-springer-talks-133357158.html", "ord_in_thread": 0, "title": "FT Reports Axel Springer In Talks To Be Owner", "locations": [], "entities": {"persons": [], "locations": [], "organizations": []}, "highlightText": "", "language": "english", "persons": [], "text": "Tip : Use comma (,) to separate multiple quotes. Learn more... \nThu, Jul 23, 2015, 14:39 BST - UK Markets close in 1 hr 51 mins FT Reports Axel Springer In Talks To Be Owner By (c) Sky News 2015 | Sky News – 4 minutes 11 seconds ago View Photo \n\nThe owner of the Financial Times (FT) has confirmed it is in \"advanced\" discussions on its sale, with the newspaper reporting Axel Springer is the front-runner. \nPearson (Xetra: 858266 - news ) released a statement to the Stock Exchange moments after the Reuters news agency, citing a source close to the deal, reported that it was to sell the financial title to a \"global, digital news company\". \nThe statement said: \"Pearson notes recent press speculation and confirms that it is in advanced discussions regarding the potential disposal of FT Group although there is no certainty that the discussions will lead to a transaction.\" \nThe FT later reported that German publisher Axel Springer, the owner of Bild, was on course to agree a deal. \nPrevious reports from other news organisations have suggested a host of potential suitors, including Bloomberg, Thomson Reuters (Dusseldorf: TOC.DU - news ) and even Buzzfeed, which denied any interest. \nPearson is understood to be wanting to concentrate its interests on education services in emerging markets. \nIt also holds a significant stake in the publisher, Penguin Random House. \nPearson's share price leapt when confirmation of the sale talks came through. \nThe FT Group is expected to secure a value of up to £1bn.", "external_links": [], "published": "2015-07-23T16:34:00.000+03:00", "crawled": "2015-07-23T16:39:29.172+03:00", "highlightTitle": ""}