{"organizations": [], "uuid": "3390136167d190cabab1f5cdd89549c1e6d2e971", "thread": {"social": {"gplus": {"shares": 0}, "pinterest": {"shares": 0}, "vk": {"shares": 0}, "linkedin": {"shares": 0}, "facebook": {"likes": 0, "shares": 0, "comments": 0}, "stumbledupon": {"shares": 0}}, "site_full": "www.reuters.com", "main_image": "", "site_section": "http://www.reuters.com/finance/personal-finance", "section_title": "Wealth, Personal Finance &amp; Money | Reuters.com", "url": "http://www.reuters.com/article/2015/07/14/usa-rates-fedfunds-idUSL2N0ZU0OT20150714", "country": "US", "title": "U.S. fed funds rate at 0.13 pct for 9th day", "performance_score": 0, "site": "reuters.com", "participants_count": 1, "title_full": "U.S. fed funds rate at 0.13 pct for 9th day | Reuters", "spam_score": 0.0, "site_type": "news", "published": "2015-07-14T16:15:00.000+03:00", "replies_count": 0, "uuid": "3390136167d190cabab1f5cdd89549c1e6d2e971"}, "author": "Reuters", "url": "http://www.reuters.com/article/2015/07/14/usa-rates-fedfunds-idUSL2N0ZU0OT20150714", "ord_in_thread": 0, "title": "U.S. fed funds rate at 0.13 pct for 9th day", "locations": [], "entities": {"persons": [], "locations": [], "organizations": []}, "highlightText": "", "language": "english", "persons": [], "text": "NEW YORK, July 14 The U.S. federal funds rate , which banks charge each other to borrow excess reserves, averaged 0.13 percent for an ninth day on Monday, U.S. Federal Reserve data released Tuesday showed.\nThe fed funds rate, which the Fed targets to achieve its rate objective, traded for a fourth day in a range of 0.05 percent to 0.3125 percent. (Reporting by Richard Leong )", "external_links": [], "published": "2015-07-14T16:15:00.000+03:00", "crawled": "2015-07-14T15:17:20.000+03:00", "highlightTitle": ""}