{"organizations": [], "uuid": "fa8698f011367498b4ca052d165149645b78b05a", "thread": {"social": {"gplus": {"shares": 0}, "pinterest": {"shares": 0}, "vk": {"shares": 0}, "linkedin": {"shares": 0}, "facebook": {"likes": 0, "shares": 0, "comments": 0}, "stumbledupon": {"shares": 0}}, "site_full": "business-news.thestreet.com", "main_image": "", "site_section": "http://business-news.thestreet.com/minute-man-news-center/rss/627", "section_title": "Minute Man News Center : Personal Finance", "url": "http://business-news.thestreet.com/minute-man-news-center/story/red-flags-here%E2%80%99s-how-you%E2%80%99re-capsizing-job-interview/1", "country": "US", "title": "Red Flags: Here’s How You’re Capsizing That Job Interview", "performance_score": 0, "site": "thestreet.com", "participants_count": 0, "title_full": "Red Flags: Here’s How You’re Capsizing That Job Interview", "spam_score": 0.0, "site_type": "news", "published": "2015-07-15T00:31:00.000+03:00", "replies_count": 0, "uuid": "fa8698f011367498b4ca052d165149645b78b05a"}, "author": "", "url": "http://business-news.thestreet.com/minute-man-news-center/story/red-flags-here%E2%80%99s-how-you%E2%80%99re-capsizing-job-interview/1", "ord_in_thread": 0, "title": "Red Flags: Here’s How You’re Capsizing That Job Interview", "locations": [], "entities": {"persons": [], "locations": [], "organizations": []}, "highlightText": "", "language": "english", "persons": [], "text": "Why the 2015 U.S. Housing Market Is the Best One Since 2006 \nNEW YORK ( MainStreet ) -- There is apparently no shortage of ways that you can sabotage a job interview. Stu Coleman, a senior managing director at the Boston-based recruiting firm Winter Wyman, says the way you make an entrance into a job interview can lead you to lose a job offer - even before you sit down. \"I believe in getting jacked up for an interview,\" Coleman notes. \"But, walking in with a sweaty iced coffee, steamy hot coffee, energy drink or anything with foam on it is just disrespectful.\" To avoid failing the interview before it starts, don't bring anything into the interview at all in a bottle or cup, he says. \"The company will probably offer you some water, and that's O.K. to accept,\" he said. \"But, a word of advice, don't take their coffee. This is not your living room or the corner café; it's an interview.\" Another potential faux pas -- emphasizing your personal fashion style over a reasonable outfit at a job interview. \"Play it safe, and err on the conservative side,\" Coleman adds. \"While creative industries may be more open to a fashion statement, I've seen first-hand both men and women lose interviews at investment firms, because they decided to wear a bow tie with their suit that day.\" Checking your cell phone during an interview is another burgeoning, and job killing, interview no-no. \"Nothing says 'I would rather be somewhere else' more than casually glancing at your cell phone in the middle of a conversation with someone,\" says Matthew Randall, executive director of the Center for Professional Excellence at York College of Pennsylvania. \"Yes, many of us check our phones so many times during the day that it becomes habitual and we start to do it subconsciously. But instead of opening yourself up to the possibility of this interview killer, leave your cell phone in the car. This will eliminate a potential distraction and allow you to give your full attention to the interviewer.\" 1", "external_links": [], "published": "2015-07-15T00:31:00.000+03:00", "crawled": "2015-07-15T01:39:40.000+03:00", "highlightTitle": ""}