{"organizations": ["University of Illinois"], "uuid": "a0e04fb67fbb46ce342a6d7a801d5bd080248e4b", "thread": {"social": {"gplus": {"shares": 0}, "pinterest": {"shares": 0}, "vk": {"shares": 0}, "linkedin": {"shares": 0}, "facebook": {"likes": 0, "shares": 0, "comments": 0}, "stumbledupon": {"shares": 0}}, "site_full": "www.therepublic.com", "main_image": "http://d1bdhkmqqz901h.cloudfront.net/fit-in/1200x630/filters:fill(white)/cdn1.therepublic.com/tr_assets/images/TheRepublic-Icon-2048x2048.jpg", "site_section": "http://www.therepublic.com/feed/subject/56b2aea8857510048d19ff2260dd383e", "section_title": "Government business and finance News from TheRepublic.com", "url": "http://www.therepublic.com/view/story/94b7fa240bd04b8fa78620a5796ecaed/IL--U-of-Illinois-Salaries", "country": "US", "title": "UI president defers salary program pending state budget", "performance_score": 0, "site": "therepublic.com", "participants_count": 0, "title_full": "UI president defers salary program pending state budget", "spam_score": 0.0, "site_type": "news", "published": "2015-07-29T16:02:00.000+03:00", "replies_count": 0, "uuid": "a0e04fb67fbb46ce342a6d7a801d5bd080248e4b"}, "author": "", "url": "http://www.therepublic.com/view/story/94b7fa240bd04b8fa78620a5796ecaed/IL--U-of-Illinois-Salaries", "ord_in_thread": 0, "title": "UI president defers salary program pending state budget", "locations": [], "entities": {"persons": [], "locations": [], "organizations": []}, "highlightText": "", "language": "english", "persons": [], "text": "University of Illinois president defers salary program, pay raises until state budget settled \nTHE ASSOCIATED PRESS Published: 7/29/15 8:59 am EDT - Updated: 7/29/15 9:02 am EDT \nURBANA, Illinois — The University of Illinois is suspending its annual merit-based salary increase program until the state budget impasse is settled, Champaign-Urbana campus president Timothy Killeen said. \nUI usually announces the salary program in July for the coming academic year and the raises take effect in August. \n\"It is imprudent to determine a 2015-16 salary program without knowing the university's state appropriation, and we do not know how long the Statehouse budget impasse will last,\" Killeen wrote in an email sent Tuesday to employees, according to The (Champaign) News-Gazette ( http://bit.ly/1OOktQk ). \n\"Therefore, we are temporarily deferring consideration of a 2015-16 salary program until after the state budget is settled and we know exactly what has been promised as our appropriation,\" he wrote. \nKilleen said the school will revisit salaries once the state budget is resolved. Last year's raises averaged 2.5 percent and cost about $27.6 million. \nRepublican Gov. Bruce Rauner and Democratic leaders in the state Legislature haven't agreed on a budget for the fiscal year that started July 1. \nUI will honor raises that come from promotions or previously approved contracts, UI spokesman Tom Hardy said. The salary program deferral applies to workers regardless if they are paid with state money, school officials said. \nKilleen also said the school will go ahead with academic personnel appointments for the 2015-2016 years so trustees can approve them in September but those will be made at current salary levels. \nInformation from: The News-Gazette, http://www.news-gazette.com \n   ", "external_links": [], "published": "2015-07-29T16:02:00.000+03:00", "crawled": "2015-07-29T18:45:08.004+03:00", "highlightTitle": ""}