{"organizations": [], "uuid": "5a63bcad4c12fe8cbc055420a8c90e4bd9b64def", "thread": {"social": {"gplus": {"shares": 0}, "pinterest": {"shares": 0}, "vk": {"shares": 0}, "linkedin": {"shares": 0}, "facebook": {"likes": 0, "shares": 0, "comments": 0}, "stumbledupon": {"shares": 0}}, "site_full": "uk.finance.yahoo.com", "main_image": "https://s.yimg.com/bt/api/res/1.2/6rik6AZwuPGCiADf_9dhPQ--/YXBwaWQ9eW5ld3M7cT03NTt3PTYwMA--/http://l.yimg.com/os/mit/media/m/social/images/social_default_logo-1481777.png", "site_section": "https://uk.finance.yahoo.com/news/sector-oil-gas/?format=rss", "section_title": "Oil News | Gas News - Yahoo! Finance UK", "url": "https://uk.finance.yahoo.com/news/shell-banned-arctic-oil-drilling-235520965.html", "country": "US", "title": "Shell banned from Arctic oil drilling without emergency equipment", "performance_score": 0, "site": "yahoo.com", "participants_count": 0, "title_full": "Shell banned from Arctic oil drilling without emergency equipment", "spam_score": 0.0, "site_type": "news", "published": "2015-07-23T02:55:00.000+03:00", "replies_count": 0, "uuid": "5a63bcad4c12fe8cbc055420a8c90e4bd9b64def"}, "author": "", "url": "https://uk.finance.yahoo.com/news/shell-banned-arctic-oil-drilling-235520965.html", "ord_in_thread": 0, "title": "Shell banned from Arctic oil drilling without emergency equipment", "locations": [], "entities": {"persons": [], "locations": [], "organizations": []}, "highlightText": "", "language": "english", "persons": [], "text": "Tip : Use comma (,) to separate multiple quotes. Learn more... \nThu, Jul 23, 2015, 02:25 BST - UK Markets open in 5 hrs 35 mins Shell banned from Arctic oil drilling without emergency equipment By Reuters | Telegraph – 1 hour 30 minutes ago -48.00 \nIcebreaker that holds the required equipment has been sent for repairs, which could take weeks \nRoyal Dutch Shell has been granted two final permits to explore for crude in the Arctic this summer, but the US has banned the company from drilling for oil until emergency equipment arrives in the region. \nThe US Interior Department's Bureau of Safety and Environmental Enforcement (BSEE) conditionally granted Shell (LSE: RDSB.L - news ) permits for exploration in the Chukchi Sea off Alaska, in a season which sea ice limits from July until October. \nHowever, Shell must have emergency equipment to contain a potential blown-out well deployable within 24 hours before drilling into the oil zone, the BSEE said. \nShell discovered weeks ago that the Fennica icebreaker that holds the required equipment, called a capping stack, had a three-foot gash in it. \n\"Without the required well control system in place, Shell will not be allowed to drill into oil-bearing zones,\" BSEE director Brian Salemo said. \nShell sent the Fennica, which it is leasing, to Portland, Oregon, last week for repairs. Fixing the gash and sending it back could take weeks. \nEnvironmentalists have criticised Shell's drilling plans in the Arctic \nShell spokeswoman Kelly op de Weegh said the Fennica's \"stay in Portland will be determined by the time it takes to make a safe, permanent repair\". \nIt is likely the icebreaker will return to the Chukchi before the preliminary drilling reaches the oil zone, expected sometime in August. \n\"Once we have determined the area is clear of sea ice, support vessels are in place, and the Polar Pioneer (rig) is safely anchored over the well site, drilling will begin,\" Ms op de Weegh said. \nShell has spent about $7bn on Arctic exploration but has produced no oil nor gas. If it finds the region to be rich in economically recoverable oil, production would not begin for at least a decade. \nEnvironmentalists have criticised Shell's drilling plans in the Arctic, which is home to whales, walrus and polar bears .", "external_links": [], "published": "2015-07-23T02:55:00.000+03:00", "crawled": "2015-07-23T04:27:04.704+03:00", "highlightTitle": ""}