{"organizations": [], "uuid": "92c382949227c2725f125e6a5ee719d9820ecc51", "thread": {"social": {"gplus": {"shares": 0}, "pinterest": {"shares": 0}, "vk": {"shares": 0}, "linkedin": {"shares": 0}, "facebook": {"likes": 0, "shares": 0, "comments": 0}, "stumbledupon": {"shares": 0}}, "site_full": "www.telegraph.co.uk", "main_image": "http://i.telegraph.co.uk/multimedia/archive/02810/red-tape_2810803a.jpg", "site_section": "http://www.telegraph.co.uk/finance/personalfinance/comment/lornaburke/rss", "section_title": "Comment - Personal finance news, how to make money and save money", "url": "http://www.telegraph.co.uk/finance/personalfinance/tax/11729220/How-Id-tear-up-the-tax-system-and-make-a-better-one.html", "country": "CH", "title": "How I'd tear up the tax system and make a better one", "performance_score": 0, "site": "telegraph.co.uk", "participants_count": 1, "title_full": "How I'd tear up the tax system and make a better one", "spam_score": 0.0, "site_type": "news", "published": "2015-07-09T18:23:00.000+03:00", "replies_count": 0, "uuid": "92c382949227c2725f125e6a5ee719d9820ecc51"}, "author": "George Bull", "url": "http://www.telegraph.co.uk/finance/personalfinance/tax/11729220/How-Id-tear-up-the-tax-system-and-make-a-better-one.html", "ord_in_thread": 0, "title": "How I'd tear up the tax system and make a better one", "locations": [], "entities": {"persons": [], "locations": [], "organizations": []}, "highlightText": "", "language": "english", "persons": [], "text": "Tax How I'd tear up the tax system and make a better one Have your say: George Bull would scrap National Insurance, most tax reliefs and the automatic fines for late returns. What would you do? The complicated rules that tie up the tax system should be swept away Photo: © Pete Gardner By George Bull", "external_links": [], "published": "2015-07-09T18:23:00.000+03:00", "crawled": "2015-07-09T23:46:49.000+03:00", "highlightTitle": ""}