{"organizations": [], "uuid": "efa4a920ad7cdcaa45b5386ef9c3d5459786927f", "thread": {"social": {"gplus": {"shares": 0}, "pinterest": {"shares": 0}, "vk": {"shares": 0}, "linkedin": {"shares": 0}, "facebook": {"likes": 0, "shares": 0, "comments": 0}, "stumbledupon": {"shares": 0}}, "site_full": "finance.yahoo.com", "main_image": "http://l2.yimg.com/bt/api/res/1.2/6rik6AZwuPGCiADf_9dhPQ--/YXBwaWQ9eW5ld3M7cT03NTt3PTYwMA--/http://l.yimg.com/os/mit/media/m/social/images/social_default_logo-1481777.png", "site_section": "http://finance.yahoo.com/rss/headline?s=C", "section_title": "Yahoo! Finance: C News", "url": "http://finance.yahoo.com/news/citi-releases-2015-mid-cycle-202000631.html", "country": "US", "title": "Citi Releases 2015 Mid-Cycle Stress Test Disclosures", "performance_score": 0, "site": "yahoo.com", "participants_count": 0, "title_full": "Citi Releases 2015 Mid-Cycle Stress Test Disclosures", "spam_score": 0.0, "site_type": "news", "published": "2015-07-22T23:20:00.000+03:00", "replies_count": 0, "uuid": "efa4a920ad7cdcaa45b5386ef9c3d5459786927f"}, "author": "", "url": "http://finance.yahoo.com/news/citi-releases-2015-mid-cycle-202000631.html", "ord_in_thread": 0, "title": "Citi Releases 2015 Mid-Cycle Stress Test Disclosures", "locations": [], "entities": {"persons": [], "locations": [], "organizations": []}, "highlightText": "", "language": "english", "persons": [], "text": "Done \nNEW YORK--(BUSINESS WIRE)-- \nCiti today released the disclosures required by the rules of the Federal Reserve Board in connection with Citi’s 2015 Mid-Cycle Stress Test. This information may be found on Citi’s website at www.citigroup.com/citi/investor . \nAbout Citi \nCiti, the leading global bank, has approximately 200 million customer accounts and does business in more than 160 countries and jurisdictions. Citi provides consumers, corporations, governments and institutions with a broad range of financial products and services, including consumer banking and credit, corporate and investment banking, securities brokerage, transaction services, and wealth management. \nAdditional information may be found at www.citigroup.com | Twitter: @Citi | YouTube: www.youtube.com/citi | Blog: http://blog.citigroup.com | Facebook: www.facebook.com/citi | LinkedIn: www.linkedin.com/company/citi View source version on businesswire.com: http://www.businesswire.com/news/home/20150722006386/en/ USA News", "external_links": [], "published": "2015-07-22T23:20:00.000+03:00", "crawled": "2015-07-23T00:08:59.946+03:00", "highlightTitle": ""}