{"organizations": [], "uuid": "d16384e4621960f866ba5b7558572e79734be4a8", "thread": {"social": {"gplus": {"shares": 0}, "pinterest": {"shares": 0}, "vk": {"shares": 0}, "linkedin": {"shares": 0}, "facebook": {"likes": 0, "shares": 0, "comments": 0}, "stumbledupon": {"shares": 0}}, "site_full": "thehill.com", "main_image": "http://thehill.com/sites/default/files/blogs/economy_wallstreet_010214getty.jpg", "site_section": "http://thehill.com/taxonomy/term/30/feed#", "section_title": "The Hill: Finance Policy", "url": "http://thehill.com/policy/finance/247042-poll-economic-confidence-holds-at-seven-month-low", "country": "US", "title": "Poll: Economic confidence holds at seven-month low", "performance_score": 0, "site": "thehill.com", "participants_count": 1, "title_full": "Poll: Economic confidence holds at seven-month low", "spam_score": 0.0, "site_type": "news", "published": "2015-07-07T18:11:00.000+03:00", "replies_count": 0, "uuid": "d16384e4621960f866ba5b7558572e79734be4a8"}, "author": "rshabad@thehill.com (Rebecca Shabad)", "url": "http://thehill.com/policy/finance/247042-poll-economic-confidence-holds-at-seven-month-low", "ord_in_thread": 0, "title": "Poll: Economic confidence holds at seven-month low", "locations": [], "entities": {"persons": [], "locations": [], "organizations": []}, "highlightText": "", "language": "english", "persons": [], "text": "South Carolina Senate votes to... Senators voted 37-3 on Monday to remove the flag. Silver linings of King v. Burwell Convention claims the Supreme Court’s King v. Burwell decision is a loss... Cummings: Benghazi panel leaking... The ranking Democrat on the committee says someone is spreading false... Sanders: 'Establishment' pick... Sanders says he'll get more big-name backers as his campaign progresses. Bidens celebrate World Cup victory The vice president and his family were on hand in Vancouver. The next front in battle over gay... Fresh off their victory on marriage, advocates are launching a bid for... Eric Holder: Supreme Court justice? Holder insists he’s reached the last stop in his career. Clinton blasts BDS movement... Clinton asks for advice on how to fight the BDS movement in a letter to... Time for an all-payer health... When it comes to healthcare, the price is not right. Christie swings at Cruz, Paul Gov. Chris Christie came out of the Independence Day holiday on Monday... White House defends immigration... A suspect in the killing has multiple felony convictions and has been... Clinton press aide defends rope... Access for press \"can't get in the way\" of Clinton being able to campaign... Juan Williams: A rising tide for... OPINION: There is a huge divide on the environment, but demographics favor... Sanders battles big insurance... He is speaking out against industry abuses and calling for the ultimate...", "external_links": [], "published": "2015-07-07T18:11:00.000+03:00", "crawled": "2015-07-08T02:06:17.000+03:00", "highlightTitle": ""}