{"organizations": [], "uuid": "c04682c629b6caf06cd81e33907b415db91ec664", "thread": {"social": {"gplus": {"shares": 0}, "pinterest": {"shares": 0}, "vk": {"shares": 0}, "linkedin": {"shares": 0}, "facebook": {"likes": 0, "shares": 0, "comments": 0}, "stumbledupon": {"shares": 0}}, "site_full": "business-news.thestreet.com", "main_image": "", "site_section": "http://business-news.thestreet.com/minute-man-news-center/rss/627", "section_title": "Minute Man News Center : Personal Finance", "url": "http://business-news.thestreet.com/minute-man-news-center/story/how-non-vanilla-bonds-can-fend-fed-rate-hike/1", "country": "US", "title": "How 'Non-Vanilla' Bonds Can Fend Off A Fed Rate Hike", "performance_score": 0, "site": "thestreet.com", "participants_count": 0, "title_full": "How 'Non-Vanilla' Bonds Can Fend Off A Fed Rate Hike", "spam_score": 0.0, "site_type": "news", "published": "2015-07-22T00:09:00.000+03:00", "replies_count": 0, "uuid": "c04682c629b6caf06cd81e33907b415db91ec664"}, "author": "", "url": "http://business-news.thestreet.com/minute-man-news-center/story/how-non-vanilla-bonds-can-fend-fed-rate-hike/1", "ord_in_thread": 0, "title": "How 'Non-Vanilla' Bonds Can Fend Off A Fed Rate Hike", "locations": [], "entities": {"persons": [], "locations": [], "organizations": []}, "highlightText": "", "language": "english", "persons": [], "text": "How 'Non-Vanilla' Bonds Can Fend Off A Fed Rate Hike 07/21/2015 - 5:09 PM EDT \nNEW YORK ( MainStreet ) –- Rising rates are about to make bonds and other fixed-income investments a whole lot less conservative, which means there's money to be made if you play it the right way. \nWith Federal Reserve Chair Janet Yellen guaranteeing a rate hike in the near future, investors should prepare to see the price of long-term bond mutual funds and ETFs decline in response. \n“Generally speaking, the volatility inherent in fixed income is traditionally not as severe as in equity markets,” says John Diehl, senior vice president of strategic markets at Hartford Funds. “The bigger issue is that our expectations have shifted to a place where we may not even suspect that our fixed income assets may lose value. For the longer term, we need to check our perspective to reacquaint ourselves with the role that fixed income plays in our portfolios. It may be a source of stability or liquidity.” More Headlines Mobile Banking Still Harbors Some Dangers, But Is It Safe Overall? \nRising interest rates would cause the value of long- and intermediate-term bond funds to plummet, says Thomas Walsh, an investment analyst in Palisades Hudson Financial Group’s Atlanta office. However, there's still plenty of opportunity for income in shorter-term, floating rate, and inflation indexed bonds. \n“With most of your fixed-income portfolio, KISS -- Keep It Short and Simple,” he says. \nWalsh advises that investors place at least 60% of their fixed-income portfolio in short-term certificates of deposits, money market funds and high-quality short-term bond funds with an average maturity of about two years or less. If you're in one of the higher tax brackets, you can use short-term tax-free funds. \n“Asset allocation remains a driving factor in overall return,” Diehl says. “You and your advisor may choose to make opportunistic shifts in various fixed income sectors, but timing the fixed income markets is as inadvisable as timing equity markets. A better approach may be to make sure that you are adequately diversified within the fixed income allocation in your portfolio.\" \nIn Walsh's view, that involves investing in alternatives to basic short-term funds. If you can take a bit more risk -- and that's the most important caveat -- Walsh advises investing up to 40% of your fixed-income portfolio in “non-vanilla” income funds. 1", "external_links": [], "published": "2015-07-22T00:09:00.000+03:00", "crawled": "2015-07-22T01:28:27.519+03:00", "highlightTitle": ""}