{"organizations": ["Volkswagen"], "uuid": "f660a41429d9b892a335a342c3f123d34a5df7c6", "thread": {"social": {"gplus": {"shares": 0}, "pinterest": {"shares": 0}, "vk": {"shares": 0}, "linkedin": {"shares": 0}, "facebook": {"likes": 0, "shares": 0, "comments": 0}, "stumbledupon": {"shares": 0}}, "site_full": "sg.finance.yahoo.com", "main_image": "https://s.yimg.com/bt/api/res/1.2/6rik6AZwuPGCiADf_9dhPQ--/YXBwaWQ9eW5ld3M7cT03NTt3PTYwMA--/http://l.yimg.com/os/mit/media/m/social/images/social_default_logo-1481777.png", "site_section": "http://finance.yahoo.com/rss/headline?s=GM", "section_title": "Yahoo! Finance: GM News", "url": "https://sg.finance.yahoo.com/news/volkswagen-sold-more-vehicles-toyota-052316000.html", "country": "GB", "title": "Volkswagen sold more vehicles than Toyota in first half", "performance_score": 0, "site": "yahoo.com", "participants_count": 0, "title_full": "Volkswagen sold more vehicles than Toyota in first half", "spam_score": 0.0, "site_type": "news", "published": "2015-07-28T09:02:00.000+03:00", "replies_count": 0, "uuid": "f660a41429d9b892a335a342c3f123d34a5df7c6"}, "author": "", "url": "https://sg.finance.yahoo.com/news/volkswagen-sold-more-vehicles-toyota-052316000.html", "ord_in_thread": 0, "title": "Volkswagen sold more vehicles than Toyota in first half", "locations": [], "entities": {"persons": [], "locations": [], "organizations": []}, "highlightText": "", "language": "english", "persons": [], "text": "Tip : Use comma (,) to separate multiple quotes. Learn more... \nTue, Jul 28, 2015, 2:15 PM SGT - Singapore Markets close in 2 hrs 51 mins Volkswagen sold more vehicles than Toyota in first half Volkswagen outsells Toyota in first half worldwide, GM reporting results later this week By Yuri Kageyama, AP Business Writer | Associated Press – 13 minutes ago 40.82 -0.50 \nTOKYO (AP) -- Volkswagen overtook Toyota in global vehicle sales for January-June, the first time the German automaker has come out top in the intensely competitive tallies. \nJapanese automaker Toyota Motor Corp. said Tuesday it sold 5.02 million vehicles in the first six months of this year, down 1.5 percent from the same period the previous year, as sales struggled especially in the languishing Japanese market. \nVolkswagen AG said earlier this month that it sold 5.04 million vehicles during the same period. Sales were robust in Europe and North America but fell in China, usually a strong market for the company. Its first-half sales were 0.5 percent down from the same period in 2014. \nDetroit-based General Motors Corp., the top-selling automaker for more than seven decades until being surpassed by Toyota in 2008, is expected to report its figure Thursday. \nGM retook the sales crown in 2011, when Toyota's production was hurt by the quake and tsunami in northeastern Japan. \nToyota, which makes the Prius hybrid, Camry sedan and Lexus luxury models, made a big comeback in 2012, and has been the world's top-selling automaker for the past three years. \nIn the first half, Toyota's sales grew in U.S., Mexico and China. \nLast year, Toyota sold 10.23 million vehicles, beating Volkswagen and General Motors. But it has said it's expecting to sell fewer trucks and cars this year, forecasting sales will fall 1 percent year-on-year to 10.15 million vehicles. \nVolkswagen sold 10.14 million vehicles in 2014. VW makes the Beetle and Golf cars, and also has the Porsche, Bugatti and Audi brands under its group. \nGM, which makes the Cadillac and Opel cars, was third at 9.92 million vehicles in global sales last year. \nThe ranking could still change when numbers come in for the entire year. \nNone of the automakers say they are trying to be No. 1 for the sake of being No. 1. But the industry crown is coveted and significant. \n__", "external_links": [], "published": "2015-07-28T09:02:00.000+03:00", "crawled": "2015-07-28T09:18:34.746+03:00", "highlightTitle": ""}