{"organizations": [], "uuid": "db4c3bd09737a5b83aa0ba46558493faf9ca171f", "thread": {"social": {"gplus": {"shares": 0}, "pinterest": {"shares": 0}, "vk": {"shares": 0}, "linkedin": {"shares": 0}, "facebook": {"likes": 0, "shares": 0, "comments": 0}, "stumbledupon": {"shares": 0}}, "site_full": "uk.finance.yahoo.com", "main_image": "https://s.yimg.com/bt/api/res/1.2/6rik6AZwuPGCiADf_9dhPQ--/YXBwaWQ9eW5ld3M7cT03NTt3PTYwMA--/http://l.yimg.com/os/mit/media/m/social/images/social_default_logo-1481777.png", "site_section": "https://uk.finance.yahoo.com/news/sector-financial-services/?format=rss", "section_title": "Financial Services News - Yahoo! Finance UK", "url": "https://uk.finance.yahoo.com/news/directorate-change-060000968.html", "country": "GB", "title": "Directorate Change", "performance_score": 0, "site": "yahoo.com", "participants_count": 0, "title_full": "Directorate Change", "spam_score": 0.0, "site_type": "news", "published": "2015-07-07T09:00:00.000+03:00", "replies_count": 0, "uuid": "db4c3bd09737a5b83aa0ba46558493faf9ca171f"}, "author": "", "url": "https://uk.finance.yahoo.com/news/directorate-change-060000968.html", "ord_in_thread": 0, "title": "Directorate Change", "locations": [], "entities": {"persons": [], "locations": [], "organizations": []}, "highlightText": "", "language": "english", "persons": [], "text": "Tip : Use comma (,) to separate multiple quotes. Learn more... \nTue, Jul 7, 2015, 07:40 BST - UK Markets open in 20 mins. Directorate Change 7 July 2015 RSA Insurance Group plc – Director Appointment \nRSA Insurance Group plc (RSA) today announces the appointment of Scott Egan as an Executive Director and Group Chief Financial Officer of the Company. He is expected to join the company during Q4 this year. The date will be announced once available. \nStephen Hester , Group Chief Executive, said: \n“I am delighted to welcome Scott to RSA. He is an outstanding professional who will strengthen our team and bring excellent skills and in-depth knowledge and experience of the insurance industry. Scott’s appointment is another positive step in building a strong and valuable RSA.\" \nScott Egan, said: \n“I am incredibly excited to be joining RSA and I am looking forward to working with Stephen and his team as well as the Board in cementing a bright future for the Company.” \n1. Regulatory approval \nThe Prudential Regulation Authority, with consent from the Financial Conduct Authority, has approved the appointment of Scott Egan. \n2. Biographical information on Scott Egan \nScott joined Towergate Insurance in April 2012 as Chief Financial Officer, and since February 2015, he has held the role of Interim Chief Executive Officer. Prior to joining Towergate, Scott was Group Chief Financial Officer at Brit Insurance Holdings from January 2011. Before this, Scott spent four years at Zurich Financial Services, as Chief Financial Officer UK, and latterly as Group Financial Controller. Between 1995 and July 2007, Scott held various senior finance roles at Norwich Union Insurance, and subsequently Aviva. During this time his responsibilities included Deputy Finance Director and Director of Partnerships. \nHe is a qualified accountant (ACMA) and has an MBA from Cranfield University. \n3. Compensation arrangements \nScott has been appointed on an annual salary of £525,000. He will be eligible to participate in the Company’s incentive plans and receive other customary employment benefits. Scott will also receive one-off awards to compensate for remuneration he will forfeit as a result of leaving his former employer, which will be disclosed once awarded. All remuneration arrangements fall within our shareholder-approved Directors’ Remuneration Policy. \n4. The following information is disclosed pursuant to LR 9.6.13R: \nTowergate Finance plc (part of the Towergate Group) went into administration on 2 April 2015. Certain of its direct and indirect holding companies were placed into creditors’ voluntary liquidation on 29 June 2015. \nAs part of certain group reorganisations during this and past roles, Mr Egan is or was a director of a number of companies which underwent solvent reconstructions or winding up. - ENDS -", "external_links": [], "published": "2015-07-07T09:00:00.000+03:00", "crawled": "2015-07-07T09:43:24.000+03:00", "highlightTitle": ""}