{"organizations": [], "uuid": "98655f0be30493b8fe9f185504f064e046c6cbd9", "thread": {"social": {"gplus": {"shares": 0}, "pinterest": {"shares": 0}, "vk": {"shares": 0}, "linkedin": {"shares": 0}, "facebook": {"likes": 0, "shares": 0, "comments": 0}, "stumbledupon": {"shares": 0}}, "site_full": "uk.finance.yahoo.com", "main_image": "https://s.yimg.com/bt/api/res/1.2/6rik6AZwuPGCiADf_9dhPQ--/YXBwaWQ9eW5ld3M7cT03NTt3PTYwMA--/http://l.yimg.com/os/mit/media/m/social/images/social_default_logo-1481777.png", "site_section": "https://uk.finance.yahoo.com/news/sector-oil-gas/?format=rss", "section_title": "Oil News | Gas News - Yahoo! Finance UK", "url": "https://uk.finance.yahoo.com/news/bp-less-likely-acquired-18-130512141.html", "country": "US", "title": "BP less likely to be acquired after $18.7 bln settlement - CEO", "performance_score": 0, "site": "yahoo.com", "participants_count": 0, "title_full": "BP less likely to be acquired after $18.7 bln settlement - CEO", "spam_score": 0.0, "site_type": "news", "published": "2015-07-28T16:05:00.000+03:00", "replies_count": 0, "uuid": "98655f0be30493b8fe9f185504f064e046c6cbd9"}, "author": "", "url": "https://uk.finance.yahoo.com/news/bp-less-likely-acquired-18-130512141.html", "ord_in_thread": 0, "title": "BP less likely to be acquired after $18.7 bln settlement - CEO", "locations": [], "entities": {"persons": [], "locations": [], "organizations": []}, "highlightText": "", "language": "english", "persons": [], "text": "49.90 -0.100 \nLONDON, July 28 (Reuters) - BP is less likely to be acquired following its $18.7 billion settlement over the 2010 Macondo oil spill, Chief Executive Officer Bob Dudley said on Tuesday. \nThe has been much speculation in recent months that the British oil and gas giant could become an acquisition target for a larger rival, leading the British government to warn it would oppose any takeover bid. \nWhile some analysts expected BP to be even more attractive following its settlement with the U.S. authorities this month to resolve most claims from the Gulf of Mexico oil spill, Dudley sought to quell any speculation. \n\"As a result of the settlement in the U.S. it is actually less likely that someone would want to acquire BP and it is certainly not our intention to put the company up for sale,\" Dudley told reporters. \nMerger and acquisition activity in the energy sector has been rekindled as company valuations slumped along with oil prices, highlighted by Royal Dutch Shell (Xetra: R6C1.DE - news ) 's $70 billion bid to acquire BG Group (LSE: BG.L - news ) earlier this year. \nBP shares are still some 35 percent below their value before the 2010 Macondo rig explosion and spill that killed 11 workers. The company's second-quarter profit slumped by nearly two thirds from a year ago as it took a huge $10.8 billion charge related to the settlement. (Reporting by Ron Bousso; editing by David Clarke)", "external_links": [], "published": "2015-07-28T16:05:00.000+03:00", "crawled": "2015-07-28T17:12:11.000+03:00", "highlightTitle": ""}