{"organizations": [], "uuid": "5e1296fba65121225a4a7c213b3fa557ae521f68", "thread": {"social": {"gplus": {"shares": 0}, "pinterest": {"shares": 0}, "vk": {"shares": 0}, "linkedin": {"shares": 0}, "facebook": {"likes": 0, "shares": 0, "comments": 0}, "stumbledupon": {"shares": 0}}, "site_full": "uk.finance.yahoo.com", "main_image": "https://s.yimg.com/bt/api/res/1.2/6rik6AZwuPGCiADf_9dhPQ--/YXBwaWQ9eW5ld3M7cT03NTt3PTYwMA--/http://l.yimg.com/os/mit/media/m/social/images/social_default_logo-1481777.png", "site_section": "https://uk.finance.yahoo.com/news/sector-technology/?format=rss", "section_title": "Technology News - Yahoo! Finance UK", "url": "https://uk.finance.yahoo.com/news/chip-designer-arm-posts-q2-063247737.html", "country": "GB", "title": "Chip designer ARM buffeted by weak Apple outlook", "performance_score": 0, "site": "yahoo.com", "participants_count": 0, "title_full": "Chip designer ARM buffeted by weak Apple outlook", "spam_score": 0.0, "site_type": "news", "published": "2015-07-22T12:32:00.000+03:00", "replies_count": 0, "uuid": "5e1296fba65121225a4a7c213b3fa557ae521f68"}, "author": "", "url": "https://uk.finance.yahoo.com/news/chip-designer-arm-posts-q2-063247737.html", "ord_in_thread": 0, "title": "Chip designer ARM buffeted by weak Apple outlook", "locations": [], "entities": {"persons": [], "locations": [], "organizations": []}, "highlightText": "", "language": "english", "persons": [], "text": "Tip : Use comma (,) to separate multiple quotes. Learn more... \nWed, Jul 22, 2015, 10:37 BST - UK Markets close in 5 hrs 53 mins Chip designer ARM buffeted by weak Apple outlook Reuters - UK Focus – 4 minutes 56 seconds ago \n* Q2 pretax 123.9 mln stg vs f'cast 124.1 mln \n* Revenue 228.5 million \n* Says own forecast unchanged by Apple (NasdaqGS: AAPL - news ) outlook \n* Shares (Frankfurt: DI6.F - news ) fall 3 pct (Adds exec comments, analyst reaction, shares) \nBy Paul Sandle \nLONDON, July 22 (Reuters) - ARM Holdings (LSE: ARM.L - news ) felt the chill from Apple, one of its biggest customers, as doubts about the strength of the global smartphone market overshadowed a 32 percent jump in second-quarter profit at the British chip designer. \nApple disappointed the market with its revenue forecast late on Tuesday, despite strong sales of the iPhone 6, a product that generates high royalties for ARM. \nShares in the Cambridge-based company fell along with other Apple suppliers globally. \nARM, however, said it would still meet market expectations for full-year revenue of $1.48 billion, based on a robust pipeline of licensing opportunities and share wins for its technology in markets beyond mobile. \nARM licenses its technology to chipmakers and receives a royalty on every chip shipped. \nIts second-quarter royalty revenue rose 26 percent after its partners shipped 3.4 billion chip in devices from smartcards to networking equipment, as well as smartphones and tablets. \nApple accounts for 20-25 percent of processor royalties last year, analysts have estimated, but ARM's head of investor relations, Ian Thornton, was not concerned. \n\"I don't see anything in their results to change our overall view of our second half when I look at the market more generally,\" he said. \nIndustry data showed \"a little weaker than normal seasonality\" in April and May, but \"not to the extent that would worry us\", he said, adding that the pipeline on licensing for the rest of the year was robust. \n\"Combining those gives us multiple routes to the full-year consensus,\" he said. \nARM's shares, which have fallen 16 percent from the high of 1,233 pence in April, were down 2.9 percent at 1,003 pence at 0901 GMT. \nAnalysts at Investec (LSE: INVP.L - news ) said the company had not seen any material signs of slowing in its end markets. \n\"Trading at a five-year price-earnings low, we see this as a good entry point, especially if Apple weakness mutes the stock,\" they said. \nARM reported pretax profit of 123.9 million pounds ($193.4 million), broadly in line with expectations of 124.1 million according to a Thomson Reuters (Dusseldorf: TOC.DU - news ) poll, on revenue of 228.5 million. \nIt increased its interim dividend by 25 percent to 3.15 pence. \n($1 = 0.6408 pounds) (Reporting by Paul Sandle; Editing by David Holmes and Louise Heavens)", "external_links": [], "published": "2015-07-22T12:32:00.000+03:00", "crawled": "2015-07-22T12:37:44.749+03:00", "highlightTitle": ""}