{"organizations": [], "uuid": "8ac9014cd0e3f904597a2318adf765e1e73f6cc2", "thread": {"social": {"gplus": {"shares": 0}, "pinterest": {"shares": 0}, "vk": {"shares": 0}, "linkedin": {"shares": 0}, "facebook": {"likes": 0, "shares": 0, "comments": 0}, "stumbledupon": {"shares": 0}}, "site_full": "www.telegraph.co.uk", "main_image": "http://i.telegraph.co.uk/multimedia/archive/01479/primark1_1479838a.jpg", "site_section": "http://www.telegraph.co.uk/newsfeed/rss/money_city.xml", "section_title": "Finance - Business news and market updates - Telegraph", "url": "http://www.telegraph.co.uk/finance/newsbysector/retailandconsumer/11728366/Primark-heads-to-Italy-as-ABF-warns-currency-costs-could-bite.html", "country": "CH", "title": "Primark heads to Italy as ABF warns currency costs could bite", "performance_score": 0, "site": "telegraph.co.uk", "participants_count": 1, "title_full": "Primark heads to Italy as ABF warns currency costs could bite", "spam_score": 0.0, "site_type": "news", "published": "2015-07-09T15:14:00.000+03:00", "replies_count": 0, "uuid": "8ac9014cd0e3f904597a2318adf765e1e73f6cc2"}, "author": "Jon Yeomans", "url": "http://www.telegraph.co.uk/finance/newsbysector/retailandconsumer/11728366/Primark-heads-to-Italy-as-ABF-warns-currency-costs-could-bite.html", "ord_in_thread": 0, "title": "Primark heads to Italy as ABF warns currency costs could bite", "locations": [], "entities": {"persons": [], "locations": [], "organizations": []}, "highlightText": "", "language": "english", "persons": [], "text": "Primark heads to Italy as ABF warns currency costs could bite The discount retail chain is setting up shop near Milan as it continues its global expansion Primark's first US store opens in September Photo: EPA", "external_links": [], "published": "2015-07-09T15:14:00.000+03:00", "crawled": "2015-07-09T15:36:06.000+03:00", "highlightTitle": ""}