{"organizations": [], "uuid": "8069c0c1c0b6f102adaa348338499f974873d9d1", "thread": {"social": {"gplus": {"shares": 0}, "pinterest": {"shares": 0}, "vk": {"shares": 0}, "linkedin": {"shares": 0}, "facebook": {"likes": 0, "shares": 0, "comments": 0}, "stumbledupon": {"shares": 0}}, "site_full": "www.marketwatch.com", "main_image": "http://mw1.wsj.net/MW5/content/images/logos/mw-social-logo.jpg", "site_section": "http://finance.yahoo.com/news/provider-marketwatch/", "section_title": "MarketWatch News Archive - Yahoo! Finance", "url": "http://www.marketwatch.com/story/gold-settles-higher-after-three-session-decline-2015-07-06", "country": "US", "title": "Gold settles higher after three-session decline", "performance_score": 0, "site": "marketwatch.com", "participants_count": 2, "title_full": "Gold settles higher after three-session decline - MarketWatch", "spam_score": 0.0, "site_type": "news", "published": "2015-07-06T03:00:00.000+03:00", "replies_count": 1, "uuid": "9ec47556ffc732b74ec0bee05c47b2262f34f992"}, "author": "By     Myra P. Saefong", "url": "http://www.marketwatch.com/story/gold-settles-higher-after-three-session-decline-2015-07-06#post-0", "ord_in_thread": 0, "title": "Gold settles higher after three-session decline", "locations": [], "entities": {"persons": [], "locations": [], "organizations": []}, "highlightText": "", "language": "english", "persons": [], "text": "Gold futures settled higher on Monday , rebounding after suffering declines over the past three trading sessions. Tim Evans, chief market strategist at Long Leaf Trading Group, said gold likely found support late in the trading session \"as the prospect for more aggressive action by the [People's Bank of China] is circulating, given the recent fallout from Chinese equities .\" Uncertainty in China, which is among the world's biggest gold buyers, can boost haven-related demand for gold. August gold GCQ5, -0.43% tacked on $9.70, or 0.8%, to settle at $1,173.20 an ounce on Comex.\nRead the full story: Gold marks first gain in four sessions", "external_links": [], "published": "2015-07-06T03:00:00.000+03:00", "crawled": "2015-07-07T04:09:47.000+03:00", "highlightTitle": ""}