{"organizations": [], "uuid": "bbc35d71b99902089d13a9f2ae4cbaf601b71491", "thread": {"social": {"gplus": {"shares": 0}, "pinterest": {"shares": 0}, "vk": {"shares": 0}, "linkedin": {"shares": 0}, "facebook": {"likes": 0, "shares": 0, "comments": 0}, "stumbledupon": {"shares": 0}}, "site_full": "uk.finance.yahoo.com", "main_image": "https://s.yimg.com/bt/api/res/1.2/6rik6AZwuPGCiADf_9dhPQ--/YXBwaWQ9eW5ld3M7cT03NTt3PTYwMA--/http://l.yimg.com/os/mit/media/m/social/images/social_default_logo-1481777.png", "site_section": "https://uk.finance.yahoo.com/news/personal-finance-insurance/?format=rss", "section_title": "Insurance News | Advice | Guides - Yahoo! Finance UK", "url": "https://uk.finance.yahoo.com/news/prince-darkness-tim-parker-named-110018010.html", "country": "GB", "title": "‘Prince of Darkness’ Tim Parker named Post Office chair", "performance_score": 0, "site": "yahoo.com", "participants_count": 0, "title_full": "‘Prince of Darkness’ Tim Parker named Post Office chair", "spam_score": 0.0, "site_type": "news", "published": "2015-07-13T14:00:00.000+03:00", "replies_count": 0, "uuid": "bbc35d71b99902089d13a9f2ae4cbaf601b71491"}, "author": "", "url": "https://uk.finance.yahoo.com/news/prince-darkness-tim-parker-named-110018010.html", "ord_in_thread": 0, "title": "‘Prince of Darkness’ Tim Parker named Post Office chair", "locations": [], "entities": {"persons": [], "locations": [], "organizations": []}, "highlightText": "", "language": "english", "persons": ["Tim Parker"], "text": "Tip : Use comma (,) to separate multiple quotes. Learn more... \nMon, Jul 13, 2015, 14:38 BST - UK Markets close in 1 hr 52 mins ‘Prince of Darkness’ Tim Parker named Post Office chair By Ashley Armstrong | Telegraph – 2 hours 38 minutes ago 17.13 0.00 \nTim Parker, who has built up a reputation for his slash-and-burn approach to business, is the new chairman of the Post Office \nTim Parker - once dubbed \"the Prince of Darkness\" for his willingness to swing the axe - is to become the new chairman of the Post Office, as the organisation struggles to overhaul its branch network and keep up with the times. \nMr Parker, the current chairman of luggage firm Samsonite and the National Trust , will be charged with ensuring that the Post Office can be sustainable while also delivering on the Government's commitment to secure the future of 3,000 rural branches. \nHe takes over from Alice Perkins, who announced in January she would be stepping down at the end of this month. Mr Parker will officially take up his post on 1 October. \nMr Parker (left) was Boris Johnson's first deputy at City Hall \nMr Parker has also been the chief executive of shoemaker Clarks, car maintenance business Kwik-Fit, and roadside recovery company The AA, as well as serving as non-executive director on the boards of Legal & General (LSE: LGEN.L - news ) , Alliance Boots and Compass Group (Other OTC: CMPGF - news ) . \nMr Parker also had a brief spell working with Boris Johnson as the Mayor of London's first deputy. \nDuring his time in business he has built up a reputation for a slash-and-burn approach to organisations. He was dubbed \"the Prince of Darkness\" by the GMB union after turning up in his Porsche to sack a group of factory workers and halving the 7,000 workforce at the AA. * Business Profile: \"Prince of Darkness\" Mr Parker is also chairman of The National Trust \n“I am delighted to be taking up this appointment,\" said Mr Parker. \n\"The Post Office provides a vital service to many people in over 11,500 locations up and down the country, and is one of Britain’s most trusted brands. I look forward to playing a role in achieving a successful and growing business whilst maintaining a clear social purpose.” \nBusiness minister Baroness Neville-Rolfe said: \"Tim Parker brings a wealth of commercial experience and expertise, and I am delighted that he is taking up this role. \n\"The Government is supporting the Post Office to modernise and become a successful commercial organisation, reducing its reliance on taxpayer subsidy. I look forward to working with Tim to continue that transformation. \n“I would also like to thank Alice Perkins for all her dedication, leadership and commitment over the last four years.”", "external_links": [], "published": "2015-07-13T14:00:00.000+03:00", "crawled": "2015-07-13T16:40:18.000+03:00", "highlightTitle": ""}