{"organizations": [], "uuid": "400e201d71edd0db15fede8148561fef8261631e", "thread": {"social": {"gplus": {"shares": 0}, "pinterest": {"shares": 0}, "vk": {"shares": 0}, "linkedin": {"shares": 0}, "facebook": {"likes": 0, "shares": 0, "comments": 0}, "stumbledupon": {"shares": 0}}, "site_full": "allafrica.com", "main_image": "http://allafrica.com/static/images/structure/aa-logo-rgba-no-text-128x128.png", "site_section": "http://allafrica.com/tools/headlines/rdf/business/headlines.rdf", "section_title": "AllAfrica News: Economy, Business and Finance", "url": "http://allafrica.com/stories/201507091644.html", "country": "US", "title": "South Africa: Energy Signs Agreement With Russian State Corporation", "performance_score": 0, "site": "allafrica.com", "participants_count": 0, "title_full": "South Africa: Energy Signs Agreement With Russian State Corporation", "spam_score": 0.0, "site_type": "news", "published": "2015-07-09T16:57:00.000+03:00", "replies_count": 0, "uuid": "400e201d71edd0db15fede8148561fef8261631e"}, "author": "", "url": "http://allafrica.com/stories/201507091644.html", "ord_in_thread": 0, "title": "South Africa: Energy Signs Agreement With Russian State Corporation", "locations": ["South Africa"], "entities": {"persons": [], "locations": [], "organizations": []}, "highlightText": "", "language": "english", "persons": [], "text": "South Africa: Police Destroy Over 14 000 Illegal Firearms \nIn accordance with this Memorandum, both parties will strive to realise education programs for 200 South African candidates at Russian universities and educational organisations. This Memorandum also stipulates the development of educational materials and scientific literature on nuclear power, student exchange programs for students of various levels of training, organisation of internships and summer courses, student competitions and teacher training. \nThe second Memorandum signed in Ufa stipulates joint efforts of the parties aimed at promoting nuclear power in South Africa, increasing the awareness of local residents of modern nuclear technologies used in the power industry and in other industries, and ensuring public acceptance of nuclear power. \nIn particular, the parties have agreed to work out a plan for the implementation of a joint communication program to be launched in South Africa. The program will involve the organisation of round tables and other events aimed at promotion nuclear power and modern nuclear technologies. \nThe State Corporation Rosatom and the South African Department of Energy will also consider the creation of a Nuclear Energy Information Center in South Africa. The parties seek to exchange information and best practices in the nuclear industry by organising working visits and international conferences and exhibitions. \nThe memoranda signed in Ufa represent another stage in the cooperation between the two countries aimed at strengthening joint efforts between Russia and South Africa in the field of nuclear energy. The documents signed are the development of cooperation based on the Intergovernmental Agreement on Strategic Partnership and Cooperation in Nuclear Energy and Industry at the 58th International Atomic Energy Agency (IAEA) General Conference in Vienna. Prior to that, on November 20, 2004 the parties concluded an Intergovernmental Agreement on Cooperation in the Peaceful Use of Nuclear Energy. \nIssued by: Department of Energy South Africa \nOnline content in South Africa could be regulated by the Press Council (PCSA) rather than the Film and Publications … see more » Copyright © 2015 South African Government. All rights reserved. Distributed by AllAfrica Global Media ( allAfrica.com ). To contact the copyright holder directly for corrections — or for permission to republish or make other authorized use of this material, click here. AllAfrica publishes around 2,000 reports a day from more than 130 news organizations and over 200 other institutions and individuals , representing a diversity of positions on every topic. We publish news and views ranging from vigorous opponents of governments to government publications and spokespersons. Publishers named above each report are responsible for their own content, which AllAfrica does not have the legal right to edit or correct. Articles and commentaries that identify allAfrica.com as the publisher are produced or commissioned by AllAfrica . To address comments or complaints, please Contact us .", "external_links": [], "published": "2015-07-09T16:57:00.000+03:00", "crawled": "2015-07-09T17:58:54.000+03:00", "highlightTitle": ""}