{"organizations": [], "uuid": "d0fa149f59d21aa6123481b77d51e9d75f3803a7", "thread": {"social": {"gplus": {"shares": 0}, "pinterest": {"shares": 0}, "vk": {"shares": 0}, "linkedin": {"shares": 0}, "facebook": {"likes": 0, "shares": 0, "comments": 0}, "stumbledupon": {"shares": 0}}, "site_full": "uk.finance.yahoo.com", "main_image": "https://s1.yimg.com/bt/api/res/1.2/EMPCSv9X3M623vAv2qBptQ--/YXBwaWQ9eW5ld3M7aWw9cGxhbmU7cT03NTt3PTYwMA--/http://globalfinance.zenfs.com/images/UK_AHTTP_SKYNEWS_LIVE_1/heathrowremove1-1-400x240_original.jpg", "site_section": "https://uk.finance.yahoo.com/news/provider-skynews/?format=rss", "section_title": "Finance News | Sky News - Yahoo! UK & Ireland Finance", "url": "https://uk.finance.yahoo.com/news/heathrow-flights-hit-protesters-runway-100302755.html", "country": "GB", "title": "Heathrow Flights Hit By Protesters On Runway", "performance_score": 0, "site": "yahoo.com", "participants_count": 0, "title_full": "Heathrow Flights Hit By Protesters On Runway", "spam_score": 0.0, "site_type": "news", "published": "2015-07-13T14:12:00.000+03:00", "replies_count": 0, "uuid": "d0fa149f59d21aa6123481b77d51e9d75f3803a7"}, "author": "", "url": "https://uk.finance.yahoo.com/news/heathrow-flights-hit-protesters-runway-100302755.html", "ord_in_thread": 0, "title": "Heathrow Flights Hit By Protesters On Runway", "locations": [], "entities": {"persons": [], "locations": [], "organizations": []}, "highlightText": "", "language": "english", "persons": [], "text": "Tip : Use comma (,) to separate multiple quotes. Learn more... \nMon, Jul 13, 2015, 13:08 BST - UK Markets close in 3 hrs 22 mins Heathrow Flights Hit By Protesters On Runway By (c) Sky News 2015 | Sky News – 36 minutes ago View Photo \n\nClimate change activists caused delays and cancellations at Heathrow after they got onto the north runway and locked themselves together in protest at airport expansion. \nA spokesman for direct action group Plane Stupid said around 13 demonstrators cut through the airport perimeter fence to occupy the runway at 3.30am on Monday. \nPolice at the scene used cutting equipment to remove the demonstrators. Nine people were arrested for aviation offences. The other protesters were moved to a safe area. \nHeathrow Airport said while the runways remained open there were some delays and travellers were advised to check with their airline. \nAt least seven British Airways flights were cancelled, including one to Dublin. \nThis has caused a major headache for a bride and groom whose wedding is in the Irish capital on Tuesday. \nChris Madigan, 28, said: \"We're supposed to be going to Dublin to get married. It's put a spanner in the works.\" \nHis fiancee Kristen Lutz, from Chicago, said: \"My whole family are already there (at the wedding venue). \n\"It's quite frustrating.\" \nCiara Lalor was also unimpressed by having her flight home to Dublin cancelled because of the protest. \nThe 34-year-old said: \"They've disrupted so many people. \n\"They shouldn't be allowed. \n\"Get the fire engine out and hose them down.\" \nThe protest also had an international impact. \nJacob Firsel, who was delayed in Israel, tweeted: \"Protests at Heathrow and we're stuck on the runway in Tel Aviv. So much for good start to our vacation.\" \nSky (Other OTC: BSYBF - news ) 's Joe Tidy, who was at Heathrow as the protesters were taken away, said: \"Airport authorities parked a ring of trucks and snow ploughs around the makeshift pyramid presumably to block the view of protesters from the nearby road. \n\"Around a dozen police cars, vans and fire engines were at the scene to remove and detain the protesters. One protester dressed as a polar bear had to be taken off the top of the structure using a cherry picker.\" \nElla Gilbert, one of the activists on the runway, said: \"Building more runways goes against everything we're being told by scientists and experts on climate change. \n\"This would massively increase carbon emissions exactly when we need to massively reduce them, that's why we're here. \n\"We want to say sorry to anyone whose day we've ruined, and we're not saying that everybody who wants to fly is a bad person. \n\"It's those who fly frequently and unnecessarily who are driving the need for expansion, and we cannot keep ignoring the terrifying consequences of flying like there's no tomorrow. \n\"No ifs, no buts, no third runway. And we mean it.\" \nEarlier this month a long-awaited report recommended that a new runway should be built at Heathrow rather than Gatwick. \nAfter three years of investigation, the Airports Commission said Heathrow was best placed to provide \"urgently required\" capacity, but environmentalists warned that building a new runway there will make it harder to reduce air pollution and climate change emissions.", "external_links": [], "published": "2015-07-13T14:12:00.000+03:00", "crawled": "2015-07-13T15:15:24.000+03:00", "highlightTitle": ""}