{"organizations": ["Gas Storage and Transportation Stocks"], "uuid": "58c794229413fed62d98dc429254d89f3940ea5e", "thread": {"social": {"gplus": {"shares": 0}, "pinterest": {"shares": 0}, "vk": {"shares": 0}, "linkedin": {"shares": 0}, "facebook": {"likes": 0, "shares": 0, "comments": 0}, "stumbledupon": {"shares": 0}}, "site_full": "business-news.thestreet.com", "main_image": "", "site_section": "http://business-news.thestreet.com/rome-observer/rss/627", "section_title": "Rome Observer : Personal Finance", "url": "http://business-news.thestreet.com/rome-observer/story/4-oil-and-gas-storage-and-transportation-stocks-to-buy/13215955", "country": "US", "title": "4 Oil and Gas Storage and Transportation Stocks to Buy", "performance_score": 0, "site": "thestreet.com", "participants_count": 0, "title_full": "4 Oil and Gas Storage and Transportation Stocks to Buy", "spam_score": 0.0, "site_type": "news", "published": "2015-07-14T15:41:00.000+03:00", "replies_count": 0, "uuid": "58c794229413fed62d98dc429254d89f3940ea5e"}, "author": "", "url": "http://business-news.thestreet.com/rome-observer/story/4-oil-and-gas-storage-and-transportation-stocks-to-buy/13215955", "ord_in_thread": 0, "title": "4 Oil and Gas Storage and Transportation Stocks to Buy", "locations": [], "entities": {"persons": [], "locations": [], "organizations": []}, "highlightText": "", "language": "english", "persons": ["Jon Kostakopoulos"], "text": "4 Oil and Gas Storage and Transportation Stocks to Buy Written by: Jon Kostakopoulos 07/14/15 - 8:41 AM EDT Tickers in this article: BPL EQM MMP MPLX MWE SEP \nNEW YORK (TheStreet) -- With MPLX LP agreeing to buy MarkWest Energy Partners LP for nearly $16 billion, and an Iran nuclear deal set to further affect world energy markets, we decided to see if there are any stocks in the oil and gas storage and transportation sub-sector worth investing in.The sector's revenue is based on dollars per volume stored or transported. In the current environment of ample supplies, and rising demand for energy due to a growing economy, firms and industries that use energy increase their stockpiles or inventories. This is beneficial to the energy storage and transportation sector. Since oil prices crashed last year, the sector benefited greatly; an oil glut means it's a seller's market for storage. \nSo, what are the best oil and gas storage and transportation investors should be buying? Here are the top four, according to TheStreet Ratings , TheStreet 's proprietary ratings tool. \nTheStreet Ratings projects a stock's total return potential over a 12-month period including both price appreciation and dividends. Based on 32 major data points, TheStreet Ratings uses a quantitative approach to rating over 4,300 stocks to predict return potential for the next year. The model is both objective, using elements such as volatility of past operating revenues, financial strength, and company cash flows, and subjective, including expected equities market returns, future interest rates, implied industry outlook and forecasted company earnings. More Headlines Buy Netflix Now, Ignore the Expensive Shares and Valuation \nBuying an S&P 500 stock that TheStreet Ratings rated a buy yielded a 16.56% return in 2014 beating the S&P 500 Total Return Index by 304 basis points. Buying a Russell 2000 stock that TheStreet Ratings rated a buy yielded a 9.5% return in 2014, beating the Russell 2000 index, including dividends reinvested, by 460 basis points last year. \nCheck out which oil and gas storage and transportation made the list. And when you're done, be sure to read about which semiconductor stocks to buy now. Year-to-date returns are based on July 13, 2015, closing prices. The highest-rated stock appears last. 4. EQT Midstream Partners, LP Rating: Buy, A- Market Cap: $5.8 billion Year-to-date return: -7.1% \nEQT Midstream Partners, LP provides natural gas transmission, storage, and gathering services in southwestern Pennsylvania and northern West Virginia. It owns, operates, acquires, and develops midstream assets in the Appalachian Basin. \n\"We rate EQT MIDSTREAM PARTNERS LP (EQM) a BUY. This is based on the convergence of positive investment measures, which should help this stock outperform the majority of stocks that we rate. The company's strengths can be seen in multiple areas, such as its robust revenue growth, impressive record of earnings per share growth, compelling growth in net income, expanding profit margins and good cash flow from operations. We feel its strengths outweigh the fact that the company has had lackluster performance in the stock itself.\" \nHighlights from the analysis by TheStreet Ratings Team goes as follows: The revenue growth greatly exceeded the industry average of 38.9%. Since the same quarter one year prior, revenues rose by 43.5%. Growth in the company's revenue appears to have helped boost the earnings per share. EQT MIDSTREAM PARTNERS LP reported significant earnings per share improvement in the most recent quarter compared to the same quarter a year ago. The company has demonstrated a pattern of positive earnings per share growth over the past two years. We feel that this trend should continue. During the past fiscal year, EQT MIDSTREAM PARTNERS LP increased its bottom line by earning $3.47 versus $2.49 in the prior year. This year, the market expects an improvement in earnings ($4.54 versus $3.47). The net income growth from the same quarter one year ago has significantly exceeded that of the S&P 500 and the Oil, Gas & Consumable Fuels industry. The net income increased by 73.3% when compared to the same quarter one year prior, rising from $54.99 million to $95.31 million. The gross profit margin for EQT MIDSTREAM PARTNERS LP is currently very high, coming in at 80.54%. It has increased from the same quarter the previous year. Along with this, the net profit margin of 61.56% significantly outperformed against the industry average. Net operating cash flow has significantly increased by 123.95% to $114.66 million when compared to the same quarter last year. In addition, EQT MIDSTREAM PARTNERS LP has also vastly surpassed the industry average cash flow growth rate of -53.30%. You can view the full analysis from the report here: EQM Ratings Report", "external_links": [], "published": "2015-07-14T15:41:00.000+03:00", "crawled": "2015-07-14T16:37:00.000+03:00", "highlightTitle": ""}