{"organizations": ["IAC"], "uuid": "f46da1ed8ea912ffc46ac47a1069d97484db12cd", "thread": {"social": {"gplus": {"shares": 0}, "pinterest": {"shares": 0}, "vk": {"shares": 0}, "linkedin": {"shares": 0}, "facebook": {"likes": 0, "shares": 0, "comments": 0}, "stumbledupon": {"shares": 0}}, "site_full": "uk.finance.yahoo.com", "main_image": "https://s.yimg.com/bt/api/res/1.2/6rik6AZwuPGCiADf_9dhPQ--/YXBwaWQ9eW5ld3M7cT03NTt3PTYwMA--/http://l.yimg.com/os/mit/media/m/social/images/social_default_logo-1481777.png", "site_section": "https://uk.finance.yahoo.com/news/sector-conglomerates/?format=rss", "section_title": "Conglomerate Sector News | Yahoo! Finance", "url": "https://uk.finance.yahoo.com/news/iacs-profit-beats-estimates-strong-210711056.html", "country": "US", "title": "IAC's profit beats estimates on strong dating business growth", "performance_score": 0, "site": "yahoo.com", "participants_count": 0, "title_full": "IAC's profit beats estimates on strong dating business growth", "spam_score": 0.0, "site_type": "news", "published": "2015-07-29T00:07:00.000+03:00", "replies_count": 0, "uuid": "f46da1ed8ea912ffc46ac47a1069d97484db12cd"}, "author": "", "url": "https://uk.finance.yahoo.com/news/iacs-profit-beats-estimates-strong-210711056.html", "ord_in_thread": 0, "title": "IAC's profit beats estimates on strong dating business growth", "locations": [], "entities": {"persons": [], "locations": [], "organizations": []}, "highlightText": "", "language": "english", "persons": [], "text": "Tip : Use comma (,) to separate multiple quotes. Learn more... \nTue, Jul 28, 2015, 23:11 BST - UK Markets closed IAC's profit beats estimates on strong dating business growth Reuters – 1 hour 4 minutes ago View Photo \nIAC/InterActiveCorp Chairman Barry Diller leaves the Allen and Co's annual media conference in Sun Valley, … (Reuters) - Media mogul Barry Diller's IAC/InterActiveCorp (IACI.O) reported a better-than-expected quarterly profit as more users signed up for its dating services and the paid version of its mobile app Tinder outperformed the company's expectations. \nShares of IAC, whose portfolio also includes dating website Match.com as well as Investopedia and Dictionary.com, rose nearly 2 percent in trading after the bell on Tuesday. \nThe company's search business is its largest, but the dating business Match Group is seen as the crown jewel of the conglomerate and has been driving strong results for the past few quarters. \nIn a widely expected move, IAC said last month it plans to float about 20 percent of the business, which also houses OkCupid, OurTime and Princeton Review, by the end of this year. \nMatch Group earlier this month agreed to buy dating website PlentyOfFish to push deeper into the lucrative mobile-based dating business, which attracts users with its photo-sharing, instant messaging and geolocation services. \nIAC on Tuesday said the paid version of Tinder, launched in March, was garnering good user response. \n\"Monetization continues to perform at or above our expectations on key metrics,\" Match Group Chairman Greg Blatt said in a statement. \nIAC said the number of paid subscribers for its dating services grew 18 percent to 4.1 million in the second quarter ended June 30. \nRevenue at Match Group, which contributes about a third of total revenue, rose 19 percent. Excluding the effect of foreign exchange, revenue rose 25 percent. \nThe company's search and applications business, which houses brands such as Investopedia, About.com and Dictionary.com, fell 11 percent. The business accounts for half of total revenue. \nThat dragged down total revenue growth to 2 percent. Still total revenue of $771.1 million beat analysts' average estimate of $776 million, according to Thomson Reuters I/B/E/S. \nIAC's net income was $59.3 million, or 68 cents per share, compared with a net loss of $18 million, or 22 cents per share. \nOn an adjusted basis, IAC earned 85 cents per share, easily beating estimates of 59 cents. \nIAC's shares have risen more than 32 percent this year through Tuesday's close of $80.60 on the Nasdaq. \n(Reporting by Sai Sachin R and Subrat Patnaik in Bengaluru; Editing by Savio D'Souza)", "external_links": [], "published": "2015-07-29T00:07:00.000+03:00", "crawled": "2015-07-29T01:11:32.878+03:00", "highlightTitle": ""}