{"organizations": [], "uuid": "5d30a3f5bb8ff3607819ae9865150027882b5e08", "thread": {"social": {"gplus": {"shares": 0}, "pinterest": {"shares": 0}, "vk": {"shares": 0}, "linkedin": {"shares": 0}, "facebook": {"likes": 0, "shares": 0, "comments": 0}, "stumbledupon": {"shares": 0}}, "site_full": "uk.finance.yahoo.com", "main_image": "https://s.yimg.com/bt/api/res/1.2/6rik6AZwuPGCiADf_9dhPQ--/YXBwaWQ9eW5ld3M7cT03NTt3PTYwMA--/http://l.yimg.com/os/mit/media/m/social/images/social_default_logo-1481777.png", "site_section": "https://uk.finance.yahoo.com/news/category-europe/?format=rss", "section_title": "European Business News | Financial News - Yahoo! Finance UK", "url": "https://uk.finance.yahoo.com/news/europe-dying-eu-opponents-greek-222548514.html", "country": "GB", "title": "'Europe is dying', EU opponents say, as Greek 'No' brings delight", "performance_score": 0, "site": "yahoo.com", "participants_count": 0, "title_full": "'Europe is dying', EU opponents say, as Greek 'No' brings delight", "spam_score": 0.0, "site_type": "news", "published": "2015-07-06T01:25:00.000+03:00", "replies_count": 0, "uuid": "5d30a3f5bb8ff3607819ae9865150027882b5e08"}, "author": "", "url": "https://uk.finance.yahoo.com/news/europe-dying-eu-opponents-greek-222548514.html", "ord_in_thread": 0, "title": "'Europe is dying', EU opponents say, as Greek 'No' brings delight", "locations": ["EU", "Europe"], "entities": {"persons": [], "locations": [], "organizations": []}, "highlightText": "", "language": "english", "persons": [], "text": "Tip : Use comma (,) to separate multiple quotes. Learn more... \nMon, Jul 6, 2015, 05:26 BST - UK Markets open in 2 hrs 34 mins 'Europe is dying', EU opponents say, as Greek 'No' brings delight Reuters - UK Focus – 6 hours ago +0.14 \nBy Guy Faulconbridge \nLONDON, July 5 (Reuters) - If Greece's 'No' vote shocked euro zone leaders, it brought delight to opponents of the European Union who said it showed the entire European project, including the euro, was dying. \nRejecting European creditors' demands, Greeks voted against the terms of a bailout on Sunday, delivering one of the biggest blows to Europe's drive to forge an enduring monetary union since the euro was launched in 1999. \n\"The EU project is now dying,\" said Nigel Farage, leader of the UK Independence Party, an anti-EU party which won 12.6 percent of the vote -- but just one seat -- in Britain's May 7 general election. \n\"It's fantastic to see the courage of the Greek people in the face of political and economic bullying from Brussels,\" Farage said as partial results showed 61 percent of Greeks rejecting the bailout offer. \nFarage hopes Britons will emulate the Greek 'No' vote in a referendum which Prime Minister David Cameron has committed to call by end 2017 on whether Britain should stay in the EU. \nFrom France to Finland and across Europe's southern and northern shores, Eurosceptics lined up to laud Greek democracy for disowning what some cast as the \"oligarchy\" which runs the 28-member EU, the world's largest economic bloc. \nFor opponents of European integration, the Greek crisis offers a trove of lessons: from the weakness of the politically driven 19-member euro zone to the failure of elites to heed the views of their own people or of the bond markets. \nEU-critical parties of the far left and hard right stunned Europe's political establishment by grabbing more than a quarter of the seats in European Parliament elections last year. \nThey depict the euro and the EU as the constructs of a conceited elite who have led 500 million Europeans into economic stagnation and failed to protect workers from globalisation, immigration and decline. \n\"NO. NO. NO. No to the Soviet Union of unemployment and immigration. Yes to a New Europe, founded on work and respect for the People,\" Matteo Salvini, the leader of Italy's anti-euro Northern League party, said on Twitter (Xetra: A1W6XZ - news ) . \nA FAREWELL TO EUROS? \nWhile the fate of Greece dominates the headlines in Berlin, Paris and London, the longer-term impact of a 'Grexit' could be in sowing deeper doubts in public opinion around the EU. \n\"The Greek 'No' must lead to a fast departure of Greece from the Eurozone, the earlier the better,\" Dutch populist politician Geert Wilders said. \"Today is the beginning of the dismantling of the euro zone.\" \nFrench far-right leader Marine Le Pen (Other OTC: PENC - news ) said the result was a victory against \"the oligarchy of the European Union\". \n\"European countries should take advantage of this event to gather around the negotiating table, take stock of the failure of the euro and austerity, and organise the dissolution of the single currency system, which is needed to get back to real growth, employment and debt reduction,\" said Le Pen, the leader of the anti-immigration, anti-euro National Front. \nIf, as many banks in London are now betting, what is left of Greece's economy drops out of the $11.7 trillion euro zone, British opponents of the EU see an ideal backdrop to Britain's referendum on membership. \nCameron has said he wants to get a deal on reforming the EU and changing London's relationship with it that he can sell to the public to keep Britain inside the club it joined in 1973. \nHe formally began his renegotiation of Britain's membership terms at an EU summit this month, where the discord over migration and Greece was such that he was given just a few rushed minutes to outline his plan. \n\"The general chaos around the Greek crisis is a tragedy highlighting the weakness and inflexibility of the European institutions,\" Richard Tice, a British businessman who is helping fund the 'Out' campaign, told Reuters. \n\"It is most unlikely to increase the popularity of the European project or the euro ahead of the UK referendum. It does not give one any confidence that the same institutions understand the need for major reform that even the pro EU lobby accept must happen.\" \nSuch is the resonance of the Greek crisis, that even one of the senior members of the British \"In\" campaign, Roland Rudd, said it was now \"time to let Greece go\". (Reporting by Reuters reporters across Europe; Editing by Paul Taylor)", "external_links": [], "published": "2015-07-06T01:25:00.000+03:00", "crawled": "2015-07-06T07:29:26.000+03:00", "highlightTitle": ""}