{"organizations": [], "uuid": "e5ea17f1f5a92cf0773615d0b115673bee6d9bdd", "thread": {"social": {"gplus": {"shares": 0}, "pinterest": {"shares": 0}, "vk": {"shares": 0}, "linkedin": {"shares": 0}, "facebook": {"likes": 0, "shares": 0, "comments": 0}, "stumbledupon": {"shares": 0}}, "site_full": "www.bloomberg.com", "main_image": "null", "site_section": "http://www.bloomberg.com/personal-finance", "section_title": "Personal-finance - Bloomberg Business", "url": "http://www.bloomberg.com/news/articles/2015-07-08/cyber-security-stocks-surged-on-the-back-of-the-big-nyse-trading-halt", "country": "US", "title": "Cyber Security Stocks Surged on the Back of the Big NYSE Trading Halt", "performance_score": 8, "site": "bloomberg.com", "participants_count": 1, "title_full": "Cyber Security Stocks Surged on the Back of the Big NYSE Trading Halt - Bloomberg Business", "spam_score": 0.0, "site_type": "news", "published": "2015-07-09T00:32:00.000+03:00", "replies_count": 0, "uuid": "e5ea17f1f5a92cf0773615d0b115673bee6d9bdd"}, "author": "Julie Verhage", "url": "http://www.bloomberg.com/news/articles/2015-07-08/cyber-security-stocks-surged-on-the-back-of-the-big-nyse-trading-halt", "ord_in_thread": 0, "title": "Cyber Security Stocks Surged on the Back of the Big NYSE Trading Halt", "locations": [], "entities": {"persons": [], "locations": [], "organizations": []}, "highlightText": "", "language": "english", "persons": [], "text": "The New York Stock Exchange halted trading in all securities around 11:32 a.m. in New York, citing a computer malfunction. Stocks continued to change hands on other venues such as the Nasdaq Stock Market and Bats Global Markets.\nA number of cyber security stocks moved sharply higher on the news, though the NYSE has since said that the outage was due to an \"internal technical issue.\"\nhttps://twitter.com/LesliePicker/status/618813988978225152\nOne was Cyberark Software , which provides services meant to protect organizations from cyber attacks.\nImperva provides data security and other services for a number of industries such as energy, financials and the government.\nAVG Technologies is an antivirus and internet security firm that operates worldwide.\nLastly, there is Palo Alto Networks , a security solutions firm that provides firewalls that help prevent data leaks and other threats.\n Finally there is the ISE Cyber Security index , which acts as a benchmark for a bunch of cyber security-related firms.", "external_links": ["https://twitter.com/LesliePicker/status/618813988978225152\\", "http://assets.bwbx.io/images/iJzM8XPNSrFw/v1/460x260.png\\", "http://assets.bwbx.io/images/iRulGEMFG0LQ/v1/460x260.png\\", "https://twitter.com/LesliePicker/status/618813988978225152", "http://assets.bwbx.io/images/ieCVUhliJdPg/v1/460x260.png\\", "http://assets.bwbx.io/images/ikCExY8VHluE/v1/460x260.png\\", "http://assets.bwbx.io/images/ib3tUsqCY6TM/v1/460x260.png\\"], "published": "2015-07-09T00:32:00.000+03:00", "crawled": "2015-07-08T19:34:38.000+03:00", "highlightTitle": ""}