{"organizations": [], "uuid": "f3275a4db1a1ccaafa1b9e4d86160dddc8b48337", "thread": {"social": {"gplus": {"shares": 0}, "pinterest": {"shares": 0}, "vk": {"shares": 0}, "linkedin": {"shares": 0}, "facebook": {"likes": 0, "shares": 0, "comments": 0}, "stumbledupon": {"shares": 0}}, "site_full": "www.reuters.com", "main_image": "", "site_section": "http://www.reuters.com/finance/personal-finance", "section_title": "Wealth, Personal Finance &amp; Money | Reuters.com", "url": "http://www.reuters.com/article/2015/07/08/eurozone-greece-noyer-idUSL8N0ZO0PY20150708", "country": "US", "title": "On Greece, ECB has interpreted rules to maximum - Noyer", "performance_score": 0, "site": "reuters.com", "participants_count": 1, "title_full": "On Greece, ECB has interpreted rules to maximum - Noyer | Reuters", "spam_score": 0.0, "site_type": "news", "published": "2015-07-08T10:54:00.000+03:00", "replies_count": 0, "uuid": "f3275a4db1a1ccaafa1b9e4d86160dddc8b48337"}, "author": "Reuters", "url": "http://www.reuters.com/article/2015/07/08/eurozone-greece-noyer-idUSL8N0ZO0PY20150708", "ord_in_thread": 0, "title": "On Greece, ECB has interpreted rules to maximum - Noyer", "locations": [], "entities": {"persons": [], "locations": [], "organizations": []}, "highlightText": "", "language": "english", "persons": [], "text": "PARIS, July 8 The European Central Bank had already interpreted its own rules \"to the maximum\" to help Greece and would be obliged to cut off liquidity as soon as there was no prospect of a deal, ECB Governing Council member Christian Noyer said on Wednesday.\n\"In the last six months we maintained the lifeline set up for Greek banks and put enormous sums of money on the table,\" Noyer told Europe 1 radio.\n\"Our rules oblige us to stop immediately at that point when there is no prospect of a political accord on a programme, or at the point when the Greek banking system crumbles - which would happen if it enters generalised default on all its debts.\"\nEuro zone members have given Greece until the end of the week to come up with fresh proposals in return for loans that will keep the country from crashing out of Europe's currency bloc.\nAll 28 European Union leaders are due to meet on Sunday. (Reporting by Matthias Blamont; editing by Mark John )", "external_links": [], "published": "2015-07-08T10:54:00.000+03:00", "crawled": "2015-07-08T10:10:50.000+03:00", "highlightTitle": ""}