{"organizations": ["TOP Ships Inc.", "Ecofleet"], "uuid": "4b2b01db36045ffe1171e31fc1ef75a13f20bc26", "thread": {"social": {"gplus": {"shares": 0}, "pinterest": {"shares": 0}, "vk": {"shares": 0}, "linkedin": {"shares": 0}, "facebook": {"likes": 0, "shares": 0, "comments": 0}, "stumbledupon": {"shares": 0}}, "site_full": "au.finance.yahoo.com", "main_image": "https://s.yimg.com/bt/api/res/1.2/6rik6AZwuPGCiADf_9dhPQ--/YXBwaWQ9eW5ld3M7cT03NTt3PTYwMA--/http://l.yimg.com/os/mit/media/m/social/images/social_default_logo-1481777.png", "site_section": "https://au.finance.yahoo.com/news/category-commodities/?format=rss", "section_title": "Commodities Market News - Yahoo!7 Australia Finance", "url": "https://au.finance.yahoo.com/news/top-ships-announces-delivery-third-203000226.html", "country": "US", "title": "TOP Ships Announces Delivery of Third Newbuilding Vessel", "performance_score": 0, "site": "yahoo.com", "participants_count": 0, "title_full": "TOP Ships Announces Delivery of Third Newbuilding Vessel", "spam_score": 0.0, "site_type": "news", "published": "2015-07-22T23:30:00.000+03:00", "replies_count": 0, "uuid": "4b2b01db36045ffe1171e31fc1ef75a13f20bc26"}, "author": "", "url": "https://au.finance.yahoo.com/news/top-ships-announces-delivery-third-203000226.html", "ord_in_thread": 0, "title": "TOP Ships Announces Delivery of Third Newbuilding Vessel", "locations": ["ATHENS", "Greece", "Australia"], "entities": {"persons": [], "locations": [], "organizations": []}, "highlightText": "", "language": "english", "persons": [], "text": "Thu, Jul 23, 2015, 6:45 AM AEST - Australia Markets open in 3 hrs 15 mins TOP Ships Announces Delivery of Third Newbuilding Vessel Press Release : TOP Ships Inc. – 15 minutes ago Recommend 1.13 +0.01 ATHENS, Greece, July 22, 2015 (GLOBE NEWSWIRE) -- TOP Ships Inc. ( TOPS ) (\"Top Ships\" or the \"Company\"), an international owner and operator of modern, fuel efficient \"ECO\" MR tanker vessels focusing on the transportation of petroleum products, announced today that it has taken delivery of the M/T Ecofleet, a 39,000 dwt fuel efficient \"ECO\" MR product tanker, the third of six vessels under construction in the Company's fleet. The company also announced that the M/T Ecofleet has commenced its time charter employment with BP Shipping Limited. \nThe remaining three vessels are scheduled for delivery between the first and the third quarter of 2016. \nEvangelos Pistiolis, President and CEO of Top Ships, stated, \"The newbuilding ECO MR product tanker platform which was formed a little over a year ago is continuing to build up its size and cash flow and in almost a year from today our fleet will be double with 6 vessels in the water. Our business strategy continues to be focused on further expanding our fleet.\" \nAbout TOP Ships Inc. \nTOP Ships Inc. is an international owner and operator of modern, fuel efficient \"ECO\" MR tanker vessels focusing on the transportation of petroleum products. \nFor more information about TOP Ships Inc., visit its website: www.topships.org . \nForward-Looking Statements \nMatters discussed in this press release may constitute forward-looking statements. The Private Securities Litigation Reform Act of 1995 provides safe harbor protections for forward-looking statements in order to encourage companies to provide prospective information about their business. Forward-looking statements include statements concerning plans, objectives, goals, strategies, future events or performance, and underlying assumptions and other statements, which are other than statements of historical facts. \nThe Company desires to take advantage of the safe harbor provisions of the Private Securities Litigation Reform Act of 1995 and is including this cautionary statement in connection with this safe harbor legislation. The words \"believe,\" \"anticipate,\" \"intends,\" \"estimate,\" \"forecast,\" \"project,\" \"plan,\" \"potential,\" \"may,\" \"should,\" \"expect\" \"pending\" and similar expressions identify forward-looking statements. The forward-looking statements in this press release are based upon various assumptions, many of which are based, in turn, upon further assumptions, including without limitation, our management's examination of historical operating trends, data contained in our records and other data available from third parties. Although we believe that these assumptions were reasonable when made, because these assumptions are inherently subject to significant uncertainties and contingencies which are difficult or impossible to predict and are beyond our control, we cannot assure you that we will achieve or accomplish these expectations, beliefs or projections. \nIn addition to these important factors, other important factors that, in our view, could cause actual results to differ materially from those discussed in the forward-looking statements include the strength of world economies and currencies, general market conditions, including fluctuations in charter rates and vessel values, failure of a seller to deliver one or more vessels or of a buyer to accept delivery of one or more vessels, inability to procure acquisition financing, default by one or more charterers of our ships, changes in the demand for crude oil and petroleum products, changes in demand for dry bulk shipping capacity, changes in our operating expenses, including bunker prices, drydocking and insurance costs, the market for our vessels, availability of financing and refinancing, changes in governmental rules and regulations or actions taken by regulatory authorities, potential liability from pending or future litigation, general domestic and international political conditions, potential disruption of shipping routes due to accidents or political events, vessels breakdowns and instances of off-hires and other factors. Please see our filings with the Securities and Exchange Commission for a more complete discussion of these and other risks and uncertainties. Contact:", "external_links": [], "published": "2015-07-22T23:30:00.000+03:00", "crawled": "2015-07-22T23:46:33.669+03:00", "highlightTitle": ""}