{"organizations": [], "uuid": "a89e7019628a2389a579c60eefb374e9306d1778", "thread": {"social": {"gplus": {"shares": 0}, "pinterest": {"shares": 0}, "vk": {"shares": 0}, "linkedin": {"shares": 0}, "facebook": {"likes": 0, "shares": 0, "comments": 0}, "stumbledupon": {"shares": 0}}, "site_full": "www.reuters.com", "main_image": "", "site_section": "http://www.reuters.com/finance/personal-finance", "section_title": "Wealth, Personal Finance &amp; Money | Reuters.com", "url": "http://www.reuters.com/article/2015/07/29/anadarko-petrol-results-mozambique-idUSL1N1091IG20150729", "country": "US", "title": "Anadarko not interested in selling down Mozambique stake -CEO", "performance_score": 0, "site": "reuters.com", "participants_count": 1, "title_full": "Anadarko not interested in selling down Mozambique stake -CEO | Reuters", "spam_score": 0.0, "site_type": "news", "published": "2015-07-29T18:33:00.000+03:00", "replies_count": 0, "uuid": "a89e7019628a2389a579c60eefb374e9306d1778"}, "author": "Reuters", "url": "http://www.reuters.com/article/2015/07/29/anadarko-petrol-results-mozambique-idUSL1N1091IG20150729", "ord_in_thread": 0, "title": "Anadarko not interested in selling down Mozambique stake -CEO", "locations": [], "entities": {"persons": [], "locations": [], "organizations": []}, "highlightText": "", "language": "english", "persons": [], "text": "HOUSTON, July 29 Anadarko Petroleum Corp has no interest in selling down its stake in its planned liquefied natural gas (LNG) project in Mozambique, the company's chief executive said on Wednesday.\nThe Houston company's desire to sell some of its interest in the project \"approaches zero,\" CEO Al Walker told investors on a conference call to discuss second-quarter earnings.\nAnadarko has a 26.5 percent stake in the Area 1 license in the Rovuma Basin offshore Mozambique.\n(Reporting by Anna Driver )", "external_links": [], "published": "2015-07-29T18:33:00.000+03:00", "crawled": "2015-07-29T17:38:49.859+03:00", "highlightTitle": ""}