{"organizations": [], "uuid": "2df630f95b782d383702a09d3749f80f987a8830", "thread": {"social": {"gplus": {"shares": 0}, "pinterest": {"shares": 0}, "vk": {"shares": 0}, "linkedin": {"shares": 0}, "facebook": {"likes": 0, "shares": 0, "comments": 0}, "stumbledupon": {"shares": 0}}, "site_full": "www.telegraph.co.uk", "main_image": "http://i.telegraph.co.uk/multimedia/archive/03390/twitter_3390324k.jpg", "site_section": "http://www.telegraph.co.uk/newsfeed/rss/money_city.xml", "section_title": "Finance - Business news and market updates - Telegraph", "url": "http://www.telegraph.co.uk/finance/newsbysector/mediatechnologyandtelecoms/digital-media/11769405/Twitter-is-too-difficult-to-use-says-finance-chief.html", "country": "CH", "title": "Twitter is 'too difficult to use', says finance chief", "performance_score": 1, "site": "telegraph.co.uk", "participants_count": 1, "title_full": "Twitter is 'too difficult to use', says finance chief", "spam_score": 0.0, "site_type": "news", "published": "2015-07-29T01:52:00.000+03:00", "replies_count": 0, "uuid": "2df630f95b782d383702a09d3749f80f987a8830"}, "author": "AP", "url": "http://www.telegraph.co.uk/finance/newsbysector/mediatechnologyandtelecoms/digital-media/11769405/Twitter-is-too-difficult-to-use-says-finance-chief.html", "ord_in_thread": 0, "title": "Twitter is 'too difficult to use', says finance chief", "locations": [], "entities": {"persons": [], "locations": [], "organizations": []}, "highlightText": "", "language": "english", "persons": [], "text": "Digital Media Twitter is 'too difficult to use', says finance chief Twitter shares drop 10pc as user growth stalls, sparking fears the social network will never reach the audience that Facebook and Google have Twitter had 316m monthly active users in the second quarter, up less than 3pc from the first quarter of this year By AP", "external_links": [], "published": "2015-07-29T01:52:00.000+03:00", "crawled": "2015-07-29T02:28:19.035+03:00", "highlightTitle": ""}