{"organizations": [], "uuid": "460bb4df26a27384b121b947c18ca15c227445c7", "thread": {"social": {"gplus": {"shares": 0}, "pinterest": {"shares": 0}, "vk": {"shares": 0}, "linkedin": {"shares": 0}, "facebook": {"likes": 0, "shares": 0, "comments": 0}, "stumbledupon": {"shares": 0}}, "site_full": "www.prweb.com", "main_image": "http://ww1.prweb.com/prfiles/2015/07/08/12831856/DarrenOglesbySml.jpg", "site_section": "http://www.prweb.com/rss2/finance.xml", "section_title": "Business: Finance", "url": "http://www.prweb.com/releases/MoneyConcepts/IFPC2015/prweb12831856.htm", "country": "US", "title": "Independent Broker Dealer Money Concepts Recognizes Darren Oglesby from Monroe, LA with Worldwide Leader Award during Financial Planning Congress", "performance_score": 0, "site": "prweb.com", "participants_count": 1, "title_full": "Independent Broker Dealer Money Concepts Recognizes Darren Oglesby from Monroe, LA with Worldwide Leader Award during Financial Planning Congress", "spam_score": 0.0, "site_type": "news", "published": "2015-07-09T03:00:00.000+03:00", "replies_count": 0, "uuid": "460bb4df26a27384b121b947c18ca15c227445c7"}, "author": "PRWEB", "url": "http://www.prweb.com/releases/MoneyConcepts/IFPC2015/prweb12831856.htm", "ord_in_thread": 0, "title": "Independent Broker Dealer Money Concepts Recognizes Darren Oglesby from Monroe, LA with Worldwide Leader Award during Financial Planning Congress", "locations": [], "entities": {"persons": [], "locations": [], "organizations": []}, "highlightText": "", "language": "english", "persons": [], "text": "President & CEO Denis Walsh commented \" It is extremely exciting to see Darren grow. He has a passion for helping others and takes an active role in their lives.\" (PRWEB) July 09, 2015\nMoney Concepts International recognized top achievers during their Financial Planning Congress. Darren Oglesby , RFC from Monroe, LA received the Worldwide Leader Award. Darren is President of Oglesby Financial Group and very active in his community with his family. In addition to his personal practice Darren has been guest speaker on debt management, retirement planning, investments and taxation nationally.\nOver the last 35 years, Money Concepts has established a collection of independently owned Best Practices to form turn-key solutions for advisors seeking independence without compromising the support needed to effectively serve their clients.\nPresident & CEO Denis Walsh commented, \"It is extremely exciting to see Darren grow. He has a passion for helping his clients and takes an active role in their lives.\"\nAbout Money Concepts®:\nMoney Concepts Capital Corp. is a privately owned independent broker-dealer and dually registered as a Registered Investment Advisor based in Palm Beach Gardens, FL. Established in 1979, and its parent company Money Concepts International, Inc. has a network of approximately 700 financial professional’s centers nationwide.\nIn addition to serving independent advisors, Money Concepts® provides turn-key wealth management services for community banks, credit unions and tax professionals. Money Concepts® advisors provide holistic planning and offer a full array of non-proprietary products and services including advisory and alternative investment services.\nAll Securities Offered Through Money Concepts Capital Corp. | Member FINRA / SIPC\nMoney Concepts Advisory Service is a Registered Investment Advisor with the SEC\nAll Non Securities and Non Advisory Products through Money Concepts International, Inc.11440 North Jog Road, Palm Beach Gardens, FL 33418. 561-472-2000.\nFor more information visit http://www.MoneyConcepts.com/Advisor and follow us on Facebook , LinkedIn and Twitter .", "external_links": ["http://www.prweb.net/Redirect.aspx?id=aHR0cDovL3d3dy5saW5rZWRpbi5jb20vY29tcGFueS9tb25leS1jb25jZXB0cw==", "http://www.prweb.net/Redirect.aspx?id=aHR0cDovL3d3dy5Nb25leUNvbmNlcHRzLmNvbS9BZHZpc29y", "http://t2489077.omkt.co/track.aspx?id=402|25FAF5|D89A|0|7B3|0|3AA|1|70E0B7E2&destination=http%3a%2f%2fwww.moneyconcepts.com%2fdoglesby&dchk=70EEEB24", "http://t2489077.omkt.co/track.aspx?id=402|25FAF5|D89A|0|7B3|0|3AB|1|70E0B7E2&destination=http%3a%2f%2fwww.MoneyConcepts.com%2fAdvisor&dchk=3C00712B", "http://t2489077.omkt.co/track.aspx?id=402|25FAF5|D89A|0|7B3|0|3AC|1|70E0B7E2&destination=https%3a%2f%2fwww.facebook.com%2fMoneyConcepts&dchk=23EF37EF", "http://t2489077.omkt.co/track.aspx?id=402|25FAF5|D89A|0|7B3|0|3AD|1|70E0B7E2&destination=http%3a%2f%2fwww.linkedin.com%2fcompany%2fmoney-concepts&dchk=61C25280", "http://www.MoneyConcepts.com/Advisor", "http://www.prweb.net/Redirect.aspx?id=aHR0cDovL3d3dy5tb25leWNvbmNlcHRzLmNvbS9kb2dsZXNieQ==", "http://www.prweb.net/Redirect.aspx?id=aHR0cHM6Ly90d2l0dGVyLmNvbS9Nb25leUNvbmNlcHRz", "http://www.prweb.net/Redirect.aspx?id=aHR0cHM6Ly93d3cuZmFjZWJvb2suY29tL01vbmV5Q29uY2VwdHM=", "http://t2489077.omkt.co/track.aspx?id=402|25FAF5|D89A|0|7B3|0|3AE|1|70E0B7E2&destination=https%3a%2f%2ftwitter.com%2fMoneyConcepts&dchk=69F4E6B4"], "published": "2015-07-09T03:00:00.000+03:00", "crawled": "2015-07-09T13:08:21.000+03:00", "highlightTitle": ""}