{"organizations": [], "uuid": "920b828e05819e7f492d795ae3553e7b90a06a23", "thread": {"social": {"gplus": {"shares": 0}, "pinterest": {"shares": 0}, "vk": {"shares": 0}, "linkedin": {"shares": 0}, "facebook": {"likes": 0, "shares": 0, "comments": 0}, "stumbledupon": {"shares": 0}}, "site_full": "www.reuters.com", "main_image": "", "site_section": "http://www.reuters.com/finance/personal-finance", "section_title": "Wealth, Personal Finance &amp; Money | Reuters.com", "url": "http://www.reuters.com/article/2015/07/14/china-economy-loans-idUSB9N0ZK00B20150714", "country": "US", "title": "China's June bank lending quickens, beating expectations", "performance_score": 0, "site": "reuters.com", "participants_count": 1, "title_full": "China's June bank lending quickens, beating expectations | Reuters", "spam_score": 0.0, "site_type": "news", "published": "2015-07-14T06:27:00.000+03:00", "replies_count": 0, "uuid": "920b828e05819e7f492d795ae3553e7b90a06a23"}, "author": "Reuters", "url": "http://www.reuters.com/article/2015/07/14/china-economy-loans-idUSB9N0ZK00B20150714", "ord_in_thread": 0, "title": "China's June bank lending quickens, beating expectations", "locations": [], "entities": {"persons": [], "locations": [], "organizations": []}, "highlightText": "", "language": "english", "persons": [], "text": "BEIJING, July 14 China's banks made 1.27 trillion yuan ($204.57 billion) worth of new loans in June, according to Reuters calculations based on fresh central bank data, handily beating market expectations, while broad money supply growth quickened last month.\nThe central bank said the broad M2 money supply (M2) grew at 11.8 percent, beating forecasts.\nOutstanding yuan loans grew at 13.4 percent by month-end, the bank said.\nEconomists polled by Reuters had expected new local-currency loans of 1.05 trillion yuan in June, compared with 900.8 billion yuan in May, a rise of 14 percent, and predicted the money supply would rise by 11 percent.\nThe central bank did not issue June new loans data at the same time as the other credit numbers.\nTotal social financing (TSF), a broader measure of overall liquidity in the economy, was 1.86 trillion yuan in June, compared with 1.22 trillion yuan in May.\nMeanwhile, China's foreign exchange reserves, the world's largest, stood at $3.69 trillion at the end of June, compared with $3.73 trillion at the end of March, the central bank said. The total has declined for four consecutive quarters.\nIn order to support the economy, China's central bank cut its lending rates for the fourth time in seven months in June, and lowered the amount of cash that some banks must keep as reserves. ($1 = 6.2080 Chinese yuan) (Reporting by Winni Zhou and Kevin Yao; Editing by Richard Borsuk)", "external_links": [], "published": "2015-07-14T06:27:00.000+03:00", "crawled": "2015-07-14T05:50:06.000+03:00", "highlightTitle": ""}