{"organizations": [], "uuid": "0591ab8ccf4972bbcde861b78d67ebabd07fd5ee", "thread": {"social": {"gplus": {"shares": 0}, "pinterest": {"shares": 0}, "vk": {"shares": 0}, "linkedin": {"shares": 0}, "facebook": {"likes": 0, "shares": 0, "comments": 0}, "stumbledupon": {"shares": 0}}, "site_full": "www.canberratimes.com.au", "main_image": "http://www.canberratimes.com.au/content/dam/images/g/i/l/x/f/4/image.related.socialLead.620x349.gilxck.png/1438048882677.jpg", "site_section": "http://www.canberratimes.com.au/business", "section_title": "Business News, Economy, Finance &amp; ASX Market News", "url": "http://www.canberratimes.com.au/business/developers-target-suburban-strip-shops-20150728-gilxck.html", "country": "AU", "title": "Developers target suburban strip shops", "performance_score": 0, "site": "canberratimes.com.au", "participants_count": 1, "title_full": "Developers target suburban strip shops", "spam_score": 0.0, "site_type": "news", "published": "2015-07-28T10:01:00.000+03:00", "replies_count": 0, "uuid": "0591ab8ccf4972bbcde861b78d67ebabd07fd5ee"}, "author": "canberratimes.com.au", "url": "http://www.canberratimes.com.au/business/developers-target-suburban-strip-shops-20150728-gilxck.html", "ord_in_thread": 0, "title": "Developers target suburban strip shops", "locations": [], "entities": {"persons": [], "locations": [], "organizations": []}, "highlightText": "", "language": "english", "persons": [], "text": "Crowds at the auction of 237-239 High Street in Ashburton. Photo: Supplied\nSALES\nAshburton\nAn Asian hot-pot eaterie will target student diners in Hardware Lane. Photo: Supplied\nAbout 100 people watched a local developer bid $3.22 million for a shop at 237-239 High Street that had residential development potential. Teska Carson's Michael Ludski​ and Andrew Thorburn said several bidders push the price well past the reserve. The two-level, 194-square-metre double-fronted building had a substantial ground-floor retail space. Mr Ludski said the buyer expected to lease out the property in the medium term before getting approval for a multi-level residential development.\nHighett\nAn investor snapped up a freehold warehouse in tightly-held Advantage Road. The well-attended auction saw five bidders vie for the property on 850 square metres at number 21, Axis Property's Matt Brown and Daniel Liberman said. The warehouse sold for $1.1 million, about $150,000 above the reserve, they said.\nDandenong\nJohn Guastella​ from Cameron Industrial Commercial has negotiated the sale of 55-61 Villas Road, a 4,561-square-metre factory, for $5.5 million. Mr Guastella was retained by the purchaser to negotiate the acquisition of the property.\nHawthorn\nA double-storey brick Tudor-style shop, at 529 Glenferrie Road, in a row of similar stores, has sold to a Chinese investor on a tight 4.22 per cent yield. The downstairs space was leased to Exterior Imports on a three-year arrangement. The freehold sold for $1.05 million or a rate of $9,130 per square metre, said Colliers International's Damien Stone. \"The property transacted at an extremely strong 4.22 per cent yield given its secondary retail location,\" he said.\nBrooklyn\nA two-year leaseback arrangement with Roberts Transport helped a Sydney-based investor seal the deal for a large industrial freehold at 463 Somerville Road. Colliers International's Nick Saunders and Tom Davis negotiate the sale of the 20,000-square-metre site in conjunction with Industrial Property Consultant. It changed hands for $4.15 million.\nLEASES\nCBD\nHospitality operator Ben Luo, who owns Cafe and Roaster, has leased 254 square metres at 385 Little Lonsdale on the corner of Hardware Street at $250,000 a year on a 10-year term with five months rent free and no capital incentive or landlord works. Mr Luo's latest venue will be an Asian hot pot venue popular with the area's growing student population. CBRE's Samantha Hunt said Hardware Lane was undergoing a resurgence as the hospitality scene's focus shifted from the once-dominant Flinders Lane.\nPort Melbourne\nThe Construction, Forestry, Mining and Energy Union's stoush with Tony Abbott's royal commission hasn't stopped it leasing a new training facility for its workers with fantastic water views at 262 Lorimer Street. The union took 407 square metres on level two on a rate of about $300 a square metre net within the Rathbone Wine Group's headquarters in a deal negotiated by Butera & Company's Robert Butera​. The fully-fitted office had high glass partitions, work stations, boardroom, kitchen and reception area. Other prominent names within the building include Rathbone Wine Group, Nelson Wines and Billabong.\nMelbourne\nGlobal fashion trend forecasting company WGSN will relocate from Grey Street in St Kilda to VALAD Property Group's 636 St Kilda Road. Colliers International's Matt Cosgrave said WGSN took 210 square metres at net face rent of $315 a square metre on a four-year lease. \"The tenant was looking to upgrade to a more corporate office and the refurbished space on Level 3 at 636 was ideally suited,\" he said.\nCheltenham\nKitchen and vanity benchtop supplier, Unique Stone Benchtops, has taken a lease at 2 Kylie Place. The 950-square-metre office/warehouse includes 150 square metres of office space over two levels and a warehouse fit-out suited to a stone mason with a five-tonne crane. Savills Australia's Chris Telley​ and Gareth Jackson said the property was leased on a five-year term at a rent of about $78,000 a year net.\nMOVERS\nArchitects Rothelowman has appointed as a principal with the firm. Mr Marsland has more than 20 years experience in the industry and has been with the Rothelowman for the past eight years.\nSubmissions to sjohanson@fairfaxmedia.com.au", "external_links": [], "published": "2015-07-28T10:01:00.000+03:00", "crawled": "2015-07-29T14:38:50.899+03:00", "highlightTitle": ""}