{"organizations": [], "uuid": "ec41c2f4ebda6f0284d6275f8985cbf4d1932015", "thread": {"social": {"gplus": {"shares": 0}, "pinterest": {"shares": 0}, "vk": {"shares": 0}, "linkedin": {"shares": 0}, "facebook": {"likes": 0, "shares": 0, "comments": 0}, "stumbledupon": {"shares": 0}}, "site_full": "www.reuters.com", "main_image": "", "site_section": "http://www.reuters.com/finance/personal-finance", "section_title": "Wealth, Personal Finance &amp; Money | Reuters.com", "url": "http://www.reuters.com/article/2015/07/28/britain-grocers-kantar-idUSL5N1081XL20150728", "country": "US", "title": "UK's 'big four' grocers lose more ground to discounters - Kantar", "performance_score": 0, "site": "reuters.com", "participants_count": 1, "title_full": "UK's 'big four' grocers lose more ground to discounters - Kantar | Reuters", "spam_score": 0.0, "site_type": "news", "published": "2015-07-28T13:05:00.000+03:00", "replies_count": 0, "uuid": "ec41c2f4ebda6f0284d6275f8985cbf4d1932015"}, "author": "Reuters", "url": "http://www.reuters.com/article/2015/07/28/britain-grocers-kantar-idUSL5N1081XL20150728", "ord_in_thread": 0, "title": "UK's 'big four' grocers lose more ground to discounters - Kantar", "locations": [], "entities": {"persons": [], "locations": [], "organizations": []}, "highlightText": "", "language": "english", "persons": [], "text": "LONDON, July 28 All of Britain's so-called \"big four\" supermarkets saw sales fall over the last 12 weeks in an overall market that grew marginally, with discounters continuing to take share from their bigger rivals, industry data showed on Tuesday.\nKantar Worldpanel said Asda, the British arm of U.S. retailer Wal-Mart, suffered the biggest sales fall over the 12 weeks to July 19 with a decline of 2.7 percent.\nThat meant Sainsbury's regained its No. 2 status with a market share of 16.5 percent compared with Asda's 16.4 percent, even though its sales fell 0.3 percent in the period.\nMarket leader Tesco's sales declined 0.6 percent, while No. 4 player Morrisons' fell 0.1 percent.\nIn contrast, discounters Aldi and Lidl posted sales growth of 16.6 percent and 11.3 percent respectively, taking their market shares up to 5.6 percent and 4.0 percent.\nOverall grocery sales increased by 0.8 percent over the 12 weeks compared with a year ago, while grocery deflation was 1.6 percent.\n(Reporting by James Davey )", "external_links": [], "published": "2015-07-28T13:05:00.000+03:00", "crawled": "2015-07-28T12:32:09.005+03:00", "highlightTitle": ""}