{"organizations": [], "uuid": "d7cf3d21637ecc6200d7f0a48ac1ba1840ec9f33", "thread": {"social": {"gplus": {"shares": 0}, "pinterest": {"shares": 0}, "vk": {"shares": 0}, "linkedin": {"shares": 0}, "facebook": {"likes": 0, "shares": 0, "comments": 0}, "stumbledupon": {"shares": 0}}, "site_full": "business-news.thestreet.com", "main_image": "", "site_section": "http://business-news.thestreet.com/ile-camera/rss/627", "section_title": "Ile Camera : Personal Finance", "url": "http://business-news.thestreet.com/ile-camera/story/ed-says-debt-collection-a-no-go-on-defaulted-corinthian-loans-for-now/13219478", "country": "US", "title": "ED Says Debt Collection a No Go on Defaulted Corinthian Loans--For Now", "performance_score": 0, "site": "thestreet.com", "participants_count": 0, "title_full": "ED Says Debt Collection a No Go on Defaulted Corinthian Loans--For Now", "spam_score": 0.0, "site_type": "news", "published": "2015-07-15T17:20:00.000+03:00", "replies_count": 0, "uuid": "d7cf3d21637ecc6200d7f0a48ac1ba1840ec9f33"}, "author": "", "url": "http://business-news.thestreet.com/ile-camera/story/ed-says-debt-collection-a-no-go-on-defaulted-corinthian-loans-for-now/13219478", "ord_in_thread": 0, "title": "ED Says Debt Collection a No Go on Defaulted Corinthian Loans--For Now", "locations": [], "entities": {"persons": [], "locations": [], "organizations": []}, "highlightText": "", "language": "english", "persons": ["John Sandman"], "text": "ED Says Debt Collection a No Go on Defaulted Corinthian Loans--For Now Written by: John Sandman 07/15/15 - 10:20 AM EDT \nNEW YORK ( MainStreet ) — The Department of Education (ED) agreed last week to stand down on any legal action against former Corinthian College students who defaulted on their student loans--at least for now. Debt collection is expected to be suspended for at least 120 days. \nSome 40,000 former students are believed to have defaulted on Corinthian loans to the tune of $3.5 billion. \nThe for-profit college filed for bankruptcy in May . Soon afterward, ED unveiled a plan under which tens of thousands of former Corinthian students could seek relief from paying off their federal student loans. It's not clear what, if any, workout is being contemplated on the loan balances or if ED is starting from scratch on a new solution. It’s also not clear whether interest will accrue during the 120 payment moratorium if the loans go back into active collection. More Headlines For-Profit Schools in the Top 10 for Grad Student Debt \nThe drumbeat for loan relief has grown louder since Corinthian abruptly closed its 30 remaining campuses in April, having sold some 56 of them earlier in the year to ECMC Group, the Minnesota-based student loan debt collector. Job placement numbers at Corinthian's Heald Colleges, the litmus test for the viability of career or trade school, were deemed by ED to be unreliable--and extremely low. \n\"The Department recently determined that by misrepresenting job placement rates to students at its Heald College campuses, Corinthian committed severe violations of Federal law,\" said Robyn Smith, an attorney with the National Consumer Law Center in a statement. \"In light of these findings and those of state attorneys general, the Higher Education Act clearly authorizes the Department to cancel the Federal loans of Corinthian borrowers. Any claim that the Education Department lacks the power to automatically cancel loans based on this evidence is just plain wrong.\" \nA spokesman for the Department of Education could not be reached for comment. Meanwhile, ED has, for the time being, bowed to pressure from a tiny number of well-organized students.", "external_links": [], "published": "2015-07-15T17:20:00.000+03:00", "crawled": "2015-07-15T17:40:58.000+03:00", "highlightTitle": ""}