{"organizations": [], "uuid": "f3737727fb3badc58813a5eb07b384a7730c51e0", "thread": {"social": {"gplus": {"shares": 0}, "pinterest": {"shares": 0}, "vk": {"shares": 0}, "linkedin": {"shares": 0}, "facebook": {"likes": 0, "shares": 0, "comments": 0}, "stumbledupon": {"shares": 0}}, "site_full": "au.finance.yahoo.com", "main_image": "https://s.yimg.com/bt/api/res/1.2/6rik6AZwuPGCiADf_9dhPQ--/YXBwaWQ9eW5ld3M7cT03NTt3PTYwMA--/http://l.yimg.com/os/mit/media/m/social/images/social_default_logo-1481777.png", "site_section": "https://au.finance.yahoo.com/news/topic-top-stories/?format=rss", "section_title": "Australian Business & World Finance News - Yahoo!7 Finance", "url": "https://au.finance.yahoo.com/news/hockey-foot-most-legal-bill-173146941.html", "country": "GB", "title": "Hockey to foot most of his legal bill", "performance_score": 0, "site": "yahoo.com", "participants_count": 0, "title_full": "Hockey to foot most of his legal bill", "spam_score": 0.0, "site_type": "news", "published": "2015-07-22T20:31:00.000+03:00", "replies_count": 0, "uuid": "f3737727fb3badc58813a5eb07b384a7730c51e0"}, "author": "", "url": "https://au.finance.yahoo.com/news/hockey-foot-most-legal-bill-173146941.html", "ord_in_thread": 0, "title": "Hockey to foot most of his legal bill", "locations": ["Australia"], "entities": {"persons": [], "locations": [], "organizations": []}, "highlightText": "", "language": "english", "persons": [], "text": "Thu, Jul 23, 2015, 3:51 AM AEST - Australia Markets open in 6 hrs 9 mins Hockey to foot most of his legal bill AAP – 19 minutes ago Print \nTreasurer Joe Hockey will have to pay 85 per cent of his hefty legal costs in his defamation case against Fairfax. \nMr Hockey was awarded $200,000 for defamation last month but his legal bill will leave him with a blow-hut of hundreds of thousands of dollars. \nThe Federal Court ruled Fairfax defamed Mr Hockey when it splashed the words \"Treasurer for Sale\" across a Sydney Morning Herald promotional poster and two tweets from The Age. \nBut the court dismissed the rest of Mr Hockey's claims that the articles defamed him. \nOn Wednesday, Justice Richard White delivered Mr Hockey a blow when his costs order fell well short of the 95 per cent he was chasing. \nInstead, the publisher will pay only 15 per cent of the treasurer's costs. \nThe combined total bill exceeds $1 million, Fairfax Media reported, leaving Mr Hockey with a substantial share to pay. \nBut Mr Hockey says he has no regrets about taking the action. \nHe said he took the action to \"stand up to malicious people\". \n\"Whilst the cost of this action has been considerable for me, my family and friends, it has been far greater for Fairfax Media,\" he said in a statement. \n\"They are clearly not `Independent. Always'.\" \nThe comments come after Fairfax's barrister Sandy Dawson told the Federal Court earlier this month the case \"was an unmitigated disaster for Mr Hockey and a costs order should reflect that\". @y7finance on Twitter, become a fan on Facebook", "external_links": [], "published": "2015-07-22T20:31:00.000+03:00", "crawled": "2015-07-22T20:52:05.726+03:00", "highlightTitle": ""}