{"organizations": [], "uuid": "b206ea3d6c67ad11c887d3bafd4409d9c5fe452e", "thread": {"social": {"gplus": {"shares": 0}, "pinterest": {"shares": 0}, "vk": {"shares": 0}, "linkedin": {"shares": 0}, "facebook": {"likes": 0, "shares": 0, "comments": 0}, "stumbledupon": {"shares": 0}}, "site_full": "www.reuters.com", "main_image": "", "site_section": "http://www.reuters.com/finance/personal-finance", "section_title": "Wealth, Personal Finance &amp; Money | Reuters.com", "url": "http://www.reuters.com/article/2015/07/11/eurozone-greece-highlights-idUSL8N0ZR0C320150711", "country": "US", "title": "HIGHLIGHTS-Euro zone finance minister comments on Greece", "performance_score": 0, "site": "reuters.com", "participants_count": 1, "title_full": "HIGHLIGHTS-Euro zone finance minister comments on Greece | Reuters", "spam_score": 0.0, "site_type": "news", "published": "2015-07-11T15:29:00.000+03:00", "replies_count": 0, "uuid": "b206ea3d6c67ad11c887d3bafd4409d9c5fe452e"}, "author": "Reuters", "url": "http://www.reuters.com/article/2015/07/11/eurozone-greece-highlights-idUSL8N0ZR0C320150711", "ord_in_thread": 0, "title": "HIGHLIGHTS-Euro zone finance minister comments on Greece", "locations": [], "entities": {"persons": [], "locations": [], "organizations": []}, "highlightText": "", "language": "english", "persons": [], "text": "BRUSSELS, July 11 Greek Prime Minister Alexis Tsipras won backing from lawmakers on Saturday for painful reforms but it remained unclear whether it would be enough to secure a bailout from German and other euro zone ministers meeting in Brussels.\nThe following are comments from the euro zone finance minister and others attending the Eurogroup meeting:\nIMF DIRECTOR GENERAL CHRISTINE LAGARDE\n\"I think we are here to make a lot more progress.\"\nEUROPEAN ECONOMIC AFFAIRS COMMISSIONER PIERRE MOSCOVICI\n\"Since the start, the European Commission had the objective, that of the integrity of the euro. It was to keep a reformed Greece in the euro zone.\"\n\"I note that the Greek government has made significant gestures.\"\n\"We (the creditors) have said the Greek reform programme could constitute a basis for a new programme.\"\n\"Our general sentiment is that there need to be reforms, solid reforms, reforms appropriate to the Greek authorities and reforms that are implemented as soon as possible.\"\n(Reporting by Robert-Jan Bartunek, Philip Blenkinsop , Marine Hass, Alastair Macdonald , Alexander Saeedy, Foo Yun Chee , Tom Koerkemeier, Miranda Alexander-Webber)", "external_links": [], "published": "2015-07-11T15:29:00.000+03:00", "crawled": "2015-07-11T14:48:10.000+03:00", "highlightTitle": ""}