{"organizations": [], "uuid": "2cb44634e5bb95f389ad4ef998dae704fee03eff", "thread": {"social": {"gplus": {"shares": 0}, "pinterest": {"shares": 0}, "vk": {"shares": 0}, "linkedin": {"shares": 0}, "facebook": {"likes": 0, "shares": 0, "comments": 0}, "stumbledupon": {"shares": 0}}, "site_full": "www.kwikautofinance.com", "main_image": "http://images.dealercarsearch.com/Media/3034/5804213/635722242231092594.jpg", "site_section": "http://kwikautofinance.com/RssFeed.aspx?gid=7f139a01-7953-4fcc-bec7-71c8e2a6b83b", "section_title": "Kwik Auto Finance Inventory Feed", "url": "http://www.kwikautofinance.com/2006-Ford-Freestar/Used-VanMinivan/KANSASCITY-MO/5804213/Details.aspx", "country": "US", "title": "Used 2006 Ford Freestar SE in KANSAS CITY, MO 64133 for sale at Kwik Auto Finance", "performance_score": 0, "site": "kwikautofinance.com", "participants_count": 0, "title_full": "Used 2006 Ford Freestar SE in KANSAS CITY, MO 64133 for sale at Kwik Auto Finance", "spam_score": 0.0, "site_type": "news", "published": "2015-07-12T00:03:00.000+03:00", "replies_count": 0, "uuid": "2cb44634e5bb95f389ad4ef998dae704fee03eff"}, "author": "", "url": "http://www.kwikautofinance.com/2006-Ford-Freestar/Used-VanMinivan/KANSASCITY-MO/5804213/Details.aspx", "ord_in_thread": 0, "title": "Used 2006 Ford Freestar SE in KANSAS CITY, MO 64133 for sale at Kwik Auto Finance", "locations": ["KANSAS CITY"], "entities": {"persons": [], "locations": [], "organizations": []}, "highlightText": "", "language": "english", "persons": [], "text": "2006 Ford Freestar SE   2006 Ford Freestar SE \nYear: 2006", "external_links": [], "published": "2015-07-12T00:03:00.000+03:00", "crawled": "2015-07-12T06:19:46.000+03:00", "highlightTitle": ""}