{"organizations": [], "uuid": "9091563727ee975801e90e05c2272b76c43a584d", "thread": {"social": {"gplus": {"shares": 0}, "pinterest": {"shares": 0}, "vk": {"shares": 0}, "linkedin": {"shares": 0}, "facebook": {"likes": 0, "shares": 0, "comments": 0}, "stumbledupon": {"shares": 0}}, "site_full": "www.prweb.com", "main_image": "http://ww1.prweb.com/prfiles/2015/07/08/12834844/Financial Planner of the Year.jpg", "site_section": "http://www.prweb.com/rss2/finance.xml", "section_title": "Business: Finance", "url": "http://www.prweb.com/releases/MoneyConcepts/IFPC2015/prweb12834844.htm", "country": "US", "title": "Independent Broker Dealer Money Concepts recognizes Financial Planner of the Year to Top Performers Darren Oglesby, Chris Passero and Rock Tranel during Awards Gala.", "performance_score": 0, "site": "prweb.com", "participants_count": 1, "title_full": "Independent Broker Dealer Money Concepts recognizes Financial Planner of the Year to Top Performers Darren Oglesby, Chris Passero and Rock Tranel during Awards Gala.", "spam_score": 0.0, "site_type": "news", "published": "2015-07-10T03:00:00.000+03:00", "replies_count": 0, "uuid": "9091563727ee975801e90e05c2272b76c43a584d"}, "author": "PRWEB", "url": "http://www.prweb.com/releases/MoneyConcepts/IFPC2015/prweb12834844.htm", "ord_in_thread": 0, "title": "Independent Broker Dealer Money Concepts recognizes Financial Planner of the Year to Top Performers Darren Oglesby, Chris Passero and Rock Tranel during Awards Gala.", "locations": [], "entities": {"persons": [], "locations": [], "organizations": []}, "highlightText": "", "language": "english", "persons": [], "text": "\"These are extraordinary leaders dedicated to serving their clients and helping others.\" Denis Walsh President & CEO (PRWEB) July 10, 2015\nWealth Management and Financial Planning firm Money Concepts presented top awards to Financial Planner of Year recipients during their recent Financial Planning Congress. Highest honors went to Darren Oglesby , Chris Passero and Roch Tranel .\nIn addition recognizing these top independent performers in the area of production the Planner of the Year Award honors the overall service levels these advisors provide to their clients. Emphasis is given to client retention, satisfaction, and focus on education within the financial services industry.\nPresident & CEO Denis Walsh stated, \"These are extraordinary leaders dedicated to serving their clients and are committed to helping others achieve more. They each have built their own business focused on delivering high standards of results and service.\"\nOver the last 35 years, Money Concepts has established a collection of independently owned Best Practices to form turn-key solutions for advisors seeking independence without compromising the support needed to effectively serve their clients.\nGOLD FINANCIAL PLANNER OF THE YEAR: DARREN OGLESBY, RFC®;\nSILVER FINANCIAL PLANNER OF THE YEAR: CHRISTOPHER PASSERO, CPA, MA;\nBRONZE FINANCIAL PLANNER OF THE YEAR: ROCH R. TRANEL, CFP®.\nAbout Money Concepts®:\nMoney Concepts Capital Corp. is a privately owned independent broker-dealer and dually registered as a Registered Investment Advisor based in Palm Beach Gardens, FL. Established in 1979, and its parent company Money Concepts International, Inc. has a network of approximately 700 financial professional’s centers nationwide.\nIn addition to serving independent advisors, Money Concepts® provides turn-key wealth management services for community banks, credit unions and tax professionals. Money Concepts® advisors provide holistic planning and offer a full array of non-proprietary products and services including advisory and alternative investment services.\nAll Securities Offered Through Money Concepts Capital Corp. | Member FINRA/SIPC.\nMoney Concepts Advisory Service is a Registered Investment Advisor with the SEC\nAll Non Securities and Non Advisory Products through Money Concepts International, Inc.11440 North Jog Road, Palm Beach Gardens, FL 33418. 561-472-2000.\nFor more information visit http://www.MoneyConcepts.com/Advisor and follow us on Facebook , LinkedIn and Twitter.", "external_links": ["http://www.prweb.net/Redirect.aspx?id=aHR0cDovL3d3dy5saW5rZWRpbi5jb20vY29tcGFueS9tb25leS1jb25jZXB0cw==", "http://www.prweb.net/Redirect.aspx?id=aHR0cHM6Ly93d3cuZmFjZWJvb2suY29tL01vbmV5Q29uY2VwdHM=", "http://www.prweb.net/Redirect.aspx?id=aHR0cDovL3d3dy5tb25leWNvbmNlcHRzLmNvbS9ydHJhbmVs", "http://t2489077.omkt.co/track.aspx?id=402|25FAF5|D89A|0|7B5|0|3BD|1|3EF04E95&destination=http%3a%2f%2fwww.linkedin.com%2fcompany%2fmoney-concepts&dchk=61C25286", "http://www.prweb.net/Redirect.aspx?id=aHR0cDovL3d3dy5tb25leWNvbmNlcHRzLmNvbS9jcGFzc2Vybw==", "http://t2489077.omkt.co/track.aspx?id=402|25FAF5|D89A|0|7B5|0|3BA|1|3EF04E95&destination=http%3a%2f%2fwww.moneyconcepts.com%2frtranel&dchk=2125C0F3", "http://t2489077.omkt.co/track.aspx?id=402|25FAF5|D89A|0|7B5|0|3B8|1|3EF04E95&destination=http%3a%2f%2fwww.moneyconcepts.com%2fdoglesby&dchk=70EEEB22", "http://www.MoneyConcepts.com/Advisor", "http://www.moneyconcepts.com/advisor", "http://t2489077.omkt.co/track.aspx?id=402|25FAF5|D89A|0|7B5|0|3BC|1|3EF04E95&destination=https%3a%2f%2fwww.facebook.com%2fMoneyConcepts&dchk=23EF37E9", "http://www.prweb.net/Redirect.aspx?id=aHR0cDovL3d3dy5tb25leWNvbmNlcHRzLmNvbS9kb2dsZXNieQ==", "http://www.prweb.net/Redirect.aspx?id=aHR0cDovL3d3dy5tb25leWNvbmNlcHRzLmNvbS9hZHZpc29y", "http://t2489077.omkt.co/track.aspx?id=402|25FAF5|D89A|0|7B5|0|3BB|1|3EF04E95&destination=http%3a%2f%2fwww.moneyconcepts.com%2fadvisor&dchk=6F353984", "http://t2489077.omkt.co/track.aspx?id=402|25FAF5|D89A|0|7B5|0|3B9|1|3EF04E95&destination=http%3a%2f%2fwww.moneyconcepts.com%2fcpassero&dchk=42E09AC"], "published": "2015-07-10T03:00:00.000+03:00", "crawled": "2015-07-10T16:25:12.000+03:00", "highlightTitle": ""}