{"organizations": [], "uuid": "49508baa9ec5b68c2136b35bd42f555efc3a7980", "thread": {"social": {"gplus": {"shares": 0}, "pinterest": {"shares": 0}, "vk": {"shares": 0}, "linkedin": {"shares": 0}, "facebook": {"likes": 0, "shares": 0, "comments": 0}, "stumbledupon": {"shares": 0}}, "site_full": "money.cnn.com", "main_image": "http://i2.cdn.turner.com/money/dam/assets/150707150241-credit-card-bill-statement-620xa.jpg", "site_section": "http://rss.cnn.com/rss/money_pf.rss", "section_title": "Personal finance news - CNNMoney.com", "url": "http://money.cnn.com/2015/07/07/pf/credit-card-debt-relief-scam/index.html", "country": "US", "title": "Government shuts down debt relief scam", "performance_score": 0, "site": "cnn.com", "participants_count": 0, "title_full": "Government shuts down debt relief scam", "spam_score": 0.0, "site_type": "news", "published": "2015-07-08T00:07:00.000+03:00", "replies_count": 0, "uuid": "49508baa9ec5b68c2136b35bd42f555efc3a7980"}, "author": "", "url": "http://money.cnn.com/2015/07/07/pf/credit-card-debt-relief-scam/index.html", "ord_in_thread": 0, "title": "Government shuts down debt relief scam", "locations": [], "entities": {"persons": [], "locations": [], "organizations": []}, "highlightText": "", "language": "english", "persons": ["Kathryn Vasel"], "text": "Government shuts down debt relief scam By Kathryn Vasel @KathrynVasel If credit card debt relief sounds too good to be true, it probably is. \nA federal court has halted a nationwide debt relief telemarketing operation that the Federal Trade Commission and Florida's attorney general's office claimswindled millions of dollars from debt-laden consumers. \nAccording to the complaint, the scammers called consumers with credit card debt and claimed to be able to negotiate with their credit card companies to lower their interest rates and save them thousands. \nMoney Essentials: Your guide to paying off debt \nThe complaint says the telemarketersoperated under various fake business namesand would sometimes claim to be affiliated with an individual's lender, provided a license or badge number and told consumers they already knew how much debt the person carried. \nConsumers were charged upfront fees during the call, ranging from around $500 to $1,500, they could save money by having their interest rates lowered, according to the FTC. \n\"Defendants rarely, if ever, provide the interest rate reductions and savings that they promise to consumers,\" the complaint said. \nRelated: Go inside the secret world of government debt collection \nThe FTC claims the callers falsely pledged to return the fee if they weren't able to secure a lower rate or savings, and that the scam has been going on since January 2013. \nAccording to the FTC, most credit card companies do not typically negotiate interest rates or work with third parties on consumers' accounts. \nThe complaint says the scam was carried out under many fictitious business names, including Applied Budgeting, Competitive Budgeting, Decisive Budgeting, Less Costly Living and Your Next Financial Step.", "external_links": [], "published": "2015-07-08T00:07:00.000+03:00", "crawled": "2015-07-08T01:34:06.000+03:00", "highlightTitle": ""}