{"organizations": [], "uuid": "fb4d68250aa7a82c64f785748433a97f11233795", "thread": {"social": {"gplus": {"shares": 0}, "pinterest": {"shares": 0}, "vk": {"shares": 0}, "linkedin": {"shares": 0}, "facebook": {"likes": 0, "shares": 0, "comments": 0}, "stumbledupon": {"shares": 0}}, "site_full": "www.reuters.com", "main_image": "", "site_section": "http://www.reuters.com/finance/personal-finance", "section_title": "Wealth, Personal Finance &amp; Money | Reuters.com", "url": "http://www.reuters.com/article/2015/07/07/markets-stocks-usa-idUSL1N0ZN2FU20150707", "country": "US", "title": "US STOCKS-Wall Street ends stronger after volatile session", "performance_score": 0, "site": "reuters.com", "participants_count": 1, "title_full": "US STOCKS-Wall Street ends stronger after volatile session | Reuters", "spam_score": 0.0, "site_type": "news", "published": "2015-07-08T01:54:00.000+03:00", "replies_count": 0, "uuid": "fb4d68250aa7a82c64f785748433a97f11233795"}, "author": "Reuters", "url": "http://www.reuters.com/article/2015/07/07/markets-stocks-usa-idUSL1N0ZN2FU20150707", "ord_in_thread": 0, "title": "US STOCKS-Wall Street ends stronger after volatile session", "locations": [], "entities": {"persons": [], "locations": [], "organizations": []}, "highlightText": "", "language": "english", "persons": [], "text": "* S&P 500 ends higher after early decline\n* U.S. oil prices reverse losses\n* China slowdown fears have dragged commodities towards 2015 lows\n* AMD revenue warning weighs on semiconductor companies\n* Indexes end higher: Dow 0.53 pct, S&P 0.61 pct, Nasdaq 0.11 pct (Adds detail on Reuters oil stocks poll)\nBy Noel Randewich\nJuly 7 (Reuters) - U.S. stocks ended higher after a choppy session on Tuesday, as a rebound in U.S. oil prices helped offset concerns about a slowdown in China and the Greek debt crisis.\nThe S&P energy index reversed course to trade up 0.9 percent as U.S. crude oil rose 0.7 percent after trading as much as 3.7 percent lower earlier in the day.\nU.S. commercial crude oil stocks likely slipped in the week ended July 3 after rising for the first time since April in the previous week, an expanded Reuters survey showed on Tuesday.\n\"The decline in oil ended,\" said Stephen Massocca, Chief Investment Officer at Wedbush Equity Management LLC in San Francisco. \"Energy stocks bounced, and when that happened it helped the indices move higher.\"\nConcerns about China's economy and its sliding stock market have weighed recently on an already ravaged global commodity sector, with prices of copper, coal, natural gas and iron ore falling towards their 2015 lows.\nEuro zone leaders held an emergency meeting in Brussels on Tuesday and plan another on Sunday to approve a plan to aid Greece if creditor institutions are satisfied in the meantime with a Greek loan application and reform commitments.\nGerman Chancellor Angela Merkel said she expected a formal loan request from Athens on Wednesday and more detail on how Greece would cooperate to make its economy more competitive on Thursday, in order to seek the approval of the German parliament to start negotiations.\nThe Dow Jones industrial average rose 93.33 points, or 0.53 percent, to end at 17,776.91. The S&P 500 gained 12.58 points, or 0.61 percent, to 2,081.34 after briefly falling below its 200-day moving average. The Nasdaq Composite added 5.52 points, or 0.11 percent, to 4,997.46.\nNine of the 10 major S&P 500 sectors finished higher. The utilities index jumped 2.48 percent while the materials index was down 0.33 percent.\nSome investors believe the storm clouds over Greece and China may give the Federal Reserve reason to hold off raising U.S. interest rates, or at least slow the pace of their rise.\n\"The U.S. economy should benefit from lower interest rates and lower oil prices that are a result of a slower China and the Greek crisis,\" said Paul Zemsky, chief investment officer, Multi-Asset Strategies and Solutions, at Voya Investment Management.\nA warning from Chipmaker Advanced Micro Devices about weak demand for personal computers pushed its shares 15.4 percent lower and hurt peers such as Nvidia and Intel .\nAdvancing issues outnumbered declining ones on the NYSE by 1,837 to 1,248, for a 1.47-to-1 ratio on the upside; on the Nasdaq, 1,636 issues fell and 1,150 advanced for a 1.42-to-1 ratio favoring decliners.\nThe benchmark S&P 500 index posted 14 new 52-week highs and 48 new lows; the Nasdaq Composite recorded 46 new highs and 166 new lows.\nAbout 8.6 billion shares traded on all U.S. platforms, according to BATS exchange data, well above the average of 6.9 billion in the past five sessions. (Additional reporting by Tany Agrawal; Editing by Chizu Nomiyama and James Dalgleish )", "external_links": [], "published": "2015-07-08T01:54:00.000+03:00", "crawled": "2015-07-08T01:14:05.000+03:00", "highlightTitle": ""}