{"organizations": [], "uuid": "eefd4a5b1f419ab52e49a8d0fbf05eed4c2a53bf", "thread": {"social": {"gplus": {"shares": 0}, "pinterest": {"shares": 0}, "vk": {"shares": 0}, "linkedin": {"shares": 0}, "facebook": {"likes": 0, "shares": 0, "comments": 0}, "stumbledupon": {"shares": 0}}, "site_full": "uk.finance.yahoo.com", "main_image": "https://s.yimg.com/bt/api/res/1.2/6rik6AZwuPGCiADf_9dhPQ--/YXBwaWQ9eW5ld3M7cT03NTt3PTYwMA--/http://l.yimg.com/os/mit/media/m/social/images/social_default_logo-1481777.png", "site_section": "https://uk.finance.yahoo.com/news/sector-oil-gas/?format=rss", "section_title": "Oil News | Gas News - Yahoo! Finance UK", "url": "https://uk.finance.yahoo.com/news/dutch-government-bans-shale-gas-140946952.html", "country": "US", "title": "Dutch government bans shale gas drilling for 5 years", "performance_score": 0, "site": "yahoo.com", "participants_count": 0, "title_full": "Dutch government bans shale gas drilling for 5 years", "spam_score": 0.0, "site_type": "news", "published": "2015-07-10T17:09:00.000+03:00", "replies_count": 0, "uuid": "eefd4a5b1f419ab52e49a8d0fbf05eed4c2a53bf"}, "author": "", "url": "https://uk.finance.yahoo.com/news/dutch-government-bans-shale-gas-140946952.html", "ord_in_thread": 0, "title": "Dutch government bans shale gas drilling for 5 years", "locations": [], "entities": {"persons": [], "locations": [], "organizations": []}, "highlightText": "", "language": "english", "persons": [], "text": "Tip : Use comma (,) to separate multiple quotes. Learn more... \nFri, Jul 10, 2015, 15:24 BST - UK Markets close in 1 hr 6 mins Dutch government bans shale gas drilling for 5 years Reuters - UK Focus – 14 minutes ago +12.5000 \n(Adds details from statement) \nAMSTERDAM, July 10 (Reuters) - The Dutch government said on Friday it would ban shale gas drilling for five years and not renew existing exploration licences due to uncertainties about the environmental impact. \nThe decision comes as the Netherlands steps up its search for alternative energy sources in the wake of shrinking domestic natural gas supplies and strains in its relationship with major energy supplier Russia. \n\"There will be no shale gas drilling during this government period,\" a statement said. At the end of 2015 the government will decide on the role of shale gas in the country's long-term energy mix. \n\"It is still unclear how much shale gas there is and if its extraction would be financially feasible,\" it said. \"Research shows that there is uncertainty about the effect shale gas extraction would have.\" (Reporting by Anthony Deutsch; editing by David Clarke and Keith Weir)", "external_links": [], "published": "2015-07-10T17:09:00.000+03:00", "crawled": "2015-07-10T17:24:24.000+03:00", "highlightTitle": ""}