{"organizations": ["Reuters"], "uuid": "448ceb8b26d73b9d720ce3e8089d195d5b90929e", "thread": {"social": {"gplus": {"shares": 0}, "pinterest": {"shares": 0}, "vk": {"shares": 0}, "linkedin": {"shares": 0}, "facebook": {"likes": 0, "shares": 0, "comments": 0}, "stumbledupon": {"shares": 0}}, "site_full": "www.healthleadersmedia.com", "main_image": "", "site_section": "http://www.healthleadersmedia.com/rss/WS_HLM2_FIN_TS.xml", "section_title": "HealthLeadersMedia.com - Finance News & Analysis", "url": "http://www.healthleadersmedia.com/content_redirect.cfm?content_id=318351", "country": "US", "title": "Medical device makers beef up product guarantees to woo US hospitals", "performance_score": 0, "site": "healthleadersmedia.com", "participants_count": 0, "title_full": "Medical device makers beef up product guarantees to woo US hospitals", "spam_score": 0.0, "site_type": "news", "published": "2015-07-09T14:50:00.000+03:00", "replies_count": 0, "uuid": "448ceb8b26d73b9d720ce3e8089d195d5b90929e"}, "author": "", "url": "http://www.healthleadersmedia.com/content_redirect.cfm?content_id=318351", "ord_in_thread": 0, "title": "Medical device makers beef up product guarantees to woo US hospitals", "locations": ["US"], "entities": {"persons": [], "locations": [], "organizations": []}, "highlightText": "", "language": "english", "persons": [], "text": "RSS Reuters , July 9, 2015 \nMedical device makers, facing sluggish sales and increasing pressure to prove the value of their products, are beefing up guarantees to compensate U.S. hospitals if a device does not perform as expected. Medtronic Plc, Johnson & Johnson and St Jude Medical Inc are among the first to provide the newer guarantees, some of which offer to share in the cost of follow-up treatment tied to their heart devices, company executives told Reuters. Orthopedic implant makers are exploring such agreements for hip and knee devices. Hospital officials, however, are seeking even more robust performance guarantees, including pledges to cover the cost of the surgery when a device needs to be replaced.", "external_links": [], "published": "2015-07-09T14:50:00.000+03:00", "crawled": "2015-07-09T15:17:24.000+03:00", "highlightTitle": ""}