{"organizations": [], "uuid": "2652a6f91e041100740815d102445598738a494e", "thread": {"social": {"gplus": {"shares": 0}, "pinterest": {"shares": 0}, "vk": {"shares": 0}, "linkedin": {"shares": 0}, "facebook": {"likes": 0, "shares": 0, "comments": 0}, "stumbledupon": {"shares": 0}}, "site_full": "finance.gov.ie", "main_image": "", "site_section": "http://finance.gov.ie/rss.xml", "section_title": "An Roinn Airgeadais, Department of Finance", "url": "http://finance.gov.ie/who-we-are/financials/prompt-payments/prompt-payments-q2-2015", "country": "IE", "title": "Prompt Payments Q2 2015", "performance_score": 0, "site": "finance.gov.ie", "participants_count": 1, "title_full": "Prompt Payments Q2 2015", "spam_score": 0.0, "site_type": "news", "published": "2015-07-14T15:18:00.000+03:00", "replies_count": 0, "uuid": "2652a6f91e041100740815d102445598738a494e"}, "author": "editorfinance", "url": "http://finance.gov.ie/who-we-are/financials/prompt-payments/prompt-payments-q2-2015", "ord_in_thread": 0, "title": "Prompt Payments Q2 2015", "locations": [], "entities": {"persons": [], "locations": [], "organizations": []}, "highlightText": "", "language": "english", "persons": [], "text": "Tel: +353 1 676 7571LoCall: 1890 66 10 10Fax: +353 1 678 9936", "external_links": [], "published": "2015-07-14T15:18:00.000+03:00", "crawled": "2015-07-14T17:47:02.000+03:00", "highlightTitle": ""}