{"organizations": [], "uuid": "db701516d0e7b90200bec28c141464e6e8375e09", "thread": {"social": {"gplus": {"shares": 0}, "pinterest": {"shares": 0}, "vk": {"shares": 0}, "linkedin": {"shares": 0}, "facebook": {"likes": 0, "shares": 0, "comments": 0}, "stumbledupon": {"shares": 0}}, "site_full": "www.telegraph.co.uk", "main_image": "http://i.telegraph.co.uk/multimedia/archive/01852/cheque_1852963a.jpg", "site_section": "http://www.telegraph.co.uk/newsfeed/rss/money-personal_finance.xml", "section_title": "Personal finance - How to grow your wealth and spend less money - Telegraph", "url": "http://www.telegraph.co.uk/finance/personalfinance/borrowing/mortgages/11724400/Are-cheques-a-safer-way-to-pay-large-sums-than-electronic-bank-transfers.html", "country": "US", "title": "'Are cheques a safer way to pay large sums than electronic bank transfers?'", "performance_score": 0, "site": "telegraph.co.uk", "participants_count": 1, "title_full": "'Are cheques a safer way to pay large sums than electronic bank transfers?'", "spam_score": 0.0, "site_type": "news", "published": "2015-07-13T10:00:00.000+03:00", "replies_count": 0, "uuid": "db701516d0e7b90200bec28c141464e6e8375e09"}, "author": "Nicole Blackmore", "url": "http://www.telegraph.co.uk/finance/personalfinance/borrowing/mortgages/11724400/Are-cheques-a-safer-way-to-pay-large-sums-than-electronic-bank-transfers.html", "ord_in_thread": 0, "title": "'Are cheques a safer way to pay large sums than electronic bank transfers?'", "locations": [], "entities": {"persons": [], "locations": [], "organizations": []}, "highlightText": "", "language": "english", "persons": [], "text": "Mortgages 'Are cheques a safer way to pay large sums than electronic bank transfers?' Ask an expert: We look at whether home buyers can avoid falling victim to conveyancing fraud by using cheques Communication between the conveyancer and their client is more important than the payment method used", "external_links": [], "published": "2015-07-13T10:00:00.000+03:00", "crawled": "2015-07-13T10:43:50.000+03:00", "highlightTitle": ""}