{"organizations": [], "uuid": "0163d2142b29f7dd3fc98d8fafd106f3e4332bdc", "thread": {"social": {"gplus": {"shares": 0}, "pinterest": {"shares": 0}, "vk": {"shares": 0}, "linkedin": {"shares": 0}, "facebook": {"likes": 0, "shares": 0, "comments": 0}, "stumbledupon": {"shares": 0}}, "site_full": "www.reuters.com", "main_image": "", "site_section": "http://www.reuters.com/finance/personal-finance", "section_title": "Wealth, Personal Finance &amp; Money | Reuters.com", "url": "http://www.reuters.com/article/2015/07/09/eurozone-greece-nowotny-idUSF9N0ZN00620150709", "country": "US", "title": "Greek talks must produce strong outcome on Sunday for ECB support -Nowotny", "performance_score": 0, "site": "reuters.com", "participants_count": 1, "title_full": "Greek talks must produce strong outcome on Sunday for ECB support -Nowotny | Reuters", "spam_score": 0.0, "site_type": "news", "published": "2015-07-09T18:39:00.000+03:00", "replies_count": 0, "uuid": "0163d2142b29f7dd3fc98d8fafd106f3e4332bdc"}, "author": "Reuters", "url": "http://www.reuters.com/article/2015/07/09/eurozone-greece-nowotny-idUSF9N0ZN00620150709", "ord_in_thread": 0, "title": "Greek talks must produce strong outcome on Sunday for ECB support -Nowotny", "locations": [], "entities": {"persons": [], "locations": [], "organizations": []}, "highlightText": "", "language": "english", "persons": [], "text": "FRANKFURT, July 9 Political talks over Greece must produce a strong outcome on Sunday for the European Central Bank to provide continued support, Austrian central bank governor and ECB Governing Council member Ewald Nowotny said on Thursday.\n\"It has to be a very strong and credible signal otherwise it will have no positive effect on markets and economic developments,\" Nowotny told Reuters on the sidelines of a conference.\n\"Negotiations alone would not be enough (for continued ECB support), it depends on the result of negotiations, and as I understand, Sunday is seen as the last moment to get a result,\" Nowotny said. \"We have to get results in line with our rules.\" (Reporting by Balazs Koranyi ; Editing by Robin Pomeroy )", "external_links": [], "published": "2015-07-09T18:39:00.000+03:00", "crawled": "2015-07-09T17:51:02.000+03:00", "highlightTitle": ""}