{"organizations": [], "uuid": "c594b471c76bdfa8b1ed2640a9d05064587e593b", "thread": {"social": {"gplus": {"shares": 0}, "pinterest": {"shares": 0}, "vk": {"shares": 0}, "linkedin": {"shares": 0}, "facebook": {"likes": 0, "shares": 0, "comments": 0}, "stumbledupon": {"shares": 0}}, "site_full": "uk.finance.yahoo.com", "main_image": "https://s.yimg.com/bt/api/res/1.2/6rik6AZwuPGCiADf_9dhPQ--/YXBwaWQ9eW5ld3M7cT03NTt3PTYwMA--/http://l.yimg.com/os/mit/media/m/social/images/social_default_logo-1481777.png", "site_section": "https://uk.finance.yahoo.com/news/sector-oil-gas/?format=rss", "section_title": "Oil News | Gas News - Yahoo! Finance UK", "url": "https://uk.finance.yahoo.com/news/iran-deal-u-companies-face-232148490.html", "country": "US", "title": "After Iran deal, U.S. companies face being left out in cold", "performance_score": 0, "site": "yahoo.com", "participants_count": 0, "title_full": "After Iran deal, U.S. companies face being left out in cold", "spam_score": 0.0, "site_type": "news", "published": "2015-07-15T02:21:00.000+03:00", "replies_count": 0, "uuid": "c594b471c76bdfa8b1ed2640a9d05064587e593b"}, "author": "", "url": "https://uk.finance.yahoo.com/news/iran-deal-u-companies-face-232148490.html", "ord_in_thread": 0, "title": "After Iran deal, U.S. companies face being left out in cold", "locations": ["Iran", "U.S."], "entities": {"persons": [], "locations": [], "organizations": []}, "highlightText": "", "language": "english", "persons": [], "text": "Tip : Use comma (,) to separate multiple quotes. Learn more... \nWed, Jul 15, 2015, 00:34 BST - UK Markets open in 7 hrs 26 mins After Iran deal, U.S. companies face being left out in cold Reuters - UK Focus – 12 minutes ago +1.13 \nBy Yeganeh Torbati \nWASHINGTON, July 14 (Reuters) - Within hours of the announcement of an Iran nuclear deal early on Tuesday, lawyers around Washington were fielding calls from U.S. corporate clients eager to know what the 159-page deal would mean for their business prospects. \nIn the near term, the answer for most of them is: not very much. \nU.S. companies face losing out to foreign competitors in Iran as they wait for signs that Tuesday's historic nuclear agreement is sticking and that U.S. lawmakers are willing to loosen long-standing restrictions on trade and investment, according to corporate lawyers and company executives. \nIran's agreement with major world powers to curtail its nuclear program in exchange for the lifting of economic sanctions opens up the world's fourth-largest oil reserves, second-largest natural gas reserves and an 80 million population to multinationals. \nBut the strict, decades-old U.S. restrictions on doing business with Tehran, which predate the nuclear crisis and relate to other concerns such as terrorism support and human rights abuses, will remain in place. \n\"U.S. persons and banks will still be generally prohibited from all dealings with Iranian companies, including investing in Iran, facilitating cleared country trade with Iran,\" a senior U.S. administration official said at a briefing on Tuesday. \nThe deal hammered out in Vienna does open some avenues for U.S. companies to expand in Iran. U.S. firms will now be allowed to sell or lease commercial passenger aircraft to Iran, as long as they procure licenses from the U.S. government, giving companies such as Boeing (NYSE: BA - news ) an opportunity. \nThe deal also allows the U.S. government to license foreign subsidiaries of U.S. companies to operate in Iran, which was banned by Congress in 2012. \nA Treasury official told Reuters that decisions on licenses would be made by the Office of Foreign Assets Control, and that such subsidiaries would be subject to restrictions. \n\"The scope of the license has to be shaped and determined,\" the official said. \nU.S. executives and trade groups worry that the embargo may force U.S. companies to watch as European and Asian rivals move in, unless there is Congressional action to relax the rules. \n\"It (the deal) will not result in a green light for U.S. companies in most cases to resume business in Iran,\" said William McGlone, a lawyer who specializes in export controls and sanctions at Latham and Watkins in Washington. \n\"Democrats as well as Republicans are still very strongly in favor of maintaining primary sanctions against Iran on the Hill for various reasons, and it's hard to see that dynamic changing in the near term.\" \nMcGlone said he spoke on Tuesday with a Fortune 50 company executive who wanted to know if it could resume foreign subsidiary dealings with Iran in place prior to 2012. Several other sanctions lawyers told Reuters they spent much of Tuesday answering Iran-related queries from clients. \nEven (Taiwan OTC: 6436.TWO - news ) if allowed, companies are likely to be wary of rushing into Iran due to concerns the policy could be reversed if a Republican wins the presidency in 2016. At least three Republican candidates said on Tuesday they would do so. \nPro-business groups have been treading carefully on Capitol Hill amid strong Republican opposition to the deal. \nRepublicans in Congress have long been working to sink an agreement, and several dismissed concerns that U.S. businesses would be disadvantaged in a post-deal environment. \n\"I think we are a long way from that,\" said Republican Senator John Cornyn, in response to a question about U.S. firms operating in Iran. \nSome of the most influential business lobby groups have been largely muted on Iran, in contrast to their more active role in pressing for an easing of sanctions against Cuba and Russia. \nBusiness Roundtable, made up of chief executives of the largest U.S. firms, including Boeing and Exxon Mobil Corp. , told Reuters they have not been involved in the Iran issue. The Chamber of Commerce, National Association of Manufacturers, and National Retail Federation did not respond to requests for comment. \nSLOW START \nIn the global race to tap Iran's vast energy resources, U.S. companies have already gotten off to a slow start. Iranian officials estimate the country needs $230 billion of investment in the petroleum sector alone, to upgrade its aging energy infrastructure and expand oil and gas production. \nHowever, major U.S. firms said they have not broached discussions with Iran, in order not to fall foul of their government. In contrast, several European oil companies were quick to express their interest in Iran both before and after the deal was announced. \nA spokeswoman for oil giant Shell (LSE: RDSB.L - news ) said on Tuesday the company was \"interested in exploring the role Shell can play in developing Iran's energy potential,\" within the boundaries of the law. \nA spokeswoman for Norwegian oil services firm Aker Solutions (Frankfurt: 1AKA.F - news ) said: \"We've done business in Iran before and will be interested in looking at new possibilities when sanctions are lifted.\" \nItalian oil and gas group Eni (NYSE: E - news ) also said on Tuesday it would consider investing in Iran again if sanctions are lifted and Iran improves its contract terms. \nU.S. oil giants Chevron Corp and ConocoPhillips (NYSE: COP - news ) both stressed that they act in full compliance with U.S. law, and ConocoPhillips stated it is not engaged in business discussions with Iran. Exxon, the world's largest publicly traded oil company, declined to comment. \nOther U.S. firms were similarly quiet. General Motors Co. declined to comment on Tuesday on \"potential future scenarios\" and said it is committed to complying with U.S. sanctions. Starbucks (Swiss: SBUX.SW - news ) , the world's biggest coffee chain, said on Tuesday it had no plans to enter Iran, while Coca-Cola said it was too early to comment. \nCorporate lawyers and trade groups said U.S. companies may start to push legislators to loosen restrictions now that the deal is signed, and as they start to see the tangible impact of losing out. \n\"What's particularly difficult for American companies is if they are the only ones that are prohibited whereas the rest of the world will be trading,\" said Vanessa Sciarra, vice president of the Emergency Committee for American Trade. \n\"Every time you're at a disadvantage relative to your foreign counterparts, you lose market share.\" (Additional reporting by Patricia Zengerle, David Morgan, and Idrees Ali in Washington, Jeffrey Dastin in New York, Anna Driver in Houston, Joseph White in Detroit, Ernest Scheyder in North Dakota, Ron Bousso in London, and Terje Solsvik in Oslo; Editing by Soyoung Kim and Stuart Grudgings)", "external_links": [], "published": "2015-07-15T02:21:00.000+03:00", "crawled": "2015-07-15T02:34:20.000+03:00", "highlightTitle": ""}