{"organizations": [], "uuid": "7f294135e9bdf556d83d710272a74033ca55a563", "thread": {"social": {"gplus": {"shares": 0}, "pinterest": {"shares": 0}, "vk": {"shares": 0}, "linkedin": {"shares": 0}, "facebook": {"likes": 0, "shares": 0, "comments": 0}, "stumbledupon": {"shares": 0}}, "site_full": "www.prbuzz.com", "main_image": "", "site_section": "https://www.prbuzz.com/personal-finance.html", "section_title": "Personal Finance", "url": "https://www.prbuzz.com/personal-finance/337282-david-fontaine-has-been-admitted-to-paladins-national-registry-of-financial-advisors-1.html", "country": "US", "title": "David Fontaine has been admitted to Paladin's National Registry of Financial Advisors", "performance_score": 0, "site": "prbuzz.com", "participants_count": 1, "title_full": "David Fontaine has been admitted to Paladin's National Registry of Financial Advisors", "spam_score": 0.0, "site_type": "news", "published": "2015-07-14T03:00:00.000+03:00", "replies_count": 0, "uuid": "7f294135e9bdf556d83d710272a74033ca55a563"}, "author": "prbuzz.com", "url": "https://www.prbuzz.com/personal-finance/337282-david-fontaine-has-been-admitted-to-paladins-national-registry-of-financial-advisors-1.html", "ord_in_thread": 0, "title": "David Fontaine has been admitted to Paladin's National Registry of Financial Advisors", "locations": [], "entities": {"persons": [], "locations": [], "organizations": []}, "highlightText": "", "language": "english", "persons": [], "text": "Lincoln CA, July 14, 2015. Paladin Research has vetted and rated the quality of David Fontaine's credentials, ethics, business practices, and services. David, a financial advisor in Miami, FL, was awarded a 5 Star quality rating and admitted to Paladin’s Registry on July 14, 2015.\nJack Waymire, Paladin Registry founder and author of Who’s Watching Your Money? said: “We have been vetting and rating the quality of financial advisors since 2003. We have helped more than one million investors make the right decisions when they selected professionals who will influence or control important financial decisions. We believe Paladin is a definite game changer because many of these investors did not know how to determine the quality of advisors. Consequently, they were prone to selecting advisors with the best personalities and sales skills.”\nPaladin uses an objective research process to determine who is profiled in the Registry. Advisors must be willing to practice full transparency. They cannot withhold information that may cause investors to reject them. Next, they must complete Paladin’s rigorous due diligence process that focuses on their expertise and ethics. And lastly, they must also score in the 90th percentile or higher when Paladin’s proprietary algorithm rates the quality of their credentials, ethics, business practices, and services.\nWaymire concluded: “We are the only online service that vets and rates the quality of financial planners and advisors. We ask the right questions so investors don’t have to. And, we know the critical differences between good answers (benefit investors) and bad ones (damage investors).\"\nClick on this link to view David's professional profile that is published on Paladin’s Registry: https://www.paladinregistry.com/financial-advisor/miami-florida/David.Fontaine\nABOUT PALADIN\nPaladin websites teach investors how to select the best advisors, not the best stocks. Paladin’s free Registry service provides online access to vetted, rated financial advisors.\nClick on this link to visit Paladin’s main website: http://www.paladinregistry.com\nKEY CONTACT\nSusan Bishop\nPaladin Digital Marketing\nRegistry/Websites/Consulting\n916.792-8392 (Pacific)\nVisit us at www.PaladinRegistry.com", "external_links": ["https://www.paladinregistry.com/financial-advisor/miami-florida/David.Fontaine"], "published": "2015-07-14T03:00:00.000+03:00", "crawled": "2015-07-16T01:50:54.000+03:00", "highlightTitle": ""}