{"organizations": [], "uuid": "ca78496aada0ad5735b23c079bc516f78d941193", "thread": {"social": {"gplus": {"shares": 0}, "pinterest": {"shares": 0}, "vk": {"shares": 0}, "linkedin": {"shares": 0}, "facebook": {"likes": 0, "shares": 0, "comments": 0}, "stumbledupon": {"shares": 0}}, "site_full": "thehill.com", "main_image": "http://thehill.com/sites/default/files/video_images/binder.png", "site_section": "http://thehill.com/taxonomy/term/25211/feed#", "section_title": "The Hill: Finance Video", "url": "http://thehill.com/video/in-the-news/247208-primer-will-the-gop-attempt-to-repeal-obamacare-via-reconciliation", "country": "US", "title": "Primer: Will the GOP attempt to repeal ObamaCare via reconciliation?", "performance_score": 0, "site": "thehill.com", "participants_count": 1, "title_full": "Primer: Will the GOP attempt to repeal ObamaCare via reconciliation?", "spam_score": 0.0, "site_type": "news", "published": "2015-07-08T19:24:00.000+03:00", "replies_count": 0, "uuid": "ca78496aada0ad5735b23c079bc516f78d941193"}, "author": "wjones@thehill.com (The Hill staff)", "url": "http://thehill.com/video/in-the-news/247208-primer-will-the-gop-attempt-to-repeal-obamacare-via-reconciliation", "ord_in_thread": 0, "title": "Primer: Will the GOP attempt to repeal ObamaCare via reconciliation?", "locations": [], "entities": {"persons": [], "locations": [], "organizations": []}, "highlightText": "", "language": "english", "persons": [], "text": "GOP debate countdown: Who's in and... Cruz and Christie might just barely make the cut. Warren, McCain introduce bill to... The bill would force banks to separate investment and commercial banking. Team Clinton ‘worried’ about... Clinton aide says Sanders will be a \"serious force.\" GOP bill linking aid to... Bill would suspend aid to Central American countries that don't address... Malia Obama interning for Lena... Malia was spotted on the set of HBO's \"Girls.\" Sanders battles big insurance... He is speaking out against industry abuses and calling for the ultimate... Jimmy Carter: 'Jesus would approve... \"I think Jesus would encourage any love affair if it was honest and... Rubio hits NY Times for running '... A Times story this weekend reported that many Cubans have a negative view... The Romney half-century? Mitt Romney has become a commanding voice of moral leadership in the... Sanders seeks to boost poor's... The legislation would make it easier for low-income families to use solar... Hillary Clinton plays rope-a-dope... Clinton has the luxury of going around the press when it suits her. Sanders draws another big crowd in... Aides said more than 7,500 attended a Monday evening event. Hillary Clinton 'very disappointed... Clinton argues GOP field is \"all in the same general area\" on immigration.", "external_links": [], "published": "2015-07-08T19:24:00.000+03:00", "crawled": "2015-07-09T00:59:05.000+03:00", "highlightTitle": ""}