{"organizations": [], "uuid": "6729fa27c2a1bbdda1a2abc938146ed3797bc955", "thread": {"social": {"gplus": {"shares": 0}, "pinterest": {"shares": 0}, "vk": {"shares": 0}, "linkedin": {"shares": 0}, "facebook": {"likes": 0, "shares": 0, "comments": 0}, "stumbledupon": {"shares": 0}}, "site_full": "imasaver.savingadvice.com", "main_image": "", "site_section": "http://imasaver.savingadvice.com/rss/", "section_title": "Ima Saver's Personal Finance Blog", "url": "http://imasaver.savingadvice.com/2015/07/10/closing-went-fine_204963/", "country": "US", "title": "Closing went fine!!", "performance_score": 0, "site": "savingadvice.com", "participants_count": 1, "title_full": "Closing went fine!!", "spam_score": 0.0, "site_type": "news", "published": "2015-07-11T03:16:00.000+03:00", "replies_count": 0, "uuid": "6729fa27c2a1bbdda1a2abc938146ed3797bc955"}, "author": "Ima saver (julie is my real name)", "url": "http://imasaver.savingadvice.com/2015/07/10/closing-went-fine_204963/", "ord_in_thread": 0, "title": "Closing went fine!!", "locations": [], "entities": {"persons": [], "locations": [], "organizations": []}, "highlightText": "", "language": "english", "persons": [], "text": " ", "external_links": [], "published": "2015-07-11T03:16:00.000+03:00", "crawled": "2015-07-11T05:53:02.000+03:00", "highlightTitle": ""}