{"organizations": ["Landmark Dividend Landmark Infrastructure Partners LP", "Landmark Infrastructure Partners LP Announces Acquisition of Real Property Interests From Sponsor", "Landmark Dividend Landmark Infrastructure Partners LP Announces Acquisition of Real Property Interests From Sponsor"], "uuid": "67d22bdffb6de093d3a611b44ed82433c3fe75db", "thread": {"social": {"gplus": {"shares": 0}, "pinterest": {"shares": 0}, "vk": {"shares": 0}, "linkedin": {"shares": 0}, "facebook": {"likes": 0, "shares": 0, "comments": 0}, "stumbledupon": {"shares": 0}}, "site_full": "finance.yahoo.com", "main_image": "http://l2.yimg.com/bt/api/res/1.2/6rik6AZwuPGCiADf_9dhPQ--/YXBwaWQ9eW5ld3M7cT03NTt3PTYwMA--/http://l.yimg.com/os/mit/media/m/social/images/social_default_logo-1481777.png", "site_section": "http://finance.yahoo.com/rss/PropertyManagement", "section_title": "Yahoo! Finance: Property Management Industry News", "url": "http://finance.yahoo.com/news/landmark-infrastructure-partners-lp-announces-120000028.html", "country": "GB", "title": "Landmark Infrastructure Partners LP Announces Acquisition of Real Property Interests From Sponsor, Landmark Dividend", "performance_score": 0, "site": "yahoo.com", "participants_count": 0, "title_full": "Landmark Infrastructure Partners LP Announces Acquisition of Real Property Interests From Sponsor, Landmark Dividend", "spam_score": 0.0, "site_type": "news", "published": "2015-07-22T15:00:00.000+03:00", "replies_count": 0, "uuid": "67d22bdffb6de093d3a611b44ed82433c3fe75db"}, "author": "", "url": "http://finance.yahoo.com/news/landmark-infrastructure-partners-lp-announces-120000028.html", "ord_in_thread": 0, "title": "Landmark Infrastructure Partners LP Announces Acquisition of Real Property Interests From Sponsor, Landmark Dividend", "locations": [], "entities": {"persons": [], "locations": [], "organizations": []}, "highlightText": "", "language": "english", "persons": [], "text": "Landmark Infrastructure Partners LP Announces Acquisition of Real Property Interests From Sponsor, Landmark Dividend Landmark Infrastructure Partners LP 1 hour ago Content preferences Done \nEL SEGUNDO, Calif., July 22, 2015 (GLOBE NEWSWIRE) -- Landmark Infrastructure Partners LP (the \"Partnership\") ( LMRK ) today announced that it has acquired 100 tenant sites located in 28 states from its sponsor, Landmark Dividend LLC (\"Landmark\"), for total consideration of $35,700,000. The acquisition is expected to be immediately accretive to the Partnership's distributable cash flow. \nHighlights of the transaction: The assets acquired by the Partnership consist of 81 wireless communication, 16 outdoor advertising and 3 renewable power generation sites; The Wireless Communication, Outdoor Advertising and Renewable Power Generation segments are expected to contribute approximately 80%, 13% and 7%, respectively, of the total forecasted annual rents; The portfolio of tenant sites has a 100% occupancy rate with 76% of annual rents from Tier 1 tenants (large, publicly-traded companies with national footprints), an average annual escalator of 2.5% and average remaining real property interest and lease terms of approximately 83 years and 20 years (including remaining renewal options), respectively; Consistent with the Partnership's prior two drop-down acquisition transactions, the assets being acquired are not part of the assets subject to the Partnership's right of first offer (ROFO) with affiliates of Landmark. Currently, the Partnership has a right of first offer on more than 1,000 assets with Landmark affiliates; The Partnership is acquiring the assets with borrowings under its existing revolving credit facility; The acquisition is expected to be immediately accretive to the Partnership's distributable cash flow. \nThe Partnership's Chief Executive Officer, Tim Brazy, said, \"We are excited to announce the Partnership's third acquisition from Landmark this year, bringing total acquisitions to approximately $83 million so far in 2015. This acquisition is the next in a series of drop-downs and is consistent with and supports the growth plan of $15 million to $18 million of annual rent drop-downs for 2015 that we have previously communicated to the market.\" \nThe terms of the acquisition were approved by the Board of Directors of the General Partner of the Partnership, based on the approval and recommendation of the Conflicts Committee, which is comprised entirely of independent directors. The Conflicts Committee was advised by Duff & Phelps Corporation, its financial advisor, and Akin Gump Straus Hauer & Feld LLP, its legal counsel. \nAbout Landmark Infrastructure Partners LP \nThe Partnership is a growth-oriented master limited partnership formed to acquire, own and manage a portfolio of real property interests that the Partnership leases to companies in the wireless communication, outdoor advertising and renewable power generation industries. Headquartered in El Segundo, California, the Partnership's real property interests consist of a diversified portfolio of long-term and perpetual easements, tenant lease assignments and fee simple properties located in 45 states and the District of Columbia, entitling the Partnership to rental payments from leases on approximately 850 tenant sites as of June 30, 2015. \nCautionary Note Regarding Forward Looking Statements \nDisclosures in this press release contain certain forward-looking statements within the meaning of the federal securities laws. Statements that do not relate strictly to historical or current facts are forward-looking. These statements contain words such as \"possible,\" \"if,\" \"will,\" \"expect\" and \"assuming\" and involve risks and uncertainties including, among others that our business plans may change as circumstances warrant. These statements are often based upon various assumptions, many of which are based, in turn, upon further assumptions, including historical operating trends made by the management of the Partnership. Although the Partnership believes that these assumptions were reasonable when made, because assumptions are inherently subject to significant uncertainties and contingencies, which are difficult or impossible to predict and are beyond its control, the Partnership cannot give assurance that it will achieve or accomplish these expectations, beliefs or intentions. Accordingly, readers should not place undue reliance on forward-looking statements as a prediction of actual results. Examples of forward-looking statements in this press release include the discussion of the expected accretion associated with the dropdown transaction and potential acquisitions from our sponsor. For more information concerning factors that could cause actual results to differ materially from those conveyed in the forward-looking statements, please refer to the \"Risk Factors\" section of contained in the Partnership's filings with the U.S. Securities and Exchange Commission, including the Partnership's annual report on Form 10-K for the year ended December 31, 2014. Any forward-looking statements in this press release are made as of the date of this press release and the Partnership undertakes no obligation to update or revise such forward-looking statements to reflect events or circumstances that occur, or of which the Partnership becomes aware, after the date hereof, unless required by law. Mergers, Acquisitions & Takeovers", "external_links": [], "published": "2015-07-22T15:00:00.000+03:00", "crawled": "2015-07-22T16:04:20.700+03:00", "highlightTitle": ""}