{"organizations": [], "uuid": "ab65ece97847d9065be1659079d616f82a9d7e63", "thread": {"social": {"gplus": {"shares": 0}, "pinterest": {"shares": 0}, "vk": {"shares": 0}, "linkedin": {"shares": 0}, "facebook": {"likes": 0, "shares": 0, "comments": 0}, "stumbledupon": {"shares": 0}}, "site_full": "uk.finance.yahoo.com", "main_image": "https://s.yimg.com/bt/api/res/1.2/6rik6AZwuPGCiADf_9dhPQ--/YXBwaWQ9eW5ld3M7cT03NTt3PTYwMA--/http://l.yimg.com/os/mit/media/m/social/images/social_default_logo-1481777.png", "site_section": "https://uk.finance.yahoo.com/news/provider-sharecast/?format=rss", "section_title": "Finance News | Sharecast - Yahoo! UK & Ireland Finance", "url": "https://uk.finance.yahoo.com/news/disneyland-paris-investigated-selective-overcharging-085500170.html", "country": "GB", "title": "Disneyland Paris to be investigated for selective overcharging", "performance_score": 0, "site": "yahoo.com", "participants_count": 0, "title_full": "Disneyland Paris to be investigated for selective overcharging", "spam_score": 0.0, "site_type": "news", "published": "2015-07-29T11:55:00.000+03:00", "replies_count": 0, "uuid": "ab65ece97847d9065be1659079d616f82a9d7e63"}, "author": "", "url": "https://uk.finance.yahoo.com/news/disneyland-paris-investigated-selective-overcharging-085500170.html", "ord_in_thread": 0, "title": "Disneyland Paris to be investigated for selective overcharging", "locations": ["Disneyland Paris"], "entities": {"persons": [], "locations": [], "organizations": []}, "highlightText": "", "language": "english", "persons": [], "text": "Tip : Use comma (,) to separate multiple quotes. Learn more... \nWed, Jul 29, 2015, 10:01 BST - UK Markets close in 6 hrs 29 mins Disneyland Paris to be investigated for selective overcharging By Aideen Kennedy | Sharecast – 6 minutes ago 850.50 -12.00 \n  The European Commission has urged French regulators to investigate Disneyland Paris for overcharging customers, after it received several complaints that British and German customers were being frozen out of certain price promotions. The allegations, if proved beyond doubt, would see the theme park in breach of the European Union's fair trading laws An EC spokesperson said European consumer centres had frequently received complaints involving unjustified differences in pricing on the grounds of nationality or residence. \n\"Too often, consumers seeking to buy services or goods in another member state are prevented from getting the best price,\" she added. \nThe launch of the investigation came a week after the European Union (EU) announced an anti-trust case against six Hollywood movie studios and broadcaster Sky (LSE: BSY.L - news ) for allegedly denying consumers access to movies and TV shows. \nRead more: EU launches anti-trust probe against six Hollywood studios, Sky (Amsterdam: BK8.AS - news ) EU formally charges Google (Xetra: A0B7FY - news ) for competition violations in web search EU must be more flexible with foreign derivatives rules, market regulator says", "external_links": [], "published": "2015-07-29T11:55:00.000+03:00", "crawled": "2015-07-29T12:08:59.789+03:00", "highlightTitle": ""}