{"organizations": [], "uuid": "a15ff37b3714eac9c1e37510c59b138ee6bfcfbc", "thread": {"social": {"gplus": {"shares": 0}, "pinterest": {"shares": 0}, "vk": {"shares": 0}, "linkedin": {"shares": 0}, "facebook": {"likes": 0, "shares": 0, "comments": 0}, "stumbledupon": {"shares": 0}}, "site_full": "www.bloomberg.com", "main_image": "", "site_section": "http://www.bloomberg.com/personal-finance", "section_title": "Personal-finance - Bloomberg Business", "url": "http://www.bloomberg.com/news/articles/2015-07-21/fed-makes-china-construction-bank-fix-money-laundering-controls", "country": "US", "title": "Fed Makes China Construction Bank Fix Money-Laundering Controls", "performance_score": 0, "site": "bloomberg.com", "participants_count": 1, "title_full": "Fed Makes China Construction Bank Fix Money-Laundering Controls - Bloomberg Business", "spam_score": 0.0, "site_type": "news", "published": "2015-07-22T00:22:00.000+03:00", "replies_count": 0, "uuid": "a15ff37b3714eac9c1e37510c59b138ee6bfcfbc"}, "author": "Jesse Hamilton", "url": "http://www.bloomberg.com/news/articles/2015-07-21/fed-makes-china-construction-bank-fix-money-laundering-controls", "ord_in_thread": 0, "title": "Fed Makes China Construction Bank Fix Money-Laundering Controls", "locations": [], "entities": {"persons": [], "locations": [], "organizations": []}, "highlightText": "", "language": "english", "persons": [], "text": "China Construction Bank Corp. has been ordered to tighten money-laundering controls in its New York branch to resolve an enforcement action brought by the Federal Reserve and the New York Department of Financial Services.\nThe bank, the world’s second-largest by assets, is working to address “deficiencies relating to the branch’s risk management and compliance” with the Bank Secrecy Act, the regulators said Tuesday in a statement that didn’t detail any wrongdoing. The order calls for better oversight of account holders and creation of a new internal audit program.\nConstruction Bank, based in Beijing, has branches in 24 countries and offers corporate banking services, including deposits, trade finance, international settlement and syndicated loans to major Chinese firms and local companies. Its New York office is regulated by DFS and the Federal Reserve Bank of New York.\nMildred Harper, chief compliance officer at the New York branch, declined immediate comment. Eric Kollig, a Fed spokesman, declined to comment further on the regulators’ actions.\nThe bank this month appointed Wang Zuji, a former vice chairman of the China Insurance Regulatory Commission, as its president and vice chairman of the board, according to a statment. He signed the agreement with the Fed and DFS.", "external_links": ["http://www.federalreserve.gov/newsevents/press/enforcement/enf20150721a1.pdf\\"], "published": "2015-07-22T00:22:00.000+03:00", "crawled": "2015-07-21T19:59:25.617+03:00", "highlightTitle": ""}