{"organizations": [], "uuid": "eb2b0628c36e86e6fb1e6e2709783942711e465e", "thread": {"social": {"gplus": {"shares": 0}, "pinterest": {"shares": 0}, "vk": {"shares": 0}, "linkedin": {"shares": 0}, "facebook": {"likes": 0, "shares": 0, "comments": 0}, "stumbledupon": {"shares": 0}}, "site_full": "www.reuters.com", "main_image": "", "site_section": "http://www.reuters.com/finance/personal-finance", "section_title": "Wealth, Personal Finance &amp; Money | Reuters.com", "url": "http://www.reuters.com/article/2015/07/08/eurozone-greece-letter-idUSA8N0ZJ00H20150708", "country": "US", "title": "Greece seeks three-year loan, pledges to enact reforms next week", "performance_score": 0, "site": "reuters.com", "participants_count": 1, "title_full": "Greece seeks three-year loan, pledges to enact reforms next week | Reuters", "spam_score": 0.0, "site_type": "news", "published": "2015-07-08T15:47:00.000+03:00", "replies_count": 0, "uuid": "eb2b0628c36e86e6fb1e6e2709783942711e465e"}, "author": "Reuters", "url": "http://www.reuters.com/article/2015/07/08/eurozone-greece-letter-idUSA8N0ZJ00H20150708", "ord_in_thread": 0, "title": "Greece seeks three-year loan, pledges to enact reforms next week", "locations": [], "entities": {"persons": [], "locations": [], "organizations": []}, "highlightText": "", "language": "english", "persons": [], "text": "ATHENS, July 8 Greece promised to implement pension and tax reforms as early as next week as the first step to securing a three-year rescue loan to cover debt obligations, according to a letter requesting the funding from European partners on Wednesday.\nIn the letter sent to the European bailout fund released by the government, Greece also pledges to honor its financial obligations and detail by Thursday reforms proposals for evaluation by the creditors.\n\"We trust Member States appreciate the urgency of our Loan request at this time given the fragility of our banking system, our shortage of available liquidity, our upcoming obligations, our buildup of internal arrears, and our expressed desire to clear our outstanding arrears with the IMF and the Bank of Greece,\" the letter from the Greek finance minister said.\nAthens also said it welcomed an \"opportunity to explore potential measures\" to make its debt sustainable, as part of broader discussions to be held. (Reporting by Deepa Babington ; Editing by Matt Robinson)", "external_links": [], "published": "2015-07-08T15:47:00.000+03:00", "crawled": "2015-07-08T14:57:56.000+03:00", "highlightTitle": ""}