{"organizations": ["Fed"], "uuid": "c5b83ec414d13d0040e87bcb3bea7de6aaf68bb1", "thread": {"social": {"gplus": {"shares": 0}, "pinterest": {"shares": 0}, "vk": {"shares": 0}, "linkedin": {"shares": 0}, "facebook": {"likes": 0, "shares": 0, "comments": 0}, "stumbledupon": {"shares": 0}}, "site_full": "uk.finance.yahoo.com", "main_image": "https://s.yimg.com/bt/api/res/1.2/94LzpUq7.mc3ahDahPwhxg--/YXBwaWQ9eW5ld3M7aWw9cGxhbmU7cT03NTt3PTYwMA--/http://globalfinance.zenfs.com/images/UK_AFTP_AFP_LIVE_1/3db51d2be92f55915196fcea0077da021c4535b6_original.jpg", "site_section": "https://uk.finance.yahoo.com/news/provider-afp/?format=rss", "section_title": "Finance News | AFP - Yahoo! UK & Ireland Finance", "url": "https://uk.finance.yahoo.com/news/asia-stocks-mostly-greece-talk-072905823.html", "country": "GB", "title": "Asia stocks mostly up on Greece, talk of Fed rates rise lifts dollar", "performance_score": 0, "site": "yahoo.com", "participants_count": 0, "title_full": "Asia stocks mostly up on Greece, talk of Fed rates rise lifts dollar", "spam_score": 0.0, "site_type": "news", "published": "2015-07-14T10:29:00.000+03:00", "replies_count": 0, "uuid": "c5b83ec414d13d0040e87bcb3bea7de6aaf68bb1"}, "author": "", "url": "https://uk.finance.yahoo.com/news/asia-stocks-mostly-greece-talk-072905823.html", "ord_in_thread": 0, "title": "Asia stocks mostly up on Greece, talk of Fed rates rise lifts dollar", "locations": ["Greece"], "entities": {"persons": [], "locations": [], "organizations": []}, "highlightText": "", "language": "english", "persons": [], "text": "Tip : Use comma (,) to separate multiple quotes. Learn more... \nTue, Jul 14, 2015, 09:35 BST - UK Markets close in 6 hrs 55 mins Asia stocks mostly up on Greece, talk of Fed rates rise lifts dollar AFP – 1 hour 6 minutes ago View Photo \n\nMost Asian markets climbed Tuesday after Greece and its creditors agreed a debt deal to keep it in the eurozone, while the dollar advanced as attention shifted back to when the Federal Reserve will raise interest rates. \nBoth Shanghai and Hong Kong retreated after a three-day rally, although a little more confidence has returned since China moved to prevent a crash last week following a near month-long pummelling. \nTokyo climbed 1.47 percent, or 295.56 points to finish at 20,385.33 as the yen retreated against a resurgent dollar, while Sydney jumped 1.90 percent, or 104.2 points, to 5,577.4. \nEmerging markets were also up, with Jakarta 0.40 percent higher, Bangkok adding 0.17 percent and Manila 0.52 percent stronger. \nBut Shanghai shifted in and out of positive territory all day before ending down 1.16 percent, or 45.90 points, at 3,924.49 -- the losses following a 13 percent advance in the previous three days. \nHong Kong tracked Shanghai down, dipping 0.66 percent in late trade after climbing more than seven percent from Thursday. \nSeoul ended 0.11 percent lower, giving up 2.29 points to 2,059.23. \nGlobal markets rallied Monday after Greece finally agreed to an austerity package to unlock billions of euros of much needed-cash and, crucially, keep it from plunging out of the eurozone. The announcement, after 17 hours of gruelling talks at an emergency summit, ended a six-month crisis that has kept traders on edge. \nOn Wall Street the Dow jumped 1.22 percent, the S&P 500 added 1.11 percent and Nasdaq gained 1.48 percent. \nAnd European equities advanced. France's CAC 40 climbed 1.94 percent and Germany's DAX 30 put on 1.49 percent, while Milan rose 1.00 percent and Madrid gained 1.70 percent. \nWith the crisis out of the way for now, investors turned their focus back to the Fed's plans for raising interest rates, pushing the dollar up against the yen and the euro. \n\"As long as this deal holds, a potential roadblock to Fed policy normalisation has been removed with the liftoff from later this year still on track,\" Mark Smith, a senior economist in Auckland at ANZ Bank New Zealand, wrote in a client note, according to Bloomberg News. \nWith Fed chief Janet Yellen previously saying she expects a rise by the end of this year and a US recovery picking up, dealers are piling back into the dollar. The unit rose to 123.50 yen in Tokyo Tuesday from 123.45 yen in New York. The euro also eased to $1.0986 from $1.1004. \nThe single European currency was, however, up at 135.90 yen against 135.84 yen in US trade. \n- Oil hit by Iran deal - \nMarkets will be watching a slew of US data this week for a better handle on what the Fed will do, including figures on industrial output, housing starts, inflation and consumer sentiment. \nIn China, hundreds of firms resume trading Tuesday, adding to the more than 400 that returned Monday, after they were suspended over the past few weeks to prevent a market meltdown. At the height of the crisis half the market's shares were put in a trading halt. \nAuthorities intervened after the Shanghai index plunged 30 percent in three weeks, wiping trillions of dollars from market capitalisations, spreading contagion in regional markets and raising fears over the potential impact to the real economy. \nMarket watchers are awaiting the release of growth data Wednesday to see if the world's number two economy has picked up after suffering a continuous slowdown for more than a year. \nOil prices slipped Western powers as crude-rich Iran agreed a deal to curb Tehran's nuclear programme that is expected to see the lifting of sanctions on the country that have curtailed its key exports. \nUS benchmark West Texas Intermediate for August delivery fell $1.22 to $50.98 and Brent eased $1.16 to $56.69. \nGold fetched $1,155.07 compared with $1,156.64 late Monday. \nIn other markets: \n-- Wellington rose 0.77 percent, or 44.18 points, to 5,750.88. \nXero (Other OTC: XROLF - news ) was up 0.82 percent at NZ$17.20 and Spark gained 2.34 percent to close at NZ$2.84. \n-- Taipei ended slightly higher, adding 7.84 points to 9,041.76. \nTaiwan Semiconductor Manufacturing Co was unchanged at Tw$138.5 while Hon Hai Precision closed 1.56 percent lower at Tw$94.7.", "external_links": [], "published": "2015-07-14T10:29:00.000+03:00", "crawled": "2015-07-14T11:35:25.000+03:00", "highlightTitle": ""}