{"organizations": ["EU"], "uuid": "e0e69687520190604334db6dfa9ced5e46f0fc36", "thread": {"social": {"gplus": {"shares": 0}, "pinterest": {"shares": 0}, "vk": {"shares": 0}, "linkedin": {"shares": 0}, "facebook": {"likes": 0, "shares": 0, "comments": 0}, "stumbledupon": {"shares": 0}}, "site_full": "uk.finance.yahoo.com", "main_image": "https://s.yimg.com/bt/api/res/1.2/6rik6AZwuPGCiADf_9dhPQ--/YXBwaWQ9eW5ld3M7cT03NTt3PTYwMA--/http://l.yimg.com/os/mit/media/m/social/images/social_default_logo-1481777.png", "site_section": "https://uk.finance.yahoo.com/news/category-europe/?format=rss", "section_title": "European Business News | Financial News - Yahoo! Finance UK", "url": "https://uk.finance.yahoo.com/news/eu-watchdog-start-next-bank-111733996.html", "country": "GB", "title": "EU watchdog to start next bank stress tests in first quarter of 2016", "performance_score": 0, "site": "yahoo.com", "participants_count": 0, "title_full": "EU watchdog to start next bank stress tests in first quarter of 2016", "spam_score": 0.0, "site_type": "news", "published": "2015-07-15T14:17:00.000+03:00", "replies_count": 0, "uuid": "e0e69687520190604334db6dfa9ced5e46f0fc36"}, "author": "", "url": "https://uk.finance.yahoo.com/news/eu-watchdog-start-next-bank-111733996.html", "ord_in_thread": 0, "title": "EU watchdog to start next bank stress tests in first quarter of 2016", "locations": [], "entities": {"persons": [], "locations": [], "organizations": []}, "highlightText": "", "language": "english", "persons": [], "text": "Tip : Use comma (,) to separate multiple quotes. Learn more... \nWed, Jul 15, 2015, 12:18 BST - UK Markets close in 4 hrs 12 mins EU watchdog to start next bank stress tests in first quarter of 2016 Reuters - UK Focus – 1 minute 4 seconds ago \n* Next EU banks stress test to start in Q1 2016 \n* EBA to conduct \"transparency exercise\" in late 2015 (Adds more detail) \nLONDON, July 15 (Reuters) - The next stress test for the European Union's biggest banks will begin in the first quarter of next year, the bloc's banking watchdog said on Wednesday. \nThe European Banking Authority (EBA) and European Central Bank, which supervises the euro zone's top lenders, conducted a stress test and asset-quality review of lenders last year but decided against a full-blown test this year, opting instead for a less onerous transparency exercise covering fewer banks. \nNext (Other OTC: NXGPF - news ) year's test, however, will feature many aspects of the 2014 examination, including a \"static\" balance sheet to ignore changes to capital during the test, which could skew the result. \nThe EU-wide exercise is expected to start in the first quarter of next year with the release of the detailed scenario and methodology, the European Banking Authority said. \n\"The assessment and quality checks are expected to be concluded by the third quarter of 2016, when EU banks' individual results will be released,\" it added. \nThe watchdog said the separate transparency exercise on 109 lenders towards the end of this year will publish detailed information on bank balance sheets, covering their composition of capital, leverage ratios, risk-weighted assets, sovereign exposures and credit risk exposures. \n\"The data will also include information on asset quality, market risk and securitisation exposures as of December 2014 and June 2015,\" the EBA said. (Reporting by Huw Jones; Editing by David Goodman)", "external_links": [], "published": "2015-07-15T14:17:00.000+03:00", "crawled": "2015-07-15T14:19:23.000+03:00", "highlightTitle": ""}