{"organizations": ["NASDAQ OMX Group, Inc"], "uuid": "f1cb931b07310b4970fc00fafc51633002aa18e0", "thread": {"social": {"gplus": {"shares": 0}, "pinterest": {"shares": 0}, "vk": {"shares": 0}, "linkedin": {"shares": 0}, "facebook": {"likes": 0, "shares": 0, "comments": 0}, "stumbledupon": {"shares": 0}}, "site_full": "globenewswire.com", "main_image": "http://globenewswire.com/Attachment/LogoDisplay/313602?filename=313602.png&amp;size=1", "site_section": "http://globenewswire.com//Rss/industry/8775/Specialty%20Finance", "section_title": "GlobeNewswire: Industry News on Specialty Finance", "url": "http://globenewswire.com/news-release/2015/07/08/750741/0/en/Nasdaq-June-2015-Volumes-2Q15-Est-Revenue-Capture.html?f=22&fvtc=3&fvtv=8775", "country": "US", "title": "Nasdaq June 2015 Volumes, 2Q15 Est. Revenue Capture", "performance_score": 0, "site": "globenewswire.com", "participants_count": 0, "title_full": "Nasdaq June 2015 Volumes, 2Q15 Est. Revenue Capture", "spam_score": 0.0, "site_type": "news", "published": "2015-07-08T23:30:00.000+03:00", "replies_count": 0, "uuid": "f1cb931b07310b4970fc00fafc51633002aa18e0"}, "author": "", "url": "http://globenewswire.com/news-release/2015/07/08/750741/0/en/Nasdaq-June-2015-Volumes-2Q15-Est-Revenue-Capture.html?f=22&fvtc=3&fvtv=8775", "ord_in_thread": 0, "title": "Nasdaq June 2015 Volumes, 2Q15 Est. Revenue Capture", "locations": [], "entities": {"persons": [], "locations": [], "organizations": []}, "highlightText": "", "language": "english", "persons": [], "text": "Nasdaq June 2015 Volumes, 2Q15 Est. Revenue Capture July 08, 2015 16:30 ET | Source: The NASDAQ OMX Group, Inc. \nNEW YORK, July 08, 2015 (GLOBE NEWSWIRE) -- Nasdaq (NASDAQ: NDAQ ) today reported monthly volumes for June 2015, as well as quarterly volumes and estimated revenue capture for the quarter ending June 30, 2015, on its investor relations website. \nA data sheet showing the monthly volumes and quarterly capture rates can be found at: http://ir.nasdaq.com/monthly-reporting/ . \nABOUT NASDAQ \nNasdaq (Nasdaq: NDAQ ) is a leading provider of trading, clearing, exchange technology, listing, information and public company services across six continents. Through its diverse portfolio of solutions, Nasdaq enables customers to plan, optimize and execute their business vision with confidence, using proven technologies that provide transparency and insight for navigating today's global capital markets. As the creator of the world's first electronic stock market, its technology powers more than 70 marketplaces in 50 countries, and 1 in 10 of the world's securities transactions. Nasdaq is home to more than 3,500 listed companies with a market value of approximately $9.5 trillion and more than 10,000 corporate clients. To learn more, visit: nasdaq.com/ambition or business.nasdaq.com . \nNDAQF Media Relations Contact: Joseph Christinat +1.646.441.5121 joseph.christinat@nasdaq.com Investor Relations Contact: Ed Ditmire, CFA +1.212.401.8737 ed.ditmire@nasdaq.com Related Articles", "external_links": [], "published": "2015-07-08T23:30:00.000+03:00", "crawled": "2015-07-09T05:41:40.000+03:00", "highlightTitle": ""}