{"organizations": [], "uuid": "cb78e4707e369561adea5e3771510d2bcc140db6", "thread": {"social": {"gplus": {"shares": 0}, "pinterest": {"shares": 0}, "vk": {"shares": 0}, "linkedin": {"shares": 0}, "facebook": {"likes": 0, "shares": 0, "comments": 0}, "stumbledupon": {"shares": 0}}, "site_full": "atwonline.com", "main_image": "http://atwonline.com/site-files/atwonline.com/files/uploads/2015/07/adria-airwayscrj900-ams-rf.jpg", "site_section": "http://atwonline.com/operations/finance-data", "section_title": "Finance &amp; Data | ATWOnline", "url": "http://atwonline.com/finance-data/adria-airways-sale-again", "country": "US", "title": "Adria Airways up for sale again", "performance_score": 0, "site": "atwonline.com", "participants_count": 1, "title_full": "Adria Airways up for sale again | Finance & Data content from ATWOnline", "spam_score": 0.0, "site_type": "news", "published": "2015-07-08T03:00:00.000+03:00", "replies_count": 0, "uuid": "cb78e4707e369561adea5e3771510d2bcc140db6"}, "author": "Kurt Hofmann", "url": "http://atwonline.com/finance-data/adria-airways-sale-again", "ord_in_thread": 0, "title": "Adria Airways up for sale again", "locations": [], "entities": {"persons": [], "locations": [], "organizations": []}, "highlightText": "", "language": "english", "persons": [], "text": "Slovenia-based Adria Airways has been put up for sale again after the Slovenian government issued a request for Expressions of Interests (EOI) for a majority stake in the carrier on July 1, Slovenian Sovereign Holding (SDH) confirmed on its website.\nThe last attempt to privatize 75% of the carrier failed in 2012.\nThe sellers, the Republic of Slovenia—represented by SDH (69.87%), DUTB (19.63%) and SDH (2.08%)—are considering the disposal of the majority of shares (91.58%) by way of a joint sale transaction.\nThe Star Alliance member carried more than 1.1 million passengers in 2014. It serves 30 scheduled routes and various charter destinations throughout Europe.\nAccording to its website, Adria Airways operates a fleet of two Airbus A319s, six Bombardier CRJ900LRs, one CRJ700ER and one CRJ200LR.", "external_links": [], "published": "2015-07-08T03:00:00.000+03:00", "crawled": "2015-07-08T22:58:41.000+03:00", "highlightTitle": ""}