{"organizations": [], "uuid": "34f71ca94094f3657e2bd5e604f63a72d73c1d06", "thread": {"social": {"gplus": {"shares": 0}, "pinterest": {"shares": 0}, "vk": {"shares": 0}, "linkedin": {"shares": 0}, "facebook": {"likes": 0, "shares": 0, "comments": 0}, "stumbledupon": {"shares": 0}}, "site_full": "www.telegraph.co.uk", "main_image": "http://i.telegraph.co.uk/multimedia/archive/03375/pension-m_3375738k.jpg", "site_section": "http://www.telegraph.co.uk/finance/", "section_title": "Finance - Business news and market updates - Telegraph - Telegraph", "url": "http://www.telegraph.co.uk/finance/11740181/Almost-2-billion-withdrawn-in-first-months-of-pension-freedoms-initiative.html", "country": "GB", "title": "Almost £2 billion withdrawn in first months of pension freedoms initiative", "performance_score": 1, "site": "telegraph.co.uk", "participants_count": 2, "title_full": "Almost £2 billion withdrawn in first months of pension freedoms initiative - Telegraph", "spam_score": 0.0, "site_type": "news", "published": "2015-07-15T05:27:00.000+03:00", "replies_count": 1, "uuid": "a7382b9af7fdf19959d2a1b05d4ff80dde8a331f"}, "author": "Nicola Harley", "url": "http://www.telegraph.co.uk/finance/11740181/Almost-2-billion-withdrawn-in-first-months-of-pension-freedoms-initiative.html#post-0", "ord_in_thread": 0, "title": "Almost £2 billion withdrawn in first months of pension freedoms initiative", "locations": [], "entities": {"persons": [], "locations": [], "organizations": []}, "highlightText": "", "language": "english", "persons": [], "text": "Follow @telegraph", "external_links": [], "published": "2015-07-15T05:27:00.000+03:00", "crawled": "2015-07-15T00:10:21.000+03:00", "highlightTitle": ""}