{"organizations": [], "uuid": "94721e5cccc1d50fb14af3bdd17a07f76291a882", "thread": {"social": {"gplus": {"shares": 0}, "pinterest": {"shares": 0}, "vk": {"shares": 0}, "linkedin": {"shares": 0}, "facebook": {"likes": 0, "shares": 0, "comments": 0}, "stumbledupon": {"shares": 0}}, "site_full": "www.reuters.com", "main_image": "", "site_section": "http://www.reuters.com/finance/personal-finance", "section_title": "Wealth, Personal Finance &amp; Money | Reuters.com", "url": "http://www.reuters.com/article/2015/07/14/markets-stocks-europe-idUSL5N0ZU3MB20150714", "country": "US", "title": "European equity shares turn positive as oil prices stabilise", "performance_score": 0, "site": "reuters.com", "participants_count": 1, "title_full": "European equity shares turn positive as oil prices stabilise | Reuters", "spam_score": 0.0, "site_type": "news", "published": "2015-07-14T19:08:00.000+03:00", "replies_count": 0, "uuid": "94721e5cccc1d50fb14af3bdd17a07f76291a882"}, "author": "Reuters", "url": "http://www.reuters.com/article/2015/07/14/markets-stocks-europe-idUSL5N0ZU3MB20150714", "ord_in_thread": 0, "title": "European equity shares turn positive as oil prices stabilise", "locations": [], "entities": {"persons": [], "locations": [], "organizations": []}, "highlightText": "", "language": "english", "persons": [], "text": "(Updates prices and re-leads)\n* Stabilisation in oil price lifts energy stocks\n* Auto stocks down as JP Morgan cuts China market forecasts\n* European bourses in 2015: link.reuters.com/pap87v\n* Asset performance in 2015: link.reuters.com/gap87v\nBy Sudip Kar-Gupta\nLONDON, July 14 (Reuters) - European stocks turned positive on Tuesday as oil prices steadied and supported energy shares after initially tumbling on a landmark nuclear deal on Iran.\nInvestors' belief that Greece will pass reforms in order to get a new bailout also kept European stocks on course for a fifth day of gains, even though Greek Prime Minister Alexis Tsipras faces opposition over the austerity plan.\n\"There's been a lot of progress on Greece after the weekend, and that is one of the reasons why traders are continuing to buy into this market,\" said Thames Capital Markets strategist Nav Banwait.\nThe STOXX Europe Oil & Gas Index rose 0.7 percent, with Statoil the best performing stock in percentage terms on the pan-European FTSEurofirst 300 index, which was up by 0.3 percent.\nGerman internet company United Internet also rose 2.4 percent after a price target upgrade from Deutsche Bank.\nBut carmakers fell as JP Morgan cut forecasts on China's auto market, a day after a profit warning from Brilliance China Automotive Holdings, which makes BMW cars in China.\nJP Morgan also reduced its price target on Volkswagen , whose shares declined by 2.5 percent.\nThe FTSEurofirst is up around 15 percent since the start of 2015, while the euro zone's blue-chip Euro STOXX 50 index is up 14 percent.\n($1 = 0.9059 euros)\nToday's European research round-up (Additional reporting by Alistair Smout ; Editing by Louise Ireland/Ruth Pitchford)", "external_links": [], "published": "2015-07-14T19:08:00.000+03:00", "crawled": "2015-07-14T18:17:57.000+03:00", "highlightTitle": ""}