{"organizations": ["Islamic Finance Gateway Daily Briefing Property Insider In Focus BusinessPulse"], "uuid": "44b3adc8fe297ed9b7b40c4384b483e3a506691e", "thread": {"social": {"gplus": {"shares": 0}, "pinterest": {"shares": 0}, "vk": {"shares": 0}, "linkedin": {"shares": 0}, "facebook": {"likes": 0, "shares": 0, "comments": 0}, "stumbledupon": {"shares": 0}}, "site_full": "www.zawya.com", "main_image": "", "site_section": "http://www.zawya.com/rss/default.cfm?rssid=23C341EC-8851-9E2C-C35A985480E8068B", "section_title": "Zawya.com - Islamic Finance Live News", "url": "http://www.zawya.com/story/Islamic_Finance_Gateway_Daily_Briefing-TR20150706nL3N0ZM2CUX2/", "country": "AE", "title": "Islamic Finance Gateway Daily Briefing", "performance_score": 0, "site": "zawya.com", "participants_count": 0, "title_full": "Islamic Finance Gateway Daily Briefing", "spam_score": 0.0, "site_type": "news", "published": "2015-07-06T09:09:00.000+03:00", "replies_count": 0, "uuid": "44b3adc8fe297ed9b7b40c4384b483e3a506691e"}, "author": "", "url": "http://www.zawya.com/story/Islamic_Finance_Gateway_Daily_Briefing-TR20150706nL3N0ZM2CUX2/", "ord_in_thread": 0, "title": "Islamic Finance Gateway Daily Briefing", "locations": [], "entities": {"persons": [], "locations": [], "organizations": []}, "highlightText": "", "language": "english", "persons": [], "text": "Property Insider In Focus BusinessPulse helps business owners increase their revenue and reduce their costs by offering support at each stage of their business. Providing transparent information and practical advice on how to grow their business and take it to the next level. Visit the site:", "external_links": [], "published": "2015-07-06T09:09:00.000+03:00", "crawled": "2015-07-06T13:11:10.000+03:00", "highlightTitle": ""}