{"organizations": ["Kia Sedona EX", "Kia Sedona", "Kwik Auto Finance"], "uuid": "2c27213fd27fbaafb6cc43718c76d9dfbdd6b21b", "thread": {"social": {"gplus": {"shares": 0}, "pinterest": {"shares": 0}, "vk": {"shares": 0}, "linkedin": {"shares": 0}, "facebook": {"likes": 0, "shares": 0, "comments": 0}, "stumbledupon": {"shares": 0}}, "site_full": "www.kwikautofinance.com", "main_image": "http://www.dealercarsearch.com/Media/largenophoto.gif", "site_section": "http://kwikautofinance.com/RssFeed.aspx?gid=7f139a01-7953-4fcc-bec7-71c8e2a6b83b", "section_title": "Kwik Auto Finance Inventory Feed", "url": "http://www.kwikautofinance.com/2005-Kia-Sedona/Used-VanMinivan/KANSASCITY-MO/6185974/Details.aspx", "country": "US", "title": "Used 2005 Kia Sedona EX in KANSAS CITY, MO 64133 for sale at Kwik Auto Finance", "performance_score": 0, "site": "kwikautofinance.com", "participants_count": 0, "title_full": "Used 2005 Kia Sedona EX in KANSAS CITY, MO 64133 for sale at Kwik Auto Finance", "spam_score": 0.0, "site_type": "news", "published": "2015-07-10T21:40:00.000+03:00", "replies_count": 0, "uuid": "2c27213fd27fbaafb6cc43718c76d9dfbdd6b21b"}, "author": "", "url": "http://www.kwikautofinance.com/2005-Kia-Sedona/Used-VanMinivan/KANSASCITY-MO/6185974/Details.aspx", "ord_in_thread": 0, "title": "Used 2005 Kia Sedona EX in KANSAS CITY, MO 64133 for sale at Kwik Auto Finance", "locations": ["KANSAS CITY"], "entities": {"persons": [], "locations": [], "organizations": []}, "highlightText": "", "language": "english", "persons": [], "text": "2005 Kia Sedona EX   2005 Kia Sedona EX \nYear: 2005", "external_links": [], "published": "2015-07-10T21:40:00.000+03:00", "crawled": "2015-07-11T01:04:21.000+03:00", "highlightTitle": ""}