{"organizations": ["Samara Company Limited", "Sasso Wins Head Of State"], "uuid": "41e8481da0e2127482e3889226613b4f5093f7c6", "thread": {"social": {"gplus": {"shares": 0}, "pinterest": {"shares": 0}, "vk": {"shares": 0}, "linkedin": {"shares": 0}, "facebook": {"likes": 0, "shares": 0, "comments": 0}, "stumbledupon": {"shares": 0}}, "site_full": "www.modernghana.com", "main_image": "http://img.modernghana.com/images/content/the_executive_chairman_of_samara_company_limited_mr_samson_effah_appraku_receiving_the_award.jpg", "site_section": "http://www.modernghana.com/rssfeed/news.xml?cat_id=1&gender=46", "section_title": "Business & Finance", "url": "http://www.modernghana.com/news/631241/1/sasso-wins-head-of-state-fastest-growing-company-a.html", "country": "US", "title": "Sasso Wins Head Of State Fastest Growing Company Award", "performance_score": 0, "site": "modernghana.com", "participants_count": 0, "title_full": "Sasso Wins Head Of State Fastest Growing Company Award", "spam_score": 0.0, "site_type": "news", "published": "2015-07-22T12:41:00.000+03:00", "replies_count": 0, "uuid": "41e8481da0e2127482e3889226613b4f5093f7c6"}, "author": "", "url": "http://www.modernghana.com/news/631241/1/sasso-wins-head-of-state-fastest-growing-company-a.html", "ord_in_thread": 0, "title": "Sasso Wins Head Of State Fastest Growing Company Award", "locations": [], "entities": {"persons": [], "locations": [], "organizations": []}, "highlightText": "", "language": "english", "persons": ["Sasso", "Samson Effah Appraku"], "text": "  22 July 2015 10:41 CET Sasso Wins Head Of State ‘Fastest Growing Company’ Award By PLAN Communications The Executive Chairman Of Samara Company Limited, Mr. Samson Effah Appraku, Receiving The Award \nSamara Company Limited, producers of Sasso Insecticide Spray and Coil, has won the ‘Fastest Growing Company’ at the 2015 edition of the Head Of State Awards Scheme (HOSA), organized by the government of Ghana on Tuesday, July 14, 2015 at the State Banquet Hall in Accra. \nOrganized on the theme: “Rewarding Business in Support of Youth Development.”, the event sought to recognized individuals and corporate institutions that have distinguished themselves in their various fields of work. \nSasso won in a category that had Surfline, a telecommunications network, as its only competitor. \nSamara Company Limited was amongst twenty (20) corporate institutions which were honoured for their support to youth growth in Ghana. Also, twenty (20) young individuals were adorned with the National Gold Award for their exceptional contribution to national development. \nThe HOSA award makes it the third for the company in two consecutive years. In 2014, Premier Brand Ghana, a private research institute which rewards discipline in branding named Samara Company Limited as the “Top Emerging Brand” and “Fastest Growing Brand”. \nSharing his views on the award after the event, the Executive Chairman of Samara Company Limited, Mr. Samson Effah Appraku, described the award as a “big honour”. \nHe added that “to be awarded the fastest company in a whole nation is something I can’t describe; I wasn’t expecting it at all, but I know with God all things are possible.” \nMr. Effah Appraku said the award is going to motivate him and the Sasso team to work harder to satisfy Ghanaians in terms of quality. \n“I feel motivated to do more for my country (Ghana) in terms of producing best quality products, more job creation for the youth; and do whatever it takes to put up a production plant for our products,” he said emphatically. \nThe Marketing Manager of Sasso, Mr. Sedrick Nartey Ologo, expressed his delight on the feat attained by the company; saying “Sasso being recognized by the State means the product is a superior brand which has come to stay.” \nHe said the company would not relent on its efforts in churching out more quality products onto the Ghanaian market. \nIn a speech read by the Minister of Education, Prof. Jane Naana Opoku Agyemang, on behalf of President John Dramani Mahama, it was disclosed that the government was committed in investing enormously in youth development; a reason the government had rolled out some initiatives such as the Youth Enterprise Development Fund to promote youth development. \nThe speech indicated that it was commendable that corporate institutions in the country were focusing their activities on youth development and that the country needed more of such establishments to support the awards scheme for more young people to be equipped to develop their communities. \nThe President said: “The awards seek to develop and maximise the potential of young people through selfless community service, challenges of adventure, skills development and physical recreation to make them exceptional individuals who can contribute to national development.” \nMr. Peter Akai Anum, The Executive Director of HOSA, Ghana, said the awards programme kept on playing a vital role in the sub-region and the world at large in terms of impact and best practice. \nMr. Anum was hopeful that the awards will challenge other youth and corporate institutions to give off their best. THE EXECUTIVE CHAIRMAN OF SAMARA COMPANY LIMITED, MR. SAMSON EFFAH APPRAKU DISPLAYING THE AWARD. WITH HIM IS THE DEPUTY MANAGING DIRECTOR OF THE COMPANY THE EXECUTIVE CHAIRMAN OF SAMARA COMPANY LIMITED, MR. SAMSON EFFAH APPRAKU, IN AN INTERVIEW", "external_links": [], "published": "2015-07-22T12:41:00.000+03:00", "crawled": "2015-07-22T12:32:51.375+03:00", "highlightTitle": ""}