{"organizations": [], "uuid": "bf96925b6ea329299541d3e6f8d3d4970f2ba8ed", "thread": {"social": {"gplus": {"shares": 0}, "pinterest": {"shares": 0}, "vk": {"shares": 0}, "linkedin": {"shares": 0}, "facebook": {"likes": 0, "shares": 0, "comments": 0}, "stumbledupon": {"shares": 0}}, "site_full": "www.bloomberg.com", "main_image": "", "site_section": "http://www.bloomberg.com/personal-finance", "section_title": "Personal-finance - Bloomberg Business", "url": "http://www.bloomberg.com/news/articles/2015-07-29/carlyle-gathers-4-1-billion-for-european-buyouts", "country": "US", "title": "Carlyle Gathers $4.1 Billion for European Buyouts", "performance_score": 0, "site": "bloomberg.com", "participants_count": 1, "title_full": "Carlyle Gathers $4.1 Billion for European Buyouts - Bloomberg Business", "spam_score": 0.0, "site_type": "news", "published": "2015-07-29T14:00:00.000+03:00", "replies_count": 0, "uuid": "bf96925b6ea329299541d3e6f8d3d4970f2ba8ed"}, "author": "Ainslie Chandler", "url": "http://www.bloomberg.com/news/articles/2015-07-29/carlyle-gathers-4-1-billion-for-european-buyouts", "ord_in_thread": 0, "title": "Carlyle Gathers $4.1 Billion for European Buyouts", "locations": [], "entities": {"persons": [], "locations": [], "organizations": []}, "highlightText": "", "language": "english", "persons": [], "text": "Carlyle Group LP has gathered 3.75 billion euros ($4.1 billion) for its fourth European buyout fund after almost three years of fundraising amid turbulent economic conditions.\nThe completion “confirms renewed appetite for investing in Europe despite several years of macro-economic uncertainty,” Marco De Benedetti, managing director and co-head of Carlyle Europe Partners, said in a statement Wednesday. “We continue to believe Europe offers significant, compelling investment opportunities.”\nPrivate equity firms collected 124 billion euros from 2012 to 2014 for European deals, a 50 percent jump from the previous three years, according to the European Private Equity and Venture Capital Association. Carlyle’s co-founder David Rubenstein said this month the region offers cheaper prices than North America.\nCarlyle’s previous European buyout fund finished fundraising in 2007 after securing 5.4 billion euros. The pool produced an annualized return of 15 percent after fees and was valued at 2.1 times cost as of March 31, according to the firm’s first-quarter earnings statement.\nCarlyle, based in Washington, reports second-quarter results Wednesday. The firm oversaw $193 billion as of March 31.", "external_links": [], "published": "2015-07-29T14:00:00.000+03:00", "crawled": "2015-07-29T09:22:56.197+03:00", "highlightTitle": ""}