{"organizations": [], "uuid": "4c49019af904e69bf21dac4c34d6627184d118ca", "thread": {"social": {"gplus": {"shares": 0}, "pinterest": {"shares": 0}, "vk": {"shares": 0}, "linkedin": {"shares": 0}, "facebook": {"likes": 0, "shares": 0, "comments": 0}, "stumbledupon": {"shares": 0}}, "site_full": "www.bloomberg.com", "main_image": "http://assets.bwbx.io/images/iTxh133D43VI/v2/-1x-1.jpg", "site_section": "http://www.bloomberg.com/personal-finance", "section_title": "Personal-finance - Bloomberg Business", "url": "http://www.bloomberg.com/news/articles/2015-07-13/europe-index-futures-drop-after-stocks-weekly-advance-on-greece", "country": "US", "title": "European Stocks Advance for Fourth Day After Greece Agreement", "performance_score": 2, "site": "bloomberg.com", "participants_count": 1, "title_full": "European Stocks Advance for Fourth Day After Greece Agreement - Bloomberg Business", "spam_score": 0.0, "site_type": "news", "published": "2015-07-13T15:00:00.000+03:00", "replies_count": 0, "uuid": "4c49019af904e69bf21dac4c34d6627184d118ca"}, "author": "Cecile Vannucci", "url": "http://www.bloomberg.com/news/articles/2015-07-13/europe-index-futures-drop-after-stocks-weekly-advance-on-greece", "ord_in_thread": 0, "title": "European Stocks Advance for Fourth Day After Greece Agreement", "locations": [], "entities": {"persons": [], "locations": [], "organizations": []}, "highlightText": "", "language": "english", "persons": [], "text": "European stocks rallied as Greece and its creditors reached an agreement.\nThe Stoxx Europe 600 Index rose 1.1 percent to 393.01 at 8:08 a.m. in London. All industry groups advanced, with banks climbing the most. France’s CAC 40 Index, Germany’s DAX Index and Spain’s IBEX 25 Index led gains among regional benchmark gauges.\nEuro Stoxx 50 Index futures earlier erased a loss of as much as 1.2 percent amid reports that an accord had been reached. After almost 17 hours of talks in Brussels, Greece and European leaders agreed on reforms needed to start formal negotiations over a third bailout program, European Union President Donald Tusk said on Twitter.\nThe Stoxx 600 advanced 1.4 percent last week, jumping the most since November 2011 in the last two days on optimism that Greece would get a bailout. Developments in Greece have been dictating stock moves, with equities alternating between gains and losses almost every week since April.\nThe Stoxx 600, which rallied as much as 21 percent this year to a record in April, lost 6.1 percent since then through the end of last week as negotiations between Greece and its creditors dragged on.", "external_links": [], "published": "2015-07-13T15:00:00.000+03:00", "crawled": "2015-07-13T10:19:52.000+03:00", "highlightTitle": ""}