{"organizations": ["KKR & Co", "L.P."], "uuid": "936a65e17d6e3ce8d7e7694643ea73b214575006", "thread": {"social": {"gplus": {"shares": 0}, "pinterest": {"shares": 0}, "vk": {"shares": 0}, "linkedin": {"shares": 0}, "facebook": {"likes": 0, "shares": 0, "comments": 0}, "stumbledupon": {"shares": 0}}, "site_full": "finance.yahoo.com", "main_image": "http://l2.yimg.com/bt/api/res/1.2/6rik6AZwuPGCiADf_9dhPQ--/YXBwaWQ9eW5ld3M7cT03NTt3PTYwMA--/http://l.yimg.com/os/mit/media/m/social/images/social_default_logo-1481777.png", "site_section": "http://finance.yahoo.com/rss/headline?s=KKR", "section_title": "Yahoo! Finance: KKR News", "url": "http://finance.yahoo.com/news/kkr-co-l-p-announce-210000637.html", "country": "GB", "title": "KKR & Co. L.P. to Announce Second Quarter 2015 Results", "performance_score": 0, "site": "yahoo.com", "participants_count": 0, "title_full": "KKR & Co. L.P. to Announce Second Quarter 2015 Results", "spam_score": 0.0, "site_type": "news", "published": "2015-07-10T00:00:00.000+03:00", "replies_count": 0, "uuid": "936a65e17d6e3ce8d7e7694643ea73b214575006"}, "author": "", "url": "http://finance.yahoo.com/news/kkr-co-l-p-announce-210000637.html", "ord_in_thread": 0, "title": "KKR & Co. L.P. to Announce Second Quarter 2015 Results", "locations": [], "entities": {"persons": [], "locations": [], "organizations": []}, "highlightText": "", "language": "english", "persons": [], "text": "KKR & Co. L.P. to Announce Second Quarter 2015 Results KKR & Co. L.P. 1 hour ago  Done \nNEW YORK--(BUSINESS WIRE)-- \nKKR & Co. L.P. ( KKR ) announced today that it plans to release its financial results for the second quarter 2015 on Thursday, July 23, 2015, before the opening of trading on the New York Stock Exchange. \nA conference call to discuss KKR’s financial results will be held on Thursday, July 23, 2015 at 10:00 a.m. EDT. The conference call may be accessed by dialing (877) 303-2917 (U.S. callers) or +1 (253) 237-1135 (non-U.S. callers); a pass code is not required. Additionally, the conference call will be broadcast live over the Internet and may be accessed through the Investor Center section of KKR’s website at http://ir.kkr.com/kkr_ir/kkr_events.cfm . \nA replay of the live broadcast will be available on KKR’s website or by dialing (855) 859-2056 (U.S. callers) or +1 (404) 537-3406 (non-U.S. callers), pass code 80669130, beginning approximately two hours after the broadcast. \nABOUT KKR \nKKR is a leading global investment firm that manages investments across multiple asset classes including private equity, energy, infrastructure, real estate, credit and hedge funds. KKR aims to generate attractive investment returns by following a patient and disciplined investment approach, employing world-class people, and driving growth and value creation at the asset level. KKR invests its own capital alongside its partners' capital and brings opportunities to others through its capital markets business. References to KKR's investments may include the activities of its sponsored funds. For additional information about KKR & Co. L.P. ( KKR ), please visit KKR's website at www.kkr.com . View source version on businesswire.com: http://www.businesswire.com/news/home/20150709006146/en/ Private Equity & Hedge Funds", "external_links": [], "published": "2015-07-10T00:00:00.000+03:00", "crawled": "2015-07-10T01:19:52.000+03:00", "highlightTitle": ""}