{"organizations": ["Walmart", "Yahoo Finance"], "uuid": "2853b06761e94ae9424b5b6e9eed689e0ad837b9", "thread": {"social": {"gplus": {"shares": 0}, "pinterest": {"shares": 0}, "vk": {"shares": 0}, "linkedin": {"shares": 0}, "facebook": {"likes": 0, "shares": 0, "comments": 0}, "stumbledupon": {"shares": 0}}, "site_full": "finance.yahoo.com", "main_image": "http://l2.yimg.com/bt/api/res/1.2/6lG7LzZv7D9jpx5ktFzASA--/YXBwaWQ9eW5ld3M7aWw9cGxhbmU7cT03NTt3PTYwMA--/http://l.yimg.com/os/publish-images/finance/2014-12-22/14b37b00-8a24-11e4-b308-c991b1ea7720_yahoo_purple.jpg", "site_section": "http://finance.yahoo.com/rss/headline?s=C", "section_title": "Yahoo! Finance: C News", "url": "http://finance.yahoo.com/news/walmart-takes-on-amazon-and-hillary-clinton-outlines-business-plan-144311331.html", "country": "US", "title": "Walmart takes on Amazon and Hillary Clinton outlines business plan", "performance_score": 0, "site": "yahoo.com", "participants_count": 0, "title_full": "Walmart takes on Amazon and Hillary Clinton outlines business plan", "spam_score": 0.0, "site_type": "news", "published": "2015-07-13T17:43:00.000+03:00", "replies_count": 0, "uuid": "2853b06761e94ae9424b5b6e9eed689e0ad837b9"}, "author": "", "url": "http://finance.yahoo.com/news/walmart-takes-on-amazon-and-hillary-clinton-outlines-business-plan-144311331.html", "ord_in_thread": 0, "title": "Walmart takes on Amazon and Hillary Clinton outlines business plan", "locations": ["Amazon"], "entities": {"persons": [], "locations": [], "organizations": []}, "highlightText": "", "language": "english", "persons": ["Hillary Clinton"], "text": "By Yahoo Finance 1 hour ago ", "external_links": [], "published": "2015-07-13T17:43:00.000+03:00", "crawled": "2015-07-13T19:24:40.000+03:00", "highlightTitle": ""}