{"organizations": [], "uuid": "7a11953b14d851cbc00d5435c764295238d1e6f5", "thread": {"social": {"gplus": {"shares": 0}, "pinterest": {"shares": 0}, "vk": {"shares": 0}, "linkedin": {"shares": 0}, "facebook": {"likes": 0, "shares": 0, "comments": 0}, "stumbledupon": {"shares": 0}}, "site_full": "uk.finance.yahoo.com", "main_image": "https://s.yimg.com/bt/api/res/1.2/6rik6AZwuPGCiADf_9dhPQ--/YXBwaWQ9eW5ld3M7cT03NTt3PTYwMA--/http://l.yimg.com/os/mit/media/m/social/images/social_default_logo-1481777.png", "site_section": "https://uk.finance.yahoo.com/news/provider-reuters/?format=rss", "section_title": "Finance News | Reuters - Yahoo! UK & Ireland Finance", "url": "https://uk.finance.yahoo.com/news/greek-ministers-note-self-no-214958722.html", "country": "GB", "title": "New Greek minister's note to self - 'No triumphalism'", "performance_score": 0, "site": "yahoo.com", "participants_count": 0, "title_full": "New Greek minister's note to self - 'No triumphalism'", "spam_score": 0.0, "site_type": "news", "published": "2015-07-08T00:49:00.000+03:00", "replies_count": 0, "uuid": "7a11953b14d851cbc00d5435c764295238d1e6f5"}, "author": "", "url": "https://uk.finance.yahoo.com/news/greek-ministers-note-self-no-214958722.html", "ord_in_thread": 0, "title": "New Greek minister's note to self - 'No triumphalism'", "locations": [], "entities": {"persons": [], "locations": [], "organizations": []}, "highlightText": "", "language": "english", "persons": [], "text": "Print \nBy Philippe Wojazer \nBRUSSELS (Reuters) - Greece's new finance minister clearly wanted to avoid alienating his European colleagues as had his fast-talking predecessor. He took a note to their first meeting that read: \"No triumphalism.\" \nEuclid Tsakolotos perhaps saw a risk of sounding smug after Greeks backed their left-wing government last Sunday against European Union leaders by rejecting a bailout proposal that called for stringent austerity measures. \nClutching a sheet of Brussels hotel notepaper as he arrived for Tuesday's emergency meeting of euro zone finance ministers, Tsakolotos appeared to have made speaking notes for himself. \nAfter \"update on political situation\", he appeared to refer to the referendum with \"Ref, of course ... rejection of instit(ution)s proposals ... mostly I think on viability grounds.\" \n\"No triumphalism.\" \nIt seemed to work. Several officials found him easier to deal with than Yanis Varoufakis, a fellow Marxist academic economist who resigned after Sunday's referendum, saying Prime Minister Alexis Tsipras felt talks would go more smoothly without him. \nAs euro zone leaders convened a summit late on Tuesday to discuss prospects for Greece, one official familiar with the ministers' talks said of Tsakolotos, \"Much better than Varoufakis. More conciliatory, constructive - and modest.\" \n(Additional reporting by Francesco Guarascio; Writing by Alastair Macdonald; Editing by Toni Reinhold)", "external_links": [], "published": "2015-07-08T00:49:00.000+03:00", "crawled": "2015-07-08T01:08:39.000+03:00", "highlightTitle": ""}