{"organizations": [], "uuid": "1a0af0764b02863ab7f55f663c423351fc67985c", "thread": {"social": {"gplus": {"shares": 0}, "pinterest": {"shares": 0}, "vk": {"shares": 0}, "linkedin": {"shares": 0}, "facebook": {"likes": 0, "shares": 0, "comments": 0}, "stumbledupon": {"shares": 0}}, "site_full": "www.smh.com.au", "main_image": "http://www.smh.com.au/content/dam/images/g/i/7/g/9/x/image.related.articleLeadwide.620x349.gicftx.png/1436929694428.jpg", "site_section": "http://www.smh.com.au/business/markets/sectors/share-listing/4520/information-technology/technology-hardware-and-equipment", "section_title": "Business News, Economy, Finance &amp; ASX Market News", "url": "http://www.smh.com.au/business/banking-and-finance/challenger-buys-uk-alternative-funds-management-house-dexion-capital-20150714-gicftx.html", "country": "AU", "title": "Challenger buys UK alternative funds management house Dexion Capital", "performance_score": 0, "site": "smh.com.au", "participants_count": 1, "title_full": "Challenger buys UK alternative funds management house Dexion Capital", "spam_score": 0.0, "site_type": "news", "published": "2015-07-15T03:00:00.000+03:00", "replies_count": 0, "uuid": "1a0af0764b02863ab7f55f663c423351fc67985c"}, "author": "", "url": "http://www.smh.com.au/business/banking-and-finance/challenger-buys-uk-alternative-funds-management-house-dexion-capital-20150714-gicftx.html", "ord_in_thread": 0, "title": "Challenger buys UK alternative funds management house Dexion Capital", "locations": [], "entities": {"persons": [], "locations": [], "organizations": []}, "highlightText": "", "language": "english", "persons": [], "text": "One of Dexion's boutique management firms, Resonance Asset Management, focuses on renewable energy. Photo: Jessica Shapiro\nFinancial services giant Challenger has forked out $41 million for a UK-based boutique funds management incubator and distribution group as it seeks to capitalise on rising investor interest in alternative and overseas assets.\nChallenger, which has a market value of $3.9 billion, bought Dexion Capital , which controls three alternative boutique fund management operations. They include Resonance Asset Management, which focuses on renewable energy, Agricultural Asset Management, which specialises in agriculture, and housing infrastructure group Horizon Infrastructure Partnership.\nThe purchase will add to the group's existing European alternative asset managers, including global infrastructure group Whitehelm Capital and WyeTree Asset Management, an asset-backed security specialist.\n\"People are looking for active managers,\" Ian Saines ﻿ , chief executive of Challenger's funds management business, told Fairfax Media.\nAdvertisement \"It's very much a continuation of what we've done,\" he said, adding that having products and managers in the European market \"sets us up for growth.\"\nDexion Capital's funds management operation provides a platform to emulate the group's Fidante Partners multi-boutique model in the European market, while opening up global distribution opportunities for its existing boutique managers, he explained.\nChallenger expects the deal will increase its earnings right from the start. It used existing funds to pay for it. Dexion's boutiques currently control about $US$500 million ($671 million) in funds under management.\n\"We believe that bringing the capability of Fidante Partners to Dexion Capital is very attractive to both investors and managers,\" Dexion's founder Robin Bowiesaid in a statement.\nAlternatives' growth \"[Alternative investments] are the fastest-growing investment sector and will comprise 15 per cent of global assets under management and 40 per cent of revenues by 2020,\" he said. Boutique managers were heavily represented in this investment sector.\nFidante Partners has stakes in 14 boutique managers, including Australian equities manager Alphinity Investment Management and Asian equities specialist Metisq Capital, which hold around $41 billion in funds under management.\nThe latest deal comes two weeks after Challenger sold off its 25 per cent stake in fixed income house Kapstream Capital for $45 million to Janus Capital Group.\nKapstream Capital fund manager Kumar Palghatwill resume working with his former boss, bond king Bill Gross, after Janus paid $111 million for a 51 per cent stake in the Australian fixed-income investment house.\nNew York Stock Exchange-listed Janus Capital, which has $248.3 billion in assets, approached Kapstream Capital for an equity stake at the end of 2014 and has the option of snapping up the remaining 49 per cent. Kapstream had been set up with the help of Challenger's Fidante Partners business in 2006.\nMr Palghat already was a senior portfolio manager of PIMCO when Mr Gross headed the firm and worked with the bonds guru for 10 years.", "external_links": [], "published": "2015-07-15T03:00:00.000+03:00", "crawled": "2015-07-15T20:11:39.000+03:00", "highlightTitle": ""}