{"organizations": ["Amazon"], "uuid": "5c14bbddf3a41e1267d3d4c1ec22a41b5ef102ec", "thread": {"social": {"gplus": {"shares": 0}, "pinterest": {"shares": 0}, "vk": {"shares": 0}, "linkedin": {"shares": 0}, "facebook": {"likes": 0, "shares": 0, "comments": 0}, "stumbledupon": {"shares": 0}}, "site_full": "www.wsj.com", "main_image": "http://si.wsj.net/public/resources/images/BN-IZ480_0618am_G_20150618123056.jpg", "site_section": "http://finance.yahoo.com/rss/headline?s=WMT", "section_title": "Yahoo! Finance: WMT News", "url": "http://www.wsj.com/articles/amazons-performance-isnt-an-open-book-1437586438?mod=yahoo_hs", "country": "GB", "title": "Amazon's Performance Isn't an Open Book", "performance_score": 0, "site": "wsj.com", "participants_count": 0, "title_full": "Amazon's Performance Isn't an Open Book", "spam_score": 0.0, "site_type": "news", "published": "2015-07-22T20:34:00.000+03:00", "replies_count": 0, "uuid": "5c14bbddf3a41e1267d3d4c1ec22a41b5ef102ec"}, "author": "", "url": "http://www.wsj.com/articles/amazons-performance-isnt-an-open-book-1437586438?mod=yahoo_hs", "ord_in_thread": 0, "title": "Amazon's Performance Isn't an Open Book", "locations": [], "entities": {"persons": [], "locations": [], "organizations": []}, "highlightText": "", "language": "english", "persons": [], "text": "Ahead of the Tape Amazon’s Performance Isn’t an Open Book Amazon.com may be a prime example of overpaying for growth given how little information it gives investors about its earnings power. By July 22, 2015 1:33 p.m. ET \nIt seemed like old times for Amazon.com Inc. after it reported quarterly results in April. \nThe stock surged decisively above $400 a share. It now hovers near record highs just below $500 ahead of its second-quarter report Thursday. \nFor anyone who has followed Amazon very long, the $400 mark resonates because that is the target price a... To Read the Full Story, Subscribe or Sign In Popular on WSJ", "external_links": [], "published": "2015-07-22T20:34:00.000+03:00", "crawled": "2015-07-22T20:52:05.485+03:00", "highlightTitle": ""}