{"organizations": [], "uuid": "b45cc8b6e9c2b1b251b76115dd3183f7a3e112a6", "thread": {"social": {"gplus": {"shares": 0}, "pinterest": {"shares": 0}, "vk": {"shares": 0}, "linkedin": {"shares": 0}, "facebook": {"likes": 0, "shares": 0, "comments": 0}, "stumbledupon": {"shares": 0}}, "site_full": "www.bloomberg.com", "main_image": "http://assets.bwbx.io/images/i.5D8LaBegUs/v1/-1x-1.jpg", "site_section": "http://www.bloomberg.com/personal-finance", "section_title": "Personal-finance - Bloomberg Business", "url": "http://www.bloomberg.com/news/articles/2015-07-10/hayes-breaks-down-telling-jury-he-hasn-t-done-anything-wrong", "country": "US", "title": "Hayes Breaks Down Telling Jury He Hasn’t ‘Done Anything’ Wrong", "performance_score": 0, "site": "bloomberg.com", "participants_count": 1, "title_full": "Hayes Breaks Down Telling Jury He Hasn’t ‘Done Anything’ Wrong - Bloomberg Business", "spam_score": 0.0, "site_type": "news", "published": "2015-07-10T22:48:00.000+03:00", "replies_count": 0, "uuid": "b45cc8b6e9c2b1b251b76115dd3183f7a3e112a6"}, "author": "Liam Vaughan", "url": "http://www.bloomberg.com/news/articles/2015-07-10/hayes-breaks-down-telling-jury-he-hasn-t-done-anything-wrong", "ord_in_thread": 0, "title": "Hayes Breaks Down Telling Jury He Hasn’t ‘Done Anything’ Wrong", "locations": [], "entities": {"persons": [], "locations": [], "organizations": []}, "highlightText": "", "language": "english", "persons": [], "text": "Former UBS Group AG trader Tom Hayes broke down in tears on the witness stand as he explained that he didn’t think he’d done anything wrong.\nHayes, who is charged with conspiring to manipulate Libor, became increasingly emotional after his lawyer asked him to explain why he had characterized his behavior as “dishonest” in an interview with prosecutors. Hayes said he felt compelled to exaggerate his role in order to be charged in the U.K. and avoid extradition to the U.S.\n“I’m trying to give the answer I needed to give,” Hayes said with his wife and family looking on from the public gallery in a London courtroom. I wanted to say “I don’t think I’ve done anything” wrong.\nThe 35-year-old Hayes has been testifying this week at his trial where he has pleaded not guilty to eight counts of conspiracy to manipulate the London interbank offered rate, the benchmark used to value more than $350 trillion of loans and securities. Each count carries as much as 10 years in prison.\nProsecutors say Hayes bullied and cajoled fellow traders and brokers to move benchmark rates to make his positions more profitable. Hayes’s lawyers say the practice was widespread.", "external_links": [], "published": "2015-07-10T22:48:00.000+03:00", "crawled": "2015-07-10T18:19:07.000+03:00", "highlightTitle": ""}