{"organizations": [], "uuid": "481940d2dd9797f0d35c34270c74b620d077d032", "thread": {"social": {"gplus": {"shares": 0}, "pinterest": {"shares": 0}, "vk": {"shares": 0}, "linkedin": {"shares": 0}, "facebook": {"likes": 0, "shares": 0, "comments": 0}, "stumbledupon": {"shares": 0}}, "site_full": "uk.finance.yahoo.com", "main_image": "https://s.yimg.com/bt/api/res/1.2/6rik6AZwuPGCiADf_9dhPQ--/YXBwaWQ9eW5ld3M7cT03NTt3PTYwMA--/http://l.yimg.com/os/mit/media/m/social/images/social_default_logo-1481777.png", "site_section": "https://uk.finance.yahoo.com/news/sector-telecommunications/?format=rss", "section_title": "Telecommunications News - Yahoo! Finance UK", "url": "https://uk.finance.yahoo.com/news/china-arrests-britons-south-africans-071632676.html", "country": "US", "title": "China arrests Britons, South Africans for \"terror\" videos", "performance_score": 0, "site": "yahoo.com", "participants_count": 0, "title_full": "China arrests Britons, South Africans for \"terror\" videos", "spam_score": 0.0, "site_type": "news", "published": "2015-07-15T10:16:00.000+03:00", "replies_count": 0, "uuid": "481940d2dd9797f0d35c34270c74b620d077d032"}, "author": "", "url": "https://uk.finance.yahoo.com/news/china-arrests-britons-south-africans-071632676.html", "ord_in_thread": 0, "title": "China arrests Britons, South Africans for \"terror\" videos", "locations": ["South Africans", "China"], "entities": {"persons": [], "locations": [], "organizations": []}, "highlightText": "", "language": "english", "persons": [], "text": "Tip : Use comma (,) to separate multiple quotes. Learn more... \nWed, Jul 15, 2015, 08:42 BST - UK Markets close in 7 hrs 48 mins China arrests Britons, South Africans for \"terror\" videos Reuters - UK Focus – 25 minutes ago -1.03 \nBy Megha Rajagopalan \nBEIJING, July 15 (Reuters) - A group of 20 foreign tourists including Britons, South Africans and an Indian national, have been arrested in northern China, according to reports by Britain's Foreign Office and a South African charity, on suspicion some had ties to a \"terror group\". \nChina has agreed to release 11 of the tourists, but the rest will continue to be held without charge at a detention centre in Inner Mongolia, the South African charity, Gift of the Givers Foundation, said. \nChinese authorities said some of those arrested had been watching propaganda videos from a banned group in their hotel room, the charity added in its statement. \nFive South Africans, three Britons and one Indian national make up the nine being held, it said. \n\"Consular staff have visited the group to provide assistance and we are liaising with Chinese authorities,\" a British Foreign Office spokesman told Reuters. \nThe Chinese Foreign Ministry and the South African embassy did not immediately respond to a request for comment. An Indian embassy spokesman told Reuters he had no information on the matter. \nChinese law enforcement authorities could not be immediately reached for comment. \nThe group was on a 47-day tour of the country when they were detained at an airport in the Inner Mongolian city of Erdos (Shanghai: 600295.SS - news ) . Their tour operator realised something had gone \"horribly wrong\" on Sunday, two days later, the foundation said, when he hadn't heard from them. \n\"These individuals have no terror links, no criminal record in their country,\" said Gift of the Givers, which has negotiated hostage releases. \n\"The families thank the South African government for their unwavering support and call upon the Chinese government to release the detainees immediately.\" \nSeveral of those detained are relatives of Shameel Joosub, chief executive of telecoms company Vodacom Group Ltd., the charity added. (Additional reporting by Reuters Television and Ben Blanchard and Stephen Addison in LONDON, Editing by Larry King and Clarence Fernandez)", "external_links": [], "published": "2015-07-15T10:16:00.000+03:00", "crawled": "2015-07-15T10:42:27.000+03:00", "highlightTitle": ""}