{"organizations": [], "uuid": "f03c35adecf350af6a56802bfae5c617b47932ee", "thread": {"social": {"gplus": {"shares": 0}, "pinterest": {"shares": 0}, "vk": {"shares": 0}, "linkedin": {"shares": 0}, "facebook": {"likes": 0, "shares": 0, "comments": 0}, "stumbledupon": {"shares": 0}}, "site_full": "www.financialexpress.com", "main_image": "", "site_section": "http://www.financialexpress.com/", "section_title": "The Financial Express | India News Today,Latest National News,Stock Market Today,SENSEX NIFTY,NSE BSE India,Finance News,Business News", "url": "http://www.financialexpress.com/article/lifestyle/showbiz/salman-khans-bajrangi-bhaijaan-gets-legal-notice-for-adnans-qawwali-from-emi-pakistan/99417", "country": "IE", "title": "Salman Khan’s ‘Bajrangi Bhaijaan’ gets legal notice for Adnan’s qawwali from EMI Pakistan", "performance_score": 0, "site": "financialexpress.com", "participants_count": 1, "title_full": "Salman Khan’s ‘Bajrangi Bhaijaan’ gets legal notice for Adnan’s qawwali from EMI Pakistan | The Financial Express", "spam_score": 0.0, "site_type": "news", "published": "2015-07-12T01:55:00.000+03:00", "replies_count": 0, "uuid": "f03c35adecf350af6a56802bfae5c617b47932ee"}, "author": "financialexpress.com", "url": "http://www.financialexpress.com/article/lifestyle/showbiz/salman-khans-bajrangi-bhaijaan-gets-legal-notice-for-adnans-qawwali-from-emi-pakistan/99417", "ord_in_thread": 0, "title": "Salman Khan’s ‘Bajrangi Bhaijaan’ gets legal notice for Adnan’s qawwali from EMI Pakistan", "locations": [], "entities": {"persons": [], "locations": [], "organizations": []}, "highlightText": "", "language": "english", "persons": [], "text": "EMI Pakistan has send a legal notice to Salman Khan ’s upcoming movie ‘Bajrangi Bhaijaan’ claiming that it’s recently released song ‘Bhar Do Jholi’ by Adnan Sami didn’t acquire the rights from them to use the popular qawwali.\nThe legal notice served to Salman Khan, director Kabir Khan and to various stakeholders of the song, reads like that though they were proud that a Pakistani song was being liked and reproduced across the border, but it was equally important for them to preserve their rights and uphold their commercial interests to ensure that deserving artists get the rightful remuneration for their creation, the Express Tribune reported.\nThe legal document also mentioned that EMI Pakistan possesses all the necessary documents which manifest the exclusive legal right.\nThe Salman Khan and Kareena Kapoor starrer movie is all set to get release in India on July 17 2015.\n 11, 2015 5:55 pm", "external_links": [], "published": "2015-07-12T01:55:00.000+03:00", "crawled": "2015-07-12T04:43:06.000+03:00", "highlightTitle": ""}