{"organizations": [], "uuid": "0bbed2312ee3504bf202df27513cfaa9539e1e5d", "thread": {"social": {"gplus": {"shares": 0}, "pinterest": {"shares": 0}, "vk": {"shares": 0}, "linkedin": {"shares": 0}, "facebook": {"likes": 0, "shares": 0, "comments": 0}, "stumbledupon": {"shares": 0}}, "site_full": "www.marketwired.com", "main_image": "http://www.ccnmatthews.com/logos/20080612-iroc.jpg", "site_section": "http://www.marketwire.com/rss/mwFSPF.xml", "section_title": "Marketwired - Personal Finance", "url": "http://www.marketwired.com/press-release/iiroc-trade-resumption-locrcvm-permet-la-reprise-de-la-negociation-syn-2036338.htm", "country": "CA", "title": "IIROC Trade Resumption / L'OCRCVM permet la reprise de la negociation - SYN", "performance_score": 0, "site": "marketwired.com", "participants_count": 0, "title_full": "IIROC Trade Resumption / L'OCRCVM permet la reprise de la negociation - SYN", "spam_score": 0.0, "site_type": "news", "published": "2015-07-07T23:13:00.000+03:00", "replies_count": 0, "uuid": "0bbed2312ee3504bf202df27513cfaa9539e1e5d"}, "author": "", "url": "http://www.marketwired.com/press-release/iiroc-trade-resumption-locrcvm-permet-la-reprise-de-la-negociation-syn-2036338.htm", "ord_in_thread": 0, "title": "IIROC Trade Resumption / L'OCRCVM permet la reprise de la negociation - SYN", "locations": [], "entities": {"persons": [], "locations": [], "organizations": []}, "highlightText": "", "language": "english", "persons": [], "text": "Investment Industry Regulatory Organization of Canada (IIROC) July 07, 2015 16:13 ET IIROC Trade Resumption / L'OCRCVM permet la reprise de la negociation - SYN \nVANCOUVER, BRITISH COLUMBIA--(Marketwired - July 7, 2015) - Trading resumes in / Reprise des négociations pour : Company / Société : SYNCORDIA TECHNOLOGIES AND HEALTHCARE SOLUTIONS, CORP. TSX-Venture Symbol / Symbole à la Bourse de croissance TSX : SYN Resumption Time (ET)/ Reprise (HE) : Wednesday July 8 th 8:00am e.t. \nIIROC can make a decision to impose a temporary suspension of trading in a security of a publicly listed company, usually in anticipation of a material news announcement by the company. Trading halts are issued based on the principle that all investors should have the same timely access to important company information. IIROC is the national self-regulatory organization which oversees all investment dealers and trading activity on debt and equity marketplaces in Canada. \nL'OCRCVM peut prendre la decision d'imposer une suspension provisoire des negociations sur le titre d'une societe cotee en bourse, habituellement en prevision d'une annonce importante de la part de la societe. Les suspensions de negociations sont imposees suivant le principe que tous les investisseurs devraient avoir un acces egal et simultane a l'information importante au sujet des societes dans lesquelles ils investissent. L'OCRCVM est l'organisme d'autoreglementation national qui surveille l'ensemble des societes de courtage et l'ensemble des operations effectuees sur les marches boursiers et les marches de titres d'emprunt au Canada. \nPlease note that IIROC is not able to provide any additional information regarding a specific trading halt. Information is limited to general enquiries only. Veuillez prendre note que l'OCRCVM n'est pas en mesure de fournir d'informations supplementaires au sujet d'une suspension des negociations en particulier. L'information est restreinte aux questions generales. Contact Information Service des enquetes de l'OCRCVM1 877 442 4322 (option 2)", "external_links": [], "published": "2015-07-07T23:13:00.000+03:00", "crawled": "2015-07-08T00:24:56.000+03:00", "highlightTitle": ""}