{"organizations": ["Alinma Bank"], "uuid": "1f0b8e140cc278d7f2344651541972db655b2b0d", "thread": {"social": {"gplus": {"shares": 0}, "pinterest": {"shares": 0}, "vk": {"shares": 0}, "linkedin": {"shares": 0}, "facebook": {"likes": 0, "shares": 0, "comments": 0}, "stumbledupon": {"shares": 0}}, "site_full": "www.zawya.com", "main_image": "", "site_section": "http://www.zawya.com/rss/default.cfm?rssid=23C341EC-8851-9E2C-C35A985480E8068B", "section_title": "Zawya.com - Islamic Finance Live News", "url": "http://www.zawya.com/story/Saudis_Alinma_Bank_Q2_net_profit_rises_185_beats_forecasts-TR20150709nD5N0Y204EX3/", "country": "AE", "title": "Saudi's Alinma Bank Q2 net profit rises 18.5%, beats forecasts", "performance_score": 0, "site": "zawya.com", "participants_count": 0, "title_full": "Saudi's Alinma Bank Q2 net profit rises 18.5%, beats forecasts", "spam_score": 0.0, "site_type": "news", "published": "2015-07-09T16:15:00.000+03:00", "replies_count": 0, "uuid": "1f0b8e140cc278d7f2344651541972db655b2b0d"}, "author": "", "url": "http://www.zawya.com/story/Saudis_Alinma_Bank_Q2_net_profit_rises_185_beats_forecasts-TR20150709nD5N0Y204EX3/", "ord_in_thread": 0, "title": "Saudi's Alinma Bank Q2 net profit rises 18.5%, beats forecasts", "locations": [], "entities": {"persons": [], "locations": [], "organizations": []}, "highlightText": "", "language": "english", "persons": [], "text": "Property Insider In Focus BusinessPulse helps business owners increase their revenue and reduce their costs by offering support at each stage of their business. Providing transparent information and practical advice on how to grow their business and take it to the next level. Visit the site:", "external_links": [], "published": "2015-07-09T16:15:00.000+03:00", "crawled": "2015-07-10T14:38:22.000+03:00", "highlightTitle": ""}