{"organizations": [], "uuid": "14cc41439268ed3a53831ed2df12fac559879854", "thread": {"social": {"gplus": {"shares": 0}, "pinterest": {"shares": 0}, "vk": {"shares": 0}, "linkedin": {"shares": 0}, "facebook": {"likes": 0, "shares": 0, "comments": 0}, "stumbledupon": {"shares": 0}}, "site_full": "globenewswire.com", "main_image": "http://globenewswire.com/Attachment/LogoDisplay/313602?filename=313602.png&amp;size=1", "site_section": "http://globenewswire.com//Rss/industry/8775/Specialty%20Finance", "section_title": "GlobeNewswire: Industry News on Specialty Finance", "url": "http://globenewswire.com/news-release/2015/07/09/751053/0/en/Photo-Release-Nasdaq-Welcomes-Hailiang-Education-Group-Inc-to-The-Nasdaq-Stock-Market.html?f=22&fvtc=3&fvtv=8775", "country": "US", "title": "Photo Release -- Nasdaq Welcomes Hailiang Education Group Inc. to The Nasdaq Stock Market", "performance_score": 0, "site": "globenewswire.com", "participants_count": 0, "title_full": "Photo Release -- Nasdaq Welcomes Hailiang Education Group Inc. to The Nasdaq Stock Market", "spam_score": 0.0, "site_type": "news", "published": "2015-07-09T23:48:00.000+03:00", "replies_count": 0, "uuid": "14cc41439268ed3a53831ed2df12fac559879854"}, "author": "", "url": "http://globenewswire.com/news-release/2015/07/09/751053/0/en/Photo-Release-Nasdaq-Welcomes-Hailiang-Education-Group-Inc-to-The-Nasdaq-Stock-Market.html?f=22&fvtc=3&fvtv=8775", "ord_in_thread": 0, "title": "Photo Release -- Nasdaq Welcomes Hailiang Education Group Inc. to The Nasdaq Stock Market", "locations": [], "entities": {"persons": [], "locations": [], "organizations": []}, "highlightText": "", "language": "english", "persons": [], "text": "Photo Release -- Nasdaq Welcomes Hailiang Education Group Inc. to The Nasdaq Stock Market ET | Source: The NASDAQ OMX Group, Inc. photo-release \nNEW YORK, July 09, 2015 (GLOBE NEWSWIRE) -- Nasdaq (Nasdaq: NDAQ ) announced that trading of Hailiang Education Group Inc. (Nasdaq: HLG ), a provider of K-12 educational services in China, commenced on The Nasdaq Stock Market on Tuesday, July 7, 2015. \nA photo accompanying this announcement is available at http://www.globenewswire.com/NewsRoom/AttachmentNg/91b8543f-364d-4e3c-a880-ebc2d3d5a5d1 \nSince its founding in 1995, the Hailiang Education Group has become one of the largest private elementary education groups in the East China region. Hailiang’s schools offer basic and international educational programs at the kindergarten, primary school, middle school, and high school levels, as well as courses designed for university-bound students studying for A-levels in the United Kingdom or the SAT in the United States. \n“We are thrilled to welcome The Hailiang Education Group to the Nasdaq family, and look forward to supporting the company as they continue to grow and provide educational resources to students across China,” said Bob McCooey, Senior Vice President, Listing Services at Nasdaq. \nBy listing on Nasdaq, the Hailiang Education Group joins many of the world’s largest and most revolutionary companies. Nasdaq is the exchange of choice for 60 percent of consumer companies that have listed on the U.S. markets year-to-date. \nThe information contained above is provided for informational and educational purposes only, and nothing contained herein should be construed as investment advice, either on behalf of a particular security or an overall investment strategy. Neither Nasdaq nor any of its affiliates makes any recommendation to buy or sell any security or any representation about the financial condition of any company. Statements regarding Nasdaq-listed companies are not guarantees of future performance. Actual results may differ materially from those expressed or implied. Past performance is not indicative of future results. Investors should undertake their own due diligence and carefully evaluate companies before investing. ADVICE FROM A SECURITIES PROFESSIONAL IS STRONGLY ADVISED. \nAbout Nasdaq: \nNasdaq (Nasdaq: NDAQ ) is a leading provider of trading, clearing, exchange technology, listing, information and public company services across six continents. Through its diverse portfolio of solutions, Nasdaq enables customers to plan, optimize and execute their business vision with confidence, using proven technologies that provide transparency and insight for navigating today's global capital markets. As the creator of the world's first electronic stock market, its technology powers more than 70 marketplaces in 50 countries, and 1 in 10 of the world's securities transactions. Nasdaq is home to more than 3,500 listed companies with a market value of approximately $9.5 trillion and more than 10,000 corporate clients. To learn more, visit: nasdaq.com/ambition or business.nasdaq.com. \nNDAQG Media Relations Contacts: Will Briganti (646) 441-5012 william.briganti@nasdaq.com Christine Barna (646) 441-5310 Christine.Barna@nasdaq.com Related Articles", "external_links": [], "published": "2015-07-09T23:48:00.000+03:00", "crawled": "2015-07-10T03:30:15.000+03:00", "highlightTitle": ""}