{"organizations": ["New York Stock Exchange", "Valero"], "uuid": "69c23a247af749cdb4aca1a8dccee78e2350e394", "thread": {"social": {"gplus": {"shares": 0}, "pinterest": {"shares": 0}, "vk": {"shares": 0}, "linkedin": {"shares": 0}, "facebook": {"likes": 0, "shares": 0, "comments": 0}, "stumbledupon": {"shares": 0}}, "site_full": "www.cnbc.com", "main_image": "http://fm.cnbc.com/applications/cnbc.com/resources/img/editorial/2015/03/23/102528079-20150323-9637-1165.1910x1000.jpg", "site_section": "http://finance.yahoo.com/rss/headline?s=VLO", "section_title": "Yahoo! Finance: VLO News", "url": "http://www.cnbc.com/2015/07/13/after-hours-buzz-valero-navient-more.html?__source=yahoo%7Cfinance%7Cheadline%7Cheadline%7Cstory&par=yahoo&doc=102830111", "country": "US", "title": "After-hours buzz: Valero, Navient & more", "performance_score": 0, "site": "cnbc.com", "participants_count": 0, "title_full": "After-hours buzz: Valero, Navient & more", "spam_score": 0.0, "site_type": "news", "published": "2015-07-14T00:41:00.000+03:00", "replies_count": 0, "uuid": "69c23a247af749cdb4aca1a8dccee78e2350e394"}, "author": "", "url": "http://www.cnbc.com/2015/07/13/after-hours-buzz-valero-navient-more.html?__source=yahoo%7Cfinance%7Cheadline%7Cheadline%7Cstory&par=yahoo&doc=102830111", "ord_in_thread": 0, "title": "After-hours buzz: Valero, Navient & more", "locations": [], "entities": {"persons": [], "locations": [], "organizations": []}, "highlightText": "", "language": "english", "persons": ["Adam Jeffery"], "text": "Check out the companies making headlines after the bell Monday: Adam Jeffery | CNBC A trader works on the floor of the New York Stock Exchange. \nNavient - The loan management provider said it expects second-quarter core earnings of about 40 cents a share and full-year earnings of about $1.85 a share. Shares fell more than 13 percent on the news. \nJetBlue - Shares inched lower after the airline said passenger revenue per available seat fell about 1 percent in June from a year ago. \nValero Energy - The fuel provider declared a quarterly cash dividend of 40 cents per share. The company also said its board approved a $2.5 billion stock buyback, bringing its total share repurchase program to $2.9 billion. The stock rose about 2 percent after the announcement. \nAXIS Capital Holdings - The insurer said it sees second-quarter adjusted earnings of between 90 cents and 96 cents per share. Shares fell about 4 percent in after-hours trading.", "external_links": [], "published": "2015-07-14T00:41:00.000+03:00", "crawled": "2015-07-14T02:37:20.000+03:00", "highlightTitle": ""}