{"organizations": [], "uuid": "4d699cb5f77e4c4febacb5da8b00e97db08650df", "thread": {"social": {"gplus": {"shares": 0}, "pinterest": {"shares": 0}, "vk": {"shares": 0}, "linkedin": {"shares": 0}, "facebook": {"likes": 0, "shares": 0, "comments": 0}, "stumbledupon": {"shares": 0}}, "site_full": "www.menafn.com", "main_image": "http://menafn.com/images/shared/menafnlogo_sm.gif", "site_section": "http://www.menafn.com/rss/menafn_Business_Finance.xml", "section_title": "MENAFN.com Business_Finance", "url": "http://www.menafn.com/1094283587/UAE-government-workshop-highlights-importance-of-using-scenario-planning-as-tool-to-achieve-excellence&src=RSS", "country": "US", "title": "UAE government workshop highlights importance of using scenario planning as tool to achieve excellence", "performance_score": 0, "site": "menafn.com", "participants_count": 1, "title_full": "UAE government workshop highlights importance of using scenario planning as tool to achieve excellence | MENAFN.COM", "spam_score": 0.0, "site_type": "news", "published": "2015-07-16T03:00:00.000+03:00", "replies_count": 0, "uuid": "4d699cb5f77e4c4febacb5da8b00e97db08650df"}, "author": "Emirates News Agency (WAM)", "url": "http://www.menafn.com/1094283587/UAE-government-workshop-highlights-importance-of-using-scenario-planning-as-tool-to-achieve-excellence&src=RSS", "ord_in_thread": 0, "title": "UAE government workshop highlights importance of using scenario planning as tool to achieve excellence", "locations": [], "entities": {"persons": [], "locations": [], "organizations": []}, "highlightText": "", "language": "english", "persons": [], "text": "(MENAFN - Emirates News Agency (WAM)) The UAE government has organised a workshop entitled 'Scenario planning as a tool to shape the future' to discuss the importance of strategic planning in achieving government excellence. The event saw the participation of 100 specialists in strategic planning and government excellence from various federal government entities.\n\nThe workshop was organised to support federal government bodies prepare for the Strategic Plan 2017-2021, training them to make scientific evaluations based on potential future scenarios and develop integrated systems to shape the future. The workshop was also aimed at enabling the participants to analyse the internal and external environment and identify emerging opportunities.\n\nOhood Al Roumi, Director-General of the Prime Minister's Office, said the event is part of a series of seminars and events being organised with the active participation of government agencies in line with the directives of His Highness Sheikh Mohammed bin Rashid Al Maktoum, Vice President and Prime Minister of the UAE and Ruler of Dubai, to adopt a proactive approach to convert scenarios into innovative solutions that promote government performance to achieve the highest satisfaction levels and increase people's happiness.\n\nShe also said the aim of the workshop was to enhance the capabilities of the participants to use innovative ideas to raise efficiency levels and improve services in line with the objectives of UAE Vision 2021. The workshop, conducted by the Prime Minister's Office, highlighted the importance of employing scenarios as tools to anticipate challenges and future trends to develop effective innovative solutions.\n\nIt explained how strategic planning can use scenarios to support the decision-making process and discussed the process of generating innovative ideas by thinking differently through teamwork, especially between different departments and entities, keeping in mind the relationship between shaping the future and excellence in the UAE.\n\nThe workshop is part of plans to organise more specialised seminars and workshops led by experts to provide government entities with a set of integrated tools to help shape the future.", "external_links": [], "published": "2015-07-16T03:00:00.000+03:00", "crawled": "2015-07-16T19:49:48.000+03:00", "highlightTitle": ""}