{"organizations": ["AstraZeneca"], "uuid": "2b44f3033331492e2fc5fde6a802c99987a3119e", "thread": {"social": {"gplus": {"shares": 0}, "pinterest": {"shares": 0}, "vk": {"shares": 0}, "linkedin": {"shares": 0}, "facebook": {"likes": 0, "shares": 0, "comments": 0}, "stumbledupon": {"shares": 0}}, "site_full": "uk.finance.yahoo.com", "main_image": "https://s.yimg.com/bt/api/res/1.2/6rik6AZwuPGCiADf_9dhPQ--/YXBwaWQ9eW5ld3M7cT03NTt3PTYwMA--/http://l.yimg.com/os/mit/media/m/social/images/social_default_logo-1481777.png", "site_section": "https://uk.finance.yahoo.com/news/sector-health-care/?format=rss", "section_title": "Health Care News | Pharmaceutical News - Yahoo! Finance UK", "url": "https://uk.finance.yahoo.com/news/astrazeneca-plc-slumps-sell-buy-082510065.html", "country": "US", "title": "As AstraZeneca plc Slumps, Should You Sell And Buy Shire PLC?", "performance_score": 0, "site": "yahoo.com", "participants_count": 0, "title_full": "As AstraZeneca plc Slumps, Should You Sell And Buy Shire PLC?", "spam_score": 0.0, "site_type": "news", "published": "2015-07-10T11:25:00.000+03:00", "replies_count": 0, "uuid": "2b44f3033331492e2fc5fde6a802c99987a3119e"}, "author": "", "url": "https://uk.finance.yahoo.com/news/astrazeneca-plc-slumps-sell-buy-082510065.html", "ord_in_thread": 0, "title": "As AstraZeneca plc Slumps, Should You Sell And Buy Shire PLC?", "locations": [], "entities": {"persons": [], "locations": [], "organizations": []}, "highlightText": "", "language": "english", "persons": [], "text": "Tip : Use comma (,) to separate multiple quotes. Learn more... \nFri, Jul 10, 2015, 10:09 BST - UK Markets close in 6 hrs 21 mins As AstraZeneca plc Slumps, Should You Sell And Buy Shire PLC? By Rupert Hargreaves | Fool.co.uk – 44 minutes ago +0.22 \nShire (LSE: SHP) and AstraZeneca (LSE: AZN) couldn't be more different. \nShire's growth is exploding, and investors are clamouring to get their hands on the company's shares. Excluding exceptional items, the company delivered earnings growth of 38% last year. Further earning growth of 32% is expected this year. \nAnd with this kind of growth on the cards, investors are willing to pay a premium to get their hands on Shire's shares. Indeed, Shire currently trades at a forward P/E of 21.1 and is up 17.5% year to date. \nOn the other hand, Astra's shares have fallen by 8% year to date as investors turn their backs on the company. Astra's earnings are expected to fall for the next two years, and the company currently trades at a forward P/E of 15. However, the company's dividend yield of 4.4% is keeping some investors interested. \nInvestor concerns \nAstra has fallen out of favour with the market during the past six months due to concerns regarding its research and development pipeline. Once touted as one of the best R&D pipelines in the industry, Astra is now falling behind as peers Roche, Bristol-Myers Squibb and Merck have all shown faster progress in bringing lung cancer treatments to market. \nAs a result, Astra has fallen behind in the development of new immuno oncology treatments and peers are stealing sales right from under its nose. \nBut to a certain extent, Astra is still a force to be reckoned with in the field of oncology. The company has more than 50 treatment trials planned for this year, with several launches planned between now and 2017. \nAccording to City analysts, three of these treatments have the potential to be blockbusters, which can return the company to growth by 2017; as targeted by management. \nAnd even though it has fallen behind its peers, Astra is expected to generate $6.9bn of oncology franchise sales by 2023, up from a low of $2.8bn reported this year. Profit margins are expected to expand significantly over this period. \nUnstoppable rise \nAs Astra struggles, Shire is surging ahead. The company is snapping up smaller peers to boost growth and its treatment pipeline. \nWhat's more, Shire's flagship Vyvanse hyperactivity drug continues to report sales growth as the treatment's user base expands. For example, at the beginning of this year the US Food and Drug Administration added binge eating disorder to the approved uses of Vyvanse. \nGrowth, income or value \nChoosing between Astra and Shire is difficult, but in the end it comes down to your investing preference. If you're looking for income with the potential for growth, Astra could be the best choice. \nHowever, if you're a growth investor who's willing to sacrifice income and pay a premium for long-term growth, I'd say Shire is your best option. \nIf you're not convinced about Shire's long-term prospects, then The Motley Fool's top analysts have recently identified a biotech whose near-term potential upside, they reckon, could be as high as 45%! \nAll is revealed in our new free report entitled \" Is This Stock Tomorrow's Big Winner? \" The company in question has a substantial cash balance, proven advantage and is supported by some of the industry's biggest players! \nIf you'd like to find out more, download the free report today -- but hurry, it's only available for a limited time . \nRupert Hargreaves owns shares of AstraZeneca. The Motley Fool UK has no position in any of the shares mentioned. We Fools don't all hold the same opinions, but we all believe that considering a diverse range of insights makes us better investors.", "external_links": [], "published": "2015-07-10T11:25:00.000+03:00", "crawled": "2015-07-10T12:18:23.000+03:00", "highlightTitle": ""}