{"organizations": ["TOMI Environmental Solutions, Inc"], "uuid": "d63218932c3e6cae5238d80e34f92a6aa2a19959", "thread": {"social": {"gplus": {"shares": 0}, "pinterest": {"shares": 0}, "vk": {"shares": 0}, "linkedin": {"shares": 0}, "facebook": {"likes": 0, "shares": 0, "comments": 0}, "stumbledupon": {"shares": 0}}, "site_full": "globenewswire.com", "main_image": "http://globenewswire.com/Attachment/LogoDisplay/327786?filename=327786.jpg&amp;size=1", "site_section": "http://globenewswire.com//Rss/subjectcode/17/Financing%20Agreements", "section_title": "GlobeNewswire: Financing Agreements", "url": "http://globenewswire.com/news-release/2015/07/08/750737/10141074/en/TOMI-TM-Receives-8-Million-Equity-Investment.html?f=22&fvtc=1&fvtv=Financing%20Agreements", "country": "US", "title": "TOMI(TM) Receives $8 Million Equity Investment", "performance_score": 0, "site": "globenewswire.com", "participants_count": 0, "title_full": "TOMI(TM) Receives $8 Million Equity Investment", "spam_score": 0.0, "site_type": "news", "published": "2015-07-08T23:05:00.000+03:00", "replies_count": 0, "uuid": "d63218932c3e6cae5238d80e34f92a6aa2a19959"}, "author": "", "url": "http://globenewswire.com/news-release/2015/07/08/750737/10141074/en/TOMI-TM-Receives-8-Million-Equity-Investment.html?f=22&fvtc=1&fvtv=Financing%20Agreements", "ord_in_thread": 0, "title": "TOMI(TM) Receives $8 Million Equity Investment", "locations": [], "entities": {"persons": [], "locations": [], "organizations": []}, "highlightText": "", "language": "english", "persons": [], "text": "TOMI(TM) Receives $8 Million Equity Investment July 08, 2015 16:05 ET | Source: TOMI Environmental Solutions, Inc. \nBEVERLY HILLS, Calif., July 8,   TOMI™ Environmental Solutions, Inc. (OTCQB:TOMZ) ( TOMI ), a global bacteria decontamination and infection prevention company, announced that it has received an equity investment of $8 million from Arise Asset Management Private Limited (Arise). As part of the transaction, TOMI issued approximately 17 million shares of restricted common stock to Arise. Established in 2001, Arise is a private and public wealth management fund based in Singapore that focuses primarily on publicly traded technology companies around the world. \nDr. Halden Shane, TOMI's Chief Executive Officer, stated: \"This equity transaction demonstrates our commitment to improving our balance sheet and positioning the company for long-term growth. A portion of the proceeds of this capital raise enabled us to retire approximately $5 million in convertible debt plus interest, resulting in TOMI becoming completely debt-free. Following last month's announcement that the Environmental Protection Agency (EPA) registered TOMI's SteraMist™ with Binary Ionization Technology® (BIT™) for use in hospitals and healthcare facilities, we believe that we are very well positioned to bring our leading, cutting-edge SteraMist™ technology to market in rapid fashion.\" \nAbout TOMI ™ Environmental Solutions, Inc. \nTOMI ™ Environmental Solutions, Inc. (OTCQB:TOMZ) is a global bacteria decontamination and infectious disease control company, providing eco-friendly environmental solutions for indoor surface decontamination through manufacturing, sales and licensing of our premier platform of Hydrogen Peroxide based products that uses Binary Ionization Technology® (BIT ™ ), a state of the art technology for the production of its healthcare-hospital disinfectant mist represented by the TOMI™ SteraMist™ brand. \nTOMI's products are designed to service a broad spectrum of commercial structures including hospitals and medical facilities, cruise ships, office buildings, hotel and motel rooms, schools, restaurants, for non-food safety in meat and produce processing facilities, military barracks, and athletic facilities. TOMI's products and services have also been used in single-family homes and multi-unit residences. \nTOMI also develops training programs and application protocols for its clients and is a member in good standing with The American Biological Safety Association, The American Association of Tissue Banks, Association for Professionals in Infection Control and Epidemiology, Society for Healthcare Epidemiology of America, The Restoration Industry Association, Indoor Air Quality Association, and The International Ozone Association. For additional product information, visit www.tomiesinc.com or contact us at info@tomiesinc.com . \nSafe Harbor Statement under the Private Securities Litigation Reform Act of 1995 \nCertain written and oral statements made by us may constitute \"forward-looking statements\" as defined in the Private Securities Litigation Reform Act of 1995 (the \"Reform Act\"). Forward-looking statements are identified by such words and phrases as \"we expect,\" \"expected to,\" \"estimates,\" \"estimated,\" \"current outlook,\" \"we look forward to,\" \"would equate to,\" \"projects,\" \"projections,\" \"projected to be,\" \"anticipates,\" \"anticipated,\" \"we believe,\" \"could be,\" and other similar phrases. All statements addressing operating performance, events, or developments that we expect or anticipate will occur in the future, including statements relating to revenue growth, earnings, earnings-per-share growth, or similar projections, are forward-looking statements within the meaning of the Reform Act. They are forward-looking, and they should be evaluated in light of important risk factors that could cause our actual results to differ materially from our anticipated results. The information provided in this document is based upon the facts and circumstances known at this time. We undertake no obligation to update these forward-looking statements after the date of this release. INVESTOR RELATIONS CONTACT: Becky Herrick & Kirsten Chapman LHA (IR Agency) (415) 433-3777 MEDIA RELATIONS CONTACT: Aaron Loveland VP of Marketing and Public Affairs (240) 672-6263 Related Articles", "external_links": [], "published": "2015-07-08T23:05:00.000+03:00", "crawled": "2015-07-09T07:08:52.000+03:00", "highlightTitle": ""}