{"organizations": [], "uuid": "1e6c7c70ef1d6f28604f9cb5ca72c81be01d8186", "thread": {"social": {"gplus": {"shares": 0}, "pinterest": {"shares": 0}, "vk": {"shares": 0}, "linkedin": {"shares": 0}, "facebook": {"likes": 0, "shares": 0, "comments": 0}, "stumbledupon": {"shares": 0}}, "site_full": "www.smh.com.au", "main_image": "http://www.smh.com.au/content/dam/images/g/i/7/c/c/8/image.related.articleLeadwide.620x349.gi7jbk.png/1436321985812.jpg", "site_section": "http://www.smh.com.au/business/markets/sectors/share-listing/3510/health-care/health-care-equipment-and-services", "section_title": "Business News, Economy, Finance &amp; ASX Market News", "url": "http://www.smh.com.au/business/china/chinese-share-market-stocks-plunge-over-half-of-listed-stocks-suspended-from-trading-20150708-gi7jbk.html", "country": "AU", "title": "Chinese share market: Stocks plunge, half of listed stocks suspended from trading", "performance_score": 0, "site": "smh.com.au", "participants_count": 1, "title_full": "Chinese share market: Stocks plunge, half of listed stocks suspended from trading", "spam_score": 0.0, "site_type": "news", "published": "2015-07-08T03:00:00.000+03:00", "replies_count": 0, "uuid": "1e6c7c70ef1d6f28604f9cb5ca72c81be01d8186"}, "author": "The Sydney Morning Herald", "url": "http://www.smh.com.au/business/china/chinese-share-market-stocks-plunge-over-half-of-listed-stocks-suspended-from-trading-20150708-gi7jbk.html", "ord_in_thread": 0, "title": "Chinese share market: Stocks plunge, half of listed stocks suspended from trading", "locations": [], "entities": {"persons": [], "locations": [], "organizations": []}, "highlightText": "", "language": "english", "persons": [], "text": "Return to video Video settings Please Log in to update your video settings\nVideo will begin in 5 seconds.\nDon't play Play now More video Recommended Greek banks running out of cash\nGreek celebrations leave Germans fuming\nGreeks say 'No' in referendum\nStaying alert with the SmartCap\nWhy ATMs are falling out of fashion\nReplay video Return to video Video settings Please Log in to update your video settings\nWhy China's stock market is diving China's shares are tumbling, and a cooling economy isn't to blame.\nPT0M57S 620 349 Autoplay On Off Video feedback Video settings China's Shanghai Composite Index plunged amid concern a raft of measures to stabilise equities is failing to stop the bear-market rout as traders unwind margin bets at a record pace.\nThe Shanghai Composite tumbled as much as 8.2 per cent, the most since 2007, before paring losses to 4.8 per cent to trade at 3,549.92 at 9:56 a.m. local time. There were four gainers among the 1,106 stocks that trade on the benchmark gauge, which has slumped 28 per cent since the June peak. PetroChina Co., the biggest stock, tumbled 4.9 per cent as nine out of 10 industry gauges dropped at least 4 per cent in the CSI 300 Index.\nIn the latest attempts to stem losses, the government raised margin requirements for CSI 500 Index futures, while the China Securities Finance Corp. will buy more shares of smaller companies.\nAbout 43 per cent of the stock market is frozen after more than a thousand companies suspended their shares. Photo: Reuters\nAhead of trading today, a further 660 companies asked for their shares to be suspended. That takes the total number of companies suspended to 1429 out of the 2776 stocks listed in either Shanghai or Shenzhen, according to the National Business Daily.\nAdvertisement \"Greed and fear,\" said Michael Every, head of financial markets research at Rabobank Group in Hong Kong. \"If you hadn't been greedy you'd have nothing to fear now. We are heading to 2,500.\"\nTraders cut 98.3 billion yuan worth of shareholdings purchased with borrowed money on the Shanghai exchange on Tuesday, an 8.5 per cent drop that's the biggest on record.\nPlunging Chinese equities have damaged the confidence of its main driving force -- the more than 90 million individual investors who make up about 80 per cent of the market, according to a survey of households.\nWhile they are \"relatively optimistic\" about the future, they still want to reduce their stakes as their gains vanish, according to a poll by the Survey and Research Center for China Household Finance at the Southwestern University of Finance and Economics.\nBloomberg", "external_links": [], "published": "2015-07-08T03:00:00.000+03:00", "crawled": "2015-07-08T05:46:17.000+03:00", "highlightTitle": ""}