{"organizations": ["S&P", "BG", "Shell"], "uuid": "3b0bd5828455fe1789c2366b124341598232381c", "thread": {"social": {"gplus": {"shares": 0}, "pinterest": {"shares": 0}, "vk": {"shares": 0}, "linkedin": {"shares": 0}, "facebook": {"likes": 0, "shares": 0, "comments": 0}, "stumbledupon": {"shares": 0}}, "site_full": "uk.finance.yahoo.com", "main_image": "https://s.yimg.com/bt/api/res/1.2/6rik6AZwuPGCiADf_9dhPQ--/YXBwaWQ9eW5ld3M7cT03NTt3PTYwMA--/http://l.yimg.com/os/mit/media/m/social/images/social_default_logo-1481777.png", "site_section": "https://uk.finance.yahoo.com/news/sector-oil-gas/?format=rss", "section_title": "Oil News | Gas News - Yahoo! Finance UK", "url": "https://uk.finance.yahoo.com/news/p-cut-rating-shell-big-210159083.html", "country": "US", "title": "S&P cut its rating on Shell after big BG merger", "performance_score": 0, "site": "yahoo.com", "participants_count": 0, "title_full": "S&P cut its rating on Shell after big BG merger", "spam_score": 0.0, "site_type": "news", "published": "2015-07-22T00:01:00.000+03:00", "replies_count": 0, "uuid": "3b0bd5828455fe1789c2366b124341598232381c"}, "author": "", "url": "https://uk.finance.yahoo.com/news/p-cut-rating-shell-big-210159083.html", "ord_in_thread": 0, "title": "S&P cut its rating on Shell after big BG merger", "locations": [], "entities": {"persons": [], "locations": [], "organizations": []}, "highlightText": "", "language": "english", "persons": [], "text": "Tip : Use comma (,) to separate multiple quotes. Learn more... \nWed, Jul 22, 2015, 02:15 BST - UK Markets open in 5 hrs 45 mins S&P cut its rating on Shell after big BG merger Reuters - UK Focus – 4 hours ago 1,836.50 -1.50 \nJuly 21 (Reuters) - Standard & Poors cut its rating on Royal Dutch Shell Plc by one notch to 'AA minus' from 'AA', citing a weaker financial risk profile, mainly due to soft oil prices, and continuing substantial capital expenditures. \nThe rating agency said the outlook on the company is negative reflecting possible adverse effects on credit metrics if the large BG Group Plc (LSE: BG.L - news ) acquisition is finalized.( http://bit.ly/1GzvDlE ) \nShell (LSE: RDSB.L - news ) announced in April that it has agreed to buy BG Group Plc for about 47 billion pounds, making it the first oil super-merger in a decade. \nThe rating agency said the company's outlook could be revised to stable if the BG acquisition does not proceed further. \n\"Our rating on Shell does not factor in the BG acquisition at this stage, since the deal is yet to close. We understand that the acquisition is subject to numerous regulatory and shareholder approvals,\" the rating agency said on Tuesday. \nHowever, the company's long-term and short-term ratings, which have been under CreditWatch since April, are removed. \nAlso, the rating on the company could be lowered further if the BG acquisition is finalized and further effects credit metrics of the company, S&P said in the note. \nThe rating agency now anticipates a lower ratio of funds from operations to debt over 2015 to 2017 and assess the company's financial risk profile as \"intermediate\" instead of \"modest.\" \n(Reporting by Rishika Sadam in Bengaluru)", "external_links": [], "published": "2015-07-22T00:01:00.000+03:00", "crawled": "2015-07-22T04:15:54.804+03:00", "highlightTitle": ""}