{"organizations": [], "uuid": "e865bbaad4a941bd3bc411bc679ffbe531b9c1fd", "thread": {"social": {"gplus": {"shares": 0}, "pinterest": {"shares": 0}, "vk": {"shares": 0}, "linkedin": {"shares": 0}, "facebook": {"likes": 0, "shares": 0, "comments": 0}, "stumbledupon": {"shares": 0}}, "site_full": "uk.finance.yahoo.com", "main_image": "https://s.yimg.com/bt/api/res/1.2/6rik6AZwuPGCiADf_9dhPQ--/YXBwaWQ9eW5ld3M7cT03NTt3PTYwMA--/http://l.yimg.com/os/mit/media/m/social/images/social_default_logo-1481777.png", "site_section": "https://uk.finance.yahoo.com/news/sector-oil-gas/?format=rss", "section_title": "Oil News | Gas News - Yahoo! Finance UK", "url": "https://uk.finance.yahoo.com/news/circle-oil-dips-postponses-drilling-095600096.html", "country": "US", "title": "Circle Oil dips as it postponses drilling at Moroccan ANS-2 well", "performance_score": 0, "site": "yahoo.com", "participants_count": 0, "title_full": "Circle Oil dips as it postponses drilling at Moroccan ANS-2 well", "spam_score": 0.0, "site_type": "news", "published": "2015-07-14T12:56:00.000+03:00", "replies_count": 0, "uuid": "e865bbaad4a941bd3bc411bc679ffbe531b9c1fd"}, "author": "", "url": "https://uk.finance.yahoo.com/news/circle-oil-dips-postponses-drilling-095600096.html", "ord_in_thread": 0, "title": "Circle Oil dips as it postponses drilling at Moroccan ANS-2 well", "locations": [], "entities": {"persons": [], "locations": [], "organizations": []}, "highlightText": "", "language": "english", "persons": [], "text": "8.96 -0.6650 \nLONDON (ShareCast) - (ShareCast News) - Circle Oil (LSE: COP.L - news ) froze drilling operations at its ANS-2 exploration well in the Lalla Mimouna Permit as it called into question whether operations were worth completing, sending shares into the red. Reservoir quality dipped below pre-drilling expectations, the analysis of wireline logs revealed, although further investigation is to follow. \n\"The ANS-2 exploration well has provided important data to help further our understanding of the Lalla Mimouna permit,\" said chief executive Mitch Flegg. \n\"We will now interpret this along with the results from the recent successful LAM-1 well test before we decide on whether to complete and test ANS-2,\" he added. \nDrilling will go ahead as planned at other wells and prospects in the program, such as the NFA-1 in the south of the permit area, which is tracking seismic anomalies, an indicator of gas-bearing potential. \nAs of 0930 BST, Circle Oil was trading 7% lower at 9p.", "external_links": [], "published": "2015-07-14T12:56:00.000+03:00", "crawled": "2015-07-14T13:10:21.000+03:00", "highlightTitle": ""}