{"organizations": [], "uuid": "8c16e3174aec4d3ddcd7438e5c343a1cfaa1a452", "thread": {"social": {"gplus": {"shares": 0}, "pinterest": {"shares": 0}, "vk": {"shares": 0}, "linkedin": {"shares": 0}, "facebook": {"likes": 0, "shares": 0, "comments": 0}, "stumbledupon": {"shares": 0}}, "site_full": "uk.finance.yahoo.com", "main_image": "https://s.yimg.com/bt/api/res/1.2/87FhbDWaAIoCxUwgmOIDnQ--/YXBwaWQ9eW5ld3M7aWw9cGxhbmU7cT03NTt3PTYwMA--/http://globalfinance.zenfs.com/images/UK_AFTP_AFP_LIVE_1/f2d68d8a5352db7067ff9eaa81f9c0fba8b400eb_original.jpg", "site_section": "https://uk.finance.yahoo.com/news/provider-afp/?format=rss", "section_title": "Finance News | AFP - Yahoo! UK & Ireland Finance", "url": "https://uk.finance.yahoo.com/news/eurozone-tailspin-greece-votes-no-224354060.html", "country": "GB", "title": "Eurozone in tailspin after Greece votes 'No' to bailout", "performance_score": 0, "site": "yahoo.com", "participants_count": 0, "title_full": "Eurozone in tailspin after Greece votes 'No' to bailout", "spam_score": 0.0, "site_type": "news", "published": "2015-07-06T04:25:00.000+03:00", "replies_count": 0, "uuid": "8c16e3174aec4d3ddcd7438e5c343a1cfaa1a452"}, "author": "", "url": "https://uk.finance.yahoo.com/news/eurozone-tailspin-greece-votes-no-224354060.html", "ord_in_thread": 0, "title": "Eurozone in tailspin after Greece votes 'No' to bailout", "locations": ["Greece"], "entities": {"persons": [], "locations": [], "organizations": []}, "highlightText": "", "language": "english", "persons": [], "text": "Tip : Use comma (,) to separate multiple quotes. Learn more... \nMon, Jul 6, 2015, 02:27 BST - UK Markets open in 5 hrs 33 mins Eurozone in tailspin after Greece votes 'No' to bailout By Marc Burleigh and Ella Ide | AFP – 2 hours 43 minutes ago View Photo \n\nGreek voters overwhelmingly rejected international creditors' tough bailout terms in a historic referendum Sunday that immediately sent the euro plummeting out of fear it could trigger a \"Grexit\" from the eurozone. \nWith near-complete results showing the 'No' vote winning by more than 61 percent, the outcome represented a political victory for radical left Prime Minister Alexis Tsipras who claimed his negotiating position to secure a new debt deal was now greatly bolstered. \nThousands of pro-government supporters cheered and hugged each other in central Athens in celebration, although some other Greeks expressed pessimism that Tsipras would be able to deliver on his promises. \nEurozone leaders and officials -- some of whom viewed the plebiscite as an in-out vote on Greece's membership in the euro -- scrambled to work out their response. \nGerman Chancellor Angela Merkel and French President Francois Hollande hastily called a European summit for Tuesday after stating the Greeks' decision must \"be respected\". \n- 'No rupture with Europe' - \nTsipras has \"torn down the bridges\" between Greece and Europe, Merkel's deputy chancellor, German Economy Minister Sigmar Gabriel, told the Tagesspiegel newspaper. \nDespite the Greek premier's assertions, new bailout negotiations now were \"difficult to imagine,\" he said. \nEuropean Commission president Jean-Claude Juncker -- who had said a Greek 'No' would be \"no to Europe\" -- was to speak to the European Central Bank (ECB) and eurozone finance ministers on Sunday and Monday. \nThe head of the Eurogroup of eurozone finance ministers, Jeroen Dijsselbloem, called the Greek 'No' result \"very regrettable for the future of Greece\". \nThe euro fell 1.6 percent in the wake of the referendum, to $1.0963, in electronic trading before recovering slightly to $1.0987, still down 1.2 percent. \nIn a televised address after the referendum, Tsipras insisted the vote did not mean a break with Europe. He has emphasised that euro membership is meant to be \"irreversible\" with no legal avenue to boot a country out. \n\"This is not an mandate of rupture with Europe, but a mandate that bolsters our negotiating strength to achieve a viable deal,\" he said. \nTsipras claimed the creditors -- the ECB, the European Commission and the International Monetary Fund (IMF) -- would finally have to talk about restructuring the massive, 240-billion-euro ($267 billion) debt Greece owes them. \n\"This time, the debt will be on the negotiating table,\" he said. \n- Voters celebrate - \nPunching the air, kissing and cheering, the 'No' camp in Athens exulted as the news came through that voters had rejected international creditors' demands. \n\"This is a victory for the Greek people, a chance for Europe,\" said Giorgos, 25, who had rushed along with his girlfriend to join some 6,000 people celebrating their triumph. \n\"Spain, and then Portugal, should follow this path. We're for a Europe of the people,\" he said, brushing off concerns the result could see the debt-laden country plunge further into the financial mire. \n\"This is Europe's chance to become what it should have been in the beginning,\" said 37-year-old Dima Rousso. \nWhile many of those who voted 'No' were youths hit by record jobless rates, there were also elderly people in the crowds, wrapped in Greek flags and dancing in time with the victory chants. \nBut the mood of jubilation was not shared by all 'No' voters, with some saying they had been confronted with an impossible choice. \n\"A 'No' victory doesn't mean there's any more hope for Greece than before,\" said Nika Spenzes, 33 and unemployed, who was walking in the opposite direction of the party. \nEven (Taiwan OTC: 6436.TWO - news ) 'Yes' voters were ambivalent about their camp's apparent defeat. \nParis, a 41-year-old dentist, said she was resigned rather than sad because, with the dire state of Greece's finances and Tsipras in power, there was \"no real hope either way.\" \n- On the brink - \nGreece is teetering on the brink of financial collapse. If it doesn't receive cash and loans soon from European institutions, it could still be forced to resort to government IOUs or a return to drachmas to keep its economy running. \nLast Tuesday, the country defaulted on a 1.5-billion-euro repayment to the IMF, becoming the first developed country to fall into arrears to the institution. As a result, it is cut off from further IMF financing until it settles the amount. \nThe same day, the last bailout for Greece ran out, despite Tsipras's appeals for it to be extended until the referendum was over. \nGreece was officially declared in default on Friday by the European Financial Stability Facility, which holds 144.6 billion euros ($160 billion) of Greek loans. \nGreek banks are now reportedly almost illiquid after a bank run by panicked customers in the lead-up to the referendum, which Tsipras abruptly called on June 27 to break an impasse with the creditors. \nA weeklong closure of the banks and capital controls that included restricting daily ATM withdrawals to just 60 euros ($67) and blocking money transfers abroad slowed the outflow. \nBut if the ECB doesn't inject emergency euros into Greece's banks in the next one or two days, more businesses will go belly up and ordinary Greeks will suffer. Already, there have been heartbreaking scenes of pensioners in despair at not getting access to their accounts. \nGovernment spokesman Gabriel Sakellaridis said late Sunday that the Bank of Greece was asking for ECB to provide money under its Emergency Liquidity Assistance mechanism. \nReacting to the referendum outcome, analysts at Barclays Research said a Grexit was now \"the most likely scenario\", while Deutsche Bank (Xetra: 514000 - news ) said the decisive 'No' meant the \"probability of unpredictable outcomes to the Greek crisis has again materially increased\".", "external_links": [], "published": "2015-07-06T04:25:00.000+03:00", "crawled": "2015-07-06T04:52:05.000+03:00", "highlightTitle": ""}