{"organizations": ["Lease Financing for Rail Car Purchase   Stonebriar", "Stonebriar Commercial Finance", "Lease Financing for Rail"], "uuid": "f8660a28a2da9c7a015dc6cf1ad21b30d778c01d", "thread": {"social": {"gplus": {"shares": 0}, "pinterest": {"shares": 0}, "vk": {"shares": 0}, "linkedin": {"shares": 0}, "facebook": {"likes": 0, "shares": 0, "comments": 0}, "stumbledupon": {"shares": 0}}, "site_full": "www.equipmentfa.com", "main_image": "", "site_section": "http://www.equipmentfa.com/rss/feeds/latestnews.xml", "section_title": "Equipment Finance Advisor", "url": "http://www.equipmentfa.com/news/4483/stonebriar-provides-35mm-lease-financing-for-rail-car-purchase", "country": "US", "title": "Stonebriar Provides $35MM Lease Financing for Rail Car Purchase", "performance_score": 0, "site": "equipmentfa.com", "participants_count": 0, "title_full": "Stonebriar Provides $35MM Lease Financing for Rail Car Purchase", "spam_score": 0.0, "site_type": "news", "published": "2015-07-15T14:00:00.000+03:00", "replies_count": 0, "uuid": "f8660a28a2da9c7a015dc6cf1ad21b30d778c01d"}, "author": "", "url": "http://www.equipmentfa.com/news/4483/stonebriar-provides-35mm-lease-financing-for-rail-car-purchase", "ord_in_thread": 0, "title": "Stonebriar Provides $35MM Lease Financing for Rail Car Purchase", "locations": [], "entities": {"persons": [], "locations": [], "organizations": []}, "highlightText": "", "language": "english", "persons": [], "text": "  Stonebriar Provides $35MM Lease Financing for Rail Car Purchase July 15, 2015, 07:00 AM Related: Rail , Stonebriar Commercial Finance \nStonebriar Commercial Finance LLC announced that it has provided $35 million lease financing to fund the purchase of 237 new rail cars. The lessee refines and supplies unbranded gasoline, ultra-low sulfur diesel, heating oil, jet fuel, asphalt, petrochemical feedstocks, lubricants, and other petroleum products in the United States. Steve White, Senior Managing Director, stated \"With Stonebriar managements' extensive knowledge in the rail asset class, we were pleased to be able to execute quickly to meet the customer's short time frame\". Since its inception in April, Stonebriar has committed to in excess of $160 million in financings with over $110 million funded to date. Stonebriar specializes in transactions for businesses in a wide variety of industries throughout the entire credit spectrum located in the United States, Canada and select other foreign jurisdictions. \nStonebriar is a privately held commercial finance company established in 2015 and based in Plano, TX. With financial backing from Security Benefit Corporation, Stonebriar is building a world class, multi-billion dollar platform of commercial loans and leases. Today's Other News", "external_links": [], "published": "2015-07-15T14:00:00.000+03:00", "crawled": "2015-07-16T04:11:36.000+03:00", "highlightTitle": ""}