{"organizations": [], "uuid": "de389e7c72a82759dd39829bb63c7635dcdc91ef", "thread": {"social": {"gplus": {"shares": 0}, "pinterest": {"shares": 0}, "vk": {"shares": 0}, "linkedin": {"shares": 0}, "facebook": {"likes": 0, "shares": 0, "comments": 0}, "stumbledupon": {"shares": 0}}, "site_full": "www.equipmentfa.com", "main_image": "", "site_section": "http://www.equipmentfa.com/rss/feeds/latestnews.xml", "section_title": "Equipment Finance Advisor", "url": "http://www.equipmentfa.com/news/4470/cge-energy-partners-with-curtis-funding-group-for-project-financing", "country": "US", "title": "CGE Energy Partners With Curtis Funding Group for Project Financing", "performance_score": 0, "site": "equipmentfa.com", "participants_count": 0, "title_full": "CGE Energy Partners With Curtis Funding Group for Project Financing", "spam_score": 0.0, "site_type": "news", "published": "2015-07-09T13:51:00.000+03:00", "replies_count": 0, "uuid": "de389e7c72a82759dd39829bb63c7635dcdc91ef"}, "author": "", "url": "http://www.equipmentfa.com/news/4470/cge-energy-partners-with-curtis-funding-group-for-project-financing", "ord_in_thread": 0, "title": "CGE Energy Partners With Curtis Funding Group for Project Financing", "locations": [], "entities": {"persons": [], "locations": [], "organizations": []}, "highlightText": "", "language": "english", "persons": [], "text": "  CGE Energy Partners With Curtis Funding Group for Project Financing July 09, 2015, 06:51 AM Related: Energy \nCGE Energy, a premier energy solutions provider, announced a strategic partnership with Curtis Funding Group to facilitate low-interest commercial and municipal project financing for eligible CGE Energy customers. Curtis Funding Group specializes in energy equipment finance, and works on a national level with a focus on Michigan clientele. Curtis Funding adds to CGE Energy's growing consortium of strategic financing partners, including committed funds to finance Power Purchase Agreement projects, municipal project funding, commercial loans, as well as PACE property-tax financing. \"Our financing partners represent the most respected financiers in their specific areas of expertise,\" says Gary Westerholm, CGE Energy's Vice President of Finance. \"We want the ability to select from our established financing partners to bring the best financing option for a specific project's economics. Having these relationships available makes our energy solutions possible and provides our customers with immediate positive cash flow.\" Curtis Funding's team of professionals have more than 50 years of experience in equipment leasing and financing, including large-scale $20-million municipal projects and a special financing program to support all of Bridgestone Tires USA's 2,700 Affiliated Dealer locations. Today's Other News", "external_links": [], "published": "2015-07-09T13:51:00.000+03:00", "crawled": "2015-07-09T16:58:24.000+03:00", "highlightTitle": ""}