{"organizations": [], "uuid": "f2d4df04d22348c93c4188f82a2697f035a061cf", "thread": {"social": {"gplus": {"shares": 0}, "pinterest": {"shares": 0}, "vk": {"shares": 0}, "linkedin": {"shares": 0}, "facebook": {"likes": 0, "shares": 0, "comments": 0}, "stumbledupon": {"shares": 0}}, "site_full": "finance-commerce.com", "main_image": "http://finance-commerce.com/files/2013/10/FinanceCommerce.jpg", "site_section": "http://finance-commerce.com/feed/", "section_title": "Finance & Commerce", "url": "http://finance-commerce.com/2015/07/cbre-arranges-re-fi-for-carlson-parkway-buildings/", "country": "US", "title": "CBRE arranges re-fi for Carlson Parkway buildings", "performance_score": 0, "site": "finance-commerce.com", "participants_count": 1, "title_full": "CBRE arranges re-fi for Carlson Parkway buildings", "spam_score": 0.0, "site_type": "news", "published": "2015-07-09T19:58:00.000+03:00", "replies_count": 0, "uuid": "f2d4df04d22348c93c4188f82a2697f035a061cf"}, "author": "Adam Voge", "url": "http://finance-commerce.com/2015/07/cbre-arranges-re-fi-for-carlson-parkway-buildings/", "ord_in_thread": 0, "title": "CBRE arranges re-fi for Carlson Parkway buildings", "locations": [], "entities": {"persons": [], "locations": [], "organizations": []}, "highlightText": "", "language": "english", "persons": [], "text": "Apartment Sales Tracker Home / Brief / CBRE arranges re-fi for Carlson Parkway buildings CBRE Capital Markets arranged $23.1 million of permanent financing for the One and Two Carlson Parkway buildings in Plymouth. CBRE arranges re-fi for Carlson Parkway buildings By: Adam Voge July 9, 2015 11:58 am 0 CBRE Capital Markets arranged $23.1 million of permanent financing for the One and Two Carlson Parkway buildings in Plymouth. User Name/E-mail: Password: \nEnter your user name and password in the fields above to gain access to the subscriber content on this site. \nYour subscription includes one set of login credentials for your exclusive use. Security features have been integrated on this site: If someone signs in with your credentials while you are logged in, the site will automatically close your ongoing login and you will lose access at that time. To inquire about group subscriptions for your organization, contact Disa McClellan . If you feel your login credentials are being used by a second party, contact customer service at 800-451-9998 for assistance in changing your password.\nAlready a paid subscriber but not registered for online access yet? For instructions on how to get premium web access, click here .", "external_links": [], "published": "2015-07-09T19:58:00.000+03:00", "crawled": "2015-07-09T21:30:59.000+03:00", "highlightTitle": ""}