{"organizations": ["BiondVax Pharmaceuticals Ltd."], "uuid": "882e166984c1fbcfb4ac12bf61b4d740bb740281", "thread": {"social": {"gplus": {"shares": 0}, "pinterest": {"shares": 0}, "vk": {"shares": 0}, "linkedin": {"shares": 0}, "facebook": {"likes": 0, "shares": 0, "comments": 0}, "stumbledupon": {"shares": 0}}, "site_full": "globenewswire.com", "main_image": "http://globenewswire.com/Attachment/LogoDisplay/313602?filename=313602.png&amp;size=1", "site_section": "http://globenewswire.com//Rss/industry/8775/Specialty%20Finance", "section_title": "GlobeNewswire: Industry News on Specialty Finance", "url": "http://globenewswire.com/news-release/2015/07/09/750951/0/en/BiondVax-Pharmaceuticals-Ltd-Nasdaq-BVXV-to-Ring-The-Nasdaq-Stock-Market-Closing-Bell.html?f=22&fvtc=3&fvtv=8775", "country": "US", "title": "BiondVax Pharmaceuticals Ltd. (Nasdaq: BVXV) to Ring The Nasdaq Stock Market Closing Bell", "performance_score": 0, "site": "globenewswire.com", "participants_count": 0, "title_full": "BiondVax Pharmaceuticals Ltd. (Nasdaq: BVXV) to Ring The Nasdaq Stock Market Closing Bell", "spam_score": 0.0, "site_type": "news", "published": "2015-07-09T17:00:00.000+03:00", "replies_count": 0, "uuid": "882e166984c1fbcfb4ac12bf61b4d740bb740281"}, "author": "", "url": "http://globenewswire.com/news-release/2015/07/09/750951/0/en/BiondVax-Pharmaceuticals-Ltd-Nasdaq-BVXV-to-Ring-The-Nasdaq-Stock-Market-Closing-Bell.html?f=22&fvtc=3&fvtv=8775", "ord_in_thread": 0, "title": "BiondVax Pharmaceuticals Ltd. (Nasdaq: BVXV) to Ring The Nasdaq Stock Market Closing Bell", "locations": [], "entities": {"persons": [], "locations": [], "organizations": []}, "highlightText": "", "language": "english", "persons": [], "text": "DVBS QPSK \nSocial Media: \nFor multimedia features such as exclusive content, photo postings, status updates and video of bell ceremonies please visit our Facebook page at: http://www.facebook.com/NASDAQ . \nFor photos from ceremonies and events visit our Instagram Page: http://instagram.com/nasdaq \nFor news tweets, please visit our Twitter page at: http://twitter.com/nasdaq \nFor exciting viral content and ceremony photos visit Tumblr Page: http://nasdaq.tumblr.com/ \nWebcast: \nA webcast of the Nasdaq Closing Bell will be available at: https://new.livestream.com/nasdaq/live or http://www.nasdaq.com/about/marketsitetowervideo.asx \nPhotos: \nTo obtain a hi-resolution photograph of the Market Close, please go to http://www.nasdaq.com/reference/marketsite_events.stm and click on the market close of your choice. \nAbout BiondVax Pharmaceuticals Ltd. (Nasdaq: BVXV ): \nBiondVax Pharmaceuticals, a publicly-traded company (TASE: BNDX ) (Nasdaq: BVXV ) located in the Weizmann Science Park in Ness-Ziona (Israel), is dedicated to the development of a novel Universal Influenza Vaccine. BiondVax's Universal Flu Vaccine is based on research carried out over a period of 20 years by Weizmann Institute Professor Ruth Arnon, who heads the company's Scientific Advisory Board. Professor Arnon is well-known for her part in the development of Copaxone®, a blockbuster drug for the treatment of multiple sclerosis. \nAbout Nasdaq: \nNasdaq (Nasdaq: NDAQ ) is a leading provider of trading, clearing, exchange technology, listing, information and public company services across six continents. Through its diverse portfolio of solutions, Nasdaq enables customers to plan, optimize and execute their business vision with confidence, using proven technologies that provide transparency and insight for navigating today's global capital markets. As the creator of the world's first electronic stock market, its technology powers more than 70 marketplaces in 50 countries, and 1 in 10 of the world's securities transactions. Nasdaq is home to more than 3,500 listed companies with a market value of approximately $9.5 trillion and more than 10,000 corporate clients. To learn more, visit: nasdaq.com/ambition or business.nasdaq.com . -NDAQA-", "external_links": [], "published": "2015-07-09T17:00:00.000+03:00", "crawled": "2015-07-09T19:35:19.000+03:00", "highlightTitle": ""}