{"organizations": [], "uuid": "c6a9e8533684b47daef2a56404e7f9d850845170", "thread": {"social": {"gplus": {"shares": 0}, "pinterest": {"shares": 0}, "vk": {"shares": 0}, "linkedin": {"shares": 0}, "facebook": {"likes": 0, "shares": 0, "comments": 0}, "stumbledupon": {"shares": 0}}, "site_full": "www.zawya.com", "main_image": "", "site_section": "http://www.zawya.com/rss/default.cfm?rssid=23C341EC-8851-9E2C-C35A985480E8068B", "section_title": "Zawya.com - Islamic Finance Live News", "url": "http://www.zawya.com/story/RPTDubai_plans_new_sukuk_channels_as_listings_top_other_centres-TR20150709nL8N0ZO4CXX2/", "country": "AE", "title": "RPT/-Dubai plans new sukuk channels as listings top other centres", "performance_score": 0, "site": "zawya.com", "participants_count": 0, "title_full": "RPT/-Dubai plans new sukuk channels as listings top other centres", "spam_score": 0.0, "site_type": "news", "published": "2015-07-09T07:30:00.000+03:00", "replies_count": 0, "uuid": "c6a9e8533684b47daef2a56404e7f9d850845170"}, "author": "", "url": "http://www.zawya.com/story/RPTDubai_plans_new_sukuk_channels_as_listings_top_other_centres-TR20150709nL8N0ZO4CXX2/", "ord_in_thread": 0, "title": "RPT/-Dubai plans new sukuk channels as listings top other centres", "locations": [], "entities": {"persons": [], "locations": [], "organizations": []}, "highlightText": "", "language": "english", "persons": [], "text": "Property Insider In Focus BusinessPulse helps business owners increase their revenue and reduce their costs by offering support at each stage of their business. Providing transparent information and practical advice on how to grow their business and take it to the next level. Visit the site:", "external_links": [], "published": "2015-07-09T07:30:00.000+03:00", "crawled": "2015-07-09T16:07:07.000+03:00", "highlightTitle": ""}