{"organizations": [], "uuid": "f529fcda2572298e3fa1b397f8680108e461cd5d", "thread": {"social": {"gplus": {"shares": 0}, "pinterest": {"shares": 0}, "vk": {"shares": 0}, "linkedin": {"shares": 0}, "facebook": {"likes": 0, "shares": 0, "comments": 0}, "stumbledupon": {"shares": 0}}, "site_full": "au.finance.yahoo.com", "main_image": "https://s1.yimg.com/bt/api/res/1.2/nq0f1gXL.Wu1GVkxJHKDQQ--/YXBwaWQ9eW5ld3M7cT03NTt3PTYwMA--/http://cts.businesswire.com/ct/CT?id=bwnews&amp;sty=20150713005708r1&amp;sid=5030&amp;distro=ftp.cf.png", "site_section": "https://au.finance.yahoo.com/news/category-commodities/?format=rss", "section_title": "Commodities Market News - Yahoo!7 Australia Finance", "url": "https://au.finance.yahoo.com/news/enmore-formerly-cbi-biz-present-003000993.html", "country": "US", "title": "ENMORE (Formerly CBI BIZ) Will Present the 8th Asia Bunker Forum", "performance_score": 0, "site": "yahoo.com", "participants_count": 0, "title_full": "ENMORE (Formerly CBI BIZ) Will Present the 8th Asia Bunker Forum", "spam_score": 0.0, "site_type": "news", "published": "2015-07-14T03:30:00.000+03:00", "replies_count": 0, "uuid": "f529fcda2572298e3fa1b397f8680108e461cd5d"}, "author": "", "url": "https://au.finance.yahoo.com/news/enmore-formerly-cbi-biz-present-003000993.html", "ord_in_thread": 0, "title": "ENMORE (Formerly CBI BIZ) Will Present the 8th Asia Bunker Forum", "locations": [], "entities": {"persons": [], "locations": [], "organizations": []}, "highlightText": "", "language": "english", "persons": [], "text": "Print \nSHANGHAI--(BUSINESSWIRE)-- Along with the upgrade of global fuel emission control, low sulfur and environment-friendliness has become the mainstream of the bunker industry, which leads to an increase in the orders for larger ships. \nMeanwhile, the shipping market is estimated to continue suffering capacity surplus in the near future. What are the impacts on the bunker market? \nHot topics \nWith the upgrade of global ship-emissions limit, how will the Asian low-sulfur fuel oil market develop? \nDevelopment of LNG Ships and the impacts on the marine fuel oil market \nApplication prospects of scrubber \nCapital chain, credit policies and risk management of enterprises in the present economic situation \nMarket 1 -- Middle East \nMajor UAE ports’ throughput in 2015 VS marine fuel oil consumption trends \nMarket 2 -- Southeast Asia \nIndia’s marine fuel oil market trends \nCambodia’s export growth and Phnom Penh Autonomous Port’s expansion plans \nMarket 3 -- Northeast Asia \nSouth Korea’s marine fuel oil market and port development plans \nJapan marine fuel oil supply \nFor more information, please visit the official website: http://abf.cbibiz.com/51404/index.html \nAbout ENMORE (formerly CBI BIZ) \nENMORE (formerly CBI CHINA) is the largest integrated service provider in China’s commodity markets. We focus on the industry chains of energy, chemical, iron & steel, non-ferrous metal, and pulp & paper to provide services on market intelligence, events, consulting, and advertisement. Bringing together over 700 professionals, ENMORE has served over 73,000 multi-national and local clients with customized information and proven solutions. Shanghai ENMORE Commercial Development Co., Ltd. is headquartered in Shanghai (Business Registration Number: 310114563127953). View source version on businesswire.com: http://www.businesswire.com/news/home/20150713005708/en/ Contact:", "external_links": [], "published": "2015-07-14T03:30:00.000+03:00", "crawled": "2015-07-14T04:17:20.000+03:00", "highlightTitle": ""}