{"organizations": ["Akamai"], "uuid": "dc277d8413ff2ab961ed167886e59c055491a20b", "thread": {"social": {"gplus": {"shares": 0}, "pinterest": {"shares": 0}, "vk": {"shares": 0}, "linkedin": {"shares": 0}, "facebook": {"likes": 0, "shares": 0, "comments": 0}, "stumbledupon": {"shares": 0}}, "site_full": "uk.finance.yahoo.com", "main_image": "https://s.yimg.com/bt/api/res/1.2/6rik6AZwuPGCiADf_9dhPQ--/YXBwaWQ9eW5ld3M7cT03NTt3PTYwMA--/http://l.yimg.com/os/mit/media/m/social/images/social_default_logo-1481777.png", "site_section": "https://uk.finance.yahoo.com/news/sector-technology/?format=rss", "section_title": "Technology News - Yahoo! Finance UK", "url": "https://uk.finance.yahoo.com/news/akamai-profit-falls-8-percent-201529556.html", "country": "GB", "title": "Akamai forecasts revenue, profit below estimates; shares sink", "performance_score": 0, "site": "yahoo.com", "participants_count": 0, "title_full": "Akamai forecasts revenue, profit below estimates; shares sink", "spam_score": 0.0, "site_type": "news", "published": "2015-07-29T01:11:00.000+03:00", "replies_count": 0, "uuid": "dc277d8413ff2ab961ed167886e59c055491a20b"}, "author": "", "url": "https://uk.finance.yahoo.com/news/akamai-profit-falls-8-percent-201529556.html", "ord_in_thread": 0, "title": "Akamai forecasts revenue, profit below estimates; shares sink", "locations": [], "entities": {"persons": [], "locations": [], "organizations": []}, "highlightText": "", "language": "english", "persons": [], "text": "Tip : Use comma (,) to separate multiple quotes. Learn more... \nTue, Jul 28, 2015, 23:46 BST - UK Markets closed Akamai forecasts revenue, profit below estimates; shares sink Reuters – 34 minutes ago Change \nBy Anya George Tharakan \n(Reuters) - Online content distributor Akamai Technologies Inc (AKAM.O) forecast third-quarter revenue and profit below estimates, citing a stronger dollar. \nShares of Akamai, which claims to deliver between 15 and 30 percent of all Web traffic, fell as much as 13 percent in after-hours trading on Tuesday. \nThe company's second-quarter profit fell nearly 8 percent after 11 quarters of growth, as costs rose. \nCambridge, Massachusetts-based Akamai, which gets about a quarter of its revenue from outside the United States, said it expected a stronger dollar to have a negative impact of about $20 million on revenue in the current quarter. \nThe average value of the dollar against a basket of currencies was 20 percent higher in the second quarter compared with the same quarter last year. \nAkamai, whose customers include MTV Networks and online home rental marketplace Airbnb, forecast an adjusted profit of 56-58 cents per share and revenue of $543 million-$555 million for the current quarter. \nAnalysts on average expected earnings of 62 cents per share and revenue of $565.1 million, according to Thomson Reuters I/B/E/S. \nAkamai and rivals Limelight Networks Inc (LLNW.O) and Level 3 Communications Inc (LVLT.N) face increasing competition as companies such as Amazon.com Inc (AMZN.O), Netflix Inc (NFLX.O) and Comcast Corp (CMCSA.O) enter the content delivery market. \nAkamai has been trying to differentiate itself by investing in cloud security services, as well as investing to expand its content delivery platform to better handle rising video traffic. \n\"There is some reasonable prospect that there could be a substantial amount of ... traffic that comes on the platform next year and we want to be prepared in case that happens,\" Chief Executive Tom Leighton told Reuters. \nTotal costs rose 19.5 percent to $434.5 million. \nAkamai said its revenue from media delivery rose about 12 percent to $243.5 million in the quarter ended June 30. \nRevenue from the company's fast-growing performance and security business, under which it offers cloud security products, rose about 15 percent to $256 million. \nOverall net income fell to $67.2 million, or 37 cents per share, from $72.9 million, or 40 cents per share, a year earlier. \nExcluding items, Akamai earned 57 cents per share, missing the average analyst estimate by a cent, according to Thomson Reuters I/B/E/S. \nRevenue rose 13.6 percent to $540.7 million, beating the average estimate of $540.4 million. \nUp to Tuesday's close of $73.65, Akamai's shares had risen about 17 percent this year. \n(Reporting by Anya George Tharakan and Subrat Patnaik in Bengaluru; Editing by Savio D'Souza and Ted Kerr)", "external_links": [], "published": "2015-07-29T01:11:00.000+03:00", "crawled": "2015-07-29T01:47:26.498+03:00", "highlightTitle": ""}