{"organizations": [], "uuid": "7aafeb4f05d35b1ffe28f20882a589305703554d", "thread": {"social": {"gplus": {"shares": 0}, "pinterest": {"shares": 0}, "vk": {"shares": 0}, "linkedin": {"shares": 0}, "facebook": {"likes": 0, "shares": 0, "comments": 0}, "stumbledupon": {"shares": 0}}, "site_full": "finance.yahoo.com", "main_image": "http://l2.yimg.com/bt/api/res/1.2/6rik6AZwuPGCiADf_9dhPQ--/YXBwaWQ9eW5ld3M7cT03NTt3PTYwMA--/http://l.yimg.com/os/mit/media/m/social/images/social_default_logo-1481777.png", "site_section": "http://finance.yahoo.com/rss/headline?s=GT", "section_title": "Yahoo! Finance: GT News", "url": "http://finance.yahoo.com/news/5-consumer-staples-stocks-trading-143528343.html", "country": "US", "title": "5 Consumer Staples Stocks Trading Below 1.0x Sales, 12.0x Earnings", "performance_score": 0, "site": "yahoo.com", "participants_count": 0, "title_full": "5 Consumer Staples Stocks Trading Below 1.0x Sales, 12.0x Earnings", "spam_score": 0.0, "site_type": "news", "published": "2015-07-10T17:35:00.000+03:00", "replies_count": 0, "uuid": "7aafeb4f05d35b1ffe28f20882a589305703554d"}, "author": "", "url": "http://finance.yahoo.com/news/5-consumer-staples-stocks-trading-143528343.html", "ord_in_thread": 0, "title": "5 Consumer Staples Stocks Trading Below 1.0x Sales, 12.0x Earnings", "locations": [], "entities": {"persons": [], "locations": [], "organizations": []}, "highlightText": "", "language": "english", "persons": [], "text": "5 Consumer Staples Stocks Trading Below 1.0x Sales, 12.0x Earnings By SmallCapPower 17 hours ago  View gallery . \nThe consumer staples sector as a whole has seen superior returns over the past three years, climbing 48%. \nThat being said, trading multiples have climbed as well, with the industry trading at a median 2.3x sales and 23.8x earnings. The stocks on today's list appear more reasonably valued and might be worth investigating. Rite Aid Corp. (NYSE: RAD ) - $8.26 \nDrug Retailers \nRite Aid Corporation is a retail drugstore chain that sells prescription drugs and a range of other merchandise, which are referred to as front-end products. The Company's drugstores' primary business is pharmacy services. It operates approximately 4,570 stores in 31 states across the country and in the District of Columbia. Its front-end products include over-the-counter medications, health and beauty aids, personal care items, cosmetics, household items, food and beverages, greeting cards, seasonal merchandise and various other every day and convenience products. Market Cap: $8,515,216,882", "external_links": [], "published": "2015-07-10T17:35:00.000+03:00", "crawled": "2015-07-11T10:37:41.000+03:00", "highlightTitle": ""}