{"organizations": [], "uuid": "fde4780df923d70992b51dbab157ddbf9ba24821", "thread": {"social": {"gplus": {"shares": 0}, "pinterest": {"shares": 0}, "vk": {"shares": 0}, "linkedin": {"shares": 0}, "facebook": {"likes": 0, "shares": 0, "comments": 0}, "stumbledupon": {"shares": 0}}, "site_full": "www.reuters.com", "main_image": "", "site_section": "http://www.reuters.com/finance/personal-finance", "section_title": "Wealth, Personal Finance &amp; Money | Reuters.com", "url": "http://www.reuters.com/article/2015/07/21/usa-congress-transportation-oil-idUSL1N1011V820150721", "country": "US", "title": "Senate transport bill eyes crude sale from U.S. petroleum reserve", "performance_score": 0, "site": "reuters.com", "participants_count": 1, "title_full": "Senate transport bill eyes crude sale from U.S. petroleum reserve | Reuters", "spam_score": 0.0, "site_type": "news", "published": "2015-07-22T00:00:00.000+03:00", "replies_count": 0, "uuid": "fde4780df923d70992b51dbab157ddbf9ba24821"}, "author": "Reuters", "url": "http://www.reuters.com/article/2015/07/21/usa-congress-transportation-oil-idUSL1N1011V820150721", "ord_in_thread": 0, "title": "Senate transport bill eyes crude sale from U.S. petroleum reserve", "locations": [], "entities": {"persons": [], "locations": [], "organizations": []}, "highlightText": "", "language": "english", "persons": [], "text": "WASHINGTON, July 21 The U.S. Senate's new transportation funding bill proposes the sale of 101 million barrels of crude oil from the government's Strategic Petroleum Reserve in the fiscal 2018-2025 period, collecting $9 billion to fund road and rail projects.\nA summary of the three-year funding bill released on Tuesday by Senate Republicans also proposes to collect $16.3 billion by slashing the 6 percent dividend rate paid to large banks to 1.5 percent. (Reporting By David Lawder ; Editing by Sandra Maler )", "external_links": [], "published": "2015-07-22T00:00:00.000+03:00", "crawled": "2015-07-21T23:07:27.795+03:00", "highlightTitle": ""}