{"organizations": ["Aberdeen Asset"], "uuid": "c18e86694aa32dbf265ab528a44723cae03ec2f0", "thread": {"social": {"gplus": {"shares": 0}, "pinterest": {"shares": 0}, "vk": {"shares": 0}, "linkedin": {"shares": 0}, "facebook": {"likes": 0, "shares": 0, "comments": 0}, "stumbledupon": {"shares": 0}}, "site_full": "uk.finance.yahoo.com", "main_image": "https://s.yimg.com/bt/api/res/1.2/6rik6AZwuPGCiADf_9dhPQ--/YXBwaWQ9eW5ld3M7cT03NTt3PTYwMA--/http://l.yimg.com/os/mit/media/m/social/images/social_default_logo-1481777.png", "site_section": "https://uk.finance.yahoo.com/news/sector-technology/?format=rss", "section_title": "Technology News - Yahoo! Finance UK", "url": "https://uk.finance.yahoo.com/news/britains-ftse-edges-lower-aberdeen-145654778.html", "country": "GB", "title": "Britain's FTSE edges lower after Aberdeen Asset hit by outflows", "performance_score": 0, "site": "yahoo.com", "participants_count": 0, "title_full": "Britain's FTSE edges lower after Aberdeen Asset hit by outflows", "spam_score": 0.0, "site_type": "news", "published": "2015-07-23T17:56:00.000+03:00", "replies_count": 0, "uuid": "c18e86694aa32dbf265ab528a44723cae03ec2f0"}, "author": "", "url": "https://uk.finance.yahoo.com/news/britains-ftse-edges-lower-aberdeen-145654778.html", "ord_in_thread": 0, "title": "Britain's FTSE edges lower after Aberdeen Asset hit by outflows", "locations": ["Britain"], "entities": {"persons": [], "locations": [], "organizations": []}, "highlightText": "", "language": "english", "persons": [], "text": "Tip : Use comma (,) to separate multiple quotes. Learn more... \nThu, Jul 23, 2015, 16:18 BST - UK Markets close in 12 mins. Britain's FTSE edges lower after Aberdeen Asset hit by outflows Reuters - UK Focus – 21 minutes ago \n* FTSE 100 down 0.1 pct \n* Pearson (Xetra: 858266 - news ) rises after sells FT Group to Japan's Nikkei \n* Unilever (NYSE: UL - news ) , Kingfisher (LSE: KGF.L - news ) see improved sales (Recasts, adds detail, quote) \nBy Alistair Smout and Liisa Tuhkanen \nLONDON, July 23 (Reuters) - Britain's top share index edged lower on Thursday hit by weak earnings reports from Aberdeen Asset Management and SSE (LSE: SSE.L - news ) , although the market got support late in the day from a rise in Pearson after it said it had agreed to sell the FT Group to Japan's Nikkei. \nAberdeen Asset Management (Other OTC: ABDNF - news ) tumbled 7.2 percent, touching its lowest levels in over a year after the emerging markets-focused fund manager said it saw net outflows of 9.9 billion pounds ($15.5 billion) in the last quarter. \n\"Management blames 'market conditions and FX movements' and 'low margin outflows from certain fixed income products' for a large proportion of the decline,\" said Mike van Dulken, head of research at Accendo. \n\"Furthermore, the outlook looks little to get excited about.\" \nSSE, Britain's second-biggest energy supplier, dropped 4.9 percent after saying it expected lower profits from its retail business this year. \nBritain's FTSE 100 was down 4.40 points, 0.1 percent lower at 6,662.94 by 1430 GMT, outperforming Germany's DAX , down 0.5 percent. \nAmong gainers, Pearson was up 2.4 percent after Japan's Nikkei publishing group agreed to buy the FT Group, which produces the Financial Times newspaper, from the British publisher for 844 million pounds ($1.3 billion) in cash. \n\"This transaction will be a positive move for Pearson even though they would be selling a strong asset and brand,\" said Atif Latif, director at Guardian Stockbrokers. \n\"Pearson can focus on the educational side of the business that has been struggling and look to start to manage that more efficiently.\" \nUnilever rose 1.6 percent after it reported higher-than-expected quarterly sales, driven by gains in its home and personal care units. \nKingfisher also gained on results, rising 1.8 percent after Europe's largest home improvements retailer posted stronger sales growth in both Britain and France in its latest quarter, helped by soft comparative figures in the previous year. \nThe FTSE remained hit new two-week low, extending falls from the previous session after a poorly received earnings report from Apple (NasdaqGS: AAPL - news ) hit tech stocks while weaker metals prices dragged down miners. \nChipmaker ARM Holdings was the top gainer on the blue-chip index on Thursday, up 4.6 percent as it recovered from the more than two-year lows hit on Wednesday after the disappointing forecast from Apple, which is a major customer. (Editing by Hugh Lawson)", "external_links": [], "published": "2015-07-23T17:56:00.000+03:00", "crawled": "2015-07-23T18:19:13.397+03:00", "highlightTitle": ""}