{"organizations": [], "uuid": "6458360451150e2d8da34cd5ab2002aa322c0300", "thread": {"social": {"gplus": {"shares": 0}, "pinterest": {"shares": 0}, "vk": {"shares": 0}, "linkedin": {"shares": 0}, "facebook": {"likes": 0, "shares": 0, "comments": 0}, "stumbledupon": {"shares": 0}}, "site_full": "www.moneylife.in", "main_image": "http://moneylife.in/site/userimage/image/thumbnail/logo.gif", "site_section": "http://www.moneylife.in/site/rss.php", "section_title": "Moneylife Personal Finance Magazine", "url": "http://www.moneylife.in/article/ml-sectoral-trends/42727.html", "country": "IN", "title": "ML sectoral trends", "performance_score": 0, "site": "moneylife.in", "participants_count": 1, "title_full": "ML sectoral trends", "spam_score": 0.0, "site_type": "news", "published": "2015-07-09T09:12:00.000+03:00", "replies_count": 0, "uuid": "6458360451150e2d8da34cd5ab2002aa322c0300"}, "author": "Moneylife Digital Team", "url": "http://www.moneylife.in/article/ml-sectoral-trends/42727.html", "ord_in_thread": 0, "title": "ML sectoral trends", "locations": [], "entities": {"persons": [], "locations": [], "organizations": []}, "highlightText": "", "language": "english", "persons": [], "text": "Follow @mldigital \nShares of telecom equipment companies, textiles companies, education companies and cement companies advanced 13%, 10%, 9% and 7%, respectively. Stocks of telecom services companies, glass companies and non-ferrous metals companies declined 2% each. Stocks of shipping companies fell 1%. Stocks of retail companies declined 3%. More in Moneylife", "external_links": [], "published": "2015-07-09T09:12:00.000+03:00", "crawled": "2015-07-09T15:55:49.000+03:00", "highlightTitle": ""}