{"organizations": [], "uuid": "be44110da2882167f9095e9a91c6a8dcc76d49ed", "thread": {"social": {"gplus": {"shares": 0}, "pinterest": {"shares": 0}, "vk": {"shares": 0}, "linkedin": {"shares": 0}, "facebook": {"likes": 0, "shares": 0, "comments": 0}, "stumbledupon": {"shares": 0}}, "site_full": "uk.finance.yahoo.com", "main_image": "https://s.yimg.com/bt/api/res/1.2/AdxF2BiMHuz4RVceOLoNgQ--/YXBwaWQ9eW5ld3M7aWw9cGxhbmU7cT03NTt3PTYwMA--/http://globalfinance.zenfs.com/images/UK_AFTP_AFP_LIVE_1/87eccfde7431b37af94131d4b302324015b003b7_original.jpg", "site_section": "https://uk.finance.yahoo.com/news/provider-afp/?format=rss", "section_title": "Finance News | AFP - Yahoo! UK & Ireland Finance", "url": "https://uk.finance.yahoo.com/news/greece-seals-bailout-deal-avoid-074511670.html", "country": "GB", "title": "Greece seals new bailout deal to avoid euro exit", "performance_score": 0, "site": "yahoo.com", "participants_count": 0, "title_full": "Greece seals new bailout deal to avoid euro exit", "spam_score": 0.0, "site_type": "news", "published": "2015-07-13T10:45:00.000+03:00", "replies_count": 0, "uuid": "be44110da2882167f9095e9a91c6a8dcc76d49ed"}, "author": "", "url": "https://uk.finance.yahoo.com/news/greece-seals-bailout-deal-avoid-074511670.html", "ord_in_thread": 0, "title": "Greece seals new bailout deal to avoid euro exit", "locations": ["Greece"], "entities": {"persons": [], "locations": [], "organizations": []}, "highlightText": "", "language": "english", "persons": [], "text": "Tip : Use comma (,) to separate multiple quotes. Learn more... \nMon, Jul 13, 2015, 09:10 BST - UK Markets close in 7 hrs 20 mins Greece seals new bailout deal to avoid euro exit By Danny Kemp, Rachel O'BRIEN | AFP – 25 minutes ago View Photo \n\nGreece reached a desperately-needed bailout deal with the eurozone on Monday after marathon overnight talks, in a historic agreement to prevent the country crashing out of the European single currency. \nThe country's leftist Prime Minister Alexis Tsipras agreed to tough reforms after 17 hours of gruelling negotiations in return for a three-year bailout worth up to 86 billion euros ($96 billion), Greece's third rescue programme in five years. \nEU President Donald Tusk announced the deal for debt-stricken Greece on Twitter (Xetra: A1W6XZ - news ) , ending a bitter six-month struggle between Tsipras's anti-austerity government in Athens and the rest of the eurozone. \n\"EuroSummit has unanimously reached agreement,\" former Polish premier Tusk said. \"All ready to go for ESM programme for Greece with serious reforms and financial support.\" \nGreece applied last week for a third programme from the eurozone's bailout fund, the European Stability Mechanism, after its previous bailout expired on June 30, leaving it without international financial assistance for the first time in years. \nGreek banks have been closed for nearly two weeks and there were fears they were about to run dry due to a lack of extra funding by the European Central Bank, meaning Athens would have had to print its own currency and effectively leave the euro. \nAthens had infuriated its creditors with actions including a surprise referendum on July 5 in which Greeks overwhelmingly rejected previous bailout terms offered by its creditors. \n- 'No deal at any price' - \nThe full terms of the new deal were not immediately available but they looked set to be even tougher than those originally offered to Greece. \nA Greek government official had earlier said the terms drafted on Sunday by the euro finance ministers were \"very bad\", amid concerns they would effectively take control of much of Greek finances away from Athens. \nUnder terms drawn up by eurozone finance ministers at the weekend, Athens would now have to push through new even tougher laws by Wednesday, Finnish Finance Minister Alex Stubb said. \nAthens would have to introduce harsh conditions on labour reform and pensions, VAT and taxes, and measures on privatisation, he added. \nKey sticking points included the involvement of the IMF and a call for Greece to park assets of up to 50 billion euros ($56 billion) in a fund in Luxembourg for privatisation. \nArriving for what was billed as a last-chance summit Sunday, Merkel said there would be \"no agreement at any price\", complaining of a loss of trust in Athens. \nTsipras, who was elected in January vowing to end five years of austerity tied to two previous bailouts since 2010, had said a deal was \"possible\" if all sides were willing. \nThe 40-year-old has become a standard-bearer for leftist parties across the continent who say the austerity policies championed by Brussels undercut growth and cause massive unemployment. \nThe Greek parliament approved Greece's new reform plans on Saturday, despite them being similar to those rejected by Greeks in the referendum. \n- Franco-German rift - \nFor the first time in the history of the single currency, the Eurogroup even proposed a temporary Greek exit from the euro, an idea first floated by Germany, although that proposal appeared to have been dropped. \nOther measures include letting the \"troika\" of creditors back on the ground in Athens after they were expelled by Tsipras's government, and securing creditors' approval for any legislation affecting issues covered by the bailout. \nThe crisis has exposed tensions between the eurozone's two biggest powers with pro-austerity Germany going head-to-head with France, which has been supportive of Greece during the crisis. \nFrench President Francois Hollande said Paris would do \"everything\" to keep Greece in the euro and ruled out the \"temporary Grexit\" proposal. \nFive years have elapsed since the Greek debt drama began, but the latest instalment has opened deeper-than-ever rifts in the European single currency, the heart of the post-war dream of a politically unified Europe. \nIn Greece, there is growing alarm at capital controls that have closed banks and rationed cash at ATMs for nearly two weeks, leading to fears that food and medicine will soon run short. \n\"We don't sleep, everybody's worried,\" a Greek pensioner said, watching with concern the events taking place in Brussels several thousand kilometres (miles) away. \nThe ECB is providing emergency liquidity to keep Greek banks afloat but has frozen the limit, with fears that failure to reach a deal could cause it to shut off the taps completely.", "external_links": [], "published": "2015-07-13T10:45:00.000+03:00", "crawled": "2015-07-13T11:10:36.000+03:00", "highlightTitle": ""}