{"organizations": [], "uuid": "7be28027cfe7467d6ded2c023225acc74639e889", "thread": {"social": {"gplus": {"shares": 0}, "pinterest": {"shares": 0}, "vk": {"shares": 0}, "linkedin": {"shares": 0}, "facebook": {"likes": 0, "shares": 0, "comments": 0}, "stumbledupon": {"shares": 0}}, "site_full": "www.globalbankingandfinance.com", "main_image": "http://www.globalbankingandfinance.com/wp-content/uploads/2015/07/JPRpZvXtLdw.jpg", "site_section": "http://www.globalbankingandfinance.com/feed/", "section_title": "Business, Financial, Trading News Articles Global Banking and Finance Review", "url": "http://www.globalbankingandfinance.com/credit-andorra/", "country": "US", "title": "Crèdit Andorrà", "performance_score": 0, "site": "globalbankingandfinance.com", "participants_count": 1, "title_full": "Crèdit Andorrà", "spam_score": 0.0, "site_type": "news", "published": "2015-07-15T06:25:00.000+03:00", "replies_count": 0, "uuid": "7be28027cfe7467d6ded2c023225acc74639e889"}, "author": "GBAF Mag", "url": "http://www.globalbankingandfinance.com/credit-andorra/", "ord_in_thread": 0, "title": "Crèdit Andorrà", "locations": [], "entities": {"persons": [], "locations": [], "organizations": []}, "highlightText": "", "language": "english", "persons": [], "text": "Global Banking & Finance Review is a leading financial portal offering News, Analysis, Opinion, Reviews, Interviews & Videos from the world of Banking, Finance, Business, Trading, Technology, Investing, Brokerage, Foreign Exchange, Tax & Legal, Islamic Finance, Asset & Wealth Management. Copyright © 2010-2015 GBAF Publications Ltd - All Rights Reserved. Get the Global Banking & Finance Review App on iTunes & Google Play Store", "external_links": [], "published": "2015-07-15T06:25:00.000+03:00", "crawled": "2015-07-15T08:40:36.000+03:00", "highlightTitle": ""}