{"organizations": [], "uuid": "2d4045b1bffc32929b0d5e56009dc7d810a68c5d", "thread": {"social": {"gplus": {"shares": 0}, "pinterest": {"shares": 0}, "vk": {"shares": 0}, "linkedin": {"shares": 0}, "facebook": {"likes": 0, "shares": 0, "comments": 0}, "stumbledupon": {"shares": 0}}, "site_full": "www.forbes.com", "main_image": "http://img.youtube.com/vi/1zHdq01vFVU/0.jpg", "site_section": "http://finance.yahoo.com/rss/headline?s=FOXA", "section_title": "Yahoo! Finance: FOXA News", "url": "http://www.forbes.com/sites/scottmendelson/2015/07/22/will-disneys-the-good-dinosaur-please-speak-up/", "country": "US", "title": "Will Disney's 'The Good Dinosaur' Please Speak Up?", "performance_score": 0, "site": "forbes.com", "participants_count": 0, "title_full": "Will Disney's 'The Good Dinosaur' Please Speak Up?", "spam_score": 0.0, "site_type": "news", "published": "2015-07-22T18:00:00.000+03:00", "replies_count": 0, "uuid": "2d4045b1bffc32929b0d5e56009dc7d810a68c5d"}, "author": "", "url": "http://www.forbes.com/sites/scottmendelson/2015/07/22/will-disneys-the-good-dinosaur-please-speak-up/", "ord_in_thread": 0, "title": "Will Disney's 'The Good Dinosaur' Please Speak Up?", "locations": [], "entities": {"persons": [], "locations": [], "organizations": []}, "highlightText": "", "language": "english", "persons": [], "text": "Popular Posts Full Bio \nI've studied the film industry, both academically and informally, and with an emphasis in box office analysis, for 28 years. I have extensively written about all of said subjects for the last ten years. My outlets for film criticism, box office commentary, and film-skewing scholarship have included The Huffington Post, Salon, and Film Threat. Follow me at @ScottMendelson and \"like\" The Ticket Booth on Facebook. The author is a Forbes contributor. The opinions expressed are those of the writer. Loading...", "external_links": [], "published": "2015-07-22T18:00:00.000+03:00", "crawled": "2015-07-22T18:43:04.219+03:00", "highlightTitle": ""}