{"organizations": [], "uuid": "9883efe9f558d59e596daa670978c367c0809679", "thread": {"social": {"gplus": {"shares": 0}, "pinterest": {"shares": 0}, "vk": {"shares": 0}, "linkedin": {"shares": 0}, "facebook": {"likes": 0, "shares": 0, "comments": 0}, "stumbledupon": {"shares": 0}}, "site_full": "allafrica.com", "main_image": "http://allafrica.com/static/images/structure/aa-logo-rgba-no-text-128x128.png", "site_section": "http://allafrica.com/tools/headlines/rdf/business/headlines.rdf", "section_title": "AllAfrica News: Economy, Business and Finance", "url": "http://allafrica.com/stories/201507101742.html", "country": "US", "title": "Kenya: Safaricom Does Away With Night Bundles Introduces Roll Over of Data", "performance_score": 0, "site": "allafrica.com", "participants_count": 0, "title_full": "Kenya: Safaricom Does Away With Night Bundles Introduces Roll Over of Data", "spam_score": 0.0, "site_type": "news", "published": "2015-07-10T22:15:00.000+03:00", "replies_count": 0, "uuid": "9883efe9f558d59e596daa670978c367c0809679"}, "author": "", "url": "http://allafrica.com/stories/201507101742.html", "ord_in_thread": 0, "title": "Kenya: Safaricom Does Away With Night Bundles Introduces Roll Over of Data", "locations": ["Kenya", "Uganda"], "entities": {"persons": [], "locations": [], "organizations": []}, "highlightText": "", "language": "english", "persons": ["Museveni"], "text": "Uganda: This Is No Way to Run a Democracy, Mr Museveni \nSafaricom also announced that night shift bundles, will be scrapped today at night. This follows a number of complains received by the giant telecom from its customers through Social Media. The Night shift bundles were valid from 10pm to 6am and most of the subscribers found that to be limiting and they were not able to utilise all their bundles based on the existing conditions. \n\"At Safaricom, we are keen to democratize data so that the subscriber can reap the digital dividends that access to the internet can provide. We listened to our subscribers and made the necessary changes to the customer journey to allow them to continue to enjoy the unparalleled data experience that only Safaricom can provide,\" said Sylvia Mulinge, Director, Consumer Business, and Safaricom. \nThe new proposition will leverage Safaricom's sustained investments in data infrastructure to provide a simplified purchasing experience for data users on the network. \nSafaricom has invested over Sh30 billion over the last financial year to boost its data offering, including delivering an advanced 4G product to the market as well as rolling out over 2,010 km of fibre in major cities across Kenya. \nData customers will now be able to select a new data plan that suits their needs from a menu of over 18 options starting with 5MB of data for just Sh5 to packages for 50GBs (the highest capacity data bundle ever seen in the market) for just under Sh7,000. \nWith over 12 million subscribers accessing the internet through its network, Safaricom pioneered its LTE Advanced (4G) proposition in December 2014, launching the most advanced version of the 4G system for mobile networks in Nairobi and Mombasa. Safaricom was the first operator in Kenya to roll out mobile data in 2003 on the 2G platform, and later the company was the first to launch its 3G platform in 2008. \nIn the last financial year, Safaricom reported active monthly mobile data customers rose to 21% to register 11.6 million, forming 50% of Safaricom's customer base and earning the company 14.8 Billion Kenyan shillings in revenues. Kenya \nWestgate Mall will reopen on July 18, twenty three months after it was attacked and destroyed by terrorists, director … see more » Copyright © 2015 CIO East Africa. All rights reserved. Distributed by AllAfrica Global Media ( allAfrica.com ). To contact the copyright holder directly for corrections — or for permission to republish or make other authorized use of this material, click here. AllAfrica publishes around 2,000 reports a day from more than 130 news organizations and over 200 other institutions and individuals , representing a diversity of positions on every topic. We publish news and views ranging from vigorous opponents of governments to government publications and spokespersons. Publishers named above each report are responsible for their own content, which AllAfrica does not have the legal right to edit or correct. Articles and commentaries that identify allAfrica.com as the publisher are produced or commissioned by AllAfrica . To address comments or complaints, please Contact us .", "external_links": [], "published": "2015-07-10T22:15:00.000+03:00", "crawled": "2015-07-11T17:44:04.000+03:00", "highlightTitle": ""}