{"organizations": [], "uuid": "9f87ab4cc5e49d8597318c0227e3aef1db9dbcc4", "thread": {"social": {"gplus": {"shares": 0}, "pinterest": {"shares": 0}, "vk": {"shares": 0}, "linkedin": {"shares": 0}, "facebook": {"likes": 0, "shares": 0, "comments": 0}, "stumbledupon": {"shares": 0}}, "site_full": "www.bloomberg.com", "main_image": "null", "site_section": "http://www.bloomberg.com/personal-finance", "section_title": "Personal-finance - Bloomberg Business", "url": "http://www.bloomberg.com/news/articles/2015-07-09/nomura-daiwa-stop-redemptions-on-chinese-equity-funds-amid-rout", "country": "US", "title": "Nomura, Daiwa Stop Redemptions on Chinese Equity Funds Amid Rout", "performance_score": 0, "site": "bloomberg.com", "participants_count": 1, "title_full": "Nomura, Daiwa Stop Redemptions on Chinese Equity Funds Amid Rout - Bloomberg Business", "spam_score": 0.0, "site_type": "news", "published": "2015-07-09T10:53:00.000+03:00", "replies_count": 0, "uuid": "9f87ab4cc5e49d8597318c0227e3aef1db9dbcc4"}, "author": "Anna Kitanaka", "url": "http://www.bloomberg.com/news/articles/2015-07-09/nomura-daiwa-stop-redemptions-on-chinese-equity-funds-amid-rout", "ord_in_thread": 0, "title": "Nomura, Daiwa Stop Redemptions on Chinese Equity Funds Amid Rout", "locations": [], "entities": {"persons": [], "locations": [], "organizations": []}, "highlightText": "", "language": "english", "persons": [], "text": "Japan’s biggest securities firms blocked customers from buying and selling Chinese equity funds as trading halts leave half of mainland shares frozen amid a rout.\nNomura Holdings Inc.’s asset-management unit suspended redemptions from three funds as of Thursday, while saying it won’t take orders for two of them, according to a statement. Daiwa Securities Group Inc.’s fund-management arm stopped orders and redemptions on two funds tracking mainland A shares, it said separately.\nMore than 1,400 Chinese companies have suspended their shares amid a slump that’s wiped $3.9 trillion from the value of the world’s second-biggest equity market. fluctuated between a 2.6 percent gain and a 3.8 percent slump as of 10:40 a.m. local time.\nNomura “took into consideration the difficulty of calculating standard valuations, and decided to stop the buying and selling of funds temporarily,” the company said.\nDaiwa said in its statement trading will be halted “for the time being,” citing low liquidity.", "external_links": ["http://www.nomura-am.co.jp/news/pdf/20150709_0F3C41CA.pdf\\"], "published": "2015-07-09T10:53:00.000+03:00", "crawled": "2015-07-09T06:15:38.000+03:00", "highlightTitle": ""}