{"organizations": [], "uuid": "455ef826c2f5c8904b6036c5102ae1f51e0d7b86", "thread": {"social": {"gplus": {"shares": 0}, "pinterest": {"shares": 0}, "vk": {"shares": 0}, "linkedin": {"shares": 0}, "facebook": {"likes": 0, "shares": 0, "comments": 0}, "stumbledupon": {"shares": 0}}, "site_full": "allafrica.com", "main_image": "http://allafrica.com/static/images/structure/aa-logo-rgba-no-text-128x128.png", "site_section": "http://allafrica.com/tools/headlines/rdf/business/headlines.rdf", "section_title": "AllAfrica News: Economy, Business and Finance", "url": "http://allafrica.com/stories/201507091576.html", "country": "US", "title": "South Africa: Load Shedding Drags Down Sub-Saharan Growth - Report", "performance_score": 0, "site": "allafrica.com", "participants_count": 0, "title_full": "South Africa: Load Shedding Drags Down Sub-Saharan Growth - Report", "spam_score": 0.0, "site_type": "news", "published": "2015-07-09T16:29:00.000+03:00", "replies_count": 0, "uuid": "455ef826c2f5c8904b6036c5102ae1f51e0d7b86"}, "author": "", "url": "http://allafrica.com/stories/201507091576.html", "ord_in_thread": 0, "title": "South Africa: Load Shedding Drags Down Sub-Saharan Growth - Report", "locations": [], "entities": {"persons": [], "locations": [], "organizations": []}, "highlightText": "", "language": "english", "persons": [], "text": "Read this report on News24Wire.com . Copyright © 2015 News24Wire. All rights reserved. Distributed by AllAfrica Global Media ( allAfrica.com ). To contact the copyright holder directly for corrections — or for permission to republish or make other authorized use of this material, click here. AllAfrica publishes around 2,000 reports a day from more than 130 news organizations and over 200 other institutions and individuals , representing a diversity of positions on every topic. We publish news and views ranging from vigorous opponents of governments to government publications and spokespersons. Publishers named above each report are responsible for their own content, which AllAfrica does not have the legal right to edit or correct. Articles and commentaries that identify allAfrica.com as the publisher are produced or commissioned by AllAfrica . To address comments or complaints, please Contact us .", "external_links": [], "published": "2015-07-09T16:29:00.000+03:00", "crawled": "2015-07-09T17:58:28.000+03:00", "highlightTitle": ""}