{"organizations": [], "uuid": "4ad61aa729c12940fc24ee944dcd3011e377a3f7", "thread": {"social": {"gplus": {"shares": 0}, "pinterest": {"shares": 0}, "vk": {"shares": 0}, "linkedin": {"shares": 0}, "facebook": {"likes": 0, "shares": 0, "comments": 0}, "stumbledupon": {"shares": 0}}, "site_full": "www.simplyhired.com", "main_image": "", "site_section": "http://www.simplyhired.com/a/job-feed/rss/o-13205", "section_title": "Finance jobs | Simply Hired", "url": "http://www.simplyhired.com/job/75rhs6elau", "country": "US", "title": "Senior Financial Analyst Job at Yoh (Silver Spring, MD)", "performance_score": 0, "site": "simplyhired.com", "participants_count": 0, "title_full": "Senior Financial Analyst Job at Yoh (Silver Spring, MD)", "spam_score": 0.0, "site_type": "news", "published": "2015-07-29T12:19:00.000+03:00", "replies_count": 0, "uuid": "4ad61aa729c12940fc24ee944dcd3011e377a3f7"}, "author": "", "url": "http://www.simplyhired.com/job/75rhs6elau", "ord_in_thread": 0, "title": "Senior Financial Analyst Job at Yoh (Silver Spring, MD)", "locations": [], "entities": {"persons": [], "locations": [], "organizations": []}, "highlightText": "", "language": "english", "persons": [], "text": "Source: Jobg8 \nSr. Financial Analyst needed for a contract opportunity with Yoh's client located in Silver Spring, MD. \nTop Skills You Should Possess: - Excellent excel skills - Experience with Financial Systems (SAP, BPC/EPM) a plus. - Three to four (3-4) years of experience in Finance. MBA a plus \nWhat You'll Be Doing: - Assist in the creation of monthly management reporting and various presentations for senior management. - Support FP&A team in the monthly forecast cycle, close deliverables and report maintenance. - Assist in annual budget process by working closely with department heads to prepare a \"bottom-up\" budget that aligns with the \"top-down\" strategic plan. - Perform monthly financial results review and reporting, providing recommendations and feedback to senior management on the current and future financial positions of the division to ensure the achievement of the division's objectives. - Improve and streamline processes around reporting. - Develop appropriate systems and tools to facilitate efficient, effective and accurate analysis. \nWhat You Need to Bring to the Table: - Ability to work on multiple projects - Ability to meet stringent deadlines and work under pressure - Demonstrated self starter, high integrity, team player - Strong organizational, communications and interpersonal skills required. - Excellent attention to detail \nWhat are you waiting for? Opportunity is Calling, Apply Now! \nRecruiter: LaVerne Edwards \nYoh, a Day & Zimmermann company, is an Equal Opportunity Employer, M/F/D/V. Contact us if you are an individual with a disability and require accommodation in the application process. \nJ2W: PROF", "external_links": [], "published": "2015-07-29T12:19:00.000+03:00", "crawled": "2015-07-29T15:52:31.505+03:00", "highlightTitle": ""}