{"organizations": ["Sunshine Services Inc", "Naperville"], "uuid": "e2869cf4deda48fd18b201c7f734727b9755821d", "thread": {"social": {"gplus": {"shares": 0}, "pinterest": {"shares": 0}, "vk": {"shares": 0}, "linkedin": {"shares": 0}, "facebook": {"likes": 0, "shares": 0, "comments": 0}, "stumbledupon": {"shares": 0}}, "site_full": "www.artipot.com", "main_image": "", "site_section": "http://rss.artipot.com/category/83", "section_title": "Artipot: Finance > Taxes Articles", "url": "http://www.artipot.com/articles/1912664/services-offered-by-the-best-naperville-cpa-firm.htm", "country": "US", "title": "Services offered by the best naperville cpa firm (Alison John)", "performance_score": 0, "site": "artipot.com", "participants_count": 0, "title_full": "Services offered by the best naperville cpa firm (Alison John)", "spam_score": 0.0, "site_type": "news", "published": "2015-07-15T10:03:00.000+03:00", "replies_count": 0, "uuid": "e2869cf4deda48fd18b201c7f734727b9755821d"}, "author": "", "url": "http://www.artipot.com/articles/1912664/services-offered-by-the-best-naperville-cpa-firm.htm", "ord_in_thread": 0, "title": "Services offered by the best naperville cpa firm (Alison John)", "locations": ["naperville", "Naperville"], "entities": {"persons": [], "locations": [], "organizations": []}, "highlightText": "", "language": "english", "persons": ["Alison John"], "text": "Jul 15, 2015 There are a number of services that the best naperville cpa firm will offer your business.The first thing that you should know is that it is important for your business to know who a CPA is. The main reason behind this is that it will help you know the many advantages you can get by hiring the services of the professional for your business. CPA is the abbreviation for certified public accountant. The accountant is one hired by the business to look out after the book keeping services. With this, there is certainly no need for you to take tension during the taxation time at every quarter. Following are the services that naperville cpa will offer the clients and stake benefit of:Accounting:The many services of certified public accounting Naperville starts with the basic accounting. One of the services is to manage the accounts and also make certain that money is transferred to the right channel through the correct process. This is known to be an important aspect that the certified accountant firm is best at.Book keeping:You can get right book keeping services by hiring the CPA services. This is one among the things that is consulting. Handling these services is known to be one among the things that the certified public accounat firm can do for your company. Other than this they can take control of financial matters for your company, be it a small scale one or a large one.Taxation services:The certified public accountant firm can help you with the major tax services. During a year, the company should file many local, federal as well as state returns. The professional will provide you with right guidance on the kinds of estate options and gift tax that are needed for filing the returnsRetirement planning:Retirement planning is called to be a service which is not frequently offered by certified public accountant companies but is provided to clients. You can get the correct advice on the retirement plans. It can even be on investing or retirement to build up enough capital for your retirement.Software consulting:Most of the businesses buy the software from office store. The professional of Naperville cpa can help you on which one you should pick and also from where. They may even provide you with help on when you should upgrade the system for the best book keeping when the accountant is not around you. About the Author At Sunshine Services Inc you can get best Illinois tax services. Opt for their unbeatable Naperville accounting, CPA firm, naperville cpa firm and Naperville tax return services today.", "external_links": [], "published": "2015-07-15T10:03:00.000+03:00", "crawled": "2015-07-15T17:06:56.000+03:00", "highlightTitle": ""}