{"organizations": [], "uuid": "d889ea170fff98569ec0e5e243ff020b278b6cdb", "thread": {"social": {"gplus": {"shares": 0}, "pinterest": {"shares": 0}, "vk": {"shares": 0}, "linkedin": {"shares": 0}, "facebook": {"likes": 0, "shares": 0, "comments": 0}, "stumbledupon": {"shares": 0}}, "site_full": "www.reuters.com", "main_image": "", "site_section": "http://www.reuters.com/finance/personal-finance", "section_title": "Wealth, Personal Finance &amp; Money | Reuters.com", "url": "http://www.reuters.com/article/2015/07/14/eurozone-greece-resignation-idUSA8N0ZT00520150714", "country": "US", "title": "Greek PM will not resign, reshuffle after bailout vote: official", "performance_score": 0, "site": "reuters.com", "participants_count": 1, "title_full": "Greek PM will not resign, reshuffle after bailout vote: official | Reuters", "spam_score": 0.0, "site_type": "news", "published": "2015-07-14T19:10:00.000+03:00", "replies_count": 0, "uuid": "d889ea170fff98569ec0e5e243ff020b278b6cdb"}, "author": "Reuters", "url": "http://www.reuters.com/article/2015/07/14/eurozone-greece-resignation-idUSA8N0ZT00520150714", "ord_in_thread": 0, "title": "Greek PM will not resign, reshuffle after bailout vote: official", "locations": [], "entities": {"persons": [], "locations": [], "organizations": []}, "highlightText": "", "language": "english", "persons": [], "text": "ATHENS, July 14 Greek Prime Minister Alexis Tsipras will not resign and will probably reshuffle the cabinet after parliament votes on a bailout package on Wednesday evening, a government official said on Tuesday.\nA bill to implement sweeping reforms -- which creditors are demanding as a precondition for talks on giving Athens another bailout -- will be submitted on Tuesday, the official said.\nMany lawmakers in the ruling Syriza party and its coalition ally are preparing to vote against the bill. But the government official said the composition of the coalition was not expected to change.\n(Reporting by Renee Maltezou; writing by Matthias Williams )", "external_links": [], "published": "2015-07-14T19:10:00.000+03:00", "crawled": "2015-07-14T18:17:44.000+03:00", "highlightTitle": ""}