{"organizations": ["Union Bank", "Asset Quality Deteriorates Union Bank of India", "NSE"], "uuid": "8f18295606e9e2b303d3acd27b27559ea3fabc8a", "thread": {"social": {"gplus": {"shares": 0}, "pinterest": {"shares": 0}, "vk": {"shares": 0}, "linkedin": {"shares": 0}, "facebook": {"likes": 0, "shares": 0, "comments": 0}, "stumbledupon": {"shares": 0}}, "site_full": "www.goodreturns.in", "main_image": "http://www.goodreturns.in/img/2015/07/28-1438066275-stockmarket1.jpg", "site_section": "http://www.goodreturns.in/rss/money-business-news-fb.xml", "section_title": "Latest Business News | Finance News India | International Share Market – Oneindia Money", "url": "http://www.goodreturns.in/news/2015/07/28/union-bank-q1-net-profits-rise-asset-quality-deteriorates-377269.html", "country": "CA", "title": "Union Bank Q1 Net Profits Rise; Asset Quality Deteriorates", "performance_score": 0, "site": "goodreturns.in", "participants_count": 0, "title_full": "Union Bank Q1 Net Profits Rise; Asset Quality Deteriorates", "spam_score": 0.0, "site_type": "news", "published": "2015-07-28T09:51:00.000+03:00", "replies_count": 0, "uuid": "8f18295606e9e2b303d3acd27b27559ea3fabc8a"}, "author": "", "url": "http://www.goodreturns.in/news/2015/07/28/union-bank-q1-net-profits-rise-asset-quality-deteriorates-377269.html", "ord_in_thread": 0, "title": "Union Bank Q1 Net Profits Rise; Asset Quality Deteriorates", "locations": [], "entities": {"persons": [], "locations": [], "organizations": []}, "highlightText": "", "language": "english", "persons": [], "text": "Union Bank of India: Quotes , News BSE 159.75 NSE 159.30 5.2 (3.37%) The asset quality both at the gross and the net level of the bank worsened. The gross non performing assets were placed at 5.53 per cent of loans against 4.96 per cent in the previous quarter. The net non performing assets were placed at 3.08 per cent from 2.71 per cent in the previous quarter.\nCheck share price of Union Bank and financials \nAsset quality worries continue to weigh down public sector banks which have been grappling with non performing assets. Another PSU bank, Punjab National Bank which also reported numbers managed to see a slight improvement in asset quality. \nThe shares of Union Bank of India were trading flat at Rs 154, following the results. \nGoodReturns.in", "external_links": [], "published": "2015-07-28T09:51:00.000+03:00", "crawled": "2015-07-28T10:23:25.886+03:00", "highlightTitle": ""}