{"organizations": [], "uuid": "a8e06380a798b1c1ab7da00099cd73027bfcec58", "thread": {"social": {"gplus": {"shares": 0}, "pinterest": {"shares": 0}, "vk": {"shares": 0}, "linkedin": {"shares": 0}, "facebook": {"likes": 0, "shares": 0, "comments": 0}, "stumbledupon": {"shares": 0}}, "site_full": "allafrica.com", "main_image": "http://allafrica.com/static/images/structure/aa-logo-rgba-no-text-128x128.png", "site_section": "http://allafrica.com/tools/headlines/rdf/business/headlines.rdf", "section_title": "AllAfrica News: Economy, Business and Finance", "url": "http://allafrica.com/stories/201507161505.html", "country": "US", "title": "Africa: Development Finance Talks in Ethiopia Close to Collapse - Charities", "performance_score": 0, "site": "allafrica.com", "participants_count": 0, "title_full": "Africa: Development Finance Talks in Ethiopia Close to Collapse - Charities", "spam_score": 0.0, "site_type": "news", "published": "2015-07-16T16:39:00.000+03:00", "replies_count": 0, "uuid": "a8e06380a798b1c1ab7da00099cd73027bfcec58"}, "author": "", "url": "http://allafrica.com/stories/201507161505.html", "ord_in_thread": 0, "title": "Africa: Development Finance Talks in Ethiopia Close to Collapse - Charities", "locations": ["Ethiopia", "Africa"], "entities": {"persons": [], "locations": [], "organizations": []}, "highlightText": "", "language": "english", "persons": [], "text": "Africa: What Is the Financing for Development Conference All About? \nThe proposal is fiercely opposed by the rich members of the Organisation for Economic Cooperation and Development (OECD), which drew up the current tax rules. \n\"Negotiations are on the brink of collapse,\" the European Network on Debt and Development said in a statement. \n\"Rich country governments led by the U.S., the U.K. and Japan are jeopardising the entire FfD agreement as they refuse to consider an inter-governmental tax body.\" \nNearly $1 trillion in illicit finance - the fruits of tax evasion, crime and corruption - is estimated to leave poor countries each year, according to Global Financial Integrity, a policy research group. \nThe G77 wants the current U.N. tax committee to be upgraded to a political body with more power and money and universal membership. \nA compromise proposal put forward by South Africa and the host nation, Ethiopia, was rejected on Wednesday morning, charities said. \nA draft of the proposal, seen by the Thomson Reuters Foundation, said the two nations invited the U.N. Economic and Social Council, to which the current U.N. tax committee reports, to finalise proposals for upgrading it to \"a universal body with equitable participation of developing countries\" by 2016. \nThe OECD said in a statement that it had supported inclusive processes. Its \"Base Erosion and Profit Shifting\" reform initiative, due to be finalised in November, includes 60 countries - the 34 OECD members plus G20 nations and 20 developing countries representing geographical regions, it said. \n\"The discussion should not be about one body or another body, but rather making sure that it works for everybody,\" OECD Secretary-General Angel Gurría said. \n\"Any progress we make on this work will accrue to the benefit of developing and developed countries alike.\" \nA successful outcome in Ethiopia is seen as crucial for building momentum towards signing the Sustainable Development Goals in New York in September, and for reaching a climate change agreement in Paris in December. \"Failure to agree is not an option,\" Save the Children's policy, advocacy and campaigns director Brendan Cox said in a statement. \"Too much is at stake.\" \nReporting by Katy Migiro, editing by Tim Pearce; Please credit the Thomson Reuters Foundation, the charitable arm of Thomson Reuters, that covers humanitarian news, women's rights, corruption and climate change. Africa \nThe shoe-shine boys and phone card hawkers that usually throng the entrance to the UN complex in Addis Ababa, Ethiopia, … see more » Copyright © 2015 Thomson Reuters Foundation. All rights reserved. Distributed by AllAfrica Global Media ( allAfrica.com ). To contact the copyright holder directly for corrections — or for permission to republish or make other authorized use of this material, click here. AllAfrica publishes around 2,000 reports a day from more than 130 news organizations and over 200 other institutions and individuals , representing a diversity of positions on every topic. We publish news and views ranging from vigorous opponents of governments to government publications and spokespersons. Publishers named above each report are responsible for their own content, which AllAfrica does not have the legal right to edit or correct. Articles and commentaries that identify allAfrica.com as the publisher are produced or commissioned by AllAfrica . To address comments or complaints, please Contact us .", "external_links": [], "published": "2015-07-16T16:39:00.000+03:00", "crawled": "2015-07-16T18:58:45.000+03:00", "highlightTitle": ""}