{"organizations": [], "uuid": "f311ce7933cde2a4bd76c67a63b5d5a54303e304", "thread": {"social": {"gplus": {"shares": 0}, "pinterest": {"shares": 0}, "vk": {"shares": 0}, "linkedin": {"shares": 0}, "facebook": {"likes": 0, "shares": 0, "comments": 0}, "stumbledupon": {"shares": 0}}, "site_full": "www.bloomberg.com", "main_image": "", "site_section": "http://www.bloomberg.com/personal-finance", "section_title": "Personal-finance - Bloomberg Business", "url": "http://www.bloomberg.com/news/articles/2015-07-28/heidelbergcement-agrees-to-buy-45-percent-of-rival-italcementi", "country": "US", "title": "HeidelbergCement Agrees to Buy 45 Percent of Rival Italcementi", "performance_score": 0, "site": "bloomberg.com", "participants_count": 1, "title_full": "HeidelbergCement Agrees to Buy 45 Percent of Rival Italcementi - Bloomberg Business", "spam_score": 0.0, "site_type": "news", "published": "2015-07-29T02:43:00.000+03:00", "replies_count": 0, "uuid": "f311ce7933cde2a4bd76c67a63b5d5a54303e304"}, "author": "Aaron Kirchfeld", "url": "http://www.bloomberg.com/news/articles/2015-07-28/heidelbergcement-agrees-to-buy-45-percent-of-rival-italcementi", "ord_in_thread": 0, "title": "HeidelbergCement Agrees to Buy 45 Percent of Rival Italcementi", "locations": [], "entities": {"persons": [], "locations": [], "organizations": []}, "highlightText": "", "language": "english", "persons": [], "text": "Germany’s HeidelbergCement AG agreed to buy 45 percent of rival Italcementi SpA and plans to make an offer for the remainder once the deal gets approved.\nHeidelbergCement will pay about 1.67 billion euros ($1.85 billion) for the initial stake, the company said in a statement.", "external_links": [], "published": "2015-07-29T02:43:00.000+03:00", "crawled": "2015-07-28T22:04:04.454+03:00", "highlightTitle": ""}