{"organizations": [], "uuid": "e26251c37e5be0669140929be2bf300b3dab5df6", "thread": {"social": {"gplus": {"shares": 0}, "pinterest": {"shares": 0}, "vk": {"shares": 0}, "linkedin": {"shares": 0}, "facebook": {"likes": 0, "shares": 0, "comments": 0}, "stumbledupon": {"shares": 0}}, "site_full": "uk.finance.yahoo.com", "main_image": "https://s.yimg.com/bt/api/res/1.2/6rik6AZwuPGCiADf_9dhPQ--/YXBwaWQ9eW5ld3M7cT03NTt3PTYwMA--/http://l.yimg.com/os/mit/media/m/social/images/social_default_logo-1481777.png", "site_section": "https://uk.finance.yahoo.com/news/provider-telegraph/?format=rss", "section_title": "Finance News | Telegraph - Yahoo! UK & Ireland Finance", "url": "https://uk.finance.yahoo.com/news/uk-investors-see-2015-gains-211214506.html", "country": "US", "title": "UK investors see 2015 gains wiped out as markets fall", "performance_score": 0, "site": "yahoo.com", "participants_count": 0, "title_full": "UK investors see 2015 gains wiped out as markets fall", "spam_score": 0.0, "site_type": "news", "published": "2015-07-28T00:12:00.000+03:00", "replies_count": 0, "uuid": "e26251c37e5be0669140929be2bf300b3dab5df6"}, "author": "", "url": "https://uk.finance.yahoo.com/news/uk-investors-see-2015-gains-211214506.html", "ord_in_thread": 0, "title": "UK investors see 2015 gains wiped out as markets fall", "locations": ["UK"], "entities": {"persons": [], "locations": [], "organizations": []}, "highlightText": "", "language": "english", "persons": [], "text": "Tip : Use comma (,) to separate multiple quotes. Learn more... \nMon, Jul 27, 2015, 22:28 BST - UK Markets closed UK investors see 2015 gains wiped out as markets fall By James Quinn | Telegraph – 16 minutes ago 1,150.00 -29.00 \nChinese stock markets lead a global retreat in share prices, suffering their worst day since 2007 \nInvestors in the shares of Britain’s biggest companies have been nursing losses of more than £150bn over the past two months, and are now in the red for the year after the FTSE 100 index dropped to its lowest level in 2015. \nThe index of the largest London-listed companies has fallen 8.4pc since its record high in April. \nMining and oil shares have been particularly badly hit by shrinking appetite for commodities, particularly from China, where the stock market has crashed almost 30pc from its peak. \nOn Monday, the FTSE 100 closed 1.1pc lower at 6,505.13, putting the index more than 60 points below where it finished last year. \n“We’ve had a number of issues to contend with, including the situation in Greece and concerns with the numbers coming out of China,” said Richard Hunter, head of equities at Hargreaves Lansdown (LSE: HL.L - news ) , the investment manager. \n“Low volumes also tend to exacerbate volatility.” \nThe Chinese stock markets led a global retreat in share prices on Monday, suffering their worst day since 2007 and inflaming fears about the overall health of the world’s second-biggest economy. \nThe authorities in Beijing have struggled to manage an exodus of equity investors, with bans on large share sales and numerous trading suspensions only serving to heighten anxiety about the stock market’s stability. \nInvestors’ nerves are also being tested by the uncertain timing of a rise in interest rates in the UK and the US, ending seven years of ultra-low rates. \n“Performance over the long term is pretty good; we’ve had a pretty good run with quantitative easing,” said Kit Juckes, global macro strategist at Société Générale. \nNearly 1,200 stocks on the London Stock Exchange (Other OTC: LDNXF - news ) lost value on monday, compared with a total of 333 that rose. \nThe opening bell in Wall Street did little to calm sentiment, as US markets also opened lower. \nThe Dow Jones fell 0.5pc to 17,482.61, the S&P 500 slipped 0.4pc to 2,071.97 and the Nasdaq dropped 0.7pc to 5,053.37.", "external_links": [], "published": "2015-07-28T00:12:00.000+03:00", "crawled": "2015-07-28T00:29:27.630+03:00", "highlightTitle": ""}