{"organizations": [], "uuid": "56158a89aae8fcdc074cd872e4bbad06bb38cb8f", "thread": {"social": {"gplus": {"shares": 0}, "pinterest": {"shares": 0}, "vk": {"shares": 0}, "linkedin": {"shares": 0}, "facebook": {"likes": 0, "shares": 0, "comments": 0}, "stumbledupon": {"shares": 0}}, "site_full": "www.financialexpress.com", "main_image": "", "site_section": "http://www.financialexpress.com/", "section_title": "The Financial Express | India News Today,Latest National News,Stock Market Today,SENSEX NIFTY,NSE BSE India,Finance News,Business News", "url": "http://www.financialexpress.com/article/economy/eurozone-finance-ministers-likely-to-resume-talks-on-greek-bailout/99715", "country": "IE", "title": "Eurozone finance ministers likely to resume talks on Greek bailout", "performance_score": 0, "site": "financialexpress.com", "participants_count": 1, "title_full": "Eurozone finance ministers likely to resume talks on Greek bailout | The Financial Express", "spam_score": 0.0, "site_type": "news", "published": "2015-07-12T20:11:00.000+03:00", "replies_count": 0, "uuid": "56158a89aae8fcdc074cd872e4bbad06bb38cb8f"}, "author": "financialexpress.com", "url": "http://www.financialexpress.com/article/economy/eurozone-finance-ministers-likely-to-resume-talks-on-greek-bailout/99715", "ord_in_thread": 0, "title": "Eurozone finance ministers likely to resume talks on Greek bailout", "locations": [], "entities": {"persons": [], "locations": [], "organizations": []}, "highlightText": "", "language": "english", "persons": [], "text": "Eurozone finance ministers are expected to resume talks on a Greek bailout deal in Brussels.\nAccording to BBC, Dutch Finance Minister Jeroen Dijsselbloem said, nine hours after talks ended without agreement on Saturday, that the negotiations are “very difficult”.\nThe finance ministers believe that Athens is unlikely to implement austerity measures it has proposed.\nThey have little time to produce a working plan ready for European leaders, who meet in Brussels later on Sunday.\nFirst Published on July 12, 2015 12:11 pm", "external_links": [], "published": "2015-07-12T20:11:00.000+03:00", "crawled": "2015-07-13T00:00:34.000+03:00", "highlightTitle": ""}