{"organizations": [], "uuid": "57fea5770cd49ce55867b4787a7b4d0333370f89", "thread": {"social": {"gplus": {"shares": 0}, "pinterest": {"shares": 0}, "vk": {"shares": 0}, "linkedin": {"shares": 0}, "facebook": {"likes": 0, "shares": 0, "comments": 0}, "stumbledupon": {"shares": 0}}, "site_full": "www.modernghana.com", "main_image": "http://img.modernghana.com/images/content/[2]xcedi.jpg", "site_section": "http://www.modernghana.com/rssfeed/news.xml?cat_id=1&gender=46", "section_title": "Business & Finance", "url": "http://www.modernghana.com/news/629306/1/bog-warns-banks.html", "country": "US", "title": "BoG Warns Banks", "performance_score": 0, "site": "modernghana.com", "participants_count": 0, "title_full": "BoG Warns Banks", "spam_score": 0.0, "site_type": "news", "published": "2015-07-13T11:29:00.000+03:00", "replies_count": 0, "uuid": "57fea5770cd49ce55867b4787a7b4d0333370f89"}, "author": "", "url": "http://www.modernghana.com/news/629306/1/bog-warns-banks.html", "ord_in_thread": 0, "title": "BoG Warns Banks", "locations": [], "entities": {"persons": [], "locations": [], "organizations": []}, "highlightText": "", "language": "english", "persons": [], "text": "  13 July 2015 09:29 CET BoG Warns Banks By Daily Guide \nThe Bank of Ghana (BoG) has warned banks in the country to stop sourcing for expensive wholesale funds from the markets. \nMaxwell David Ekow Ribeiro, Assistant Director of the Banking Supervision Department of BoG, gave the warning in a statement at the launch of Barclays Bank's new ultramodern branch at Osu on Friday in Accra. \nHe disclosed that instead of mobilizing reasonable priced deposits from ordinary savers, banks in the country were clamoring for expensive wholesale funds from markets which ask them to bid for their funds.' \nHe said 'mobilization of wholesale funds at interest rates even higher than the ordinary Treasury Bills rate raises cost of funds and eventually results in high lending rates.' \nAccording to Mr. Ekow Ribeiro, 'The high intermediation costs ultimately result in high non-performing loans, which erode capital and can lead to financial distress in institutions.' \nHe urged banks and other deposittaking institutions to be mindful of the development and devise appropriate means to mobilize cheaper retail deposits.' \nSecurity of deposits He commended banks for making significant investments in providing comfortable edifices, technology and other infrastructure to enhance the delivery of services to customers. \n'As these investments are being made, it is worthy to caution banks and other deposit-taking institutions to ensure that depositors' funds are secure. \nHe further appealed to banks to continuously comply with BoG's rules on the maintenance and operation of foreign exchange accounts and foreign currency accounts, repatriation of export proceeds and transfer of foreign exchange outside the country. \nThe Managing Director of Barclays Bank Ghana Limited, Patience Akyianu, for her part, indicated that the new ultra-modern branch had been fitted with technologically advanced systems as well as self-service facilities to make banking convenient for customers. \nShe said the branch has a queue management system, an integrated Premier Lounge and a Prestige Banking Centre. \n'As a flagship branch, the exterior and internal layout, ambience and configuration are very much different from the former look and feel of our branches,' she indicated. \nShe indicated that 'the Self Service Banking Zone operates 24 hours and has three ATMs, in addition to two internet booths that allow customers to check their account balances and details online.", "external_links": [], "published": "2015-07-13T11:29:00.000+03:00", "crawled": "2015-07-14T00:52:08.000+03:00", "highlightTitle": ""}