{"organizations": [], "uuid": "0d4c9185f2cb265251ff39f22e3a03de5a905de2", "thread": {"social": {"gplus": {"shares": 0}, "pinterest": {"shares": 0}, "vk": {"shares": 0}, "linkedin": {"shares": 0}, "facebook": {"likes": 0, "shares": 0, "comments": 0}, "stumbledupon": {"shares": 0}}, "site_full": "www.modernghana.com", "main_image": "http://img.modernghana.com/images/content/yeu2xkj87r_parliament2015.jpg", "site_section": "http://www.modernghana.com/rssfeed/news.xml?cat_id=1&gender=46", "section_title": "Business & Finance", "url": "http://www.modernghana.com/news/629062/1/parliament-okays-petroleum-revenue-management-bill.html", "country": "US", "title": "Parliament okays Petroleum Revenue Management Bill", "performance_score": 0, "site": "modernghana.com", "participants_count": 0, "title_full": "Parliament okays Petroleum Revenue Management Bill", "spam_score": 0.0, "site_type": "news", "published": "2015-07-11T19:00:00.000+03:00", "replies_count": 0, "uuid": "0d4c9185f2cb265251ff39f22e3a03de5a905de2"}, "author": "", "url": "http://www.modernghana.com/news/629062/1/parliament-okays-petroleum-revenue-management-bill.html", "ord_in_thread": 0, "title": "Parliament okays Petroleum Revenue Management Bill", "locations": [], "entities": {"persons": [], "locations": [], "organizations": []}, "highlightText": "", "language": "english", "persons": [], "text": "  11 July 2015 17:00 CET Parliament okays Petroleum Revenue Management Bill By GNA \nAccra, July 11, GNA - Parliament on Wednesday passed the Petroleum Revenue Management (Amendment) Bill, 2015 into law. \nThe Bill seeks to address irregularities and operational challenges in the management of revenue from the oil and gas sector. \nThe object of the Bill was to amend the Petroleum Revenue Management Act, 2011 (Act 815) to provide for the allocation of funds to the Ghana Infrastructure Investment Fund for the purposes of infrastructure development and to provide for the composition of the Investment Advisory Committee and formulated matters. \nAct 815 was passed to provide a framework for the collection, allocation and management of petroleum revenue in a responsible, transparent, accountable and sustainable manner for the benefit of the citizens of Ghana in accordance with the 1992 Constitution. \nHowever, the implementation of Act 815 exposed some inconsistencies and typographical errors that needed to be rectified, hence the amendment to conform to the intended aim of the drafters. \nSection 48 of Act 815 as amended in the Bill requires the Minister of Finance to present a report to Parliament describing the stage of implementation of the programmed activities funded by the expenditure incurred on the activities covered by the Annual Budget Funding Amount, and to indicate the portion of the Annual Budget Funding Amount allocated to the Ghana Infrastructure Investment Fund. \nA report by the Parliament's Committee on Finance, Chaired by James Klutse Avedzi, observed that the Bill would make the Ghana National Petroleum Corporation (GNPC) an operator in the field and empower it to borrow on the strength of its own balance sheet and not to rely on central government guarantees. \nBy the Amendment, the GNPC will no longer have the privilege of controlling the country's petroleum proceeds, unlike the previous arrangements where the institution had the power to receive petroleum revenues, deduct its share of the proceeds and then deposit the rest into the Petroleum Holding Fund. \nClause 2 of the amended Act, Section 7, specifies that: \"Revenue due from the direct or indirect participation of the Republic in petroleum operations, including the carried and participating interest, shall be paid into the Petroleum Holding Fund.' \nThe law stipulates that: 'The Minister of Finance shall ensure that the Bank of Ghana transfers to a national oil company, the relevant portion of the petroleum revenue due to that national company under subsection (2) (a) and (2) (b) not later than three working days after the receipt of petroleum revenue into the Petroleum Holding Fund.' \nDr Anthony Akoto Osei, MP for Old Tafo and Minority Spokesperson on Finance cautioned that in as much as the bill empowered the GNPC to borrow on its own balance sheet, it was important that the provisions held the management of the corporation accountable. \n'We should empower them to stand on their feet on one side but we should also hold them to account,' he said. \nGNA", "external_links": [], "published": "2015-07-11T19:00:00.000+03:00", "crawled": "2015-07-11T20:33:00.000+03:00", "highlightTitle": ""}