{"organizations": [], "uuid": "de6633dd8a2756331e5ef1331393d39128dbcec9", "thread": {"social": {"gplus": {"shares": 0}, "pinterest": {"shares": 0}, "vk": {"shares": 0}, "linkedin": {"shares": 0}, "facebook": {"likes": 0, "shares": 0, "comments": 0}, "stumbledupon": {"shares": 0}}, "site_full": "www.moneylife.in", "main_image": "http://moneylife.in/site/userimage/image/thumbnail/TeestaSetalvad014715.jpg", "site_section": "http://moneylife.in/site/rss.php", "section_title": "Moneylife Personal Finance Magazine", "url": "http://www.moneylife.in/article/cbi-searches-teesta-setalvads-mumbai-house/42772.html", "country": "IN", "title": "CBI searches Teesta Setalvad's Mumbai house", "performance_score": 0, "site": "moneylife.in", "participants_count": 1, "title_full": "CBI searches Teesta Setalvad's Mumbai house", "spam_score": 0.0, "site_type": "news", "published": "2015-07-14T15:50:00.000+03:00", "replies_count": 0, "uuid": "de6633dd8a2756331e5ef1331393d39128dbcec9"}, "author": "IANS", "url": "http://www.moneylife.in/article/cbi-searches-teesta-setalvads-mumbai-house/42772.html", "ord_in_thread": 0, "title": "CBI searches Teesta Setalvad's Mumbai house", "locations": [], "entities": {"persons": [], "locations": [], "organizations": []}, "highlightText": "", "language": "english", "persons": [], "text": "Moneylife » CBI searches Teesta Setalvad's Mumbai house 42772 CBI searches Teesta Setalvad's Mumbai house 0 Comments, Be the first to comment + COMMENT IANS | 14/07/2015 06:20 PM | The Central Bureau of Investigation (CBI) on Tuesday conducted searches at three locations in Mumbai, including the residence of social activist Teesta Setalvad. The CBI officials conducted searches at the office of Sabrang Communications and Publishing along with the premises of Setalvad, her husband Javed Anand and associate Gulam Mohammed Peshimam. The agency took the step after it registered a case on July 8 against Setalvad, Anand and Mohammed for criminal conspiracy and illegal acceptance of foreign contributions for their company, Sabrang Communications and Publishing Pvt. Ltd. (SCPPL). The three have been accused of diverting foreign funds to SCPPL by violating the provision of the Foreign Contribution and Regulation Act (FCRA), 2010. The trio has also been booked under various sections of FCRA 2010 and Protection of Civil Rights Act. \"The allegations are of criminal conspiracy for illegal acceptance of foreign contribution without registration and prior permission from the ministry of home affairs,\" an official told IANS. Anand, Setalvad and Mohammed are directors of SCPPL, based in Santa Cruz in Mumbai. More in Moneylife", "external_links": [], "published": "2015-07-14T15:50:00.000+03:00", "crawled": "2015-07-14T15:57:54.000+03:00", "highlightTitle": ""}