{"organizations": [], "uuid": "a3cca53b0184c5e13d3eef431a3675c43e1548ee", "thread": {"social": {"gplus": {"shares": 0}, "pinterest": {"shares": 0}, "vk": {"shares": 0}, "linkedin": {"shares": 0}, "facebook": {"likes": 0, "shares": 0, "comments": 0}, "stumbledupon": {"shares": 0}}, "site_full": "finance.yahoo.com", "main_image": "http://l2.yimg.com/bt/api/res/1.2/6rik6AZwuPGCiADf_9dhPQ--/YXBwaWQ9eW5ld3M7cT03NTt3PTYwMA--/http://l.yimg.com/os/mit/media/m/social/images/social_default_logo-1481777.png", "site_section": "http://finance.yahoo.com/rss/PropertyManagement", "section_title": "Yahoo! Finance: Property Management Industry News", "url": "http://finance.yahoo.com/news/hff-closes-sale-ultra-luxury-200300126.html", "country": "GB", "title": "HFF Closes Sale of Ultra-Luxury Residential Tower in Seattle, Washington", "performance_score": 0, "site": "yahoo.com", "participants_count": 0, "title_full": "HFF Closes Sale of Ultra-Luxury Residential Tower in Seattle, Washington", "spam_score": 0.0, "site_type": "news", "published": "2015-07-13T23:03:00.000+03:00", "replies_count": 0, "uuid": "a3cca53b0184c5e13d3eef431a3675c43e1548ee"}, "author": "", "url": "http://finance.yahoo.com/news/hff-closes-sale-ultra-luxury-200300126.html", "ord_in_thread": 0, "title": "HFF Closes Sale of Ultra-Luxury Residential Tower in Seattle, Washington", "locations": ["Washington", "Seattle"], "entities": {"persons": [], "locations": [], "organizations": []}, "highlightText": "", "language": "english", "persons": [], "text": "Done \nPORTLAND, Ore.--(BUSINESS WIRE)-- \nHolliday Fenoglio Fowler, L.P. (HFF) announced today that it has closed the sale of Premiere on Pine, a 386-unit, 40-story ultra-luxury apartment tower in Seattle’s Pike-Pine retail corridor. \nHFF marketed the asset on behalf of the Holland Partner Group and its finance partner. \nPremiere on Pine is situated at the intersection of Pine Street and 8 th Avenue within two blocks of Interstate 5 and Westlake Station, the Puget Sound’s most heavily-traveled transportation hub. Completed in 2014, the LEED Silver-certified tower has studio, one-, two- and three-bedroom condominium-quality units averaging 797 square feet each. The property also encompasses 3,385 square feet of ground floor retail and has amenities such as a fitness center, dog run, theatre room, club room, conference room, two event spaces and a 3,000-square-foot balcony that wraps around the south and west side of the building providing panoramic views of the surrounding area. \nThe HFF team representing the developer was led by executive managing director Matthew Lawton, managing director Ira Virden and senior managing director Gerry Rohm. \nAbout Holland Partner Group \nFounded in 2000, Holland Partner Group (HPG) based in Vancouver, Washington, is a fully-integrated real estate investment company. Current assets under management and development represent approximately $5 billion in 25,000 apartment homes located in the western United States’ most sought after markets. The company accomplishes its investment objectives in strategic alignment with its capital partners through its five integrated operating companies, including development, construction, acquisition, redevelopment and management. HPG’s combined business volume in 2014 exceeded $1 billion. \nAbout HFF \nHFF and HFFS (HFF Securities L.P.) are owned by HFF, Inc. ( HF ). HFF operates out of 22 offices nationwide and is a leading provider of commercial real estate and capital markets services to the U.S. commercial real estate industry. HFF together with its affiliate HFFS offer clients a fully integrated national capital markets platform including debt placement, investment sales, equity placement, advisory services, loan sales and commercial loan servicing. For more information please visit hfflp.com or follow HFF on Twitter @HFF . View source version on businesswire.com: http://www.businesswire.com/news/home/20150713006224/en/ Mergers, Acquisitions & Takeovers", "external_links": [], "published": "2015-07-13T23:03:00.000+03:00", "crawled": "2015-07-14T04:18:36.000+03:00", "highlightTitle": ""}