{"organizations": [], "uuid": "f851c8a97a3f3e7004f1e024921be15ffbbf1d0e", "thread": {"social": {"gplus": {"shares": 0}, "pinterest": {"shares": 0}, "vk": {"shares": 0}, "linkedin": {"shares": 0}, "facebook": {"likes": 0, "shares": 0, "comments": 0}, "stumbledupon": {"shares": 0}}, "site_full": "raffimax.tradepub.com", "main_image": "http://img.tradepub.com/free/w_lava04/images/w_lava04c8w.jpg", "site_section": "http://cts.tradepub.com/cts4/?ptnr=raffimax&tm=rss_Fi", "section_title": "Free Finance Magazines and Downloads from raffimax.tradepub.com", "url": "http://raffimax.tradepub.com/c/pubRD.mpl?sr=rss&_t=rss&qf=w_lava04", "country": "US", "title": "Rethinking Governance in an Analytics-Driven World", "performance_score": 0, "site": "tradepub.com", "participants_count": 0, "title_full": "Rethinking Governance in an Analytics-Driven World", "spam_score": 0.0, "site_type": "news", "published": "2015-07-10T10:00:00.000+03:00", "replies_count": 0, "uuid": "f851c8a97a3f3e7004f1e024921be15ffbbf1d0e"}, "author": "", "url": "http://raffimax.tradepub.com/c/pubRD.mpl?sr=rss&_t=rss&qf=w_lava04", "ord_in_thread": 0, "title": "Rethinking Governance in an Analytics-Driven World", "locations": [], "entities": {"persons": [], "locations": [], "organizations": []}, "highlightText": "", "language": "english", "persons": [], "text": " ", "external_links": [], "published": "2015-07-10T10:00:00.000+03:00", "crawled": "2015-07-11T02:43:59.000+03:00", "highlightTitle": ""}