{"organizations": [], "uuid": "fdde3d8968c23ce6009cbffe4b09b9168059fb3d", "thread": {"social": {"gplus": {"shares": 0}, "pinterest": {"shares": 0}, "vk": {"shares": 0}, "linkedin": {"shares": 0}, "facebook": {"likes": 0, "shares": 0, "comments": 0}, "stumbledupon": {"shares": 0}}, "site_full": "uk.finance.yahoo.com", "main_image": "https://s1.yimg.com/bt/api/res/1.2/gEtmIlehoo72kmK7Kxuwpg--/YXBwaWQ9eW5ld3M7aWw9cGxhbmU7cT03NTt3PTYwMA--/http://globalfinance.zenfs.com/images/UK_AHTTP_SKYNEWS_LIVE_1/2014-02-05t101656z-1927570348-gm1ea251eor01-rtrmadp-3-britain-tube-strike-1-400x240_original.jpg", "site_section": "https://uk.finance.yahoo.com/news/provider-skynews/?format=rss", "section_title": "Finance News | Sky News - Yahoo! UK & Ireland Finance", "url": "https://uk.finance.yahoo.com/news/tube-strike-travel-advice-passengers-174837823.html", "country": "GB", "title": "Tube Strike: Travel Advice For Passengers", "performance_score": 0, "site": "yahoo.com", "participants_count": 0, "title_full": "Tube Strike: Travel Advice For Passengers", "spam_score": 0.0, "site_type": "news", "published": "2015-07-08T05:20:00.000+03:00", "replies_count": 0, "uuid": "fdde3d8968c23ce6009cbffe4b09b9168059fb3d"}, "author": "", "url": "https://uk.finance.yahoo.com/news/tube-strike-travel-advice-passengers-174837823.html", "ord_in_thread": 0, "title": "Tube Strike: Travel Advice For Passengers", "locations": [], "entities": {"persons": [], "locations": [], "organizations": []}, "highlightText": "", "language": "english", "persons": [], "text": "View Photo \n\nThousands of travellers are facing a nightmare commute after last-ditch talks to prevent a 24-hour walkout on the London Underground broke down without agreement. \nAhead of the industrial action, officially scheduled to start at 6.30pm, Transport for London (TfL) issued advice to the millions of passengers who use the Tube each day. \nAs a result of the walkout by around 20,000 union members, TfL says there will be no Tube service from late afternoon on Wednesday and none at all on Thursday. \nThere could also be disruption into Friday morning. \nPeople are being advised to complete their Tube journeys by 6pm on Wednesday, and travel earlier if possible. \nIt says Underground services are expected to be \"exceptionally busy\" between 4pm and 6pm and will begin to stop running after this time. \nThe strike has been called in a dispute over the new all-night Tube services , due to start at weekends from mid-September. \nExtra bus and river services will be laid on during the strike, while roadworks will also be suspended where possible. \nBut TfL warned all public transport and roads will be much busier than usual, with passengers advised to allow more time for their journeys. \n\"Travel ambassadors and volunteers will be handing out maps at transport hubs in central London and helping Londoners find alternative ways to get around,\" said TfL. \nMeanwhile, train services operated by First Great Western between London and Wales and the West Country are due to be hit by a separate 48-hour strike by the RMT, which starts at 6.30pm on Thursday. \nManaging director of London Underground Mike Brown expressed disappointment the unions had not responded to a \"fair and reasonable\" offer. \nHe said: \"All we have heard is a series of speeches from trade union leaders, condemning us for communicating with our staff. \n\"The offer is still there and we are available to talk about it. I am amazed we have had no response.\" \nBut RMT general secretary Mick Cash said: \"Despite strenuous efforts by union negotiators to press London Underground to address the issues of fairness, safety, work/life balance and equality at the heart of this dispute, they have come up with nothing in the talks this afternoon. \n\"The action is on and RMT will be mobilising picket lines and effective action with our sister unions and there are no further talks planned at this stage.\" \nFinn Brennan, ASLEF's organiser on the Tube, said responsibility for the strike and resulting disruption lay with the management of London Underground. \nHe said: \"They have played foolish games of brinkmanship, taking their offer off the table then denying they had done so.\" \nManuel Cortes, leader of the TSSA rail union, said: \"They were only interested in one thing, blaming the unions for the stoppage which they could have avoided by taking a serious negotiating position on Monday morning.\"", "external_links": [], "published": "2015-07-08T05:20:00.000+03:00", "crawled": "2015-07-08T06:03:00.000+03:00", "highlightTitle": ""}