{"organizations": [], "uuid": "d4f9f359719c281f4fa9897bfc5cd5f25653764d", "thread": {"social": {"gplus": {"shares": 0}, "pinterest": {"shares": 0}, "vk": {"shares": 0}, "linkedin": {"shares": 0}, "facebook": {"likes": 0, "shares": 0, "comments": 0}, "stumbledupon": {"shares": 0}}, "site_full": "www.reuters.com", "main_image": "", "site_section": "http://www.reuters.com/finance/personal-finance", "section_title": "Wealth, Personal Finance &amp; Money | Reuters.com", "url": "http://www.reuters.com/article/2015/07/13/eurozone-greece-germany-government-idUSB4N0ZN00020150713", "country": "US", "title": "Greece must adopt deal before Bundestag votes - German govt", "performance_score": 0, "site": "reuters.com", "participants_count": 1, "title_full": "Greece must adopt deal before Bundestag votes - German govt | Reuters", "spam_score": 0.0, "site_type": "news", "published": "2015-07-13T15:48:00.000+03:00", "replies_count": 0, "uuid": "d4f9f359719c281f4fa9897bfc5cd5f25653764d"}, "author": "Reuters", "url": "http://www.reuters.com/article/2015/07/13/eurozone-greece-germany-government-idUSB4N0ZN00020150713", "ord_in_thread": 0, "title": "Greece must adopt deal before Bundestag votes - German govt", "locations": [], "entities": {"persons": [], "locations": [], "organizations": []}, "highlightText": "", "language": "english", "persons": [], "text": "BERLIN, July 13 The Greek parliament must first adopt Monday's aid-for-reforms deal before German lawmakers can be recalled for an extraordinary meeting to give Berlin a mandate to negotiate with Athens on a third rescue package, a government spokesman said.\n\"First, the Greek parliament will implement these laws - at least that is what we are hoping for and what the Greek government is aiming for as prior actions,\" spokesman Steffen Seibert told a regular news conference.\nThe Greek lawmakers also had to adopt the whole agreement reached between Athens and its lenders, he noted. As a next step, all three institutions had to confirm this.\n\"Only then, we can ask the Bundestag (lower house of parliament) to recall lawmakers for an extraordinary meeting to seek an official mandate to start negotiations,\" Seibert added.\n(Reporting by Michael Nienaber and Paul Carrel )", "external_links": [], "published": "2015-07-13T15:48:00.000+03:00", "crawled": "2015-07-13T14:53:11.000+03:00", "highlightTitle": ""}