{"organizations": [], "uuid": "465f692eafb4a11fa9f9758a5b64539ffe87434b", "thread": {"social": {"gplus": {"shares": 0}, "pinterest": {"shares": 0}, "vk": {"shares": 0}, "linkedin": {"shares": 0}, "facebook": {"likes": 0, "shares": 0, "comments": 0}, "stumbledupon": {"shares": 0}}, "site_full": "www.telegraph.co.uk", "main_image": "http://i.telegraph.co.uk/multimedia/archive/03375/greece-wolfgang-to_3375056k.jpg", "site_section": "http://www.telegraph.co.uk/finance/", "section_title": "Finance - Business news and market updates - Telegraph - Telegraph", "url": "http://www.telegraph.co.uk/finance/economics/11740025/Europes-collective-aversion-to-Grexit-is-baffling.html", "country": "GB", "title": "Europe's collective aversion to Grexit is baffling", "performance_score": 0, "site": "telegraph.co.uk", "participants_count": 5, "title_full": "Europe's collective aversion to Grexit is baffling - Telegraph", "spam_score": 0.0, "site_type": "news", "published": "2015-07-15T04:49:00.000+03:00", "replies_count": 4, "uuid": "20b60b79504aacca229e6169d256917c667c8e64"}, "author": "Ben Wright", "url": "http://www.telegraph.co.uk/finance/economics/11740025/Europes-collective-aversion-to-Grexit-is-baffling.html#post-0", "ord_in_thread": 0, "title": "Europe's collective aversion to Grexit is baffling", "locations": [], "entities": {"persons": [], "locations": [], "organizations": []}, "highlightText": "", "language": "english", "persons": [], "text": "Follow @telegraph The Telegraph Investor Transfer your Isas - buy & sell funds for free Find out more »", "external_links": [], "published": "2015-07-15T04:49:00.000+03:00", "crawled": "2015-07-15T00:01:02.000+03:00", "highlightTitle": ""}