{"organizations": ["Debt Facilities for Hyundai Merchant Marine", "INTL FCStone Inc", "Debt Facilities for Hyundai Merchant Marine INTL"], "uuid": "2bca453aea1a0616738ba345e05b9b068c6c40f6", "thread": {"social": {"gplus": {"shares": 0}, "pinterest": {"shares": 0}, "vk": {"shares": 0}, "linkedin": {"shares": 0}, "facebook": {"likes": 0, "shares": 0, "comments": 0}, "stumbledupon": {"shares": 0}}, "site_full": "globenewswire.com", "main_image": "http://globenewswire.com/Attachment/LogoDisplay/296702?filename=296702.gif&amp;size=1", "site_section": "http://globenewswire.com//Rss/subjectcode/17/Financing%20Agreements", "section_title": "GlobeNewswire: Financing Agreements", "url": "http://globenewswire.com/news-release/2015/07/09/750956/10141168/en/INTL-FCStone-Arranges-155-Million-of-Debt-Facilities-for-Hyundai-Merchant-Marine.html?f=22&fvtc=1&fvtv=Financing%20Agreements", "country": "US", "title": "INTL FCStone Arranges $155 Million of Debt Facilities for Hyundai Merchant Marine", "performance_score": 0, "site": "globenewswire.com", "participants_count": 0, "title_full": "INTL FCStone Arranges $155 Million of Debt Facilities for Hyundai Merchant Marine", "spam_score": 0.0, "site_type": "news", "published": "2015-07-09T17:18:00.000+03:00", "replies_count": 0, "uuid": "2bca453aea1a0616738ba345e05b9b068c6c40f6"}, "author": "", "url": "http://globenewswire.com/news-release/2015/07/09/750956/10141168/en/INTL-FCStone-Arranges-155-Million-of-Debt-Facilities-for-Hyundai-Merchant-Marine.html?f=22&fvtc=1&fvtv=Financing%20Agreements", "ord_in_thread": 0, "title": "INTL FCStone Arranges $155 Million of Debt Facilities for Hyundai Merchant Marine", "locations": [], "entities": {"persons": [], "locations": [], "organizations": []}, "highlightText": "", "language": "english", "persons": [], "text": "INTL FCStone Arranges $155 Million of Debt Facilities for Hyundai Merchant Marine July 09, 2015 10:18 ET | Source: INTL FCStone Inc. \nNEW YORK, July 9,   INTL FCStone Financial Inc. today announced that the investment banking group of its Broker-Dealer Division acted as the exclusive financial adviser, together with Hyundai Securities of South Korea, to Hyundai Merchant Marine Co., Ltd (\"HMM\") in arranging $155 million of debt facilities for Hyundai Merchant Marine (America), Inc. (\"HMMA\"), a wholly owned subsidiary of HMM, with funds and accounts managed by affiliates of Apollo Capital Management, LLC (\"Apollo\") on June 25th, 2015. \nHMM is a leading global shipping company headquartered in South Korea with business operations in dry, wet bulk and container shipping services, and marine terminals. HMMA's terminals at the Port of Los Angeles and the Port of Tacoma in the U.S. were the direct counterparties in the financing. \nChoong Hyun Kim, the head of restructuring at HMM, said, \"This transaction provides timely liquidity to HMM and helps us navigate through our restructuring process. We are most pleased to have established a relationship with Apollo, which is a leading institutional lender to the maritime industry. INTL FCStone played a pivotal role in arranging the transactions and provided industry knowledge, global relationships with institutional investors, and deal making skills.\" \nMatthew Yoon, Managing Director of INTL FCStone's investment banking activities in East Asia, said, \"This financing lays the foundation for HMMA to transform itself from a cost center to a profit center operation in concert with an institutional investor and will help HMMA further institutionalize its business.\" \nAbout INTL FCStone Inc. \nINTL FCStone Inc. (NASDAQ: INTL ), including its subsidiaries, is a leader in the development of specialized financial services in commodities, securities, global payments, foreign exchange and other markets. Our revenues are derived primarily from financial products and advisory services that fulfill our clients' real needs and provide bottom-line benefits to their businesses. We create added value for our clients by providing access to global financial markets using our industry and financial expertise, deep partner and network relationships, insight and guidance, and integrity and transparency. Our client-first approach engenders trust, and has enabled us to establish leadership positions in a number of complex fields in financial markets around the world. INTL FCStone Financial Inc. is a wholly owned subsidiary of INTL FCStone Inc. and a member of FINRA/MSRB/SIPC. \nFurther information on INTL is available at www.intlfcstone.com . INTL FCStone Inc. Kent Coughlin 615-234-2756 Related Articles", "external_links": [], "published": "2015-07-09T17:18:00.000+03:00", "crawled": "2015-07-09T22:30:53.000+03:00", "highlightTitle": ""}