{"organizations": [], "uuid": "cb634620cd70838978bffa8b14d2d975a6c21095", "thread": {"social": {"gplus": {"shares": 0}, "pinterest": {"shares": 0}, "vk": {"shares": 0}, "linkedin": {"shares": 0}, "facebook": {"likes": 0, "shares": 0, "comments": 0}, "stumbledupon": {"shares": 0}}, "site_full": "finance.yahoo.com", "main_image": "http://l2.yimg.com/bt/api/res/1.2/6rik6AZwuPGCiADf_9dhPQ--/YXBwaWQ9eW5ld3M7cT03NTt3PTYwMA--/http://l.yimg.com/os/mit/media/m/social/images/social_default_logo-1481777.png", "site_section": "http://finance.yahoo.com/rss/topstories", "section_title": "Yahoo! Finance: Top Stories", "url": "http://finance.yahoo.com/news/stock-futures-jump-euro-greece-224907098.html?l=1", "country": "GB", "title": "Asia shares, U.S. futures rise as Greece, China fears cool", "performance_score": 0, "site": "yahoo.com", "participants_count": 0, "title_full": "Asia shares, U.S. futures rise as Greece, China fears cool", "spam_score": 0.0, "site_type": "news", "published": "2015-07-10T05:05:00.000+03:00", "replies_count": 0, "uuid": "cb634620cd70838978bffa8b14d2d975a6c21095"}, "author": "", "url": "http://finance.yahoo.com/news/stock-futures-jump-euro-greece-224907098.html?l=1", "ord_in_thread": 0, "title": "Asia shares, U.S. futures rise as Greece, China fears cool", "locations": ["U.S.", "Greece", "Asia", "China"], "entities": {"persons": [], "locations": [], "organizations": []}, "highlightText": "", "language": "english", "persons": ["Emma O'Brien"], "text": "Asian Stocks Rise With U.S. Futures on Greece, China; Yen Slides By Emma O'Brien 22 minutes ago  Content preferences Done \nAsian stocks rose with U.S. index futures, while the yen weakened on easing concern that China’s equity rout and Greece’s debt crisis will infect the global economy. The euro gained while Treasuries retreated. \nThe MSCI Asia Pacific Index added 1.2 percent by 10:46 a.m. in Tokyo, trimming the gauge’s weekly drop to 3.1 percent, the most since March 2014. Chinese stocks rallied and Standard & Poor’s 500 Index futures gained 1 percent. The euro strengthened 0.5 percent to $1.1086, and gained 0.8 percent versus the yen. Ten-year Treasury yields advanced three basis points, with Australian and Japanese bonds falling a second day. U.S. crude oil held onto gains. \nMore from Bloomberg.com: NYSE Halt Roils Market as Malfunction Hits Biggest Exchange \nThe Shanghai Composite Index is heading for its first back-to-back gain since June 24 after the government banned insiders from selling stocks, and as almost half of listed companies remain halted. Greece submitted a reform package, the details of which emerged after U.S. markets closed, that contains proposals similar to those demanded by creditors. The request will be discussed at a European Union summit on Sunday. \n“‘‘The fact that China managed to close up across the board has certainly reduced market fear, but it’s still very much in the forefront of people’s minds,” Sam Tuck, a senior currency strategist in Auckland at ANZ Bank New Zealand Ltd., said by instant message. “Signs that the proposal Greece has put together has concessions on long-standing issues and is similar to tabled proposals is reducing risk aversion.” \nMore from Bloomberg.com: Greeks Under Gun to Produce a Reform Plan to Keep Euro \nGreece’s proposed reforms were similar to those presented by the European Commission on June 26. They sales-tax increases and cuts in public spending on pensions. Greece also proposed the restructuring of its debt and a package of growth measures of 35 billion euros. The proposal will be put before the Greek Parliament Friday. \nThe Shanghai Composite rose 4.4 percent in early trade, while Hong Kong’s Hang Seng China Enterprises Index advanced 3.1 percent. \nJapan’s Topix index climbed 1.1 percent after a two-day loss of more than 3 percent. The Nikkei 225 Stock Average added 0.4 percent. The yen, which typically moves at odds with Japanese equities, dropped to 121.91 per dollar, cutting its gain in the week to 0.9 percent.", "external_links": [], "published": "2015-07-10T05:05:00.000+03:00", "crawled": "2015-07-10T05:11:20.000+03:00", "highlightTitle": ""}