{"organizations": [], "uuid": "21500003ba7291305d701cf151c51bc0caf16e62", "thread": {"social": {"gplus": {"shares": 0}, "pinterest": {"shares": 0}, "vk": {"shares": 0}, "linkedin": {"shares": 0}, "facebook": {"likes": 0, "shares": 0, "comments": 0}, "stumbledupon": {"shares": 0}}, "site_full": "uk.finance.yahoo.com", "main_image": "https://s1.yimg.com/bt/api/res/1.2/yfFXsQAWX_ZLYt9dBy2RpA--/YXBwaWQ9eW5ld3M7aWw9cGxhbmU7cT03NTt3PTYwMA--/http://globalfinance.zenfs.com/images/UK_AFTP_AFP_LIVE_1/6f5ed5b585ce4b78939ec549f63996ce2747cb62_original.jpg", "site_section": "https://uk.finance.yahoo.com/news/provider-afp/?format=rss", "section_title": "Finance News | AFP - Yahoo! UK & Ireland Finance", "url": "https://uk.finance.yahoo.com/news/european-leaders-agree-tough-greek-135832932.html", "country": "GB", "title": "European leaders agree tough Greek bailout deal", "performance_score": 0, "site": "yahoo.com", "participants_count": 0, "title_full": "European leaders agree tough Greek bailout deal", "spam_score": 0.0, "site_type": "news", "published": "2015-07-14T03:00:00.000+03:00", "replies_count": 0, "uuid": "21500003ba7291305d701cf151c51bc0caf16e62"}, "author": "", "url": "https://uk.finance.yahoo.com/news/european-leaders-agree-tough-greek-135832932.html", "ord_in_thread": 0, "title": "European leaders agree tough Greek bailout deal", "locations": [], "entities": {"persons": [], "locations": [], "organizations": []}, "highlightText": "", "language": "english", "persons": [], "text": "Tip : Use comma (,) to separate multiple quotes. Learn more... \nTue, Jul 14, 2015, 02:02 BST - UK Markets open in 5 hrs 58 mins European leaders agree tough Greek bailout deal By Danny Kemp, Alex Pigman | AFP – 1 hour 1 minute ago View Photo \n\nEurozone leaders struck a deal Monday on a bailout to prevent debt-stricken Greece from crashing out of the euro but that forces Athens to push through draconian reforms in a matter of days. \nAfter gruelling 17-hour talks during which the future of European integration hung in the balance, leftist Greek Prime Minister Alexis Tsipras accepted terms set by his distrustful partners. \nIn Washington, the White House hailed the deal as \"a credible step\" on the long path to economic growth and debt sustainability in the hard-up country. \n\"The agreement reflects a commitment by Greece's creditors to provide financial support and help create a path for Greece to return to growth and achieve debt sustainability,\" said Josh Earnest, President Barack Obama's spokesman. \nThe deal requires Greece's parliament to approve a raft of market-oriented laws by Wednesday as a sign of good faith and face scrutiny by the International Monetary Fund (IMF) for compliance. \nOnly then will the 18 other eurozone leaders start negotiations over what Greece is to get in return: a three-year bailout worth up to 86 billion euros ($96 billion), its third rescue programme in five years. \n\"EuroSummit has unanimously reached agreement,\" EU President Donald Tusk said. \n\"All ready to go for ESM (the eurozone's bailout fund, the European Stability Mechanism) programme for Greece with serious reforms and financial support.\" \nThe last-ditch deal is aimed at keeping Greece's economy afloat amid fears its cash-starved banks were about to finally run dry and trigger its exit from the single currency. \n\"Grexit has gone,\" European Commission President Jean-Claude Juncker told AFP after the talks, ruling out the threat of a departure from the euro which could have potentially destabilised the global economy. \nA weary Tsipras insisted the deal was good for Greece, even though analysts say the terms are in some respects tougher than those Greek voters had rejected on his recommendation in a referendum just one week ago. \n\"We fought a righteous battle to the end,\" Tsipras said. \nThe deal, Tsipras argued, includes help to ease Greece's huge burden of debt and revive its crippled banking system. \n\"The great majority of Greek people will support this effort,\" he added. \nEuropean and Asian markets rose, although the euro fell to $1.1009 as doubts on the deal emerged. \nIn New York the Dow Jones Industrial Average surged 217.27 points (1.22 percent) to 17,977.68. \n- Tough sell at home - \nTsipras now faces a tough task selling the deal to the Greek people, parliament and his radical Syriza party, which shot to power in January on the back of promises to end five years of bitter austerity under two previous bailouts. \nGreece's public servants are being called to stage a 24-hour strike for Wednesday, the first since Tsipras took power. \nHaralambos Rouliskos, a 60-year-old economist who was out walking in Athens, described the deal as \"misery, humiliation and slavery\". \nThe eurozone creditors \"are trying to blackmail us,\" said Katerina Katsaba, a 52-year-old working for a pharmaceutical company. \nFaced with a deeply distrustful eurozone after five months of tense meetings, the 40-year-old Tsipras had to agree to demands that critics say rob Greece of financial independence. \nEurope's first step will be to push the deal through several national parliaments, many in countries that are loath to afford Greece more help. \nGermany's Bundestag is likely to vote on Friday, provided the Greek parliament rushes through four new reform laws by Wednesday. \nGreece has to make sweeping changes to labour laws, pensions, VAT and taxes, according to the deal document. \nDespite strong opposition, Tsipras also yielded to a plan to park assets for privatisation worth up to 50 billion euros in a special fund. \nSome 25 billion euros of the money in that fund will then be used to recapitalise Greece's cash-starved banks. \nFurther humiliations came in the form of a return of officials from the widely despised \"troika\" of Greece's creditors -- the European Commission, European Central (ECB) and IMF. \nThere is also a pledge to reverse laws brought in by the Syriza government that run counter to Greece's earlier bailout arrangements in 2010 and 2012. \nThe deal contained little mention of relieving a Greek debt mountain worth 180 percent of GDP -- a step recommended by the IMF -- beyond a vague mention that it should be considered later. \n- #ThisIsACoup - \nThe deal triggered angry reactions on social media across Europe, where the Twitter (Swiss: TWTR.SW - news ) hashtag #ThisIsACoup trended. \nThe marathon talks also exposed tensions at the heart of the post-war European integration project, especially between hawkish Berlin and dovish Paris, which has been Greece's biggest supporter during the crisis. \nFrench President Francois Hollande hailed Tsipras for making a \"courageous choice\" despite the political risks at home. \nFrance also led efforts against a German-backed idea for a \"temporary Grexit\" option which was dropped from the leaders statement. Its appearance in an earlier draft marked the first time the idea of a euro member leaving the currency had appeared in black and white. \nThe eurozone must now unite to tackle the immediate problem of finding funds to keep Greece afloat, as the bailout could take months to finalise. \nEurozone finance ministers at a meeting on Monday considered bridge funding to get Greece through coming weeks when it faces several huge debt payments to the ECB and other creditors. \n\"We have not yet found the 'golden key' to solve this issue,\" said Eurogroup head Jeroen Dijsselbloem, who was renamed to a second term at the minister talks on Monday. \nThe ECB meanwhile has kept Greek banks afloat with emergency liquidity, but has refused to provide extra funds. \nThe ECB's governing council on Monday held its emergency liquidity assistance for Greece unchanged at around 89 billion euros ($99 billion). \nBanks will stay closed in Greece \"until Wednesday\", the country's finance ministry said in a statement. \nMany cash machines already are running dry despite a 60-euros-a-day ATM limit.", "external_links": [], "published": "2015-07-14T03:00:00.000+03:00", "crawled": "2015-07-14T04:02:57.000+03:00", "highlightTitle": ""}