{"organizations": [], "uuid": "c646762867fb96a98e2aad05ce84e8f2e44f04e4", "thread": {"social": {"gplus": {"shares": 0}, "pinterest": {"shares": 0}, "vk": {"shares": 0}, "linkedin": {"shares": 0}, "facebook": {"likes": 0, "shares": 0, "comments": 0}, "stumbledupon": {"shares": 0}}, "site_full": "www.pharmamedtechbi.com", "main_image": "", "site_section": "http://feeds.feedburner.com/MedicalDeviceFinancing", "section_title": "Medical Device Financing from Elsevier Business Intelligence", "url": "https://www.pharmamedtechbi.com/deals/201530544?elsca1=custom&elsca2=rss&elsca3=%3ftype%3dDeals%26advanced%3d%2520(%2540industries%253d%2522Medical%2520Devices%2522)%2520and%2520(%2540dealtype%253d%2522Financing%2522)", "country": "US", "title": "K2M nets $16.8mm via follow-on", "performance_score": 0, "site": "pharmamedtechbi.com", "participants_count": 0, "title_full": "K2M nets $16.8mm via follow-on", "spam_score": 0.0, "site_type": "news", "published": "2015-07-14T02:31:00.000+03:00", "replies_count": 0, "uuid": "c646762867fb96a98e2aad05ce84e8f2e44f04e4"}, "author": "", "url": "https://www.pharmamedtechbi.com/deals/201530544?elsca1=custom&elsca2=rss&elsca3=%3ftype%3dDeals%26advanced%3d%2520(%2540industries%253d%2522Medical%2520Devices%2522)%2520and%2520(%2540dealtype%253d%2522Financing%2522)", "ord_in_thread": 0, "title": "K2M nets $16.8mm via follow-on", "locations": [], "entities": {"persons": [], "locations": [], "organizations": []}, "highlightText": "", "language": "english", "persons": [], "text": "In order to deliver a personalized, responsive service and to improve the site, we remember and store information about how you use it. This is done using simple text files called cookies which sit on your computer. By continuing to use this site and access its features, you are consenting to our use of cookies. To find out more about the way Informa uses cookies please go to our Cookie Policy page. X", "external_links": [], "published": "2015-07-14T02:31:00.000+03:00", "crawled": "2015-07-14T16:15:27.000+03:00", "highlightTitle": ""}