{"organizations": [], "uuid": "137f274d3c475a890eecb9588bbfbb31579ba252", "thread": {"social": {"gplus": {"shares": 0}, "pinterest": {"shares": 0}, "vk": {"shares": 0}, "linkedin": {"shares": 0}, "facebook": {"likes": 0, "shares": 0, "comments": 0}, "stumbledupon": {"shares": 0}}, "site_full": "www.reuters.com", "main_image": "", "site_section": "http://www.reuters.com/finance/personal-finance", "section_title": "Wealth, Personal Finance &amp; Money | Reuters.com", "url": "http://www.reuters.com/article/2015/07/12/japan-economy-greece-idUSL4N0ZS0HY20150712", "country": "US", "title": "Japanese officials to discuss Greek situation on Monday -official", "performance_score": 0, "site": "reuters.com", "participants_count": 1, "title_full": "Japanese officials to discuss Greek situation on Monday -official | Reuters", "spam_score": 0.0, "site_type": "news", "published": "2015-07-13T02:36:00.000+03:00", "replies_count": 0, "uuid": "137f274d3c475a890eecb9588bbfbb31579ba252"}, "author": "Reuters", "url": "http://www.reuters.com/article/2015/07/12/japan-economy-greece-idUSL4N0ZS0HY20150712", "ord_in_thread": 0, "title": "Japanese officials to discuss Greek situation on Monday -official", "locations": [], "entities": {"persons": [], "locations": [], "organizations": []}, "highlightText": "", "language": "english", "persons": [], "text": "TOKYO, July 13 Japanese government and central bank officials will meet at 7:30 a.m. on Monday (2230 GMT on Sunday) to discuss the situation in Greece, an official said, as Asia starts another tense week of trading amid further emergency meetings in Europe.\nThe Finance Ministry, Financial Services Agency and Bank of Japan will meet to exchange information about Greece, the official said, after euro zone leaders told the cash-strapped Greek government it must enact key reforms this week to restore trust before they will open talks on a financial rescue to keep it in the euro currency area.\nEarly Asian trading was calm. Last Monday, after Greek voters rejected austerity measures in a referendum, Japanese policymakers met and pledged to work closely to guard against financial market volatility. (Reporting by Yoshifumi Takemoto; Writing by William Mallard; Editing by Paul Simao)", "external_links": [], "published": "2015-07-13T02:36:00.000+03:00", "crawled": "2015-07-13T01:54:18.000+03:00", "highlightTitle": ""}