{"organizations": [], "uuid": "ba14374d461b0d94cc951eac50f3f1af90c7f37b", "thread": {"social": {"gplus": {"shares": 0}, "pinterest": {"shares": 0}, "vk": {"shares": 0}, "linkedin": {"shares": 0}, "facebook": {"likes": 0, "shares": 0, "comments": 0}, "stumbledupon": {"shares": 0}}, "site_full": "allafrica.com", "main_image": "http://allafrica.com/static/images/structure/aa-logo-rgba-no-text-128x128.png", "site_section": "http://allafrica.com/tools/headlines/rdf/business/headlines.rdf", "section_title": "AllAfrica News: Economy, Business and Finance", "url": "http://allafrica.com/stories/201507132277.html", "country": "US", "title": "South Africa: Prasa's Plans to 'Shrink' Trains", "performance_score": 0, "site": "allafrica.com", "participants_count": 0, "title_full": "South Africa: Prasa's Plans to 'Shrink' Trains", "spam_score": 0.0, "site_type": "news", "published": "2015-07-13T16:28:00.000+03:00", "replies_count": 0, "uuid": "ba14374d461b0d94cc951eac50f3f1af90c7f37b"}, "author": "", "url": "http://allafrica.com/stories/201507132277.html", "ord_in_thread": 0, "title": "South Africa: Prasa's Plans to 'Shrink' Trains", "locations": ["Nigeria", "South Africa"], "entities": {"persons": [], "locations": [], "organizations": []}, "highlightText": "", "language": "english", "persons": ["Prasa"], "text": "Nigeria: Roadmap for Safe Road Transportation \nThis meant Prasa wanted a locomotive that would eventually be 4 140 mm high (not the 4 264 mm as Rapport stated last week, which was the initial height), be lowered even further to 3 965 mm - the maximum roof height for the particular type of train in South Africa. \nBut Vossloh España said in a letter, of which Rapport has a copy, that it will not be able to adhere to this Prasa request. \n\"Although it is not possible to lower the Euro 4000-locomotive to a height of 4 140 mm... it is our understanding that with the actual height and the information at out disposal, the locomotives should be acceptable for operation on South African railway lines.\" \nJust over a week later Prasa paid over R468m for the first locomotives. \nWhile Prasa bosses were seemingly pleased that everything was in order, Transnet, on whose railway lines the trains would run, had concerns. \nOn 24 March 2015 Transnet Freight Rail (TFR) CEO Caesar Mtetwa wrote to Prasa's chief engineer Daniel Mtimkulu, informing him the Afro 4000 is exceeding the height restriction. \nPrasa in the past week has maintained that the height is in line with accepted standards for overhead power lines, which is not supposed to hang lower than 4.5 metres. \nAlthough Prasa said in a statement \"immediate corrective measures\" would be necessary should the power lines be lower than 4.5m, no mention was made of any lines that are indeed hanging lower than 4.5m. \nPrasa boss Lucky Montana also referred to a report by the University of Stellenbosch (US) that said the Afro 4000 will be able to safely operate under 4.5m high power lines. The university however said in a later statement it never confirmed the Afro 4000 would be safe for \"all\" rail situations. \nBut here is the twist in the tale: Rapport has learned that although the lines are supposed be hang no lower than 4.5 metres - as it was in numerous of the tests conducted by Prasa and the US - many of the lines swing as low as 4.22 metres due to poor maintenance. \nIn Prasa's own report of February 2014, it pinpoints four places in Gauteng where the lines are as low as 4.22 metres above the railway lines. \"The locomotive comes too close to the contact cable, the risk factor for train drivers is high,\" the internal Prasa document said. \nThe accepted safe distance between the roof of the locomotive and the cables should be at least 150mm. \nAt the Denver bridge just outside Johannesburg for example, there would be just one centimetre between the roof of the Afro 4000 and the overhead lines. (According to Prasa's own engineer, this poses an \"operational electrical risk\". \nThe engineeie then suggested a \"revised design\" and that the delivery of the Afro 4000 be delayed. \nExperts said the maintenance on both the Transnet and Prasa railway lines is in such a poor state that overhead power lines will have to be lifted to accommodate the Afro 4000. \nRapport understands that the low-hanging cables can be lifted, but it is not clear what the cost implications would be. \nPrasa has also in the past week bragged that the train ran safely between Cape Town and Johannesburg for the Cape Town Jazz Festival. \nBut a letter sent from Transnet, and seen by Rapport, indicates it was not such a smooth ride after all. \nIn an e-mail sent by a Transnet official to about 20 Transnet and Prasa employees at the end of March, Prasa was lambasted for bringing a premier class train on the return trip to Johannesburg after the jazz fest, pulled by the Afro 4000 without the required \"YQ authorisation\" of Transnet. \"No notice was given of such a move [the trip]. Please arrange that the locomotive be removed from the train,\" the e-mail instructed. \nOn June 30 Transnet administrative head Magiel Pretorius issued a notice to Transnet and Prasa, in which he also raised concerns. \"Due to the height restrictions on the section between Veertienstrome to Kimberley, the Afro Class locomotive is not authorised to currently run between Veertienstrome and Kimberley,\" he said. \n* Between 2 and 13 Afro 4000-locomotives delivered to South Africa to date, have in the past week been pulled out of Cape Town by old SA manufactured Class 6E-locomotives for adjustments, according to a Vossloh report. \n* In his response Prasa spokesperson Moffet Mofokeng said: \"Prasa will once again provide a detailed factual list proving the allegations that the Afro 4000 exceeds the requirements of the rail industry in South Africa, wrong.\" \n\"We invite all media, also Rapport, to a presentation and trip on the locomotive. We will also prove how Rapport's reporting has changed after its first misleading article, which proves that their intention was malicious and sensational.\" \nSource: Rapport", "external_links": [], "published": "2015-07-13T16:28:00.000+03:00", "crawled": "2015-07-13T18:56:16.000+03:00", "highlightTitle": ""}