{"organizations": [], "uuid": "86183914ccc64f492e39dae868cba6989efeb450", "thread": {"social": {"gplus": {"shares": 0}, "pinterest": {"shares": 0}, "vk": {"shares": 0}, "linkedin": {"shares": 0}, "facebook": {"likes": 0, "shares": 0, "comments": 0}, "stumbledupon": {"shares": 0}}, "site_full": "www.reuters.com", "main_image": "", "site_section": "http://www.reuters.com/finance/personal-finance", "section_title": "Wealth, Personal Finance &amp; Money | Reuters.com", "url": "http://www.reuters.com/article/2015/07/07/bupaglobal-moves-sheldonkenton-idUSL3N0ZN3DI20150707", "country": "US", "title": "MOVES-Bupa Global names Sheldon Kenton as global commercial director", "performance_score": 0, "site": "reuters.com", "participants_count": 1, "title_full": "MOVES-Bupa Global names Sheldon Kenton as global commercial director | Reuters", "spam_score": 0.0, "site_type": "news", "published": "2015-07-07T13:39:00.000+03:00", "replies_count": 0, "uuid": "86183914ccc64f492e39dae868cba6989efeb450"}, "author": "Reuters", "url": "http://www.reuters.com/article/2015/07/07/bupaglobal-moves-sheldonkenton-idUSL3N0ZN3DI20150707", "ord_in_thread": 0, "title": "MOVES-Bupa Global names Sheldon Kenton as global commercial director", "locations": [], "entities": {"persons": [], "locations": [], "organizations": []}, "highlightText": "", "language": "english", "persons": [], "text": "July 7 Bupa Global, the international health insurance arm of British private healthcare group Bupa , named Sheldon Kenton global commercial director.\nKenton, previously with Cigna Corp, will report to Bupa Global Managing Director Robert Lang when he assumes the role later this year.\nKenton will focus on growing corporate sales and health benefits business in over 190 countries where the products and services of Bupa Global are provided. (Reporting by Zara Mascarenhas in Bengaluru)", "external_links": [], "published": "2015-07-07T13:39:00.000+03:00", "crawled": "2015-07-07T12:52:43.000+03:00", "highlightTitle": ""}