{"organizations": [], "uuid": "5b10fc3d5e4685c30abd5f3acde71b64ec81c99d", "thread": {"social": {"gplus": {"shares": 0}, "pinterest": {"shares": 0}, "vk": {"shares": 0}, "linkedin": {"shares": 0}, "facebook": {"likes": 0, "shares": 0, "comments": 0}, "stumbledupon": {"shares": 0}}, "site_full": "www.financialexpress.com", "main_image": "http://www.financialexpress.com/wp-content/uploads/2015/04/rbi-pti-T1.jpg", "site_section": "http://www.financialexpress.com/section/industry/banking-finance/", "section_title": "Banking and Finance News:Banking News,Finance News,Bank and Finance News Today | The Financial Express", "url": "http://www.financialexpress.com/article/industry/banking-finance/rbi-sets-rupee-reference-rate-at-63-6506-vs-dollar/104929", "country": "IE", "title": "RBI sets rupee reference rate at 63.6506 vs dollar", "performance_score": 0, "site": "financialexpress.com", "participants_count": 1, "title_full": "RBI sets rupee reference rate at 63.6506 vs dollar | The Financial Express", "spam_score": 0.0, "site_type": "news", "published": "2015-07-22T00:22:00.000+03:00", "replies_count": 0, "uuid": "5b10fc3d5e4685c30abd5f3acde71b64ec81c99d"}, "author": "financialexpress.com", "url": "http://www.financialexpress.com/article/industry/banking-finance/rbi-sets-rupee-reference-rate-at-63-6506-vs-dollar/104929", "ord_in_thread": 0, "title": "RBI sets rupee reference rate at 63.6506 vs dollar", "locations": [], "entities": {"persons": [], "locations": [], "organizations": []}, "highlightText": "", "language": "english", "persons": [], "text": " The Reserve Bank of India on Tuesday fixed the reference rate of rupee at 63.6506 against the US dollar and 68.9081 for the euro as against 63.5510 and 68.8321 respectively on Monday.\nAccording to an RBI statement, the exchange rates for the pound and the yen against the rupee were Quote: d at 99.1358 and 51.17 per 100 yen, respectively, based on reference rates for the dollar and cross-currency Quote: s at noon.\nThe SDR-rupee rate will be based on this rate, the statement added.\n 21, 2015 4:22 pm", "external_links": [], "published": "2015-07-22T00:22:00.000+03:00", "crawled": "2015-07-23T05:56:01.165+03:00", "highlightTitle": ""}