{"organizations": [], "uuid": "e35686a33af8413c6f459a6a37c98c14891e7f42", "thread": {"social": {"gplus": {"shares": 0}, "pinterest": {"shares": 0}, "vk": {"shares": 0}, "linkedin": {"shares": 0}, "facebook": {"likes": 0, "shares": 0, "comments": 0}, "stumbledupon": {"shares": 0}}, "site_full": "www.abc.net.au", "main_image": "", "site_section": "http://abc.net.au/rn/podcast/feeds/bbf.xml", "section_title": "RN Breakfast - Business & Finance", "url": "http://www.abc.net.au/radionational/programs/breakfast/finance-update-with-simon-frazer/6620590", "country": "AU", "title": "Finance update with Simon Frazer", "performance_score": 0, "site": "abc.net.au", "participants_count": 1, "title_full": "Finance update with Simon Frazer", "spam_score": 0.0, "site_type": "news", "published": "2015-07-14T23:58:00.000+03:00", "replies_count": 0, "uuid": "e35686a33af8413c6f459a6a37c98c14891e7f42"}, "author": "ABC Radio National", "url": "http://www.abc.net.au/radionational/programs/breakfast/finance-update-with-simon-frazer/6620590", "ord_in_thread": 0, "title": "Finance update with Simon Frazer", "locations": [], "entities": {"persons": [], "locations": [], "organizations": []}, "highlightText": "", "language": "english", "persons": [], "text": "Wednesday 15 July 2015 6:58AM   latest finance news here and abroad with Simon Frazer.", "external_links": [], "published": "2015-07-14T23:58:00.000+03:00", "crawled": "2015-07-15T05:05:45.000+03:00", "highlightTitle": ""}