{"organizations": [], "uuid": "426918f6fcb0d97b26f438f78183dbbc2369bf5b", "thread": {"social": {"gplus": {"shares": 0}, "pinterest": {"shares": 0}, "vk": {"shares": 0}, "linkedin": {"shares": 0}, "facebook": {"likes": 0, "shares": 0, "comments": 0}, "stumbledupon": {"shares": 0}}, "site_full": "allafrica.com", "main_image": "http://allafrica.com/static/images/structure/aa-logo-rgba-no-text-128x128.png", "site_section": "http://allafrica.com/tools/headlines/rdf/business/headlines.rdf", "section_title": "AllAfrica News: Economy, Business and Finance", "url": "http://allafrica.com/stories/201507290414.html", "country": "US", "title": "Africa: Why Central Banks With Shareholders Might Not Be Such a Bad Idea", "performance_score": 0, "site": "allafrica.com", "participants_count": 0, "title_full": "Africa: Why Central Banks With Shareholders Might Not Be Such a Bad Idea", "spam_score": 0.0, "site_type": "news", "published": "2015-07-29T11:47:00.000+03:00", "replies_count": 0, "uuid": "426918f6fcb0d97b26f438f78183dbbc2369bf5b"}, "author": "", "url": "http://allafrica.com/stories/201507290414.html", "ord_in_thread": 0, "title": "Africa: Why Central Banks With Shareholders Might Not Be Such a Bad Idea", "locations": ["Nigeria", "Africa", "Jigawa"], "entities": {"persons": [], "locations": [], "organizations": []}, "highlightText": "", "language": "english", "persons": [], "text": "Nigeria: 'Dangote Sugar Coy in Jigawa Can Generate 414 Megawatts' \nCentral banks in private ownership are to a certain extent a relic of the past. This is because the model of private ownership of central banks was not adopted after World War 2, with the exception of Pakistan , and in this instance the central bank was nationalised in 1975. \nThe trend of nationalising central banks started in 1935. Nationalisation was part of an approach of \"big government\" in the aftermath of the Great Depression. \nThe first central bank to be nationalised was the Reserve Bank of New Zealand where the state accepted responsibility for a wide range of functions in the economy. \nWhy it's not a bad idea \nThe remaining privately owned central banks make up a very short list. They can be found in Belgium , Greece , Japan , South Africa , Switzerland and Turkey . The Bank of Italy and the 12 Federal Reserve Banks in the US allow shareholding by commercial banks only. \nThese central banks all have different shareholding structures. Nor do all shareholders enjoy the same rights as each institution has different dividend policies and governance structures. \nDespite views that it might be a superfluous relic, a private ownership structure adds to the transparency and accountability of central banks. \nAlthough private shareholders have no say over decisions about monetary policy, these central banks report on these decisions to their shareholders. Nothing is therefore lost by retaining this extra layer of control, thus enhancing governance, accountability and transparency. \nWith the exception of the 12 Federal Reserve Banks which have commercial banks in their Federal Reserve districts as shareholders, the remaining central banks have shareholders in the conventional sense of the word. \nResearch shows that central bank shareholding still has a role to play in the structures. \nThe research highlights a number of conclusions. First, from an investment return perspective, only the central banks of Belgium and Greece (albeit only for residents in the latter instance) can be considered a growth investment by investors. In all other instances dividends are fixed by law and shareholders do not share in the profitability of the central banks. \nSecondly, in the case of Italy, the shareholding in the central bank has been used as an instrument to recapitalise ailing commercial banks. Shareholding by commercial banks provided an opportunity to assist commercial banks in financial distress. The capital of the bank was revalued in 2014 to €7,5 billion. This revaluation resulted in an improvement of the capital position of Italian banks holding shares in the central bank. \nThe financial beneficiaries of the revaluation were the two banks with the largest shareholding in the central bank, namely Intesa Sanpaolo and UniCredit CRD.MI. The revaluation also benefited Banca Monte dei Paschi Siena and Banca Carige, two banks that were experiencing financial difficulties. As a result of the revaluation Banca Monte dei Paschi Siena and Banca Carige could show an increase in their asset holdings and therefore an improvement in their solvability ratios. \nThis is the only such example of emergency liquidity assistance to ailing banks. But this approach could be replicated if it was ever needed by the 12 Federal Reserve Banks in the US, as these institutions only have banks as shareholders, as is the case in Italy. \nThirdly, a central theme that emerges is that shareholders play no role in the formulation and implementation of monetary policy. This implies that shareholders cannot manipulate monetary policy decisions in an attempt to reap personal benefits. \nNaturally this is of no consequence at the 12 Federal Reserve Banks, as monetary policy formulation is entrusted to the Board of Governors of the Federal Reserve System, rather than the Federal Reserve Banks. In the case of the other central banks with private shareholders, the implication is that shareholders are excluded from the core function of these institutions. \nLastly, the shareholding structure of these banks contributes to improved governance in the case of the central banks of Belgium, Greece, Italy, South Africa, Switzerland and Turkey. \nThe shareholding in central banks delivers various benefits and options of benefits, depending on the shareholding structure and profit policy of each institution. However, it remains a question whether any of the remaining central banks with shareholders will follow the recent example of Austria. Africa", "external_links": [], "published": "2015-07-29T11:47:00.000+03:00", "crawled": "2015-07-29T13:51:56.501+03:00", "highlightTitle": ""}