{"organizations": [], "uuid": "bdbf8b579659815f5c7b4c1d0199ffb2a9ff988d", "thread": {"social": {"gplus": {"shares": 0}, "pinterest": {"shares": 0}, "vk": {"shares": 0}, "linkedin": {"shares": 0}, "facebook": {"likes": 0, "shares": 0, "comments": 0}, "stumbledupon": {"shares": 0}}, "site_full": "business-news.thestreet.com", "main_image": "", "site_section": "http://business-news.thestreet.com/shoreline-times/rss/627", "section_title": "Shoreline Times : Personal Finance", "url": "http://business-news.thestreet.com/shoreline-times/story/start-shopping-for-college-like-youd-shop-for-a-car/13213094", "country": "US", "title": "Start Shopping For College Like You'd Shop For A Car", "performance_score": 0, "site": "thestreet.com", "participants_count": 0, "title_full": "Start Shopping For College Like You'd Shop For A Car", "spam_score": 0.0, "site_type": "news", "published": "2015-07-09T15:36:00.000+03:00", "replies_count": 0, "uuid": "bdbf8b579659815f5c7b4c1d0199ffb2a9ff988d"}, "author": "", "url": "http://business-news.thestreet.com/shoreline-times/story/start-shopping-for-college-like-youd-shop-for-a-car/13213094", "ord_in_thread": 0, "title": "Start Shopping For College Like You'd Shop For A Car", "locations": [], "entities": {"persons": [], "locations": [], "organizations": []}, "highlightText": "", "language": "english", "persons": [], "text": "Start Shopping For College Like You'd Shop For A Car Written by: Jason Notte 07/09/15 - 8:36 AM EDT \nNEW YORK ( MainStreet ) – If you'd browse and bargain while shopping for a $20,000 car, you should give serious thought to taking the same approach to a six-figure college education. \nAccording to a report released by the Federal Reserve Bank of New York in February, student loan debt has climbed to $1.16 trillion. While still a distant second to U.S. mortgage debt ($8.17 trillion), it now exceeds the total value of every U.S. car loan ($955 billion), all credit card debt ($700 billion) and all home equity loans ($510 billion). It's also just shy of all the money the Federal Reserve currently has in circulation ($1.3 trillion). If that student loan debt grows by another $33 billion, as it did last quarter, every dollar bill and handful of spare change in the country couldn't pay it. \nEven worse, more than one in ten (11.3%) student loans are past due. By comparison, the U.S. doesn't have that difficult a time paying its credit card bills, which are the second-most delinquent loans with 7.3% past due. More Headlines", "external_links": [], "published": "2015-07-09T15:36:00.000+03:00", "crawled": "2015-07-09T16:05:47.000+03:00", "highlightTitle": ""}