{"organizations": [], "uuid": "86562ee68a7f109ad1219f1f9391e8a4f761033b", "thread": {"social": {"gplus": {"shares": 0}, "pinterest": {"shares": 0}, "vk": {"shares": 0}, "linkedin": {"shares": 0}, "facebook": {"likes": 0, "shares": 0, "comments": 0}, "stumbledupon": {"shares": 0}}, "site_full": "business-news.thestreet.com", "main_image": "", "site_section": "http://business-news.thestreet.com/source-newspapers/rss/627", "section_title": "Source Newspapers : Personal Finance", "url": "http://business-news.thestreet.com/source-newspapers/story/top-10-portable-smartphone-chargers/13216440", "country": "US", "title": "Top 10 Portable Smartphone Chargers", "performance_score": 0, "site": "thestreet.com", "participants_count": 0, "title_full": "Top 10 Portable Smartphone Chargers", "spam_score": 0.0, "site_type": "news", "published": "2015-07-14T15:20:00.000+03:00", "replies_count": 0, "uuid": "86562ee68a7f109ad1219f1f9391e8a4f761033b"}, "author": "", "url": "http://business-news.thestreet.com/source-newspapers/story/top-10-portable-smartphone-chargers/13216440", "ord_in_thread": 0, "title": "Top 10 Portable Smartphone Chargers", "locations": [], "entities": {"persons": [], "locations": [], "organizations": []}, "highlightText": "", "language": "english", "persons": ["Caroline Nolan"], "text": "Top 10 Portable Smartphone Chargers Written by: Caroline Nolan 07/14/15 - 8:20 AM EDT \nNEW YORK (MainStreet) -- At one time or another, we have all watched helplessly as our cell phones shut down after using their last seconds of battery power. Panic hits as we wonder how to make an important phone call, send an urgent text or find directions. These days, we use our smartphones for many different purposes. Unfortunately, the number of hours we need to use our phones is often greater than the amount of battery power available on it. On days when we’re constantly on the move, finding a time or place to wait while our phones charge can seem impossible. \nWhether you’re packing for a vacation or heading off to work, a portable charger may be just what you need to keep your phone running. Here's a list of the top 10 portable smartphone chargers on Amazon.com. If you're an Amazon Prime member or thinking of becoming one, you might want to wait until tomorrow before buying.July 15 is Amazon's Prime Day , a one-day shopping event for new and existing Prime members. Deals will become available throughout the day and are expected to be even better than those offered on Black Friday. Take note of these items' prices today, and compare them with what you'll see on Prime Day. \nClick here to sign up for Amazon Prime . Customers who have never tried Amazon Prime can sign up for a 30-day free trial . More Headlines", "external_links": [], "published": "2015-07-14T15:20:00.000+03:00", "crawled": "2015-07-14T16:04:21.000+03:00", "highlightTitle": ""}