{"organizations": ["Central Bank", "Euro-Zone", "Bank of England"], "uuid": "dddf2147e30194317f890202e04377102882a0d5", "thread": {"social": {"gplus": {"shares": 0}, "pinterest": {"shares": 0}, "vk": {"shares": 0}, "linkedin": {"shares": 0}, "facebook": {"likes": 0, "shares": 0, "comments": 0}, "stumbledupon": {"shares": 0}}, "site_full": "au.finance.yahoo.com", "main_image": "https://s1.yimg.com/bt/api/res/1.2/9S1SdPnF1V_.68IEAqU_NQ--/YXBwaWQ9eW5ld3M7cT03NTt3PTYwMA--/https://media.dailyfx.com/illustrations/2015/07/10/EUR-Breaks-Range-on-Greek-Hopes--Relief-Bounce-at-Risk-on-Dovish-ECB_body_Picture_5.png", "site_section": "https://au.finance.yahoo.com/news/category-currencies/?format=rss", "section_title": "Currency & Forex News - Yahoo!7 Finance", "url": "https://au.finance.yahoo.com/news/eur-breaks-range-greek-hopes-162600011.html", "country": "US", "title": "EUR Breaks Range on Greek Hopes- Relief Bounce at Risk on Dovish ECB", "performance_score": 0, "site": "yahoo.com", "participants_count": 0, "title_full": "EUR Breaks Range on Greek Hopes- Relief Bounce at Risk on Dovish ECB", "spam_score": 0.0, "site_type": "news", "published": "2015-07-10T19:26:00.000+03:00", "replies_count": 0, "uuid": "dddf2147e30194317f890202e04377102882a0d5"}, "author": "", "url": "https://au.finance.yahoo.com/news/eur-breaks-range-greek-hopes-162600011.html", "ord_in_thread": 0, "title": "EUR Breaks Range on Greek Hopes- Relief Bounce at Risk on Dovish ECB", "locations": ["U.K."], "entities": {"persons": [], "locations": [], "organizations": []}, "highlightText": "", "language": "english", "persons": ["Mark Carney", "Mario Draghi"], "text": "Chart - Cre ated Using FXCM Marketscope 2.0 EUR/USD may face a more meaningful relief bounce amid growing hopes for a Greek deal, but the long-term outlook remains bearish amid the divergence in the monetary policy outlook. European Central Bank (ECB) is likely to retain its pledge to fully-implement its quantitative easing (QE) program, but the single currency remains at risk of facing additional headwinds in the week ahead should President Mario Draghi adopt a more dovish tone this time around. Despite the narrowing risk of a monetary union breakup, the DailyFX Speculative Sentiment Index (SSI) shows retail crowd remains net-short EUR/USD since March 9, with the ratio coming off of recent extremes to hold at -1.86. GBP/USD Positive developments coming out of the Euro-Zone, the U.K.’s largest trading partner, may keep the Bank of England (BoE) on course to normalize monetary policy; will keep a close eye on the fresh commentary from Governor Mark Carney due out next week as the central bank head continues to anticipate a stronger recovery in the second-half of 2015. Despite market expectations for a further slowdown in the U.K. Consumer Price Index (CPI), stickiness in the core rate of inflation paired with another expansion in wage growth may boost the appeal of the sterling as the BoE prepares households and businesses for higher borrowing-costs. A break of the bearish RSI momentum may produce a further advance in the days ahead amid the failed attempt to break/close below 1.5330 (78.6% retracement). Join DailyFX on Demand for Real-Time SSI Updates Across the Majors! Read More:", "external_links": [], "published": "2015-07-10T19:26:00.000+03:00", "crawled": "2015-07-10T23:07:25.000+03:00", "highlightTitle": ""}