{"organizations": ["Earnings Conference Call General Motors Company", "General Motors Company"], "uuid": "12aa4ab9c34ac4828983375c33bbcc05464ee362", "thread": {"social": {"gplus": {"shares": 0}, "pinterest": {"shares": 0}, "vk": {"shares": 0}, "linkedin": {"shares": 0}, "facebook": {"likes": 0, "shares": 0, "comments": 0}, "stumbledupon": {"shares": 0}}, "site_full": "us.rd.yahoo.com", "main_image": "", "site_section": "http://finance.yahoo.com/rss/headline?s=GM", "section_title": "Yahoo! Finance: GM News", "url": "http://us.rd.yahoo.com/finance/external/noodlsaunz/rss/SIG=125r72u63/*http://www.noodls.com/view/396A2C64029A8BD1D415940076E0B2B8F8F0D571", "country": "GB", "title": "General Motors Company Q2 2015 Earnings Conference Call", "performance_score": 0, "site": "yahoo.com", "participants_count": 0, "title_full": "General Motors Company Q2 2015 Earnings Conference Call", "spam_score": 0.0, "site_type": "news", "published": "2015-07-29T16:27:00.000+03:00", "replies_count": 0, "uuid": "12aa4ab9c34ac4828983375c33bbcc05464ee362"}, "author": "", "url": "http://us.rd.yahoo.com/finance/external/noodlsaunz/rss/SIG=125r72u63/*http://www.noodls.com/view/396A2C64029A8BD1D415940076E0B2B8F8F0D571", "ord_in_thread": 0, "title": "General Motors Company Q2 2015 Earnings Conference Call", "locations": [], "entities": {"persons": [], "locations": [], "organizations": []}, "highlightText": "", "language": "english", "persons": [], "text": "General Motors Company Q2 2015 Earnings Conference Call Thu, Jul 23 2015 \nGM will host a conference call for the investment community on Thursday, July 23, 2015 at 10:00 a.m. EDT to discuss and answer questions related to the company's 2015 2nd quarter business results. The format of the call will include a brief introduction followed by a forty minute question and answer session. The call-in numbers are: 888-808-8618 (U.S.) +1-949-484-0645 (International/caller-paid) Conference Call Name: GM Earnings Call \nPlease dial in at least 15 minutes in advance to ensure you are connected to the call. \nA live audio webcast of the conference call will be accessible on our investor website in the section. The press release, financial highlights, and presentation slides with notes will be posted in this section at least 2 hours prior to the call. \nA taped replay of the conference call will be available from 1:30 p.m. ET, July 23, 2015 until 11:59 p.m. ET, July 30, 2015. Dial 855-859-2056 (or +1-404-537-3406 for international access) and enter conference ID number 71462726 to access the replay. \nAdditionally, a replay of the audio webcast will be available immediately following the call.", "external_links": [], "published": "2015-07-29T16:27:00.000+03:00", "crawled": "2015-07-29T19:57:05.672+03:00", "highlightTitle": ""}