{"organizations": ["British Airways"], "uuid": "bd59c60142a9e943fb9429644b1c6164b12c19a4", "thread": {"social": {"gplus": {"shares": 0}, "pinterest": {"shares": 0}, "vk": {"shares": 0}, "linkedin": {"shares": 0}, "facebook": {"likes": 0, "shares": 0, "comments": 0}, "stumbledupon": {"shares": 0}}, "site_full": "www.thelawyer.com", "main_image": "", "site_section": "http://www.thelawyer.com/XmlServers/navsectionRSS.aspx?navsectioncode=4096", "section_title": "The Lawyer - Banking and Finance News", "url": "http://www.thelawyer.com/news/practice-areas/litigation-news/litigation-weekly/british-airways-mr-justice-peter-smith-and-the-case-of-the-lost-luggage/3037730.article", "country": "GB", "title": "British Airways, Mr Justice Peter Smith, and the case of the lost luggage", "performance_score": 0, "site": "thelawyer.com", "participants_count": 0, "title_full": "British Airways, Mr Justice Peter Smith, and the case of the lost luggage", "spam_score": 0.0, "site_type": "news", "published": "2015-07-29T18:55:00.000+03:00", "replies_count": 0, "uuid": "bd59c60142a9e943fb9429644b1c6164b12c19a4"}, "author": "", "url": "http://www.thelawyer.com/news/practice-areas/litigation-news/litigation-weekly/british-airways-mr-justice-peter-smith-and-the-case-of-the-lost-luggage/3037730.article", "ord_in_thread": 0, "title": "British Airways, Mr Justice Peter Smith, and the case of the lost luggage", "locations": [], "entities": {"persons": [], "locations": [], "organizations": []}, "highlightText": "", "language": "english", "persons": ["Mr Justice Peter Smith"], "text": "British Airways, Mr Justice Peter Smith, and the case of the lost luggage 29 July 2015 Sign in or Register to continue reading this article Sign in Please do not complete the following form field for security reasons. Username  ", "external_links": [], "published": "2015-07-29T18:55:00.000+03:00", "crawled": "2015-07-29T18:14:12.687+03:00", "highlightTitle": ""}