{"organizations": [], "uuid": "16580551a1f07ca293ff47d84a1cb3b33cc96256", "thread": {"social": {"gplus": {"shares": 0}, "pinterest": {"shares": 0}, "vk": {"shares": 0}, "linkedin": {"shares": 0}, "facebook": {"likes": 0, "shares": 0, "comments": 0}, "stumbledupon": {"shares": 0}}, "site_full": "www.reuters.com", "main_image": "", "site_section": "http://www.reuters.com/finance/personal-finance", "section_title": "Wealth, Personal Finance &amp; Money | Reuters.com", "url": "http://www.reuters.com/article/2015/07/29/brazil-economy-fiscal-idUSE6N0ZG00420150729", "country": "US", "title": "Brazil says remains committed with fiscal austerity", "performance_score": 0, "site": "reuters.com", "participants_count": 1, "title_full": "Brazil says remains committed with fiscal austerity | Reuters", "spam_score": 0.0, "site_type": "news", "published": "2015-07-29T05:02:00.000+03:00", "replies_count": 0, "uuid": "16580551a1f07ca293ff47d84a1cb3b33cc96256"}, "author": "Reuters", "url": "http://www.reuters.com/article/2015/07/29/brazil-economy-fiscal-idUSE6N0ZG00420150729", "ord_in_thread": 0, "title": "Brazil says remains committed with fiscal austerity", "locations": [], "entities": {"persons": [], "locations": [], "organizations": []}, "highlightText": "", "language": "english", "persons": [], "text": "BRASILIA, July 28 Brazil's government said on Tuesday it remains committed with fiscal austerity and structural changes aimed at improving public spending after Standard & Poor's warned it could lose its investment grade.\nThe Finance Ministry said in a statement it will go ahead with plans to speed up collection of tax debts and to sell stakes in state-run companies to increase revenues.\nIt also said it will move ahead with \"structural fiscal actions\" to strengthen the adjustment of the economy. (Reporting by Marcelo Teixeira and Alonso Soto ; Editing by Lisa Shumaker)", "external_links": [], "published": "2015-07-29T05:02:00.000+03:00", "crawled": "2015-07-29T04:11:09.964+03:00", "highlightTitle": ""}