{"organizations": [], "uuid": "f7ef0c7fb85112aba0047903371d2d20c1ae69df", "thread": {"social": {"gplus": {"shares": 0}, "pinterest": {"shares": 0}, "vk": {"shares": 0}, "linkedin": {"shares": 0}, "facebook": {"likes": 0, "shares": 0, "comments": 0}, "stumbledupon": {"shares": 0}}, "site_full": "www.reuters.com", "main_image": "", "site_section": "http://www.reuters.com/finance/personal-finance", "section_title": "Wealth, Personal Finance &amp; Money | Reuters.com", "url": "http://www.reuters.com/article/2015/07/13/arcelormitta-brazil-idUSE6N0Y603220150713", "country": "US", "title": "Exports boosting ArcelorMittal's Brazil Tubarao mill", "performance_score": 0, "site": "reuters.com", "participants_count": 1, "title_full": "Exports boosting ArcelorMittal's Brazil Tubarao mill | Reuters", "spam_score": 0.0, "site_type": "news", "published": "2015-07-13T23:44:00.000+03:00", "replies_count": 0, "uuid": "f7ef0c7fb85112aba0047903371d2d20c1ae69df"}, "author": "Reuters", "url": "http://www.reuters.com/article/2015/07/13/arcelormitta-brazil-idUSE6N0Y603220150713", "ord_in_thread": 0, "title": "Exports boosting ArcelorMittal's Brazil Tubarao mill", "locations": [], "entities": {"persons": [], "locations": [], "organizations": []}, "highlightText": "", "language": "english", "persons": [], "text": "SAO PAULO, July 13 ArcelorMittal SA's Tubarao steel mill, Brazil's largest by output, is operating at full capacity as clients in Asia and North America are buying more slabs, the steelmaker's most senior executive in Brazil said on Monday.\nProfit margins have widened due to greater cost dilution, Benjamin Baptista, ArcelorMittal's chief executive in Brazil, said on the sidelines of an industry conference. (Reporting by Guillermo Parra-Bernal; Editing by Chris Reese )", "external_links": [], "published": "2015-07-13T23:44:00.000+03:00", "crawled": "2015-07-13T22:58:22.000+03:00", "highlightTitle": ""}