{"organizations": [], "uuid": "086ea583d671cf91cbe0437c21c3d8197e0e8205", "thread": {"social": {"gplus": {"shares": 0}, "pinterest": {"shares": 0}, "vk": {"shares": 0}, "linkedin": {"shares": 0}, "facebook": {"likes": 0, "shares": 0, "comments": 0}, "stumbledupon": {"shares": 0}}, "site_full": "business-news.thestreet.com", "main_image": "", "site_section": "http://business-news.thestreet.com/heritage-newspapers/rss/627", "section_title": "Heritage Newspapers : Personal Finance", "url": "http://business-news.thestreet.com/heritage-newspapers/story/why-the-greek-drama-matters-to-your-personal-budget/13212300", "country": "US", "title": "Why the Greek Drama Matters to Your Personal Budget", "performance_score": 0, "site": "thestreet.com", "participants_count": 0, "title_full": "Why the Greek Drama Matters to Your Personal Budget", "spam_score": 0.0, "site_type": "news", "published": "2015-07-08T22:11:00.000+03:00", "replies_count": 0, "uuid": "086ea583d671cf91cbe0437c21c3d8197e0e8205"}, "author": "", "url": "http://business-news.thestreet.com/heritage-newspapers/story/why-the-greek-drama-matters-to-your-personal-budget/13212300", "ord_in_thread": 0, "title": "Why the Greek Drama Matters to Your Personal Budget", "locations": [], "entities": {"persons": [], "locations": [], "organizations": []}, "highlightText": "", "language": "english", "persons": ["William Richards"], "text": "Why the Greek Drama Matters to Your Personal Budget Written by: William Richards 07/08/15 - 3:11 PM EDT \nNEW YORK ( MainStreet ) — Greece has the highest debt-to-GDP ratio in Europe, owes the European Central Bank €3.5 billion ($3.85 billion) and has until Thursday to secure a deal with creditors. You can blame the eurozone, as some have—one single currency for 19 countries may not have been the best idea. Many European countries have serious public debt compared to their respective GDPs—Belgium, Italy, and Spain are at top of mind, but others are in relatively serious trouble, too. You can blame Greek politics, as many observers have, or you can blame what some claim to be a misguided austerity budget gambit. \nIt’s probably a combination of the three. But, if you pick apart all of those potential reasons, you can find some basic lessons about budgeting that can help you manage your own finances. \nThe eurozone complaint? Doubts about the euro’s positive impact on individual countries within the European Union have persisted since 1999. Depending on how you look at it, Greece is one big, finger-wagging “I told you so,” or it’s a necessary test for the eurozone if it is to survive another 16 years. Either way, the principle of balancing personal interests and the good-of-the-order comes into play here when thinking about a personal budget. More Headlines", "external_links": [], "published": "2015-07-08T22:11:00.000+03:00", "crawled": "2015-07-08T22:56:41.000+03:00", "highlightTitle": ""}