{"organizations": ["ProSieben"], "uuid": "18d7984e7128378fb4d0df7991186b53231e2b25", "thread": {"social": {"gplus": {"shares": 0}, "pinterest": {"shares": 0}, "vk": {"shares": 0}, "linkedin": {"shares": 0}, "facebook": {"likes": 0, "shares": 0, "comments": 0}, "stumbledupon": {"shares": 0}}, "site_full": "uk.finance.yahoo.com", "main_image": "https://s.yimg.com/bt/api/res/1.2/6rik6AZwuPGCiADf_9dhPQ--/YXBwaWQ9eW5ld3M7cT03NTt3PTYwMA--/http://l.yimg.com/os/mit/media/m/social/images/social_default_logo-1481777.png", "site_section": "https://uk.finance.yahoo.com/news/sector-media/?format=rss", "section_title": "Media News | Media Industry News - Yahoo! Finance UK", "url": "https://uk.finance.yahoo.com/news/prosieben-axel-springer-early-merger-210806034.html", "country": "GB", "title": "ProSieben and Axel Springer in early merger talks - source", "performance_score": 0, "site": "yahoo.com", "participants_count": 0, "title_full": "ProSieben and Axel Springer in early merger talks - source", "spam_score": 0.0, "site_type": "news", "published": "2015-07-07T00:08:00.000+03:00", "replies_count": 0, "uuid": "18d7984e7128378fb4d0df7991186b53231e2b25"}, "author": "", "url": "https://uk.finance.yahoo.com/news/prosieben-axel-springer-early-merger-210806034.html", "ord_in_thread": 0, "title": "ProSieben and Axel Springer in early merger talks - source", "locations": [], "entities": {"persons": [], "locations": [], "organizations": []}, "highlightText": "", "language": "english", "persons": ["Axel Springer"], "text": "* Two would have combined market cap of 14.4 bln euros \n* The two are both expanding online offerings \n* Deal could face regulatory scrutiny (Adds second source, detail on market cap, Springer majority shareholder) \nBy Jörn Poltz and Alexander Hübner \nMUNICH/FRANKFURT, July 6 (Reuters) - German broadcaster ProSiebenSat.1 and German publishing house Axel Springer have reignited talks for a merger, seeking to consolidate their push into digital media, two sources familiar with the matter said on Monday. \nAxel Springer, the publisher of Europe's best-selling tabloid Bild, and ProSieben, broadcaster of mass-market hits like Germany's Next Topmodel, are both racing to adapt to rapidly changing markets. \nSpringer had tried to buy ProSieben a decade ago but the deal was blocked by competition authorities and also media watchdog KEK, which feared the combined company would have too much influence on public opinion. \nThe groups' combined market capitalisation is about 14.43 billion euros ($15.95 billion), with ProSieben's the larger at around 9.8 billion. \n\"There is the intention, but talks are at a very early stage,\" one of the sources said. \nNews of the merger talks was first reported by the Wall Street Journal, which cited sources saying the two companies were considering a deal with ProSieben the senior partner. \nThe WSJ report said the talks could still break down and would likely face regulatory scrutiny. \nAs consumers increasingly use smartphones and tablet computers to watch videos and listen to music, traditional broadcasters such as ProSieben and RTL are expanding their online media offerings to better compete with the likes of Netflix (Xetra: 552484 - news ) , Amazon and HBO. \nMeanwhile, Springer is moving away from solely traditional print publications towards digital products, following the New (KOSDAQ: 160550.KQ - news ) York Times, News Corp.'s Wall Street Journal and Pearson (Xetra: 858266 - news ) 's Financial Times. \nThe deal makes more sense now than 10 years ago because the two have complimentary digital businesses and ProSieben's advertising power could help to stem a decline in sales at Bild, \na second person familiar with the talks said on Monday. \nSpringer last year won a legal battle against the KEK when Germany's federal administrative court ruled that the merger would have been unproblematic from a media point of view. \nIn early 2014, Springer bought German news broadcaster N24, which also produces the news programmes for ProSiebenSat.1's channels ProSieben, Sat.1 and Kabel Eins. \nIn the first-quarter of this year, Axel Springer made 63 percent of its revenues and 73 percent of its core profit from digital products. \nAxel Springer is majority-owned by Friede Springer, the widow of the company's founder and owner of about 57 percent of the publisher, according to the company's website. \nWith an estimated net worth of $3.4 billion, she is Germany's 25th richest person, according to Forbes. \nProSieben shares closed at 44.43 euros on Monday, while Springer closed at 47.29 euros. \nProSieben and Axel Springer declined to comment on Monday evening. ($1 = 0.9046 euros) (Reporting by Joern Poltz; Additional reporting by Klaus Lauer in Berlin and Harro ten Wolde in Frankfurt; Writing by Victoria Bryan; Editing by Alison Williams and Tom Brown)", "external_links": [], "published": "2015-07-07T00:08:00.000+03:00", "crawled": "2015-07-07T01:13:54.000+03:00", "highlightTitle": ""}