{"organizations": [], "uuid": "d2ee6d4aacf4882fb43a18e00dba4b354818b7cd", "thread": {"social": {"gplus": {"shares": 0}, "pinterest": {"shares": 0}, "vk": {"shares": 0}, "linkedin": {"shares": 0}, "facebook": {"likes": 0, "shares": 0, "comments": 0}, "stumbledupon": {"shares": 0}}, "site_full": "www.prweb.com", "main_image": "http://ww1.prweb.com/prfiles/2014/05/12/12829470/Simplifile Logo Tri.png", "site_section": "http://www.prweb.com/rss2/homefinance.xml", "section_title": "Home and Family: Banking / Personal Finance", "url": "http://www.prweb.com/releases/erecordputnamcountyfl/simplifileerecording/prweb12829470.htm", "country": "US", "title": "Simplifile Announces E-recording in Putnam County", "performance_score": 0, "site": "prweb.com", "participants_count": 1, "title_full": "Simplifile Announces E-recording in Putnam County", "spam_score": 0.0, "site_type": "news", "published": "2015-07-06T03:00:00.000+03:00", "replies_count": 0, "uuid": "d2ee6d4aacf4882fb43a18e00dba4b354818b7cd"}, "author": "PRWEB", "url": "http://www.prweb.com/releases/erecordputnamcountyfl/simplifileerecording/prweb12829470.htm", "ord_in_thread": 0, "title": "Simplifile Announces E-recording in Putnam County", "locations": [], "entities": {"persons": [], "locations": [], "organizations": []}, "highlightText": "", "language": "english", "persons": [], "text": "E-recording will now allow a document to be submitted for recording over a secure connection with the recording office. PUTNAM COUNTY, Fla. (PRWEB) July 06, 2015\nPutnam County, Fla., has implemented electronic recording of documents through Simplifile, the nation’s largest e-recording service, giving customers a secure, online recording option.\n“The Putnam County Clerk of Courts office is continuing to offer access to our office by using the latest technology,” said Putnam County Clerk of Courts Tim Smith. “E-recording will now allow a document to be submitted for recording over a secure connection with the recording office. Simplifile will allow the filer to submit the document and will accept the payment of recording fees without the need to visit our office. This service is available to the business community along with the public.”\nUsing Simplifile’s secure, web-based service, customers ranging from title companies to banks, attorneys, and lien filers, will have the ability to scan or upload and submit documents such as land records directly to the recording office and have them stamped, recorded, and returned in minutes.\n“Our experience with Simplifile has been excellent so far,” said Melanie Bryan, recording supervisor at Putnam County. “We’ve received great support from the folks at Simplifile in getting us ready for the live production. We are accepting all general real estate documents such as deeds , mortgages, releases, assignments, affidavits, and other documents that are commonly recorded in the Official Record.”\nFewer payment errors, stamps, mailing expenses, and less overall paper waste are also some of the benefits that come with e-recording.\n“E-recording has without question become the preferred method for submitting public land documents and records for recording nationwide, and we are thrilled to be providing this service for Putnam County and their customers,” said Paul Clifford, president of Simplifile.\nWith the addition of Putnam County, there are now 44 counties in the state of Florida that have adopted e-recording with Simplifile. Nationwide, more than 1,250 counties also e-record with Simplifile.\nHigh-speed Internet access, a PC, and a scanner are the minimum requirements for customers to begin e-recording with Simplifile.\nFor more information about e-recording in Putnam County , call 800-460-5657 or visit simplifile.com.\nAbout Simplifile\nSimplifile is a rapidly-growing, online service that connects lenders, settlement agents, and counties. Since 2000, Simplifile has grown the nation’s largest e-recording network, which has transformed the title and real estate industry. From e-recording to document sharing, collaboration, and post closing, Simplifile offers an array of services in one place to help users securely record, share, and track documents, data, and fees with ease. To learn more, visit simplifile.com or call 800-460-5657.", "external_links": ["http://www.prweb.net/Redirect.aspx?id=aHR0cHM6Ly9zaW1wbGlmaWxlLmNvbS8/dXRtX3NvdXJjZT1QUldlYiZ1dG1fbWVkaXVtPXByZXNzJTIwcmVsZWFzZSZ1dG1fY2FtcGFpZ249UHV0bmFtQ291bnR5LUZM"], "published": "2015-07-06T03:00:00.000+03:00", "crawled": "2015-07-06T22:28:54.000+03:00", "highlightTitle": ""}