{"organizations": [], "uuid": "dc1c538265e996e719828ddba138a684641f9bd8", "thread": {"social": {"gplus": {"shares": 0}, "pinterest": {"shares": 0}, "vk": {"shares": 0}, "linkedin": {"shares": 0}, "facebook": {"likes": 0, "shares": 0, "comments": 0}, "stumbledupon": {"shares": 0}}, "site_full": "uk.finance.yahoo.com", "main_image": "https://s.yimg.com/bt/api/res/1.2/oXRnOqHmAAkRlZGKSNxefg--/YXBwaWQ9eW5ld3M7aWw9cGxhbmU7cT03NTt3PTYwMA--/http://globalfinance.zenfs.com/images/UK_AFTP_AFP_LIVE_1/78b57d3bb469e15e37efab7e269dba9e3e4d3243_original.jpg", "site_section": "https://uk.finance.yahoo.com/news/provider-afp/?format=rss", "section_title": "Finance News | AFP - Yahoo! UK & Ireland Finance", "url": "https://uk.finance.yahoo.com/news/jpmorgan-earnings-lifted-lower-expenses-114951960.html", "country": "GB", "title": "JPMorgan earnings lifted by lower expenses", "performance_score": 0, "site": "yahoo.com", "participants_count": 0, "title_full": "JPMorgan earnings lifted by lower expenses", "spam_score": 0.0, "site_type": "news", "published": "2015-07-14T14:49:00.000+03:00", "replies_count": 0, "uuid": "dc1c538265e996e719828ddba138a684641f9bd8"}, "author": "", "url": "https://uk.finance.yahoo.com/news/jpmorgan-earnings-lifted-lower-expenses-114951960.html", "ord_in_thread": 0, "title": "JPMorgan earnings lifted by lower expenses", "locations": [], "entities": {"persons": [], "locations": [], "organizations": []}, "highlightText": "", "language": "english", "persons": [], "text": "Tip : Use comma (,) to separate multiple quotes. Learn more... \nTue, Jul 14, 2015, 13:00 BST - UK Markets close in 3 hrs 30 mins JPMorgan earnings lifted by lower expenses AFP – 10 minutes ago View Photo \n\nJPMorgan Chase (Swiss: JPM.SW - news ) earnings edged higher Tuesday, with lower expenses making up for a mixed performance in its various lending operations. \nEarnings for the second quarter were $6.3 billion, up 5.2 percent from the year-ago period. \nRevenues fell 3.2 percent to $24.53 billion. \nThe results benefitted from a drop in noninterest expenses with a big decline in this category in the corporate and investment bank business, where the giant bank had lower compensation expenses and simplified some operations. \nJPMorgan, which has faced numerous regulatory probes the last three years, also cited lower legal expenses. \nResults in consumer and community banking edged higher, with an increase in the credit cards/auto loans division offsetting a 20 percent decline in mortgage banking profits. \nEarnings in corporate and investment banking rose behind higher investment banking revenue and in spite of lower revenues in fixed income trading. \nEarnings in commercial banking fell due to much higher provisions for credit losses. \nChief executive Jamie Dimon said it was a \"strong\" quarter. \n\"We are focused on executing on our commitments and we've made good progress this quarter, including meeting regulatory requirements, reducing non-operating deposits, and adding to our capital,\" Dimon said. \n\"We are also on target to deliver on our expense commitments.\" \nThe results translated into $1.54 per share, 10 cents above analyst forecasts. \nDow member JPMorgan rose 1.0 percent to $68.80 in pre-market trade.", "external_links": [], "published": "2015-07-14T14:49:00.000+03:00", "crawled": "2015-07-14T15:01:01.000+03:00", "highlightTitle": ""}