{"organizations": [], "uuid": "a242e863466b2c84a00563afaa6dc1201e84e369", "thread": {"social": {"gplus": {"shares": 0}, "pinterest": {"shares": 0}, "vk": {"shares": 0}, "linkedin": {"shares": 0}, "facebook": {"likes": 0, "shares": 0, "comments": 0}, "stumbledupon": {"shares": 0}}, "site_full": "uk.finance.yahoo.com", "main_image": "https://s1.yimg.com/bt/api/res/1.2/oW2U47FKyQm8rvE30jPr9Q--/YXBwaWQ9eW5ld3M7aWw9cGxhbmU7cT03NTt3PTYwMA--/http://globalfinance.zenfs.com/images/UK_AFTP_AFP_LIVE_1/68a0b7c72657e50639d91b69d7f9c1243de0c0ab_original.jpg", "site_section": "https://uk.finance.yahoo.com/news/sector-basic-resources/?format=rss", "section_title": "Basic Resources News - Yahoo! Finance UK", "url": "https://uk.finance.yahoo.com/news/china-stocks-close-strongly-government-091330080.html", "country": "US", "title": "China stocks close up strongly on government moves", "performance_score": 0, "site": "yahoo.com", "participants_count": 0, "title_full": "China stocks close up strongly on government moves", "spam_score": 0.0, "site_type": "news", "published": "2015-07-09T12:23:00.000+03:00", "replies_count": 0, "uuid": "a242e863466b2c84a00563afaa6dc1201e84e369"}, "author": "", "url": "https://uk.finance.yahoo.com/news/china-stocks-close-strongly-government-091330080.html", "ord_in_thread": 0, "title": "China stocks close up strongly on government moves", "locations": ["China"], "entities": {"persons": [], "locations": [], "organizations": []}, "highlightText": "", "language": "english", "persons": [], "text": "Tip : Use comma (,) to separate multiple quotes. Learn more... \nThu, Jul 9, 2015, 10:59 BST - UK Markets close in 5 hrs 31 mins China stocks close up strongly on government moves By Bill Savadove | AFP – 36 minutes ago View Photo \n\nChinese stocks stormed into positive territory in volatile trade Thursday as Beijing launched new measures to halt a dramatic sell-off, prompting Asian markets to rebound, but dealers questioned whether the gains would last. \nThe main Shanghai index had fallen more than 30 percent since a spectacular bull run peaked on June 12, raising fears for the wider economy, the world's second-largest. \nBut the benchmark surged 5.76 percent, or 202.14 points, to 3,709.33 on turnover of 673.3 billion yuan ($110.1 billion). It fell as much as 3.81 percent and rose up to 6.88 percent during the day, representing a swing of more than 10 percent. \nThe Shenzhen Composite Index, which tracks stocks on China's second exchange, ended up 3.76 percent, or 70.90 points, to 1,955.35 on turnover of 277.6 billion yuan. \nMore than 1,100 stocks on both markets surged by their 10 percent daily limits, data from the exchanges showed. \nThe gains came after China moved to stop \"major\" shareholders -- those holding at least a five percent stake -- from selling their stocks and launched a probe into short-selling in a bid to calm markets. \n\"As China beefs up its efforts to rescue the market... market sentiment is recovering slightly,\" Qian Qimin, an analyst at Shenwan Hongyuan Group, told Bloomberg News. \n\"The rise today may help ease some selling pressure when companies resume their shares from trading, but whether it's sustainable will depend on what policies are coming next.\" \nMore than 1,400 companies have been suspended from trading on China's share markets as of Thursday, representing around 50 percent of listed stocks, according to Bloomberg. The move temporarily averts further falls in their prices, but seizes up the markets. \nHeavyweight financial stocks rose. Shanghai-listed banking giant ICBC added 2.01 percent to 5.58 yuan, while Shenzhen-listed Ping An Bank jumped 8.11 percent to 14.26 yuan. \nAsian markets also rose Thursday, reversing heavy morning losses and tracking the surge in Shanghai. \nHong Kong closed up 3.73 percent after the market recorded its biggest single-day loss for more than six years on Wednesday. \nTokyo recovered from losses of more than three percent to end 0.60 percent higher. \nBut US shares retreated overnight on worries about how the stock market rout could affect the Chinese economy -- a key driver of global growth -- and worries of a messy Greek exit from the eurozone. The Dow Jones Industrial Average finished down 1.47 percent. \n- 'Whatever it takes' - \nThe falls of recent week were triggered by restrictions on margin trading, reinforced by concerns about overvaluations, and accelerated by \"panic\" selling among the retail investors who make up the vast majority of the market. \nLate Wednesday, China's market regulator barred major shareholders and executives of listed companies from selling their stocks for the next six months in order to \"maintain stability\", the latest government action to stem the slide. \nPolice and security regulators then launched a joint probe Thursday into \"vicious short-selling\" on the country's stock markets, the official Xinhua news agency reported. Short-selling is the selling of stock a trader does not own, in anticipation of a future fall in prices. \nThe rout in mainland shares has spread into some commodities, as China is a massive consumer of resources such as iron ore. \nPrices for iron ore -- the raw ingredient for steel of which China is the largest buyer -- plunged to six-year lows Thursday, with mining companies in resource-driven countries such as Australia and Brazil bearing the brunt. \nThe spot price of the commodity had taken its biggest one-day hit ever overnight, falling 10 percent to $44.59 a tonne. \n\"The risk from Chinese equities markets is clearly impacting commodities markets,\" IG Markets strategist Evan Lucas said in a research note. \nAmong the latest intervention measures, the central People's Bank of China said on Thursday that it was providing liquidity to the state-backed China Securities Finance Corp. (CSF) to help stabilise the market, reaffirming an earlier pledge. \nIn a separate announcement, the stock regulator said CSF will provide liquidity for investors to buy so-called \"public funds\" -- similar to mutual funds. \nOther recent moves include allowing insurance companies to invest more assets in stocks and a programme to buy the shares of smaller companies. \nThe country's 111 major state-owned enterprises were barred from selling shares in their listed subsidiaries by the state-owned Assets Supervision and Administration Commission, which oversees them. \n\"The Chinese government is having a 'whatever it takes' moment with the stock market,\" Societe Generale (Paris: FR0000130809 - news ) said in a research report. \"More resources will probably be ramped up for the battle in the coming days.\"", "external_links": [], "published": "2015-07-09T12:23:00.000+03:00", "crawled": "2015-07-09T13:02:33.000+03:00", "highlightTitle": ""}