{"organizations": ["IBM", "United Technologies"], "uuid": "15af3397b3a422dc28faf54bb4706ef9071b384c", "thread": {"social": {"gplus": {"shares": 0}, "pinterest": {"shares": 0}, "vk": {"shares": 0}, "linkedin": {"shares": 0}, "facebook": {"likes": 0, "shares": 0, "comments": 0}, "stumbledupon": {"shares": 0}}, "site_full": "uk.finance.yahoo.com", "main_image": "https://s1.yimg.com/bt/api/res/1.2/bqohmfUpjByW0O32PUqedw--/YXBwaWQ9eW5ld3M7aWw9cGxhbmU7cT03NTt3PTYwMA--/http://globalfinance.zenfs.com/images/UK_AFTP_AFP_LIVE_1/0fcf1bd93b7a91b9c9e74ec4a97b91b3bf59b833_original.jpg", "site_section": "https://uk.finance.yahoo.com/news/sector-telecommunications/?format=rss", "section_title": "Telecommunications News - Yahoo! Finance UK", "url": "https://uk.finance.yahoo.com/news/dow-sinks-weak-ibm-united-201317847.html", "country": "US", "title": "Dow sinks on weak IBM, United Technologies earnings", "performance_score": 0, "site": "yahoo.com", "participants_count": 0, "title_full": "Dow sinks on weak IBM, United Technologies earnings", "spam_score": 0.0, "site_type": "news", "published": "2015-07-21T23:33:00.000+03:00", "replies_count": 0, "uuid": "15af3397b3a422dc28faf54bb4706ef9071b384c"}, "author": "", "url": "https://uk.finance.yahoo.com/news/dow-sinks-weak-ibm-united-201317847.html", "ord_in_thread": 0, "title": "Dow sinks on weak IBM, United Technologies earnings", "locations": [], "entities": {"persons": [], "locations": [], "organizations": []}, "highlightText": "", "language": "english", "persons": [], "text": "Tip : Use comma (,) to separate multiple quotes. Learn more... \nWed, Jul 22, 2015, 01:35 BST - UK Markets open in 6 hrs 25 mins Dow sinks on weak IBM, United Technologies earnings AFP – 4 hours ago View Photo \n\nDisappointing earnings from IBM (NYSE: IBM - news ) and United Technologies pummeled the Dow on Tuesday and led the broader market lower. \nThe Dow Jones Industrial Average tumbled 181.12 points (1.00 percent) to 17,919.29. \nThe broad-based S&P 500 dropped 9.07 (0.43 percent) to 2,119.21, while the tech-rich Nasdaq Composite Index fell 10.74 (0.21 percent) to 5,208.12, snapping a streak of three straight record highs. \nThe Dow was in the red all day after IBM reported lower revenues for the 13th consecutive quarter and United Technologies cut its earnings forecasts due to weak growth in China and weak aviation parts sales. \nIBM fell 5.9 percent, while UTC dropped 7.0 percent. \nArt Hogan, chief market strategist at Wunderlich Securities, said attention has shifted from last week's bailout deal to keep debt-riddled Greece in the eurozone to \"micro\" issues surrounding earnings. \n\"And the micro is a mixed bag,\" he said. \nDow member Verizon Communications (Xetra: 868402 - news ) fell 2.4 percent after reporting second-quarter net income of $4.4 billion, about 0.7 percent above that of the year-ago period. Revenues of $32.22 billion fell shy of the $32.45 billion projected by analysts. \nHarley-Davidson advanced 5.0 percent as second-quarter earnings and revenues both topped analyst expectations. The company confirmed its 2015 targets, including a two to four percent rise in motorcycle deliveries compared with last year. \nTesla Motors (Xetra: A1CX3T - news ) fell 5.5 percent after UBS (NYSEArca: FBGX - news ) downgraded the stock, predicting car volume growth would disappoint and warning of higher costs and increased competition from other auto companies. \nQualcomm (Swiss: QCOM.SW - news ) gained 2.1 percent following a Wall Street Journal report that said the company plans a strategic review that could lead to a breakup of the chipmaker. \nChesapeake Energy (Other OTC: CHKDP - news ) tumbled 9.5 percent after announcing that it will drop its dividend and steer the money into its drilling program. \nBond prices rose. The yield on the 10-year US Treasury fell to 2.34 percent from 2.38 percent Tuesday, while the 30-year dipped to 3.08 percent from 3.10 percent Monday. Bond prices and yields move inversely.", "external_links": [], "published": "2015-07-21T23:33:00.000+03:00", "crawled": "2015-07-22T03:36:37.828+03:00", "highlightTitle": ""}