{"organizations": [], "uuid": "9a150d0fe00f44fc06c2b6aecb74b60a745830bb", "thread": {"social": {"gplus": {"shares": 0}, "pinterest": {"shares": 0}, "vk": {"shares": 0}, "linkedin": {"shares": 0}, "facebook": {"likes": 0, "shares": 0, "comments": 0}, "stumbledupon": {"shares": 0}}, "site_full": "www.wsj.com", "main_image": "http://si.wsj.net/public/resources/images/BN-JF826_CARBUL_G_20150705162234.jpg", "site_section": "http://finance.yahoo.com/rss/headline?s=GM", "section_title": "Yahoo! Finance: GM News", "url": "http://www.wsj.com/articles/car-repair-notices-feed-lawsuits-1436138283?mod=yahoo_hs", "country": "GB", "title": "Car-Repair Notices Feed Class Action Lawsuits", "performance_score": 0, "site": "wsj.com", "participants_count": 0, "title_full": "Car-Repair Notices Feed Class Action Lawsuits", "spam_score": 0.0, "site_type": "news", "published": "2015-07-06T02:27:00.000+03:00", "replies_count": 0, "uuid": "9a150d0fe00f44fc06c2b6aecb74b60a745830bb"}, "author": "", "url": "http://www.wsj.com/articles/car-repair-notices-feed-lawsuits-1436138283?mod=yahoo_hs", "ord_in_thread": 0, "title": "Car-Repair Notices Feed Class Action Lawsuits", "locations": [], "entities": {"persons": [], "locations": [], "organizations": []}, "highlightText": "", "language": "english", "persons": [], "text": "Joe.Palazzolo@wsj.com July 5, 2015 7:22 p.m. ET \nClass action lawyers are seizing on service bulletins as they look for new cases to bring against auto makers, raising the risks for manufacturers when they notify dealers of possible vehicle problems. \nThe so-called technical service bulletins have surfaced in purported class action lawsuits accusing BMW AG of leaky roofs; Honda Motor Co. of defective torque converters; Land Rover of tire alignment problems; Mazda Motor Corp. of... To Read the Full Story, Subscribe or Sign In Popular on WSJ", "external_links": [], "published": "2015-07-06T02:27:00.000+03:00", "crawled": "2015-07-06T02:48:23.000+03:00", "highlightTitle": ""}