{"organizations": [], "uuid": "f169cf63c57c715d1ecf2e90ff20e0405f9d9933", "thread": {"social": {"gplus": {"shares": 0}, "pinterest": {"shares": 0}, "vk": {"shares": 0}, "linkedin": {"shares": 0}, "facebook": {"likes": 0, "shares": 0, "comments": 0}, "stumbledupon": {"shares": 0}}, "site_full": "www.reuters.com", "main_image": "", "site_section": "http://www.reuters.com/finance/personal-finance", "section_title": "Wealth, Personal Finance &amp; Money | Reuters.com", "url": "http://www.reuters.com/article/2015/07/05/argentina-election-idUSL1N0ZJ10M20150705", "country": "US", "title": "Argentine opposition set to keep control of Buenos Aires city hall", "performance_score": 0, "site": "reuters.com", "participants_count": 1, "title_full": "Argentine opposition set to keep control of Buenos Aires city hall | Reuters", "spam_score": 0.0, "site_type": "news", "published": "2015-07-06T03:27:00.000+03:00", "replies_count": 0, "uuid": "f169cf63c57c715d1ecf2e90ff20e0405f9d9933"}, "author": "Reuters", "url": "http://www.reuters.com/article/2015/07/05/argentina-election-idUSL1N0ZJ10M20150705", "ord_in_thread": 0, "title": "Argentine opposition set to keep control of Buenos Aires city hall", "locations": [], "entities": {"persons": [], "locations": [], "organizations": []}, "highlightText": "", "language": "english", "persons": [], "text": "BUENOS AIRES, July 5 Argentina's business-friendly PRO party appeared to win Sunday's mayoral election in capital city Buenos Aires, a key electoral district, but not by a big enough margin to avoid a run-off vote later this month, early official returns showed.\nWith 59 percent of the vote counted Horacio Rodríguez Larreta, chief of staff to outgoing mayor and presidential candidate Mauricio Macri, won 45.5 percent of ballots cast.\nHe needed to break the 50-percent mark in order to avoid a second round of voting, which will take place July 19.\nStill, his relatively strong showing was positive for Macri, who will have to carry the city by a wide margin if he is to win the presidency in the October general election. Buenos Aires accounts for about 8 percent of Argentina's national vote.\nIn second place, according to the early results on Sunday, was Martin Lousteau with 26.9 percent of the vote. The former economy minister represents the ECO party, which is also opposed to outgoing President Cristina Fernandez.\nIn third place was Mariano Recalde, who heads state-controlled airline Aerolineas Argentinas and has been endorsed by Fernandez. He got 21.5 percent of the early-counted votes.\nFernandez is constitutionally barred from seeking a third consecutive term in October. For president she has endorsed Buenos Aires Governor Daniel Scioli, who is running ahead of Macri in the opinion polls. (Reporting by Jorge Otaola; Editing by Richard Chang )", "external_links": [], "published": "2015-07-06T03:27:00.000+03:00", "crawled": "2015-07-06T02:40:49.000+03:00", "highlightTitle": ""}