{"organizations": [], "uuid": "e8b54a6576e7ba6d5731cc3273e65a1057a435b2", "thread": {"social": {"gplus": {"shares": 0}, "pinterest": {"shares": 0}, "vk": {"shares": 0}, "linkedin": {"shares": 0}, "facebook": {"likes": 0, "shares": 0, "comments": 0}, "stumbledupon": {"shares": 0}}, "site_full": "www.reuters.com", "main_image": "", "site_section": "http://www.reuters.com/finance/personal-finance", "section_title": "Wealth, Personal Finance &amp; Money | Reuters.com", "url": "http://www.reuters.com/article/2015/07/08/usa-fed-williams-greece-idUSU5N0W401S20150708", "country": "US", "title": "Fed's Williams says U.S. insulated from 'horrible' Greek situation", "performance_score": 0, "site": "reuters.com", "participants_count": 1, "title_full": "Fed's Williams says U.S. insulated from 'horrible' Greek situation | Reuters", "spam_score": 0.0, "site_type": "news", "published": "2015-07-08T23:10:00.000+03:00", "replies_count": 0, "uuid": "e8b54a6576e7ba6d5731cc3273e65a1057a435b2"}, "author": "Reuters", "url": "http://www.reuters.com/article/2015/07/08/usa-fed-williams-greece-idUSU5N0W401S20150708", "ord_in_thread": 0, "title": "Fed's Williams says U.S. insulated from 'horrible' Greek situation", "locations": [], "entities": {"persons": [], "locations": [], "organizations": []}, "highlightText": "", "language": "english", "persons": [], "text": "LOS ANGELES, July 8 The U.S. economy is not very vulnerable to problems stemming from Greece's \"horrible\" situation, but a resolution by European leaders would be a good outcome, a Federal Reserve policymaker said.\nThe European Central Bank \"has clearly sent strong signals that they would do what it takes to respond if Greece exits\" from the euro, San Francisco Fed President John Williams, a voter this year on U.S. monetary policy, told a group of international economists here.\nWilliams also said he believes that inflation has been the \"dog that hasn't barked\" because anchored expectations have kept it from falling far or rising high. (Reporting by Ann Saphir ; Editing by Meredith Mazzilli)", "external_links": [], "published": "2015-07-08T23:10:00.000+03:00", "crawled": "2015-07-08T22:17:29.000+03:00", "highlightTitle": ""}