{"organizations": [], "uuid": "b6c337346f71d9975d48f379dc4bc294b11f3e56", "thread": {"social": {"gplus": {"shares": 0}, "pinterest": {"shares": 0}, "vk": {"shares": 0}, "linkedin": {"shares": 0}, "facebook": {"likes": 0, "shares": 0, "comments": 0}, "stumbledupon": {"shares": 0}}, "site_full": "allafrica.com", "main_image": "http://allafrica.com/static/images/structure/aa-logo-rgba-no-text-128x128.png", "site_section": "http://allafrica.com/tools/headlines/rdf/business/headlines.rdf", "section_title": "AllAfrica News: Economy, Business and Finance", "url": "http://allafrica.com/stories/201507090213.html", "country": "US", "title": "Kenya: Land Bill Bad for Investors, Surveyors Tell State", "performance_score": 0, "site": "allafrica.com", "participants_count": 0, "title_full": "Kenya: Land Bill Bad for Investors, Surveyors Tell State", "spam_score": 0.0, "site_type": "news", "published": "2015-07-09T09:35:00.000+03:00", "replies_count": 0, "uuid": "b6c337346f71d9975d48f379dc4bc294b11f3e56"}, "author": "", "url": "http://allafrica.com/stories/201507090213.html", "ord_in_thread": 0, "title": "Kenya: Land Bill Bad for Investors, Surveyors Tell State", "locations": [], "entities": {"persons": [], "locations": [], "organizations": []}, "highlightText": "", "language": "english", "persons": [], "text": "Kenya: Garissa Survivors Seek Compensation for 2012 KDF Attack \n\"In the absence of a scientific inquiry and the side-stepping of other statutory processes, the bill has not clearly demonstrated the rationale used in arriving at the proposed legislations,\" Wambua said. Multinationals, schools and universities will lose huge chunks of land if the law is approved and enacted. Kenya \nUS President Barack Obama's security team has started arriving in the country 15 days to the 6th Global Entrepreneurship … see more » Copyright © 2015 The Star. All rights reserved. Distributed by AllAfrica Global Media ( allAfrica.com ). To contact the copyright holder directly for corrections — or for permission to republish or make other authorized use of this material, click here. AllAfrica publishes around 2,000 reports a day from more than 130 news organizations and over 200 other institutions and individuals , representing a diversity of positions on every topic. We publish news and views ranging from vigorous opponents of governments to government publications and spokespersons. Publishers named above each report are responsible for their own content, which AllAfrica does not have the legal right to edit or correct. Articles and commentaries that identify allAfrica.com as the publisher are produced or commissioned by AllAfrica . To address comments or complaints, please Contact us .", "external_links": [], "published": "2015-07-09T09:35:00.000+03:00", "crawled": "2015-07-09T17:59:43.000+03:00", "highlightTitle": ""}