{"organizations": [], "uuid": "6fb410f945ad6e137987b0d2697c182bb7d5426d", "thread": {"social": {"gplus": {"shares": 0}, "pinterest": {"shares": 0}, "vk": {"shares": 0}, "linkedin": {"shares": 0}, "facebook": {"likes": 0, "shares": 0, "comments": 0}, "stumbledupon": {"shares": 0}}, "site_full": "uk.finance.yahoo.com", "main_image": "https://s.yimg.com/bt/api/res/1.2/ae7PeFWh9Fqs_uP.rt2VIw--/YXBwaWQ9eW5ld3M7aWw9cGxhbmU7cT03NTt3PTYwMA--/http://globalfinance.zenfs.com/images/UK_AHTTP_SKYNEWS_LIVE_1/176734220-1-400x240_original.jpg", "site_section": "https://uk.finance.yahoo.com/news/sector-retail/?format=rss", "section_title": "Retail News | Retail Industry News - Yahoo! Finance UK", "url": "https://uk.finance.yahoo.com/news/grocers-face-cma-action-super-150213428.html", "country": "GB", "title": "Grocers Face CMA Action After Super-Complaint", "performance_score": 0, "site": "yahoo.com", "participants_count": 0, "title_full": "Grocers Face CMA Action After Super-Complaint", "spam_score": 0.0, "site_type": "news", "published": "2015-07-15T19:04:00.000+03:00", "replies_count": 0, "uuid": "6fb410f945ad6e137987b0d2697c182bb7d5426d"}, "author": "", "url": "https://uk.finance.yahoo.com/news/grocers-face-cma-action-super-150213428.html", "ord_in_thread": 0, "title": "Grocers Face CMA Action After Super-Complaint", "locations": [], "entities": {"persons": [], "locations": [], "organizations": []}, "highlightText": "", "language": "english", "persons": [], "text": "View Photo \n\nBritain's biggest grocery retailers face a tightening of consumer protection laws but will avoid the most draconian sanctions available to regulators after a three-month probe into the industry's promotional tactics. \nSky News has learnt that the Competition and Markets Authority (CMA) will on Thursday unveil a series of recommendations aimed at improving the transparency of supermarkets' pricing activities. \nThe prospect of some form of competition or consumer enforcement action was still being discussed by the regulator on Wednesday, with a final decision about whether to pursue such a move expected shortly. \nHowever, the CMA will disappoint advocates of even tougher measures such as a full market investigation, according to people briefed on the findings. \n\"There are still some moving parts and the language could yet get a bit tougher [towards the industry],\" one person said. \nThe CMA will be responding to a so-called super-complaint lodged in April by the consumer group Which?. \nIts recommendations will include further bolstering the role of trading standards officials; making on-shelf pricing more legible and consistent across product categories; and tweaking rules covering special offers through a tightening of Consumer Protection Regulations. \nA source said the CMA's own research had found during its 90-day investigation that hundreds of products were the subject of misleading promotions in UK supermarkets. \nWhich?'s super-complaint accused retailers of creating the illusion of savings through the use of multi-buys, shrinking products and baffling sales offers with 40% of groceries sold on promotion. \nThe organisation said that consumers could be collectively losing hundreds of millions of pounds if just a small proportion of offers were misleading, adding that it was virtually impossible for people to know if they were getting a fair deal. \nUnder the Enterprise Act 2002, designated consumer bodies such as Which can file a super-complaint alleging that \"any feature, or combination of features, of a market in the United Kingdom for goods or services is or appears to be significantly harming the interests of consumers\". \nThe CMA has decided that while there are some issues with pricing transparency and special offers, the problem is not sufficiently endemic to justify a full market investigation. \n\"This is not a report which jumps on the industry's back,\" said an insider. \nThe CMA is, however, expected to say that it will continue to monitor the areas of concern raised by Which? \nPromotions have become more widely used in the supermarket sector over the last 12 months as major retailers like Asda, Sainsbury's and Tesco (Xetra: 852647 - news ) have sought to salvage market share lost to discounters such as Aldi and Lidl. \nWhich? executive director Richard Lloyd said in April: \"Despite Which? repeatedly exposing misleading and confusing pricing tactics, and calling for voluntary change by the retailers, these dodgy offers remain on numerous supermarket shelves.\" \nThe CMA and Which? declined to comment on Wednesday.", "external_links": [], "published": "2015-07-15T19:04:00.000+03:00", "crawled": "2015-07-15T20:25:39.000+03:00", "highlightTitle": ""}