{"organizations": [], "uuid": "b9ea69c54204ff79df6022c57e6c6cb06bbd662f", "thread": {"social": {"gplus": {"shares": 0}, "pinterest": {"shares": 0}, "vk": {"shares": 0}, "linkedin": {"shares": 0}, "facebook": {"likes": 0, "shares": 0, "comments": 0}, "stumbledupon": {"shares": 0}}, "site_full": "uk.finance.yahoo.com", "main_image": "https://s.yimg.com/bt/api/res/1.2/O7N1CgWmbAqTHWJNyBVEjA--/YXBwaWQ9eW5ld3M7aWw9cGxhbmU7cT03NTt3PTYwMA--/http://globalfinance.zenfs.com/images/UK_AFTP_AFP_LIVE_1/3bb80d2a33265388051a48d0f61df1f48628460e_original.jpg", "site_section": "https://uk.finance.yahoo.com/news/sector-basic-materials/?format=rss", "section_title": "Basic Resources News | Yahoo! Finance", "url": "https://uk.finance.yahoo.com/news/oil-prices-fall-further-strong-083005499.html", "country": "US", "title": "Oil prices fall further on strong dollar, WTI below $50", "performance_score": 0, "site": "yahoo.com", "participants_count": 0, "title_full": "Oil prices fall further on strong dollar, WTI below $50", "spam_score": 0.0, "site_type": "news", "published": "2015-07-21T11:30:00.000+03:00", "replies_count": 0, "uuid": "b9ea69c54204ff79df6022c57e6c6cb06bbd662f"}, "author": "", "url": "https://uk.finance.yahoo.com/news/oil-prices-fall-further-strong-083005499.html", "ord_in_thread": 0, "title": "Oil prices fall further on strong dollar, WTI below $50", "locations": [], "entities": {"persons": [], "locations": [], "organizations": []}, "highlightText": "", "language": "english", "persons": [], "text": "Tip : Use comma (,) to separate multiple quotes. Learn more... \nTue, Jul 21, 2015, 09:49 BST - UK Markets close in 6 hrs 41 mins Oil prices fall further on strong dollar, WTI below $50 AFP – 19 minutes ago View Photo \n\nOil prices fell further in Asia Tuesday, with US crude falling below $50 a barrel as demand for the dollar-priced commodity takes a hit from a strong US currency, analysts said. \nExpectations of more Iranian crude flooding the oversupplied global market within months following a nuclear deal also continue to drag prices lower. \nUS benchmark West Texas Intermediate (WTI) for August delivery fell 20 cents to $49.95 and Brent crude for September dropped 14 cents to $56.51 a barrel in afternoon trade. \n\"Most of the movement that we're seeing now in oil prices mainly comes from the dollar strength,\" said Daniel Ang, an investment analyst with Phillip Futures in Singapore. \nThe dollar got a boost after Federal Reserve chair Janet Yellen last week stuck to her forecast for an increase in the US central bank's key interest rate later this year, as the economy picks up pace. \nA rise in interest rates will attract investors to the dollar because of the prospect of higher returns, driving up the currency's value. \nSince oil is priced in dollars, a stronger US currency makes the commodity more expensive, denting demand and putting downward pressure on prices. \n\"Despite worries over Greece and the China stock sell-off, the Fed reiterated its intention to raise rates in 2015,\" Singapore's DBS Bank said in a market commentary. \n\"With Greece finally working with its creditors on a third bailout package, focus returned to monetary policy divergences,\" it said, referring to other countries planning to hold down interest rates. \nResearch house Capital Economics said \"our expectation is that the dollar's strength will continue over the next year and a half, given the contrast in the prospects for monetary policy in the US and its major trading partners\". \nThe return of Iranian oil \"is adding bearish pressure as the market is trying to price in the crude expected to be introduced by the end of the year\", said Ang of Phillip Futures. \nIran and six world powers last week agreed a deal curbing its nuclear programme that aims to prevent it building an atomic bomb. \nIn return the West will lift crippling economic sanctions and allow Iran to ramp up crude exports.", "external_links": [], "published": "2015-07-21T11:30:00.000+03:00", "crawled": "2015-07-21T11:50:17.689+03:00", "highlightTitle": ""}