{"organizations": [], "uuid": "7fd1525b89b9395f498924cc5b143f8983a1424e", "thread": {"social": {"gplus": {"shares": 0}, "pinterest": {"shares": 0}, "vk": {"shares": 0}, "linkedin": {"shares": 0}, "facebook": {"likes": 0, "shares": 0, "comments": 0}, "stumbledupon": {"shares": 0}}, "site_full": "au.finance.yahoo.com", "main_image": "https://s1.yimg.com/bt/api/res/1.2/CYNrwucV4igPN.79zieVOA--/YXBwaWQ9eW5ld3M7aWw9cGxhbmU7cT03NTt3PTYwMA--/http://globalfinance.zenfs.com/images/FIN_ANZ_AAP_ART_FTP_LIVE_1/2940960_20150610001142972870-original_1280x720_original.jpg", "site_section": "https://au.finance.yahoo.com/news/topic-top-stories/?format=rss", "section_title": "Australian Business & World Finance News - Yahoo!7 Finance", "url": "https://au.finance.yahoo.com/news/china-worry-not-greece-p-081022355.html", "country": "GB", "title": "China the worry, not Greece: S", "performance_score": 0, "site": "yahoo.com", "participants_count": 0, "title_full": "China the worry, not Greece: S", "spam_score": 0.0, "site_type": "news", "published": "2015-07-07T11:10:00.000+03:00", "replies_count": 0, "uuid": "7fd1525b89b9395f498924cc5b143f8983a1424e"}, "author": "", "url": "https://au.finance.yahoo.com/news/china-worry-not-greece-p-081022355.html", "ord_in_thread": 0, "title": "China the worry, not Greece: S", "locations": ["Greece", "China"], "entities": {"persons": [], "locations": [], "organizations": []}, "highlightText": "", "language": "english", "persons": [], "text": "View Photo \n\nGlobal ratings agency Standard & Poor's has warned the problems facing China are a bigger threat to the global economic outlook than events in Greece. \nAustralia's number one trading partner, which is already facing a slowing economy, has taken steps in recent days to prop up the Chinese stock market after tumbling more than 25 per cent since mid-June. \n\"In my mind the Chinese challenges out-shadow the Greek one by a large margin,\" S&P sovereign rating managing director Moritz Kraemer told a live webcast on the Greek debt crisis on Tuesday. \nHe also believes there is a greater than 50/50 chance of Greece leaving the euro, or \"Grexit\". \nWhile there is a \"whiff of optimism\" that a deal will be struck between Greece and its creditors, he said time is running out with a 3.5 billion euros loan due to repaid on July 20. \n\"Clearly the money is not there,\" he said ahead of a crucial meeting in Europe between eurozone finance ministers and Greece later on Tuesday. \nPrime Minister Tony Abbott won't comment on the troubles facing Greece and China, saying it was his job to build a strong and prosperous Australia. \nActing Treasurer Bruce Billson was more forthcoming, saying the next few days would be \"very significant\" as Europe tries to thrash out a bailout solution. \nFinance ministers later on Tuesday will be urging the Greek authorities to devise a new plan that appeases lenders and allows a renewed supply of funding to the Greek economy. \n\"Now what needs to happen is a clear definition of what's next,\" Mr Billson told ABC radio. \nMr Kramer said if Greece doesn't come to the meeting with a plan \"it's over\". \nReserve Bank governor Glenn Stevens also offered limited commentary on either Greece or China following Tuesday's monthly board meeting, but noted the market fluctuations associated with developments in both countries. \nIt wasn't about to force any drastic action by the RBA, which left the cash rate at a record low of two per cent. \nGlobal uncertainty has seen the Australian dollar drop to a six-year low below 75 US cents, but Mr Stevens in his post-meeting statement still believes it should fall further against other currencies given significant declines in commodity prices. \nLocal share prices bounced nearly two per cent after Monday's initial fall in response to Sunday's Greek referendum voting \"no\" to severe austerity measures. \nBut Australian consumers are clearly worried that events in Greece and China will flow through to the Australian economy. \nThe ANZ-Roy Morgan consumer confidence index fell 4.6 per cent in the past week, eroding most of the gains made since the May budget. @y7finance on Twitter, become a fan on Facebook China the worry, not Greece: S&P AAP \nGlobal ratings agency Standard & Poor's has warned the problems facing China are a bigger threat to the global …", "external_links": [], "published": "2015-07-07T11:10:00.000+03:00", "crawled": "2015-07-07T16:04:41.000+03:00", "highlightTitle": ""}