{"organizations": [], "uuid": "cfb9bfa8fbf28774ba80b173bfba75060c8c3baf", "thread": {"social": {"gplus": {"shares": 0}, "pinterest": {"shares": 0}, "vk": {"shares": 0}, "linkedin": {"shares": 0}, "facebook": {"likes": 0, "shares": 0, "comments": 0}, "stumbledupon": {"shares": 0}}, "site_full": "financefollow.com", "main_image": "", "site_section": "http://financefollow.com/feed/", "section_title": "Finance Follow", "url": "http://financefollow.com/2015/07/update-2-chinas-tsinghua-unigroup-prepares-23-bln-bid-for-micron-technology-wsj/", "country": "", "title": "UPDATE 2-China’s Tsinghua Unigroup prepares $23 bln bid for Micron Technology – WSJ", "performance_score": 0, "site": "financefollow.com", "participants_count": 1, "title_full": "UPDATE 2-China’s Tsinghua Unigroup prepares $23 bln bid for Micron Technology – WSJ", "spam_score": 0.0, "site_type": "news", "published": "2015-07-14T06:58:00.000+03:00", "replies_count": 0, "uuid": "cfb9bfa8fbf28774ba80b173bfba75060c8c3baf"}, "author": "Expert", "url": "http://financefollow.com/2015/07/update-2-chinas-tsinghua-unigroup-prepares-23-bln-bid-for-micron-technology-wsj/", "ord_in_thread": 0, "title": "UPDATE 2-China’s Tsinghua Unigroup prepares $23 bln bid for Micron Technology – WSJ", "locations": [], "entities": {"persons": [], "locations": [], "organizations": []}, "highlightText": "", "language": "english", "persons": [], "text": "* Comment You may use these HTML tags and attributes: <a href=\"\" title=\"\"><abbr title=\"\"><acronym title=\"\"><b><blockquote cite=\"\"><cite><code><del datetime=\"\"><em><i><q cite=\"\"><s><strike><strong> Follow Us", "external_links": [], "published": "2015-07-14T06:58:00.000+03:00", "crawled": "2015-07-14T08:47:12.000+03:00", "highlightTitle": ""}