{"organizations": ["CMA"], "uuid": "738c111ee0f51d45680bd2658f4ed56f05c3b68e", "thread": {"social": {"gplus": {"shares": 0}, "pinterest": {"shares": 0}, "vk": {"shares": 0}, "linkedin": {"shares": 0}, "facebook": {"likes": 0, "shares": 0, "comments": 0}, "stumbledupon": {"shares": 0}}, "site_full": "www.thelawyer.com", "main_image": "", "site_section": "http://www.thelawyer.com/XmlServers/navsectionRSS.aspx?navsectioncode=4096", "section_title": "The Lawyer - Banking and Finance News", "url": "http://www.thelawyer.com/news/practice-areas/litigation-news/cma-appoints-three-barrister-inaugural-panel/3037232.article", "country": "GB", "title": "CMA appoints three-barrister inaugural panel", "performance_score": 0, "site": "thelawyer.com", "participants_count": 0, "title_full": "CMA appoints three-barrister inaugural panel", "spam_score": 0.0, "site_type": "news", "published": "2015-07-14T17:26:00.000+03:00", "replies_count": 0, "uuid": "738c111ee0f51d45680bd2658f4ed56f05c3b68e"}, "author": "", "url": "http://www.thelawyer.com/news/practice-areas/litigation-news/cma-appoints-three-barrister-inaugural-panel/3037232.article", "ord_in_thread": 0, "title": "CMA appoints three-barrister inaugural panel", "locations": [], "entities": {"persons": [], "locations": [], "organizations": []}, "highlightText": "", "language": "english", "persons": [], "text": " ", "external_links": [], "published": "2015-07-14T17:26:00.000+03:00", "crawled": "2015-07-14T16:55:37.000+03:00", "highlightTitle": ""}