{"organizations": ["Reuters"], "uuid": "5cf50bc45edd6a95e894b6fa61a7f354fad9068b", "thread": {"social": {"gplus": {"shares": 0}, "pinterest": {"shares": 0}, "vk": {"shares": 0}, "linkedin": {"shares": 0}, "facebook": {"likes": 0, "shares": 0, "comments": 0}, "stumbledupon": {"shares": 0}}, "site_full": "uk.finance.yahoo.com", "main_image": "https://s.yimg.com/bt/api/res/1.2/6rik6AZwuPGCiADf_9dhPQ--/YXBwaWQ9eW5ld3M7cT03NTt3PTYwMA--/http://l.yimg.com/os/mit/media/m/social/images/social_default_logo-1481777.png", "site_section": "https://uk.finance.yahoo.com/news/provider-targetukfocus/?format=rss", "section_title": "Finance News | Reuters - UK Focus - Yahoo! UK & Ireland Finance", "url": "https://uk.finance.yahoo.com/news/column-gold-mining-cost-cutting-015714584.html", "country": "US", "title": "COLUMN-Gold mining cost-cutting shows price can fall further: Russell", "performance_score": 0, "site": "yahoo.com", "participants_count": 0, "title_full": "COLUMN-Gold mining cost-cutting shows price can fall further: Russell", "spam_score": 0.0, "site_type": "news", "published": "2015-07-21T04:57:00.000+03:00", "replies_count": 0, "uuid": "5cf50bc45edd6a95e894b6fa61a7f354fad9068b"}, "author": "", "url": "https://uk.finance.yahoo.com/news/column-gold-mining-cost-cutting-015714584.html", "ord_in_thread": 0, "title": "COLUMN-Gold mining cost-cutting shows price can fall further: Russell", "locations": [], "entities": {"persons": [], "locations": [], "organizations": []}, "highlightText": "", "language": "english", "persons": ["Russell", "Clyde Russell"], "text": "--Clyde Russell is a Reuters columnist. The views expressed are his own.-- \nBy Clyde Russell \nLAUNCESTON, Australia, July 21 (Reuters) - What does gold have in common with iron ore and coal? All three are travelling down the same road of structural oversupply, softer demand growth and severe cost-cutting by their producers. \nWhile exciting for gold watchers, Monday's mini flash crash, which sent the most-active U.S. gold futures contract to a five-year low of $1,088 an ounce in thin early Asian trade, is largely irrelevant, unless viewed against a wider backdrop. \nThe broad picture for gold is that since the spot price reached its peak of $1,920.30 an ounce in September 2011, demand has dropped as supply has risen. \nMore than anything else this simple dynamic explains why gold has now given up about half the gains of the decade long rally between 2001 and 2011. \nFigures from Thomson Reuters GFMS show that in 2011 there was an overall deficit of 154.1 tonnes in the gold market, which fell to a deficit of 77.9 tonnes in 2012, then rose to a surplus of 248.7 tonnes in 2013 and 358.1 tonnes last year. \nWhile not entirely to blame for the rising surplus in the market, mine supply has been on an upward trend, from 2,845.9 tonnes in 2011 to 3,129.4 tonnes last year, according to GFMS data. \nMine supply is now projected to start declining, to 3,124.7 tonnes this year, 3,057 tonnes in 2016 and 2,970.3 in 2017. \nThis largely reflects the closure of higher-cost operations and the scaling back of exploration expenditure in response to low prices, which curtails new projects. \nGFMS uses a robust methodology and has a strong track record, but like all forecasters, it has to assume other factors remain equal, and this is why forecasting is generally fraught with risk. \nCOST CUTS LEAD TO LOWER PRICE \nThe main risk, from a supply perspective, is that miners are able to manage costs in such a way as to lower the industry's cost curve, allowing the price to fall in the absence of a demand-driven rally. \nThis is why gold may be experiencing a similar dynamic as iron ore and coal, even if it's not quite as far down the same road. \nWhat we've seen in iron ore and coal is that the most common response by mining companies to falling prices for their commodities is to increase volumes and cut costs. \nThe thinking is that by lowering unit costs the company will be able to weather the period of low prices. \nWhat has happened in practice is markets that were already oversupplied became more so, and the reductions in the industry cost curve simply allowed prices to fall by a similar amount. \nSpot thermal coal at Australia's Newcastle port , a regional benchmark, has lost more than half its value since 2011, while spot iron ore has fared even worse, fetching just over a quarter of what it did at its record high in early 2011. \nWhile gold has also fallen by almost 50 percent, the miners have been cushioned by fatter margins and it is only more recently that costs will have moved to the top of the list of concerns. \nLike their iron ore and coal counterparts, gold mining executives probably thought for a long time that prices couldn't get any worse and that a demand-led recovery was just around the corner. \nBut in the absence of rising demand, gold miners will seek to cut costs, a process they have already started and will likely try to accelerate. \nThe all-in cost of producing gold dropped 23 percent to $1,331 an ounce in the year to March 2014, according to data from Citigroup (NYSE: C - news ) . \nIf that sounds like an impressive decline, consider the latest announcements from some of the top gold mining companies. \nNewmont Mining Corp's all-in sustaining cost for gold was $849 an ounce in the first quarter of this year, down from $1,034 for the same quarter last year. \nBarrick Gold Corp had an all-in sustaining cost of $864 an ounce last year, lower than the $890-$920 the company had forecast. \nAustralia's Newcrest Mining had all-in costs of A$946 ($700) an ounce in the first quarter, down from A$963 for the same period in 2014. \nThese aren't unusual results and show that miners can, and will, cut costs before they trim output. \nThese are also figures for all-in sustaining costs, defined by the Minerals Council of Australia as designed to reflect the \"full marginal cost of gold mining\", including ongoing capital expenditure, indirect costs and overheads. \nWhile not viable in the long-term, certain costs within all-in sustaining costs can be discounted, thus allowing companies to continue production even if the operation is loss-making. \nWhat iron ore and coal have shown is that this process can run for far longer than most analysts thought possible, and that miners can weather extreme amounts of financial pain before taking the last step in a painful process, namely shutting down. \nThere may well be reasons why gold prices will stop declining and rally from this point, but the cost of mine supply isn't likely to be one of them. (Editing by Richard Pullin)", "external_links": [], "published": "2015-07-21T04:57:00.000+03:00", "crawled": "2015-07-21T05:35:18.288+03:00", "highlightTitle": ""}