{"organizations": [], "uuid": "350383da047da12695759e887de5dad588267a4f", "thread": {"social": {"gplus": {"shares": 0}, "pinterest": {"shares": 0}, "vk": {"shares": 0}, "linkedin": {"shares": 0}, "facebook": {"likes": 0, "shares": 0, "comments": 0}, "stumbledupon": {"shares": 0}}, "site_full": "www.modernghana.com", "main_image": "http://img.modernghana.com/images/content/tko_fuel_tankers.jpg", "site_section": "http://www.modernghana.com/rssfeed/news.xml?cat_id=1&gender=46", "section_title": "Business & Finance", "url": "http://www.modernghana.com/news/630160/1/prices-of-petroleum-products-drop-by-23.html", "country": "US", "title": "Prices of petroleum products drop by 23%", "performance_score": 0, "site": "modernghana.com", "participants_count": 0, "title_full": "Prices of petroleum products drop by 23%", "spam_score": 0.0, "site_type": "news", "published": "2015-07-16T21:02:00.000+03:00", "replies_count": 0, "uuid": "350383da047da12695759e887de5dad588267a4f"}, "author": "", "url": "http://www.modernghana.com/news/630160/1/prices-of-petroleum-products-drop-by-23.html", "ord_in_thread": 0, "title": "Prices of petroleum products drop by 23%", "locations": [], "entities": {"persons": [], "locations": [], "organizations": []}, "highlightText": "", "language": "english", "persons": [], "text": "  16 July 2015 19:02 CET Prices of petroleum products drop by 23% By Daily Guide \nPrices of petroleum products have dropped by 23% per the new index released by the Ghana Chamber of Bulk Oil Distributors. \nBulk Oil Distribution Companies (BDCs) have reduced their prices by 23% to Oil Marketing Companies (OMCs). Per the new index OMCs have also reduced prices of petroleum products between 10-20%. \nThe Chamber said the new fuel price indicator index affects four commodities – Petrol, Diesel, LPG and Kerosene. \nThe Chief Executive Officer of the Bulk Oil Distribution Companies, Senyo Hosi, told Radio Ghana the newly launched indicators are expected to show the trend of factors affecting petroleum products and also keep stakeholders informed about issues concerning petroleum products. \nHe said the reduction in the price of petroleum products was due to the Cedi recovery and the fall of crude oil prices on the international market. \nThe pricing formula has gone down by an average of 22-point-six percent. \nMeanwhile,drivers are not happy because they claim filling stations are still maintaining the old prices.", "external_links": [], "published": "2015-07-16T21:02:00.000+03:00", "crawled": "2015-07-17T12:24:47.000+03:00", "highlightTitle": ""}