{"organizations": [], "uuid": "962caf086af96677ceaeed2577d5aa1c87940296", "thread": {"social": {"gplus": {"shares": 0}, "pinterest": {"shares": 0}, "vk": {"shares": 0}, "linkedin": {"shares": 0}, "facebook": {"likes": 0, "shares": 0, "comments": 0}, "stumbledupon": {"shares": 0}}, "site_full": "www.moneylife.in", "main_image": "http://moneylife.in/site/userimage/image/thumbnail/DelhiBJP008072015.jpg", "site_section": "http://www.moneylife.in/site/rss.php", "section_title": "Moneylife Personal Finance Magazine", "url": "http://www.moneylife.in/article/aap-government-to-bear-expenses-of-mlas-opening-offices/42693.html", "country": "IN", "title": "AAP government to bear expenses of MLAs opening offices", "performance_score": 0, "site": "moneylife.in", "participants_count": 1, "title_full": "AAP government to bear expenses of MLAs opening offices", "spam_score": 0.0, "site_type": "news", "published": "2015-07-08T07:47:00.000+03:00", "replies_count": 0, "uuid": "962caf086af96677ceaeed2577d5aa1c87940296"}, "author": "IANS", "url": "http://www.moneylife.in/article/aap-government-to-bear-expenses-of-mlas-opening-offices/42693.html", "ord_in_thread": 0, "title": "AAP government to bear expenses of MLAs opening offices", "locations": [], "entities": {"persons": [], "locations": [], "organizations": []}, "highlightText": "", "language": "english", "persons": [], "text": "Moneylife » AAP government to bear expenses of MLAs opening offices 42693 AAP government to bear expenses of MLAs opening offices 0 Comments, Be the first to comment + COMMENT IANS | 08/07/2015 10:17 AM | The AAP government in Delhi will bear the cost of opening and maintaining offices by legislators who have been asked to identify the land in their respective constitutes in the national capital. In a letter to Bharatiya Janata Party (BJP) lawmaker Vijender Gupta, assembly Speaker Ram Niwas Goel said the government of the National Capital Territory (NCT) of Delhi has conveyed it was in agreement to the concept of establishing offices of assembly constituencies in each seat. The letter was written on June 25. Interestingly, about a dozen of AAP legislators have demanded hike in their salaries, due to official expenses in their constituencies. Of the 70 Delhi legislators, 67 are from the Aam Aadmi Party and the remaining three belong to the BJP. The letter said that \"the office should be approximately about 700-1,000 square feet in size and located at a convenient location which is easily accessible to the public\". \"Office infrastructure like staff, furniture equipment like computer, fax etc. will be provided by the Delhi assembly Secretariat,\" it added. More in Moneylife", "external_links": [], "published": "2015-07-08T07:47:00.000+03:00", "crawled": "2015-07-08T07:59:59.000+03:00", "highlightTitle": ""}