{"organizations": [], "uuid": "cd200fb0ed72b3a9b4827484865fa8cf8da095ca", "thread": {"social": {"gplus": {"shares": 0}, "pinterest": {"shares": 0}, "vk": {"shares": 0}, "linkedin": {"shares": 0}, "facebook": {"likes": 0, "shares": 0, "comments": 0}, "stumbledupon": {"shares": 0}}, "site_full": "uk.finance.yahoo.com", "main_image": "https://s.yimg.com/bt/api/res/1.2/6rik6AZwuPGCiADf_9dhPQ--/YXBwaWQ9eW5ld3M7cT03NTt3PTYwMA--/http://l.yimg.com/os/mit/media/m/social/images/social_default_logo-1481777.png", "site_section": "https://uk.finance.yahoo.com/news/sector-basic-materials/?format=rss", "section_title": "Basic Resources News | Yahoo! Finance", "url": "https://uk.finance.yahoo.com/news/pmc-wins-gold-channelpro-readers-200500262.html", "country": "US", "title": "PMC Wins Gold in ChannelPro Readers’ Choice Awards for Best Storage Controller", "performance_score": 0, "site": "yahoo.com", "participants_count": 0, "title_full": "PMC Wins Gold in ChannelPro Readers’ Choice Awards for Best Storage Controller", "spam_score": 0.0, "site_type": "news", "published": "2015-07-22T23:05:00.000+03:00", "replies_count": 0, "uuid": "cd200fb0ed72b3a9b4827484865fa8cf8da095ca"}, "author": "", "url": "https://uk.finance.yahoo.com/news/pmc-wins-gold-channelpro-readers-200500262.html", "ord_in_thread": 0, "title": "PMC Wins Gold in ChannelPro Readers’ Choice Awards for Best Storage Controller", "locations": [], "entities": {"persons": [], "locations": [], "organizations": []}, "highlightText": "", "language": "english", "persons": [], "text": "Tip : Use comma (,) to separate multiple quotes. Learn more... \nWed, Jul 22, 2015, 21:27 BST - UK Markets closed PMC Wins Gold in ChannelPro Readers’ Choice Awards for Best Storage Controller Adaptec RAID Controller Edges out Major Competitors as Readers’ Choice Press Release : PMC-Sierra, Inc. – 22 minutes ago Related Content \nSUNNYVALE, Calif.--(BUSINESS WIRE)-- \nPMC-Sierra, Inc. (PMC®) (Nasdaq:PMCS), the semiconductor and software solutions innovator transforming networks that connect, move and store big data, today announced it was named a gold award winner in the ChannelPro-SMB 2015 Readers’ Choice Awards for Best SAS/SATA RAID Controller . \n“This award confirms that our Adaptec® products are highly valued in the channel for their superior performance, compatibility and scalability,” said Troy Winslow, director, Channel & Data Center Marketing at PMC. “To have our PMC Adaptec Series 6, 7 and 8 family of 6Gb/s and 12Gb/s RAID adapters recognized by our customers and partners is a great honor.” \nReaders of ChannelPro-SMB were invited to participate in the channel’s only SMB-focused Readers’ Choice Awards by casting their votes for the vendors, distributors, and professional organizations with the most SMB- and partner-friendly solutions, services, or programs in the channel today, via the publication’s website. For each category, readers were asked to select the option that best satisfies the unique business requirements, work styles, and budgets of their small and midsize business clients, as well as those that best serve their own partner organizations. The survey was fielded in Q1 and Q2 of 2015 and drew participation from more than 500 VARs, MSPs, integrators, system builders, and IT consultants in the channel. Gold, Silver, and Bronze winners were named in each category. \nAbout Adaptec Storage Solutions \nPMC Adaptec storage solutions protect, accelerate, and condition data as it moves through the I/O path. We deliver high-performance, interoperable and reliable storage solutions combined with leading technical support. PMC Adaptec 12Gb/s PCIe Gen3 Series 8 RAID adapters, coupled with 6Gb/s or 12Gb/s SSDs, provide maximum read/write bandwidth and IOPS for the most performance-hungry transactional and database applications. Our products enable customers to innovate storage networks for next-generation data centers, cloud services as well as the broader market segments served by our channel partners. For more information, visit www.adaptec.com . \nAbout PMC \nPMC (Nasdaq:PMCS) is the semiconductor and software solutions innovator transforming networks that connect, move and store big data. Building on a track record of technology leadership, the company is driving innovation across storage, optical and mobile networks. PMC’s highly integrated solutions increase performance and enable next-generation services to accelerate the network transformation. For more information, visit www.pmcs.com . Follow PMC on Facebook , Twitter , LinkedIn and RSS . \nAbout ChannelPro-SMB \nChannelPro-SMB, part of The ChannelPro Network, provides targeted business and technology information for IT channel partners who serve small and midsize businesses. Via a monthly magazine and associated online properties, ChannelPro-SMB delivers expert opinion, analysis, news, product reviews, and advice vital to a reseller’s business success. Perspectives from VARs, vendors, distributors, and analysts are spotlighted daily. No other media company focuses on the small and midsize marketplace like ChannelPro-SMB. More information is available at http://www.ChannelProNetwork.com . \n© Copyright PMC-Sierra, Inc. 2015. All rights reserved. PMC, PMC-SIERRA and ADAPTEC are registered trademarks of PMC-Sierra, Inc. in the United States and other countries, PMCS is a trademark of PMC-Sierra, Inc. PMC disclaims any ownership rights in other product and company names mentioned herein. PMC is the corporate brand of PMC-Sierra, Inc. View source version on businesswire.com: http://www.businesswire.com/news/home/20150722006296/en/ Contact:", "external_links": [], "published": "2015-07-22T23:05:00.000+03:00", "crawled": "2015-07-22T23:28:04.755+03:00", "highlightTitle": ""}