{"organizations": [], "uuid": "09a08b080db60d244414145257db1fd4aa15c931", "thread": {"social": {"gplus": {"shares": 0}, "pinterest": {"shares": 0}, "vk": {"shares": 0}, "linkedin": {"shares": 0}, "facebook": {"likes": 0, "shares": 0, "comments": 0}, "stumbledupon": {"shares": 0}}, "site_full": "uk.finance.yahoo.com", "main_image": "https://s.yimg.com/bt/api/res/1.2/TpS.1qfKoxoQcp45VxoqPw--/YXBwaWQ9eW5ld3M7aWw9cGxhbmU7cT03NTt3PTYwMA--/http://globalfinance.zenfs.com/images/UK_AFTP_AFP_LIVE_1/6d335a7efd0f04c7f9ac76bcd2302484b753f01c_original.jpg", "site_section": "https://uk.finance.yahoo.com/news/topic-top-stories/?format=rss", "section_title": "Top stories from Yahoo! Finance UK", "url": "https://uk.finance.yahoo.com/news/peugeot-returns-profit-first-half-150253663.html", "country": "GB", "title": "Peugeot returns to profit in first half", "performance_score": 0, "site": "yahoo.com", "participants_count": 0, "title_full": "Peugeot returns to profit in first half", "spam_score": 0.0, "site_type": "news", "published": "2015-07-29T18:02:00.000+03:00", "replies_count": 0, "uuid": "09a08b080db60d244414145257db1fd4aa15c931"}, "author": "", "url": "https://uk.finance.yahoo.com/news/peugeot-returns-profit-first-half-150253663.html", "ord_in_thread": 0, "title": "Peugeot returns to profit in first half", "locations": [], "entities": {"persons": [], "locations": [], "organizations": []}, "highlightText": "", "language": "english", "persons": [], "text": "Tip : Use comma (,) to separate multiple quotes. Learn more... \nWed, Jul 29, 2015, 16:19 BST - UK Markets close in 11 mins. Peugeot returns to profit in first half AFP – 16 minutes ago View Photo \n\nFrench automaker Peugeot (Other OTC: PUOGF - news ) on Wednesday announced a return to profitability in the first half of the year with a net profit of 571 million euros ($630 million), sending its share price soaring. \nPSA Peugeot Citroen shares were up 5.54 percent to 18.77 euros in generally flat mid-afternoon trading on France's CAC 40. \nThe group had posted a 114 million euro loss in the first half of 2014. \nAnalysts at Morgan Stanley (Xetra: 885836 - news ) called the group's first positive semester since 2011 \"very impressive\"given the industry's tight margins, saying Peugeot had benefitted from its restructuring efforts and favorable exchange rates. \nThe turnaround comes a little over a year after Carlos Tavares, former number two at rival Renault (Swiss: RNO.SW - news ) , took the helm when PSA was on the brink of bankruptcy. \nIn April 2014, the French state and Chinese auto group Dongfeng each took a 14 percent stake in the family firm in exchange for a 3.0 billion euro capital injection. \nThe group attributed the growth to a \"positive product mix\" and favorable exchange rates. \nTurnover was also up 4.7 percent to 28.9 billion euros, of which the automobile division accounted for 19.4 billion euros. \nTavares said Peugeot was \"a little ahead\" with its plan to return to profitability dubbed \"Back in the Race\", launched in 2014. \n\"Even (Taiwan OTC: 6436.TWO - news ) if we are a little ahead with our plan, we think we need to stay focussed. The more we see adverse winds coming... the more we are persuaded that we must stay very focussed until the end of this plan's implementation,\" he said in a conference call with investors. \nFinancial director Jean-Baptiste Chatillon, for his part, said the slowdown in China -- the group's biggest market -- was of concern. \n\"The Chinese market is in the midst of a transformation,\" he said. \"We will adapt to it. It's certainly an important thing to watch... but it is certainly not an obstacle to the plan.\" \nThe group is banking on 6.0 percent growth in the European auto market and 3.0 percent growth in China, while declines of 15 percent and 35 percent are expected in Latin America and Russia respectively.", "external_links": [], "published": "2015-07-29T18:02:00.000+03:00", "crawled": "2015-07-29T18:26:48.105+03:00", "highlightTitle": ""}