{"organizations": [], "uuid": "c70052aec3cefd56b7f4f08b879d1f4e30e95d89", "thread": {"social": {"gplus": {"shares": 0}, "pinterest": {"shares": 0}, "vk": {"shares": 0}, "linkedin": {"shares": 0}, "facebook": {"likes": 0, "shares": 0, "comments": 0}, "stumbledupon": {"shares": 0}}, "site_full": "www.goodreturns.in", "main_image": "http://www.goodreturns.in/img/2015/07/22-1437560339-sectorfunds-600.jpg", "site_section": "http://www.goodreturns.in/rss/money-business-news-fb.xml", "section_title": "Latest Business News | Finance News India | International Share Market – Oneindia Money", "url": "http://www.goodreturns.in/news/2015/07/22/stocks-that-were-news-on-july-22-2015-376251.html", "country": "CA", "title": "Stocks That Were In News On July 22, 2015", "performance_score": 0, "site": "goodreturns.in", "participants_count": 0, "title_full": "Stocks That Were In News On July 22, 2015", "spam_score": 0.0, "site_type": "news", "published": "2015-07-22T13:19:00.000+03:00", "replies_count": 0, "uuid": "c70052aec3cefd56b7f4f08b879d1f4e30e95d89"}, "author": "", "url": "http://www.goodreturns.in/news/2015/07/22/stocks-that-were-news-on-july-22-2015-376251.html", "ord_in_thread": 0, "title": "Stocks That Were In News On July 22, 2015", "locations": [], "entities": {"persons": [], "locations": [], "organizations": []}, "highlightText": "", "language": "english", "persons": [], "text": "The Sensex ended the day with gains of 322 points, while the Nifty ended the day with gains of 104 points. \nCheck the top gainers and losers in BSE & NSE stock market today . \nBajaj Finance \nNon-banking finance company Bajaj Finance Ltd today reported 30.40 per cent jump in its net profit at Rs 275.63 crore for the first quarter ended June 30. \nThe stock ended the day at Rs 5130, higher by 0.56 per cent on BSE. It touched an intraday high Rs 5203 during the trade. \nPipavav Defence \nThe company rose during the day and ended marginally lower on Wednesday on signing agreement with Russian company for refits of EKM 877 submarines in India. \nThe stock ended the day at Rs 62.25, lower by 0.56 per cent on BSE. It touched an intraday high Rs 63.35during the trade. \nCairn India \nCairn India shares dipped and recovered in today's trade. The company reported a 24 per cent year-on-year drop with a consolidated net profit of Rs 835 crore for the quarter for first quarter. \nThe stock ended the day at Rs 166, higher by 2.58 per cent on BSE. It touched an intraday low Rs 156 during the trade. \nEicher Motors \nThe company reported 40.89 per cent rise in its consolidated net profit at Rs 221.83 crore for the second quarter ended June, 2015. \nThe stock ended the day at Rs 21,164, lower by 0.81 per cent on BSE. It touched an intraday high Rs 20,775 during the trade. \nSun TV \nShares in another entertainment company Sun TV Network dropped after continuing worries over its license renewal. \nThe stock ended the day at Rs 258, lower by 1.58 per cent on BSE. It touched an intraday high Rs 256 during the trade. \nGoodReturns.in", "external_links": [], "published": "2015-07-22T13:19:00.000+03:00", "crawled": "2015-07-22T17:56:18.637+03:00", "highlightTitle": ""}