{"organizations": [], "uuid": "66ece27526040c4b8d7e85aa0ee95cbe1f7257a5", "thread": {"social": {"gplus": {"shares": 0}, "pinterest": {"shares": 0}, "vk": {"shares": 0}, "linkedin": {"shares": 0}, "facebook": {"likes": 0, "shares": 0, "comments": 0}, "stumbledupon": {"shares": 0}}, "site_full": "www.environmental-finance.com", "main_image": "", "site_section": "http://www.environmental-finance.com/content/environmental-finance-rss-feed.xml", "section_title": "Environmental Finance RSS feed", "url": "https://www.environmental-finance.com/content/news/uk-government-slammed-for-lifting-renewable-energy-tax-breaks.html", "country": "", "title": "UK government slammed for lifting renewable energy tax breaks", "performance_score": 0, "site": "environmental-finance.com", "participants_count": 0, "title_full": "UK government slammed for lifting renewable energy tax breaks", "spam_score": 0.0, "site_type": "news", "published": "2015-07-09T19:16:00.000+03:00", "replies_count": 0, "uuid": "66ece27526040c4b8d7e85aa0ee95cbe1f7257a5"}, "author": "", "url": "https://www.environmental-finance.com/content/news/uk-government-slammed-for-lifting-renewable-energy-tax-breaks.html", "ord_in_thread": 0, "title": "UK government slammed for lifting renewable energy tax breaks", "locations": ["UK"], "entities": {"persons": [], "locations": [], "organizations": []}, "highlightText": "", "language": "english", "persons": [], "text": "End date UK government slammed for lifting renewable energy tax breaks \nRenewable energy consumption will no longer be exempt from tax in the UK, in a government move that has been slammed for discouraging investment in the sector. To access this article please sign-in below or register for a free one-month trial. Login", "external_links": [], "published": "2015-07-09T19:16:00.000+03:00", "crawled": "2015-07-09T19:32:15.000+03:00", "highlightTitle": ""}