{"organizations": [], "uuid": "539b334036d6dde8672e5eec067c5b8659a2ce41", "thread": {"social": {"gplus": {"shares": 0}, "pinterest": {"shares": 0}, "vk": {"shares": 0}, "linkedin": {"shares": 0}, "facebook": {"likes": 0, "shares": 0, "comments": 0}, "stumbledupon": {"shares": 0}}, "site_full": "uk.finance.yahoo.com", "main_image": "https://s1.yimg.com/bt/api/res/1.2/ubibVIMMk8Y.e4fDM4OKFw--/YXBwaWQ9eW5ld3M7aWw9cGxhbmU7cT03NTt3PTYwMA--/http://globalfinance.zenfs.com/images/UK_AFTP_AFP_LIVE_1/e5224267b8fc50a1dba8b211bdc78bbbf863c743_original.jpg", "site_section": "https://uk.finance.yahoo.com/news/provider-afp/?format=rss", "section_title": "Finance News | AFP - Yahoo! UK & Ireland Finance", "url": "https://uk.finance.yahoo.com/news/asia-markets-bounce-back-china-072511271.html", "country": "GB", "title": "Asia markets bounce back as China beefs up measures", "performance_score": 0, "site": "yahoo.com", "participants_count": 0, "title_full": "Asia markets bounce back as China beefs up measures", "spam_score": 0.0, "site_type": "news", "published": "2015-07-09T10:25:00.000+03:00", "replies_count": 0, "uuid": "539b334036d6dde8672e5eec067c5b8659a2ce41"}, "author": "", "url": "https://uk.finance.yahoo.com/news/asia-markets-bounce-back-china-072511271.html", "ord_in_thread": 0, "title": "Asia markets bounce back as China beefs up measures", "locations": ["China"], "entities": {"persons": [], "locations": [], "organizations": []}, "highlightText": "", "language": "english", "persons": [], "text": "Tip : Use comma (,) to separate multiple quotes. Learn more... \nThu, Jul 9, 2015, 08:30 BST - UK Markets close in 8 hrs. Asia markets bounce back as China beefs up measures AFP – 5 minutes ago View Photo \n\nAsian markets rose Thursday, reversing heavy morning losses and tracking a surge in Shanghai after China announced new measures to staunch a mainland rout that has fuelled fears about the wider economy. \nThe gains come after regional shares took a hammering Wednesday as shell-shocked traders were buffeted by the crisis in China, which has wiped trillions off of valuations, and fears about Greece's future in the eurozone. \nCommodity prices were also sideswiped, with one analyst saying a tonne of iron ore was now cheaper in China than a tonne of cabbage. \nShanghai tumbled 3.40 percent at the open but soared in the afternoon to sit 6.38 percent higher -- a 10 percent swing -- while Hong Kong lost 0.45 percent soon after opening but in late trade was up four percent. \nTokyo recovered from losses of more than three percent to end 0.60 percent, or 117.86 points, higher at 19,855.50. \nSeoul added 0.58 percent, or 11.60 points, to 2,027.81 and Sydney was slightly higher, adding 1.50 points to 5,471.00 -- both indexes had fallen about 1.6 percent in the morning. \nAfter a series of failed measures, China's market regulator Wednesday barred \"big\" shareholders -- defined as those with stakes of more than five percent -- and executives of listed companies from selling their shares for the next six months. \n\"Investor (Stockholm: INVE-A.ST - news ) confidence is recovering,\" Zhang Gang, an analyst from Central China Securities, told AFP. \nPolice and security regulators also launched a joint probe Thursday into \"vicious short-selling\", the official Xinhua news agency reported. Short-selling is the selling of stock that is not actually held, in anticipation of a future fall in prices. \nHowever, Mark Mobius, chairman of Templeton Emerging Markets Group, said the latest announcement out of Beijing \"suggests desperation\" by the leadership. \n\"It actually creates more fear because it shows that they've lost control,\" he told Bloomberg News. \nShanghai had risen more than 150 percent in the 12 months to its June 12 peak in a borrowing-fuelled frenzy enhanced by hopes for economy-boosting measures by the government. However, it has given up about 30 percent since then. \nAnalysts said new restrictions on margin trading and concerns about the overvaluation of many stocks have forced mainland investors -- mostly individual retail traders -- to cash out. \n\"We're clearly in the middle of a market panic of some magnitude in China and unfortunately the regulator response has really been quite harmful so far,\" Michael Shaoul, chief executive officer at Marketfield Asset Management in New York, told Bloomberg TV. \n- Iron ore 'cheaper than cabbage' - \nOn commodities markets the spot price of iron ore, a key export to China, took its biggest one-day hit ever overnight, falling 10 percent to $44.59 a tonne -- its lowest since May 2009. \n\"The risk from Chinese equities markets is clearly impacting commodities markets,\" IG Markets strategist Evan Lucas said in a note. \"The steel price in China is now cheaper per tonne than cabbage.\" \nWhile copper jumped as the US dollar slipped, oil prices also eased although they recovered slightly Thursday. \nUS benchmark West Texas Intermediate for August delivery was up 87 cents at $52.52 and Brent crude for August rose 81 cents to $57.86 a barrel in afternoon trade following recent sharp losses. \nGold fetched $1,163.11 compared with $1,155.39 late Wednesday. \nThe recovery in markets bled through to currency trading. \nThe Japanese unit was changing hands at 121.37 to the dollar and 134.66 to the euro, down from 120.71 and and 133.68, although it is still stronger than the 122 and 135 range seen at the start on the week. \nDealers are also tracking events in Europe after Greece was given a Sunday deadline to come up with a bailout reform plan its creditors find acceptable or face ejection from the eurozone. \nEuropean leaders slapped the ultimatum on Athens after last weekend's referendum in which Greek voters rejected austerity-packed reforms in return for more cash. \nThey have warned the country's leadership that if it does not provide detailed measures, a contingency plan is in place to deal with its removal from the euro area. \nEuropean equities brushed off the huge losses in Asia to end higher on hopes for a resolution to the Greek crisis after Prime Minister Alexis Tsipras vowed to present \"credible\" reform plans. \n\"European equities (are) positive (which) suggests hope of progress before the weekend deadline,\" noted Mike van Dulken, head of research at Accendo Markets. \nFrankfurt added 0.66 percent, Paris rose 0.75 percent and London was up 0.91 percent. \nIn foreign exchange trade Thursday the euro was at $1.1095 against $1.1074 in New York but well up from the levels below $1.1000 earlier Wednesday in Asia.", "external_links": [], "published": "2015-07-09T10:25:00.000+03:00", "crawled": "2015-07-09T10:31:51.000+03:00", "highlightTitle": ""}