{"organizations": ["Equinix"], "uuid": "a6c29bcdd6d638ae35077e99a89f59bdffaf01c1", "thread": {"social": {"gplus": {"shares": 0}, "pinterest": {"shares": 0}, "vk": {"shares": 0}, "linkedin": {"shares": 0}, "facebook": {"likes": 0, "shares": 0, "comments": 0}, "stumbledupon": {"shares": 0}}, "site_full": "us.rd.yahoo.com", "main_image": "", "site_section": "http://us.rd.yahoo.com/finance/news/rss/add/*http://finance.yahoo.com/rss/headline?s=EQIX", "section_title": "Yahoo! Finance: EQIX News", "url": "http://us.rd.yahoo.com/finance/external/noodlsaunz/rss/SIG=125auigte/*http://www.noodls.com/view/B1096281CF3F950E1F4AF3764B2E9A7A582653F1", "country": "US", "title": "Q2 2015 Equinix Earnings Conference Call", "performance_score": 0, "site": "yahoo.com", "participants_count": 0, "title_full": "Q2 2015 Equinix Earnings Conference Call", "spam_score": 0.0, "site_type": "news", "published": "2015-07-29T23:17:00.000+03:00", "replies_count": 0, "uuid": "a6c29bcdd6d638ae35077e99a89f59bdffaf01c1"}, "author": "", "url": "http://us.rd.yahoo.com/finance/external/noodlsaunz/rss/SIG=125auigte/*http://www.noodls.com/view/B1096281CF3F950E1F4AF3764B2E9A7A582653F1", "ord_in_thread": 0, "title": "Q2 2015 Equinix Earnings Conference Call", "locations": [], "entities": {"persons": [], "locations": [], "organizations": []}, "highlightText": "", "language": "english", "persons": [], "text": "Close \nThe information, communications and presentations contained on this website contain information believed to be accurate when produced and posted but that may have been superseded by subsequent events and/or the passage of time. These materials are available as archives, but Equinix cautions that they are not reviewed or updated, and disclaims any intent or undertaking to do so. \nThe information, communications and presentations contained on this website may also contain certain \"forward-looking statements\", which include words such as \"believe\", \"anticipate\" and \"expect.\" These forward-looking statements involve risks and uncertainties that may cause Equinix's actual results to differ materially from those expressed or implied by these statements. Risks and uncertainties are detailed from time to time in Equinix's filings with the U.S. Securities and Exchange Commission. Equinix is under no obligation to, and expressly disclaims any obligation to, update or alter its forward-looking statements, whether as a result of changes, new information, subsequent events or otherwise. \nBy viewing these archived materials, you acknowledge that you understand these cautionary statements.", "external_links": [], "published": "2015-07-29T23:17:00.000+03:00", "crawled": "2015-07-30T10:01:10.361+03:00", "highlightTitle": ""}