{"organizations": [], "uuid": "94bac3635b70b0543d1740e12e34e62ba384c4c7", "thread": {"social": {"gplus": {"shares": 0}, "pinterest": {"shares": 0}, "vk": {"shares": 0}, "linkedin": {"shares": 0}, "facebook": {"likes": 0, "shares": 0, "comments": 0}, "stumbledupon": {"shares": 0}}, "site_full": "www.moneycontrol.com", "main_image": "http://www.moneycontrol.com/news_image_files/2015/356x200/r/realty_0044_356.jpg", "site_section": "http://www.moneycontrol.com/rss/pfcolumns.xml", "section_title": "Moneycontrol Personal Finance Columns", "url": "http://www.moneycontrol.com/news/real-estate/will-chennai-realty-ridemetros-success_1975821.html", "country": "IN", "title": "Will Chennai realty ride on metro's success?", "performance_score": 0, "site": "moneycontrol.com", "participants_count": 0, "title_full": "Will Chennai realty ride on metro's success?", "spam_score": 0.0, "site_type": "news", "published": "2015-07-15T13:25:00.000+03:00", "replies_count": 0, "uuid": "94bac3635b70b0543d1740e12e34e62ba384c4c7"}, "author": "", "url": "http://www.moneycontrol.com/news/real-estate/will-chennai-realty-ridemetros-success_1975821.html", "ord_in_thread": 0, "title": "Will Chennai realty ride on metro's success?", "locations": ["Chennai"], "entities": {"persons": [], "locations": [], "organizations": []}, "highlightText": "", "language": "english", "persons": [], "text": "Jul 15, 2015, 06.59 PM IST | Source: CNBC-TV18 Will Chennai realty ride on metro's success? Chennai's metro line is only 14 days old and experts are already predicting a 15 percent price appreciation. Like this story, share it with millions of investors on M3 Will Chennai realty ride on metros success? Chennai's metro line is only 14 days old and experts are already predicting a 15 percent price appreciation. Post your opinion here \nC hennai's metro line is only 14 days old and experts are already predicting a 15 percent price appreciation. A recent study suggests that the metro rail turning operational could result in an additional price-rise in realty sector in this city. \nWatch accompanying video for more. \nRELATED NEWS", "external_links": [], "published": "2015-07-15T13:25:00.000+03:00", "crawled": "2015-07-15T16:54:11.000+03:00", "highlightTitle": ""}