{"organizations": [], "uuid": "956db3537bc7e77d62f4559d93af4c5af4e9bd11", "thread": {"social": {"gplus": {"shares": 0}, "pinterest": {"shares": 0}, "vk": {"shares": 0}, "linkedin": {"shares": 0}, "facebook": {"likes": 0, "shares": 0, "comments": 0}, "stumbledupon": {"shares": 0}}, "site_full": "www.modernghana.com", "main_image": "http://img.modernghana.com/images/content/afv2ylk88s_7221918705022_1600271863914.jpg", "site_section": "http://www.modernghana.com/rssfeed/news.xml?cat_id=1&gender=46", "section_title": "Business & Finance", "url": "http://www.modernghana.com/news/630149/1/bulk-oil-distributors-release-pricing-formula.html", "country": "US", "title": "Bulk Oil Distributors release pricing formula", "performance_score": 0, "site": "modernghana.com", "participants_count": 0, "title_full": "Bulk Oil Distributors release pricing formula", "spam_score": 0.0, "site_type": "news", "published": "2015-07-16T19:36:00.000+03:00", "replies_count": 0, "uuid": "956db3537bc7e77d62f4559d93af4c5af4e9bd11"}, "author": "", "url": "http://www.modernghana.com/news/630149/1/bulk-oil-distributors-release-pricing-formula.html", "ord_in_thread": 0, "title": "Bulk Oil Distributors release pricing formula", "locations": [], "entities": {"persons": [], "locations": [], "organizations": []}, "highlightText": "", "language": "english", "persons": [], "text": "  16 July 2015 17:36 CET Bulk Oil Distributors release pricing formula By Myjoyonline.com \nBulk Oil Distributors have released the formula used in pricing petroleum products. \nThe methodology that will be released every week, will let consumers appreciate and understand what goes into pricing petroleum products. \nClick here for the methodology used in pricing petroleum products.", "external_links": [], "published": "2015-07-16T19:36:00.000+03:00", "crawled": "2015-07-17T12:24:48.000+03:00", "highlightTitle": ""}