{"organizations": [], "uuid": "0d5b2cd75c441303914ff233b9de6a2a48284196", "thread": {"social": {"gplus": {"shares": 0}, "pinterest": {"shares": 0}, "vk": {"shares": 0}, "linkedin": {"shares": 0}, "facebook": {"likes": 0, "shares": 0, "comments": 0}, "stumbledupon": {"shares": 0}}, "site_full": "www.modernghana.com", "main_image": "http://img.modernghana.com/images/content/bf7iam4yxs_sheabuttertree.jpg", "site_section": "http://www.modernghana.com/rssfeed/news.xml?cat_id=1&gender=46", "section_title": "Business & Finance", "url": "http://www.modernghana.com/news/631362/1/districts-have-no-bye-laws-to-protect-shea-trees.html", "country": "US", "title": "Districts have no bye-laws to protect shea trees", "performance_score": 0, "site": "modernghana.com", "participants_count": 0, "title_full": "Districts have no bye-laws to protect shea trees", "spam_score": 0.0, "site_type": "news", "published": "2015-07-22T19:00:00.000+03:00", "replies_count": 0, "uuid": "0d5b2cd75c441303914ff233b9de6a2a48284196"}, "author": "", "url": "http://www.modernghana.com/news/631362/1/districts-have-no-bye-laws-to-protect-shea-trees.html", "ord_in_thread": 0, "title": "Districts have no bye-laws to protect shea trees", "locations": [], "entities": {"persons": [], "locations": [], "organizations": []}, "highlightText": "", "language": "english", "persons": [], "text": "  22 July 2015 17:00 CET Districts have no bye-laws to protect shea trees By GNA \nTamale, July 22, GNA - A study by the Shea Network Ghana has discovered that most districts in northern Ghana where shea trees grow, do not have bye-laws to protect and conserve that resource. \nThe study has also found that there is no conserved area for undisturbed harvesting of sheanuts in northern Ghana. \nIt was conducted early this year following concerns of drastic reduction in the population of shea trees in northern Ghana. \nMr Francis Chimsah, Board member of Shea Network Ghana, who presented the findings of the study at a stakeholders' forum in Tamale, said financial constraints and the lack of legal experts at the district assemblies were among the reasons for not putting in place the right legal framework to protect and conserve shea trees. \nStakeholders who attended the forum included members of the Shea Network Ghana and representatives of some of the district assemblies in the three northern regions where shea trees are located. \nShea trees are a source of livelihood for most rural women in northern Ghana, who rely on shea nut processing to take care of their families. \nMr Chimsah said the study also identified the lack of political will on the part of the relevant authorities to pass bye-laws to protect and conserve shea trees. \nThe recommendations of the study included the need for district assemblies and local authorities in northern Ghana to work together to conserve shea trees. \nThe study also recommended the need for district assemblies to work to protect other economic trees since they were important to the livelihood of rural dwellers. \nMr Chimsah said there was also the need for community education on the existing legal framework in some of the district assemblies to protect and conserve economic trees. \nMr Iddi Zakaria, Coordinator of Shea Network Ghana said the Network would use the study to engage district assemblies and other stakeholders to work together to protect and conserve the shea tree. \nHe urged others engaged in the shea industry to join Shea Network Ghana to champion the interest of the industry. \nMr Senyo Kpelly, Chief Executive Officer of Sekaf Ghana Limited, an indigenous cosmetic company which uses shea butter products, said studies had confirmed the medicinal value of sheanuts, adding that it was also nutritious. \nMr Kpelly called for proper management of natural resources as part of the national development effort. \nGNA", "external_links": [], "published": "2015-07-22T19:00:00.000+03:00", "crawled": "2015-07-22T21:41:40.316+03:00", "highlightTitle": ""}