{"organizations": [], "uuid": "b4fdccbf31f938bb0d6a00556fa3dcbf2bea21ae", "thread": {"social": {"gplus": {"shares": 0}, "pinterest": {"shares": 0}, "vk": {"shares": 0}, "linkedin": {"shares": 0}, "facebook": {"likes": 0, "shares": 0, "comments": 0}, "stumbledupon": {"shares": 0}}, "site_full": "finance.yahoo.com", "main_image": "http://l2.yimg.com/bt/api/res/1.2/6rik6AZwuPGCiADf_9dhPQ--/YXBwaWQ9eW5ld3M7cT03NTt3PTYwMA--/http://l.yimg.com/os/mit/media/m/social/images/social_default_logo-1481777.png", "site_section": "http://finance.yahoo.com/rss/headline?s=SSRI", "section_title": "Yahoo! Finance: SSRI News", "url": "http://finance.yahoo.com/news/silver-standard-appoints-paul-benson-193507472.html", "country": "GB", "title": "Silver Standard Appoints Paul Benson as President & CEO - Analyst Blog", "performance_score": 0, "site": "yahoo.com", "participants_count": 0, "title_full": "Silver Standard Appoints Paul Benson as President & CEO - Analyst Blog", "spam_score": 0.0, "site_type": "news", "published": "2015-07-14T22:35:00.000+03:00", "replies_count": 0, "uuid": "b4fdccbf31f938bb0d6a00556fa3dcbf2bea21ae"}, "author": "", "url": "http://finance.yahoo.com/news/silver-standard-appoints-paul-benson-193507472.html", "ord_in_thread": 0, "title": "Silver Standard Appoints Paul Benson as President & CEO - Analyst Blog", "locations": [], "entities": {"persons": [], "locations": [], "organizations": []}, "highlightText": "", "language": "english", "persons": [], "text": "Content preferences Done Silver Standard Resources Inc. SSRI declared that its President and CEO, John Smith will retire from his role, effective Jul 31, 2015. The company’s board has named Paul Benson as the new President and CEO. Effective Aug 1, 2015, Benson will assume his duty.Even after his retirement, Smith will act as an advisor to Benson and the board till Dec 31, 2015. According to Smith, Silver Standard will gain from Benson’s leadership and experience. He added that the company is well placed globally and follows a disciplined growth plan. Silver Standard’s board too is confident about the leadership skills of the new President and CEO.According to Peter Tomsett, Chairman of the board, Smith had brought about a transformation in the management team, expanded the company’s portfolio and improved its operational capacity. Management is certain that as the new President and CEO, Benson will carry forward Smith’s legacy and help strengthen this platform for the company’s long-term success and growth.Silver Standard recently reported its second-quarter operational results and revised full-year 2015 outlook for its Pirquitas and Marigold mines. Gold and silver production in the first half of 2015 was recorded as 104,283 ounces and 5.2 million, respectively.Silver Standard expects the Pirquitas mine to produce 9.5–10.5 million ounces of silver in 2015, 5% higher than its previous outlook of 9–10 million ounces of silver. The company reaffirmed its zinc production guidance of 10–12 million pounds for 2015. Also, it now expects the Marigold mine to produce gold in the range of 195,000–205,000 ounces in 2015, 19% higher than its earlier projection of 160,000–175,000 ounces.The related cost guidance for the above-mentioned mines will be revealed when the company reports its second-quarter earnings.Silver Standard currently sports a Zacks Rank #1 (Strong Buy).Other well-placed companies in the mining space include Endeavour Silver Corp. EXK, Fresnillo PLC FNLPF and Newmont Mining Corporation NEM, all carrying a Zacks Rank #2 (Buy).Want the latest recommendations from Zacks Investment Research? Today, you can download 7 Best Stocks for the Next 30 Days . Click to get this free report >> Want the latest recommendations from Zacks Investment Research? Today, you can download 7 Best Stocks for the Next 30 Days. Click to get this free report", "external_links": [], "published": "2015-07-14T22:35:00.000+03:00", "crawled": "2015-07-15T00:56:58.000+03:00", "highlightTitle": ""}