{"organizations": [], "uuid": "8e893ade4bf2a2cc6fd1a8730b06d8ba97983f6c", "thread": {"social": {"gplus": {"shares": 0}, "pinterest": {"shares": 0}, "vk": {"shares": 0}, "linkedin": {"shares": 0}, "facebook": {"likes": 0, "shares": 0, "comments": 0}, "stumbledupon": {"shares": 0}}, "site_full": "www.reuters.com", "main_image": "", "site_section": "http://www.reuters.com/finance/personal-finance", "section_title": "Wealth, Personal Finance &amp; Money | Reuters.com", "url": "http://www.reuters.com/article/2015/07/15/autos-seat-production-idUSL5N0ZV2G820150715", "country": "US", "title": "VW's Seat suspends Spanish production due to parts strike", "performance_score": 0, "site": "reuters.com", "participants_count": 1, "title_full": "VW's Seat suspends Spanish production due to parts strike | Reuters", "spam_score": 0.0, "site_type": "news", "published": "2015-07-15T16:11:00.000+03:00", "replies_count": 0, "uuid": "8e893ade4bf2a2cc6fd1a8730b06d8ba97983f6c"}, "author": "Reuters", "url": "http://www.reuters.com/article/2015/07/15/autos-seat-production-idUSL5N0ZV2G820150715", "ord_in_thread": 0, "title": "VW's Seat suspends Spanish production due to parts strike", "locations": [], "entities": {"persons": [], "locations": [], "organizations": []}, "highlightText": "", "language": "english", "persons": [], "text": "MADRID, July 15 Spanish carmaker Seat said it had suspended all domestic production because of a strike at the firm that supplies it with seats.\nThe strike at Johnson Controls Eurosit began on Wednesday, the carmaker, a subsidiary of Volkswagen, said in a statement.\nSeat's Spanish plant, at Martorell in Barcelona, has a capacity of 2,100 vehicles per day and produces the Leon and Ibiza marques, as well as the Audi Q3.\nThe strike is due to last until Tuesday and follows attempts by the parts firm to cut salaries in a bid to secure a new contract with VW, according to Spanish trade magazine La Tribuna de Automocion.\nOn Tuesday Seat said own-marque sales in the six months to June rose 8 percent to 215,000 cars, its best first half result since 2007.\nOutside Spain, VW produces Seat vehicles at three plants in Portugal, the Czech Republic and Slovakia.\nJohnson Controls Eurosit is the Spanish unit of Wisconsin-based Johnson Controls Inc.\n(reporting by Robert Hetz, writing by John Stonestreet Editing by Jeremy Gaunt)", "external_links": [], "published": "2015-07-15T16:11:00.000+03:00", "crawled": "2015-07-15T15:21:33.000+03:00", "highlightTitle": ""}