{"organizations": [], "uuid": "94a53aa141a7ee4dba02dec15841fd540c2764c3", "thread": {"social": {"gplus": {"shares": 0}, "pinterest": {"shares": 0}, "vk": {"shares": 0}, "linkedin": {"shares": 0}, "facebook": {"likes": 0, "shares": 0, "comments": 0}, "stumbledupon": {"shares": 0}}, "site_full": "www.wsj.com", "main_image": "http://si.wsj.net/public/resources/images/BN-JJ252_NYBIKE_G_20150713192354.jpg", "site_section": "http://finance.yahoo.com/rss/headline?s=C", "section_title": "Yahoo! Finance: C News", "url": "http://www.wsj.com/articles/citi-bike-unveils-manhattan-expansion-plan-1436836309?ru=yahoo?mod=yahoo_itp", "country": "US", "title": "Citi Bike Unveils Manhattan Expansion Plan", "performance_score": 0, "site": "wsj.com", "participants_count": 0, "title_full": "Citi Bike Unveils Manhattan Expansion Plan", "spam_score": 0.0, "site_type": "news", "published": "2015-07-14T07:20:00.000+03:00", "replies_count": 0, "uuid": "94a53aa141a7ee4dba02dec15841fd540c2764c3"}, "author": "", "url": "http://www.wsj.com/articles/citi-bike-unveils-manhattan-expansion-plan-1436836309?ru=yahoo?mod=yahoo_itp", "ord_in_thread": 0, "title": "Citi Bike Unveils Manhattan Expansion Plan", "locations": [], "entities": {"persons": [], "locations": [], "organizations": []}, "highlightText": "", "language": "english", "persons": [], "text": "Citi Bike Unveils Manhattan Expansion Plan New stations could appear as far north as 86th Street this year By andrew.tangel@wsj.com July 13, 2015 9:11 p.m. ET \nCiti Bike is heading uptown, with a broad expansion that could bring its docking stations as far as midway up Central Park this year. \nThe city’s Transportation Department last week released maps showing new planned Manhattan locations for Citi Bike stations, where riders check out and park shared bicycles they rent in the system. \nIt... To Read the Full Story, Subscribe or Sign In Popular on WSJ", "external_links": [], "published": "2015-07-14T07:20:00.000+03:00", "crawled": "2015-07-14T08:52:04.000+03:00", "highlightTitle": ""}