{"organizations": ["NAPW"], "uuid": "739d20296cfcdc06cc21009b4d0d129f59eab7ae", "thread": {"social": {"gplus": {"shares": 0}, "pinterest": {"shares": 0}, "vk": {"shares": 0}, "linkedin": {"shares": 0}, "facebook": {"likes": 0, "shares": 0, "comments": 0}, "stumbledupon": {"shares": 0}}, "site_full": "www.equipmentfa.com", "main_image": "", "site_section": "http://www.equipmentfa.com/rss/feeds/latestnews.xml", "section_title": "Equipment Finance Advisor", "url": "http://www.equipmentfa.com/news/4529/commonwealth-ceo-inducted-into-napws-vip-woman-of-the-year-circle", "country": "US", "title": "Commonwealth CEO Inducted Into NAPW’s VIP Woman of the Year Circle", "performance_score": 0, "site": "equipmentfa.com", "participants_count": 0, "title_full": "Commonwealth CEO Inducted Into NAPW’s VIP Woman of the Year Circle", "spam_score": 0.0, "site_type": "news", "published": "2015-07-28T14:00:00.000+03:00", "replies_count": 0, "uuid": "739d20296cfcdc06cc21009b4d0d129f59eab7ae"}, "author": "", "url": "http://www.equipmentfa.com/news/4529/commonwealth-ceo-inducted-into-napws-vip-woman-of-the-year-circle", "ord_in_thread": 0, "title": "Commonwealth CEO Inducted Into NAPW’s VIP Woman of the Year Circle", "locations": [], "entities": {"persons": [], "locations": [], "organizations": []}, "highlightText": "", "language": "english", "persons": ["Kimberly Springsteen-Abbott"], "text": "  Commonwealth CEO Inducted Into NAPW’s VIP Woman of the Year Circle July 28, 2015, 07:00 AM Related: Commonwealth Capital , Kimberly Springsteen-Abbott \nCommonwealth Capital Corp., announced today that Chairman and Chief Executive Officer Kimberly A. Springsteen-Abbott has been honored as a 2015-2016 inductee into the National Association of Professional Women's (NAPW) VIP Woman of the Year Circle.\"I am honored to be recognized as a Woman of the Year by the National Association of Professional Women,\" said Springsteen-Abbott. \"Throughout my career I have worked tirelessly to provide my clients and investors with the highest level of professionalism and service possible. To have these efforts recognized and rewarded with this honor is extremely gratifying and I am very thankful.\"The NAPW is a leading networking organization exclusively for professional women that has more than 700,000 members and in excess of 200 local chapters.Springsteen-Abbott is a member of the Equipment Leasing and Finance Association, Financial Planners Association and the National Association of Equipment Leasing Brokers. She previously served on the board of directors of the Investment Program Association. Springsteen-Abbott holds Series 7, 63 and 39 FINRA licenses. Today's Other News", "external_links": [], "published": "2015-07-28T14:00:00.000+03:00", "crawled": "2015-07-28T15:59:49.841+03:00", "highlightTitle": ""}