{"organizations": ["Ketchum", "Kohler Co"], "uuid": "6cc97716d8be0a212b294cccb2fb63c6e8bbc6a1", "thread": {"social": {"gplus": {"shares": 0}, "pinterest": {"shares": 0}, "vk": {"shares": 0}, "linkedin": {"shares": 0}, "facebook": {"likes": 0, "shares": 0, "comments": 0}, "stumbledupon": {"shares": 0}}, "site_full": "finance.yahoo.com", "main_image": "http://l2.yimg.com/bt/api/res/1.2/6rik6AZwuPGCiADf_9dhPQ--/YXBwaWQ9eW5ld3M7cT03NTt3PTYwMA--/http://l.yimg.com/os/mit/media/m/social/images/social_default_logo-1481777.png", "site_section": "http://finance.yahoo.com/rss/AdvertisingAgencies", "section_title": "Yahoo! Finance: Advertising Agencies Industry News", "url": "http://finance.yahoo.com/news/kohler-co-names-ketchum-public-140000796.html", "country": "US", "title": "Kohler Co. Names Ketchum its Public Relations AOR", "performance_score": 0, "site": "yahoo.com", "participants_count": 0, "title_full": "Kohler Co. Names Ketchum its Public Relations AOR", "spam_score": 0.0, "site_type": "news", "published": "2015-07-09T17:00:00.000+03:00", "replies_count": 0, "uuid": "6cc97716d8be0a212b294cccb2fb63c6e8bbc6a1"}, "author": "", "url": "http://finance.yahoo.com/news/kohler-co-names-ketchum-public-140000796.html", "ord_in_thread": 0, "title": "Kohler Co. Names Ketchum its Public Relations AOR", "locations": [], "entities": {"persons": [], "locations": [], "organizations": []}, "highlightText": "", "language": "english", "persons": ["Ketchum"], "text": "Kohler Co. Names Ketchum its Public Relations AOR Ketchum 11 hours ago Content preferences Done \nNEW YORK, July 9, 2015 /PRNewswire/ -- Kohler Co., a global leader in the manufacture of kitchen and bath plumbing products, selected Ketchum as its public relations agency of record after a competitive pitch. \n\"We look forward to developing a strategic long-term partnership with the Ketchum team, whose passion embodies Kohler Co.'s ethos of design, innovation and an elevated customer experience,\" said Elizabeth Brady, SVP of global brand management at Kohler Co. \"Ketchum's deep home and design expertise, proven strategic and creative thinking, and global scope and scale position the agency well to help us evolve our communications platform and elevate our portfolio of brands.\" \nAs agency of record, Ketchum will support Kohler Co.'s family of brands within its four business units – Kitchen & Bath fixtures, Interiors, Power and Hospitality. The agency will provide strategic counsel on Kohler Co.'s corporate and consumer brand communication efforts, including thought leadership, sustainability and social media. \n\"We have long admired Kohler's bold brand, and the company has so many stories to share. We're excited to partner with Kohler to bring these stories to life in break through ways,\" said Sara Garibaldi, SVP and director of Ketchum's New York Brand Practice. \nKetchum joins Kohler Co.'s integrated marketing team which includes sister Omnicom agencies DDB, PHD and Organic, which are responsible for advertising, media buying, and digital, respectively. \nAbout Kohler Co. Founded in 1873 and headquartered in Kohler, Wis., Kohler Co. is one of America's oldest and largest privately held companies. Kohler is a global leader in the manufacture of kitchen and bath products, engines and power generation systems, tile and home interiors, and an international host to award-winning hospitality and world-class gold destinations. \nAbout Ketchum Ketchum is a leading global communications firm with operations in more than 70 countries across six continents. The winner of 17 Cannes Lions and an unprecedented four PRWeek Campaign of the Year Awards, Ketchum partners with clients to deliver strategic programming, game-changing creative and measurable results that build brands and reputations. For more information on Ketchum, a part of the DAS Group of Companies, visit www.ketchum.com . \nAbout the DAS Group of Companies The DAS Group of Companies, a division of Omnicom Group Inc. ( OMC ) ( www.omnicomgroup.com ), is a global group of marketing services companies. DAS includes over 200 companies in the following marketing disciplines: specialty, PR, healthcare, CRM, events, promotional marketing, branding and research. Operating through a combination of networks and regional organizations, DAS serves international, regional, national and local clients through more than 700 offices in 71 countries. To view the original version on PR Newswire, visit: http://www.prnewswire.com/news-releases/kohler-co-names-ketchum-its-public-relations-aor-300110925.html", "external_links": [], "published": "2015-07-09T17:00:00.000+03:00", "crawled": "2015-07-10T04:52:00.000+03:00", "highlightTitle": ""}