{"organizations": ["Associated Press"], "uuid": "359504a2b72a9cb98a9921be4c28e5eb8a4d0ab1", "thread": {"social": {"gplus": {"shares": 0}, "pinterest": {"shares": 0}, "vk": {"shares": 0}, "linkedin": {"shares": 0}, "facebook": {"likes": 0, "shares": 0, "comments": 0}, "stumbledupon": {"shares": 0}}, "site_full": "au.finance.yahoo.com", "main_image": "https://s.yimg.com/bt/api/res/1.2/6rik6AZwuPGCiADf_9dhPQ--/YXBwaWQ9eW5ld3M7cT03NTt3PTYwMA--/http://l.yimg.com/os/mit/media/m/social/images/social_default_logo-1481777.png", "site_section": "https://au.finance.yahoo.com/news/category-commodities/?format=rss", "section_title": "Commodities Market News - Yahoo!7 Australia Finance", "url": "https://au.finance.yahoo.com/news/us-oil-natural-gas-rig-181101838.html", "country": "US", "title": "US oil and natural gas rig count up by 1 to 863", "performance_score": 0, "site": "yahoo.com", "participants_count": 0, "title_full": "US oil and natural gas rig count up by 1 to 863", "spam_score": 0.0, "site_type": "news", "published": "2015-07-10T21:11:00.000+03:00", "replies_count": 0, "uuid": "359504a2b72a9cb98a9921be4c28e5eb8a4d0ab1"}, "author": "", "url": "https://au.finance.yahoo.com/news/us-oil-natural-gas-rig-181101838.html", "ord_in_thread": 0, "title": "US oil and natural gas rig count up by 1 to 863", "locations": ["US", "Australia"], "entities": {"persons": [], "locations": [], "organizations": []}, "highlightText": "", "language": "english", "persons": [], "text": "Sat, Jul 11, 2015, 5:16 AM AEST - Australia Markets closed US oil and natural gas rig count up by 1 to 863 US oil and natural gas rig count increases by 1 to 863 Associated Press – 1 hour 5 minutes ago Recommend 59.99 -0.16 \nHOUSTON (AP) -- Oilfield services company Baker Hughes Inc. says the number of rigs exploring for oil and natural gas in the U.S. increased by one this week to 863. \nHouston-based Baker Hughes said Friday 645 rigs were seeking oil and 217 explored for natural gas. One was listed as miscellaneous. A year ago, 1,875 rigs were active. \nAmong major oil- and gas-producing states, Texas gained five rigs, New Mexico rose by four and California, Colorado and Ohio each gained one. \nNorth Dakota lost six rigs, Kansas and Pennsylvania each decreased by two and Louisiana, Utah and West Virginia each lost one. \nAlaska, Arkansas, Oklahoma and Wyoming were unchanged. \nThe U.S. rig count peaked at 4,530 in 1981 and bottomed at 488 in 1999. @y7finance on Twitter, become a fan on Facebook Related Headlines Rival claims first electric flight across Channel AFP \nAirbus hailed a new chapter in aviation history on Friday by claiming the first electric flight across the Channel, … Terms \nQuotes are real-time for NASDAQ, NYSE, and NYSEAmex when available. See also delay times for other exchanges . Quotes and other information supplied by independent providers identified on the Yahoo! Finance partner page . Quotes are updated automatically, but will be turned off after 25 minutes of inactivity. Quotes are delayed at least 15 minutes. All information provided \"as is\" for informational purposes only, not intended for trading purposes or advice. Neither Yahoo! nor any of independent providers is liable for any informational errors, incompleteness, or delays, or for any actions taken in reliance on information contained herein. By accessing the Yahoo! site, you agree not to redistribute the information found therein. \nFundamental company data provided by Capital IQ . Historical chart data and daily updates provided by Commodity Systems, Inc. (CSI) . International historical chart data and daily updates provided by Morningstar, Inc . Yahoo7 News Network", "external_links": [], "published": "2015-07-10T21:11:00.000+03:00", "crawled": "2015-07-10T22:20:29.000+03:00", "highlightTitle": ""}