{"organizations": [], "uuid": "82931bfbc2089b18d8cf3469e065a69ea035bb5f", "thread": {"social": {"gplus": {"shares": 0}, "pinterest": {"shares": 0}, "vk": {"shares": 0}, "linkedin": {"shares": 0}, "facebook": {"likes": 0, "shares": 0, "comments": 0}, "stumbledupon": {"shares": 0}}, "site_full": "uk.finance.yahoo.com", "main_image": "https://s.yimg.com/bt/api/res/1.2/6rik6AZwuPGCiADf_9dhPQ--/YXBwaWQ9eW5ld3M7cT03NTt3PTYwMA--/http://l.yimg.com/os/mit/media/m/social/images/social_default_logo-1481777.png", "site_section": "https://uk.finance.yahoo.com/news/sector-financial-services/?format=rss", "section_title": "Financial Services News - Yahoo! Finance UK", "url": "https://uk.finance.yahoo.com/news/more-britons-ditch-banks-rules-220100261.html", "country": "GB", "title": "More Britons ditch their banks after new rules make switching easier", "performance_score": 0, "site": "yahoo.com", "participants_count": 0, "title_full": "More Britons ditch their banks after new rules make switching easier", "spam_score": 0.0, "site_type": "news", "published": "2015-07-22T01:01:00.000+03:00", "replies_count": 0, "uuid": "82931bfbc2089b18d8cf3469e065a69ea035bb5f"}, "author": "", "url": "https://uk.finance.yahoo.com/news/more-britons-ditch-banks-rules-220100261.html", "ord_in_thread": 0, "title": "More Britons ditch their banks after new rules make switching easier", "locations": [], "entities": {"persons": [], "locations": [], "organizations": []}, "highlightText": "", "language": "english", "persons": [], "text": "Tip : Use comma (,) to separate multiple quotes. Learn more... \nTue, Jul 21, 2015, 23:27 BST - UK Markets closed More Britons ditch their banks after new rules make switching easier Reuters - UK Focus – 26 minutes ago \n* Santander, Halifax gain most customers \n* Barclays (LSE: BARC.L - news ) has biggest net loss of customers \nLONDON, July 22 (Reuters) - New (KOSDAQ: 160550.KQ - news ) rules making it easier for Britons to switch banks resulted in a 4 percent increase in customers moving accounts in the year to the end of June, the body overseeing the system said on Wednesday. \nData from Bacs showed that there were 1.1 million switches compared with 1.06 million over the same period one year before. \nThe new rules, introduced in October 2013, ensure customers can switch accounts within seven working days, with all outgoing and incoming payments automatically transferred. Bacs said 69 percent of Britons were now aware of the service compared with 58 percent in the month of its launch. \nThe rules are part of measures designed to break the dominance of Britain's five biggest banks - Lloyds, RBS (LSE: RBS.L - news ) , Barclays, HSBC and Santander UK - which provide more than four out of five UK personal current accounts. \nBritain's competition watchdog is investigating whether there is effective competition in the market for personal current accounts and is due to report its findings by the end of September. \nThe Competition and Markets Authority (CMA) said in November that banks had not done enough to meet the needs of retail customers or small businesses. It could recommend banks are broken up to increase competition. \nSantander attracted the most new net accounts, followed by Halifax, which is owned by Lloyds while Barclays (Swiss: BARC.SW - news ) and NatWest, owned by RBS, lost the most customers. \nSantander has benefited from the popularity of its 1-2-3 current account, which pays higher-than-average interest rates on deposits of up to 20,000 pounds. Halifax has offered cash payments to new customers. (Reporting by Matt Scuffham; Editing by Elaine Hardcastle)", "external_links": [], "published": "2015-07-22T01:01:00.000+03:00", "crawled": "2015-07-22T01:27:35.564+03:00", "highlightTitle": ""}