{"organizations": [], "uuid": "59f954e03b1572d80dd463be40818f1e40774e6e", "thread": {"social": {"gplus": {"shares": 0}, "pinterest": {"shares": 0}, "vk": {"shares": 0}, "linkedin": {"shares": 0}, "facebook": {"likes": 0, "shares": 0, "comments": 0}, "stumbledupon": {"shares": 0}}, "site_full": "www.marketwatch.com", "main_image": "http://mw1.wsj.net/MW5/content/images/logos/mw-social-logo.jpg", "site_section": "http://finance.yahoo.com/news/provider-marketwatch/", "section_title": "MarketWatch News Archive - Yahoo! Finance", "url": "http://www.marketwatch.com/story/us-is-at-risk-of-a-revenue-recession-2015-07-14", "country": "US", "title": "U.S. is at risk of a ‘revenue recession’", "performance_score": 0, "site": "marketwatch.com", "participants_count": 2, "title_full": "U.S. is at risk of a ‘revenue recession’ - MarketWatch", "spam_score": 0.0, "site_type": "news", "published": "2015-07-14T03:00:00.000+03:00", "replies_count": 1, "uuid": "21a63fcf9093704b1b99ba96aeddcb0a3464c4b5"}, "author": "By     MarketWatch", "url": "http://www.marketwatch.com/story/us-is-at-risk-of-a-revenue-recession-2015-07-14#post-0", "ord_in_thread": 0, "title": "U.S. is at risk of a ‘revenue recession’", "locations": [], "entities": {"persons": [], "locations": [], "organizations": []}, "highlightText": "", "language": "english", "persons": [], "text": "MARKETWATCH FRONT PAGE The bigger problem with the second-quarter earnings season is not the impact of strong dollar, or fall oil prices, but companies’ inability to generate sales in a low-growth environment, according to analysts See full story.\nGlobal freezing: A ‘mini ice age’ is on the way by 2030, scientists say European scientists warn that by 2030, a decade of winters with extended freezing temperatures could bring about a “mini ice age” the likes of which hasn’t been seen in 370 years. See full story.\n6 things you learned in school, but your kids never will Your children won’t be learning how to write in cursive, or how to get someone out in dodgeball. See full story.\nThis map puts America in a time warp Montana or Texas? The past and future of the U.S. population breakdown. See full story.\nHas the cable-cutting revolution finally arrived? Comcast will offer a broadcast TV streaming service for $15 a month. See full story.\nMARKETWATCH PERSONAL FINANCE China, where driving a Buick and drinking a PBR are signs you’ve made it. See full story.\nMore from MarketWatch", "external_links": [], "published": "2015-07-14T03:00:00.000+03:00", "crawled": "2015-07-14T23:26:32.000+03:00", "highlightTitle": ""}