{"organizations": [], "uuid": "bcb28f73bb75e42b7252ea334434ee766976f5d9", "thread": {"social": {"gplus": {"shares": 0}, "pinterest": {"shares": 0}, "vk": {"shares": 0}, "linkedin": {"shares": 0}, "facebook": {"likes": 0, "shares": 0, "comments": 0}, "stumbledupon": {"shares": 0}}, "site_full": "www.modernghana.com", "main_image": "http://img.modernghana.com/images/content/swn0red55k_4109285122042_2472868045274.jpg", "site_section": "http://www.modernghana.com/rssfeed/news.xml?cat_id=1&gender=46", "section_title": "Business & Finance", "url": "http://www.modernghana.com/news/631476/1/icu-disagrees-with-terkpers-09-industry-growth-fig.html", "country": "US", "title": "ICU disagrees with Terkper's 0.9% industry growth figure", "performance_score": 0, "site": "modernghana.com", "participants_count": 0, "title_full": "ICU disagrees with Terkper's 0.9% industry growth figure", "spam_score": 0.0, "site_type": "news", "published": "2015-07-23T04:36:00.000+03:00", "replies_count": 0, "uuid": "bcb28f73bb75e42b7252ea334434ee766976f5d9"}, "author": "", "url": "http://www.modernghana.com/news/631476/1/icu-disagrees-with-terkpers-09-industry-growth-fig.html", "ord_in_thread": 0, "title": "ICU disagrees with Terkper's 0.9% industry growth figure", "locations": [], "entities": {"persons": [], "locations": [], "organizations": []}, "highlightText": "", "language": "english", "persons": ["Terkper", "Kwaku Assan"], "text": "  23 July 2015 02:36 CET ICU disagrees with Terkper's 0.9% industry growth figure By Adoom News | Kwaku Assan \nGeneral Secretary of the Industrial and Commercial Workers' Union (ICU), Mr Solomon Kotei, says the 0.9 percent industry growth announced by Finance Minister, Seth Terkper, could not have been true. \nAccording to Mr Kotei, that figure is not realistic and does not reflect the situation in the sector. \nDuring his Mid-Year Review and Supplementary Budget presentation in Parliament Tuesday, the Finance Minister announced a growth in the industry sector from negative 13 percent from 2013 to 0.9 percent in 2015. \nHowever, speaking Wednesday on Adom FM’s Burning Issues program Mr. Kotei described the growth figure put out by the Minister as mere “book talk”. \nMr. Kotei explained that the power crisis, for instance, has burdened industries to the extent that companies are laying off more workers \nOver 13,000 workers have lost their jobs due to the country’s difficult economic situation, coupled with the unrelenting power crisis – all of which have put pressure on industries in the country. \nThe Association of Ghana Industries, AGI, has confirmed there would be more job losses in the coming months as a result of the downward review of the country’s growth targets for the year. \n“I don’t know the kind of formula the Finance Minister used to arrive at 0.9% I think he owes Ghanaians a better explanation, he should come again”, he said. \n“Taxes in all forms – PAYE, corporate tax, Communication Service Tax, SMS tax, overtime tax, import, export and excise duties, VAT, NHIL, direct and indirect taxes, etc are all eventually passed on to workers and the populace who are the ultimate consumers,” Mr Kotei stated. \nHe said there are no new companies springing up because of the crisis facing the country and existing manufacturing companies have stopped manufacturing and are now into imports. \nMr Kotei said although he is optimistic that the country will come out of the crisis, if government does not immediately address the current economic situation life would be unbearable for most Ghanaians.", "external_links": [], "published": "2015-07-23T04:36:00.000+03:00", "crawled": "2015-07-23T07:34:01.090+03:00", "highlightTitle": ""}