{"organizations": [], "uuid": "4075dab726917b6a94df76c13b8191eef05134d8", "thread": {"social": {"gplus": {"shares": 0}, "pinterest": {"shares": 0}, "vk": {"shares": 0}, "linkedin": {"shares": 0}, "facebook": {"likes": 0, "shares": 0, "comments": 0}, "stumbledupon": {"shares": 0}}, "site_full": "www.wsj.com", "main_image": "http://si.wsj.net/public/resources/images/BN-KJ820_0920vo_G_20150920123646.jpg", "site_section": "http://www.wsj.com/news/markets", "section_title": "Stock Market &amp; Finance News - Wall Street Journal", "url": "http://www.wsj.com/articles/volkswagen-glencore-troubles-unsettle-bond-investors-1443628277", "country": "US", "title": "Volkswagen, Glencore Troubles Unsettle Bond Investors", "performance_score": 0, "site": "wsj.com", "participants_count": 1, "title_full": "Volkswagen, Glencore Troubles Unsettle Bond Investors - WSJ", "spam_score": 0.0, "site_type": "news", "published": "2015-09-30T19:51:00.000+03:00", "replies_count": 0, "uuid": "4075dab726917b6a94df76c13b8191eef05134d8"}, "author": "Christopher Whittall", "url": "http://www.wsj.com/articles/volkswagen-glencore-troubles-unsettle-bond-investors-1443628277", "ord_in_thread": 0, "title": "Volkswagen, Glencore Troubles Unsettle Bond Investors", "locations": [], "entities": {"persons": [], "locations": [], "organizations": []}, "highlightText": "", "language": "english", "persons": [], "text": "September proved one of the worst months for Europe’s corporate bond market in years, as a sharp selloff in bonds of Volkswagen AG and Glencore PLC reminded investors that even the biggest bluechips can run into trouble.\nThe extra yield investors demand to hold European corporate debt over government bonds has jumped to its widest level since October 2012 as bond investors have switched to assets they perceive as less risky,... To Read the Full Story, Subscribe or Sign In", "external_links": [], "published": "2015-09-30T19:51:00.000+03:00", "crawled": "2015-09-30T20:14:05.281+03:00", "highlightTitle": ""}