{"organizations": [], "uuid": "c04d0c0582c23908ab4ed0836a7d0b8b825f1276", "thread": {"social": {"gplus": {"shares": 0}, "pinterest": {"shares": 0}, "vk": {"shares": 0}, "linkedin": {"shares": 0}, "facebook": {"likes": 0, "shares": 0, "comments": 0}, "stumbledupon": {"shares": 0}}, "site_full": "www.prweb.com", "main_image": "", "site_section": "http://www.prweb.com/rss2/finance.xml", "section_title": "Business: Finance", "url": "http://www.prweb.com/releases/2015/09/prweb12975478.htm", "country": "US", "title": "Community Development Award Winners Announced", "performance_score": 0, "site": "prweb.com", "participants_count": 1, "title_full": "Community Development Award Winners Announced", "spam_score": 0.0, "site_type": "news", "published": "2015-09-22T03:00:00.000+03:00", "replies_count": 0, "uuid": "c04d0c0582c23908ab4ed0836a7d0b8b825f1276"}, "author": "Alexandra Bernard", "url": "http://www.prweb.com/releases/2015/09/prweb12975478.htm", "ord_in_thread": 0, "title": "Community Development Award Winners Announced", "locations": [], "entities": {"persons": [], "locations": [], "organizations": []}, "highlightText": "", "language": "english", "persons": [], "text": "SAN FRANCISCO – The Novogradac Journal of Tax Credits today announced the winners of the 2015 Community Development QLICIs of the Year Awards, which recognize community development entities (CDEs) that made exceptional qualified low-income community investments (QLICIs) in the past year. Winners will be honored Oct. 21 at the Novogradac New Markets Tax Credit Conference in Chicago. “I want to congratulate the winners and honorable mentions of the Community Development QLICIs of the Year Awards,” said Brad Elphick, CPA, conference chairman and partner in Novogradac’s Atlanta metro office. “In terms of execution, innovation and community impact, these transactions are among the best in the industry.”\nAwardees were recognized in five categories:\nMetro\nWinner\nCDE(s): Citibank NMTC Corporation and DV Community Investment LLC\nDevelopment: Muller Job Training Facility\nDeveloper: The Doe Fund\nOwner: The Doe Fund\nLocation: Bronx, N.Y.\nHonorable Mention\nCDE(s): AMCREF Community Capital and Banc of America CDE\nDevelopment: Goodwill Opportunity Campus LLC\nDeveloper: Goodwill Industries of the Southern Piedmont\nOwner: Goodwill Industries of the Southern Piedmont\nLocation: Charlotte, N.C.\nNon-Metro\nWinner\nCDE(s): National New Markets Fund and Heartland Renaissance Fund\nDevelopment: BlueOak Arkansas\nDeveloper: BlueOak Arkansas LLC\nOwner: BlueOak Arkansas LLC\nLocation: Osceola, Ark.\nHonorable Mention\nCDE(s): Greenville New Markets Opportunity II LLC and Banc of America CDE\nDevelopment: TDC Cutting Tools / Greenfield Industries\nDeveloper: TDC Greenfield Properties\nOwner: TDC Greenfield Properties\nLocation: Seneca, S.C.\nOperating Business\nWinner\nCDE(s): MuniStrategies LLC\nDevelopment: Winston Plywood & Veneer\nDeveloper: Winston Plywood & Veneer LLC\nOwner: New Wood Resources LLC\nLocation: Louisville, Miss.\nHonorable Mention\nCDE(s): ESIC New Markets Partners Limited Partnership, Urban Action Community Development LLC, Consortium America LLC, The Valued Advisors Fund LLC and United Fund Advisors LLC\nDevelopment: Atlantic Healthy Foods\nDeveloper: Castellini Holding Company LLC\nOwner: Castellini Holding Company LLC\nLocation: Ellenwood, Ga.\nReal Estate\nWinner\nCDE(s): Low Income Investment Fund, Mid-City Community CDE, DV Community Investment LLC, SunTrust Community Development Enterprises LLC, MidWest Renewable Capital and National Trust Community Investment Corporation\nDevelopment: Crosstown Concourse\nDeveloper: Kemmons Wilson Companies and Crosstown Arts\nOwner: Crosstown Building Owner LLC\nLocation: Memphis, Tenn.\nHonorable Mention\nCDE(s): ESIC New Markets Partners Limited Partnership, Low Income Investment Fund and Banc of America CDE\nDevelopment: Remington Row Phase I\nDeveloper: Seawall Development LLC\nOwner: Seawall Development LLC\nLocation: Baltimore\nSmall Business\nWinner\nCDE(s): ESIC New Markets Partners Limited Partnership\nDevelopment: Care Alliance Central Clinic\nDeveloper: Care Alliance Health Center\nOwner: Care Alliance Health Center\nLocation: Cleveland\nHonorable Mention\nCDE(s): ESIC New Markets Partners Limited Partnership\nDevelopment: Erie HealthReach Waukegan Health Center\nDeveloper: Erie Family Health Center Inc.\nOwner: Erie Family Health Center Inc.\nLocation: Waukegan, Ill.\nMore information can be found at\nhttp://www.novoco.com/awards/community_development/index.php\nIn addition to the Community Development QLICIs of the Year Awards, the Novogradac Journal of Tax Credits conducts several awards programs designed to recognize excellence in affordable housing, historic rehabilitation and renewable energy. Nominations for each program are open year-round and more information can be found at http://www.novoco.com/awards .\nThe Novogradac Journal of Tax Credits provides news, analysis and commentary on the affordable housing, new markets, renewable energy and historic rehabilitation tax credit industries. This comprehensive 80-page monthly publication features columns written by industry experts, Q&As on technical tax credit issues, features about tax credit developments and more, all informed by Novogradac & Company’s more than 25 years of experience on the front lines of the tax credit industry.\nNovogradac began operations in 1989 and has since grown to more than 500 employees and partners with offices in San Francisco, Walnut Creek and Long Beach, Calif.; Dover, Columbus and Cleveland, Ohio; St. Louis; Boston; New York; Chicago; Austin, Texas; Portland, Ore.; Naples, Fla., and the greater metropolitan areas of Philadelphia; Washington, D.C.; Atlanta; Detroit; Kansas City, Mo.; and Seattle.\nSpecialty practice areas include tax, audit and consulting services for tax-credit-assisted affordable housing, community revitalization, rehabilitation of historic properties and renewable energy. Other areas of expertise include business valuation, preparation and analysis of market studies and appraisals of multifamily housing investments and renewable energy tax credits.\nFor more information about the Novogradac Community Development QLICIs of the Year Awards, please contact Alexandra Bernard at (415) 356-7627, or by email at Alex.Bernard(at)novoco(dot)com.", "external_links": ["http://www.prweb.net/Redirect.aspx?id=aHR0cDovL3d3dy5ub3ZvY28uY29tL2F3YXJkcw==", "http://www.prweb.net/Redirect.aspx?id=aHR0cDovL3d3dy5ub3ZvY28uY29tL2F3YXJkcy9jb21tdW5pdHlfZGV2ZWxvcG1lbnQvaW5kZXgucGhw", "http://www.novoco.com/awards/community_development/index.php", "http://www.novoco.com/awards"], "published": "2015-09-22T03:00:00.000+03:00", "crawled": "2015-09-22T17:34:36.074+03:00", "highlightTitle": ""}