{"organizations": [], "uuid": "d505b0b824a6e3aa84de8b24678e61b3dba02be8", "thread": {"social": {"gplus": {"shares": 0}, "pinterest": {"shares": 0}, "vk": {"shares": 0}, "linkedin": {"shares": 0}, "facebook": {"likes": 0, "shares": 0, "comments": 0}, "stumbledupon": {"shares": 0}}, "site_full": "www.jdsupra.com", "main_image": "http://www.jdsupra.com/showThumbnail.aspx?img=13977_535.jpg&size=og", "site_section": "http://www.jdsupra.com/profile/orrick_structured_finance_law_rss", "section_title": "Orrick - Structured Finance Group's Latest Publications on JD Supra Law News", "url": "http://www.jdsupra.com/legalnews/sec-proposes-liquidity-management-rules-46771/", "country": "US", "title": "SEC Proposes Liquidity Management Rules for Mutual Funds and ETFs", "performance_score": 0, "site": "jdsupra.com", "participants_count": 1, "title_full": "SEC Proposes Liquidity Management Rules for Mutual Funds and ETFs", "spam_score": 0.0, "site_type": "news", "published": "2015-09-30T02:39:00.000+03:00", "replies_count": 0, "uuid": "d505b0b824a6e3aa84de8b24678e61b3dba02be8"}, "author": "Orrick - Structured Finance Group", "url": "http://www.jdsupra.com/legalnews/sec-proposes-liquidity-management-rules-46771/", "ord_in_thread": 0, "title": "SEC Proposes Liquidity Management Rules for Mutual Funds and ETFs", "locations": [], "entities": {"persons": [], "locations": [], "organizations": []}, "highlightText": "", "language": "english", "persons": [], "text": "SEC Proposes Liquidity Management Rules for Mutual Funds and ETFs more+ Contact \nTo embed, copy and paste the code into your website or blog: <iframe src=\"http://www.jdsupra.com/post/contentViewerEmbed.aspx?fid=d528f339-aa60-439c-b63a-dc66b0a7aee4\"   scrolling=\"auto\"></iframe> \nOn September 22, The Securities and Exchange Commission (SEC) proposed a comprehensive package of rules that would require open-end funds, including mutual funds and exchange-traded funds , to implement liquidity risk management programs and to enhance disclosure regarding fund liquidity and redemption practices . The proposal is generally designed to limit the risks that funds would be unable to meet investor redemption requests. The comment period for the proposed rules will end 90 days after publication in the Federal Register. Press Release . Proposed Rule . \nDISCLAIMER: Because of the generality of this update, the information provided herein may not be applicable in all situations and should not be acted upon without specific legal advice based on particular situations. \n© Orrick - Structured Finance Group Orrick - Structured Finance Group on: \"My best business intelligence, in one easy email…\" Your first step to building a free, personalized, morning email brief covering pertinent authors and topics on JD Supra: Or, sign up using your email address » * With LinkedIn, you don't need to create a separate login to manage your free JD Supra account, and we can make suggestions based on your needs and interests. We will not post anything on LinkedIn in your name. Or, sign up using your email address. This is a preview of your email. Not all subjects or topics are updated every day. If you see no results for a particular subject or topic, consider broadening your interests. Loading...", "external_links": [], "published": "2015-09-30T02:39:00.000+03:00", "crawled": "2015-09-30T03:04:13.269+03:00", "highlightTitle": ""}