{"organizations": ["Credit Suisse 2015 Oilfield Services"], "uuid": "c3b43c209b01a609f812cac17b864274ec63e329", "thread": {"social": {"gplus": {"shares": 0}, "pinterest": {"shares": 0}, "vk": {"shares": 0}, "linkedin": {"shares": 0}, "facebook": {"likes": 0, "shares": 0, "comments": 0}, "stumbledupon": {"shares": 0}}, "site_full": "finance.yahoo.com", "main_image": "http://l2.yimg.com/bt/api/res/1.2/BGkoSlnXuL8YO1uPH6LTwA--/YXBwaWQ9eW5ld3NfbGVnbztpbD1wbGFuZTtxPTc1O3c9NjAw/http://globalfinance.zenfs.com/en_us/Finance/FIN_US_ART_ThomsonRuetersONE_NewFeed/91590.jpg", "site_section": "http://us.rd.yahoo.com/finance/news/rss/add/*http://finance.yahoo.com/rss/headline?s=HCLP", "section_title": "Yahoo! Finance: HCLP News", "url": "http://finance.yahoo.com/news/hi-crush-partners-lp-participate-100504916.html", "country": "US", "title": "Hi-Crush Partners LP to Participate in the Credit Suisse 2015 Oilfield Services Bus Tour", "performance_score": 0, "site": "yahoo.com", "participants_count": 0, "title_full": "Hi-Crush Partners LP to Participate in the Credit Suisse 2015 Oilfield Services Bus Tour", "spam_score": 0.0, "site_type": "news", "published": "2015-09-28T13:10:00.000+03:00", "replies_count": 0, "uuid": "c3b43c209b01a609f812cac17b864274ec63e329"}, "author": "", "url": "http://finance.yahoo.com/news/hi-crush-partners-lp-participate-100504916.html", "ord_in_thread": 0, "title": "Hi-Crush Partners LP to Participate in the Credit Suisse 2015 Oilfield Services Bus Tour", "locations": [], "entities": {"persons": [], "locations": [], "organizations": []}, "highlightText": "", "language": "english", "persons": [], "text": ". \nNews Release \nHouston, Texas - September 28, 2015 -   ( HCLP ), or Hi-Crush, today announced that Robert E. Rasmus, Co-Chief Executive Officer will participate in the Credit Suisse 2015 Oilfield Services Bus Tour in Houston, Texas on Tuesday, September 29, 2015. \nThe slide presentation to be referenced at the conference will be on Hi-Crush`s website at www.hicrushpartners.com in the Investors-Event Calendar and Presentations section. \nAbout Hi-Crush \nHi-Crush is an integrated producer, transporter, marketer and distributor of high-quality monocrystalline sand, a specialized mineral that is used as a proppant to enhance the recovery rates of hydrocarbons from oil and natural gas wells. Our reserves, which are located in Wisconsin, consist of \"Northern White\" sand, a resource that exists predominately in Wisconsin and limited portions of the upper Midwest region of the United States. Hi-Crush owns and operates the largest distribution network in the Marcellus and Utica shales, and has distribution capabilities throughout North America. For more information, visit www.hicrushpartners.com . \nInvestor Contact:", "external_links": [], "published": "2015-09-28T13:10:00.000+03:00", "crawled": "2015-09-28T13:15:14.087+03:00", "highlightTitle": ""}