{"organizations": [], "uuid": "8338495321cf6a659c324534bffc4c74ecfe0530", "thread": {"social": {"gplus": {"shares": 0}, "pinterest": {"shares": 0}, "vk": {"shares": 0}, "linkedin": {"shares": 0}, "facebook": {"likes": 0, "shares": 0, "comments": 0}, "stumbledupon": {"shares": 0}}, "site_full": "www.reuters.com", "main_image": "", "site_section": "http://www.reuters.com/finance/personal-finance", "section_title": "Wealth, Personal Finance &amp; Money | Reuters.com", "url": "http://www.reuters.com/article/2015/09/28/usa-fed-evans-stimulus-idUSN9N0X500Q20150928", "country": "US", "title": "Fed ready with more stimulus if economy slumps -Evans", "performance_score": 0, "site": "reuters.com", "participants_count": 1, "title_full": "Fed ready with more stimulus if economy slumps -Evans | Reuters", "spam_score": 0.0, "site_type": "news", "published": "2015-09-28T22:29:00.000+03:00", "replies_count": 0, "uuid": "8338495321cf6a659c324534bffc4c74ecfe0530"}, "author": "Reuters", "url": "http://www.reuters.com/article/2015/09/28/usa-fed-evans-stimulus-idUSN9N0X500Q20150928", "ord_in_thread": 0, "title": "Fed ready with more stimulus if economy slumps -Evans", "locations": [], "entities": {"persons": [], "locations": [], "organizations": []}, "highlightText": "", "language": "english", "persons": [], "text": "MILWAUKEE, Sept 28 The U.S. Federal Reserve would need to deliver more stimulus \"if things were to weaken very much,\" Chicago Fed President Charles Evans said on Monday, noting the economy could also surprisingly strengthen.\nResponding to audience questions at Marquette University, Evans said additional bond purchases, known as quantitative easing, are an option if more monetary stimulus is needed. \"We need to consider those Plan Bs,\" he said, noting the global environment continues to be challenging.\n(Reporting by Jonathan Spicer ; Editing by Meredith Mazzilli)", "external_links": [], "published": "2015-09-28T22:29:00.000+03:00", "crawled": "2015-09-28T21:58:46.684+03:00", "highlightTitle": ""}