{"organizations": [], "uuid": "9079e90b41dc040f16ef329a0bdcaa94ced9c99a", "thread": {"social": {"gplus": {"shares": 0}, "pinterest": {"shares": 0}, "vk": {"shares": 0}, "linkedin": {"shares": 0}, "facebook": {"likes": 0, "shares": 0, "comments": 0}, "stumbledupon": {"shares": 0}}, "site_full": "www.moneylife.in", "main_image": "http://moneylife.in/site/userimage/image/thumbnail/bull0251.jpg", "site_section": "http://www.moneylife.in/site/rss.php", "section_title": "Moneylife Personal Finance Magazine", "url": "http://www.moneylife.in/article/bulls-on-the-backfoot/43504.html", "country": "IN", "title": "Bulls on the Backfoot", "performance_score": 0, "site": "moneylife.in", "participants_count": 1, "title_full": "Bulls on the Backfoot", "spam_score": 0.0, "site_type": "news", "published": "2015-09-28T14:53:00.000+03:00", "replies_count": 0, "uuid": "9079e90b41dc040f16ef329a0bdcaa94ced9c99a"}, "author": "Debashis Basu", "url": "http://www.moneylife.in/article/bulls-on-the-backfoot/43504.html", "ord_in_thread": 0, "title": "Bulls on the Backfoot", "locations": [], "entities": {"persons": [], "locations": [], "organizations": []}, "highlightText": "", "language": "english", "persons": [], "text": "Moneylife Magazine issues launched during the month Archives from 2006 Automatic membership of Moneylife.in to help you access the site, comment, create alerts Daily and weekly newsletters for news and views with a difference in your mailbox Automatic membership of Moneylife Foundation Automatic basic membership of Moneylife Smart Savers, our upcoming initiative Details of our initiatives, local events, deals & discounts Yearly Digital+Print Access", "external_links": [], "published": "2015-09-28T14:53:00.000+03:00", "crawled": "2015-09-30T11:48:12.560+03:00", "highlightTitle": ""}