{"organizations": [], "uuid": "6dc411d5008bc49c75f14e0803936e0898905416", "thread": {"social": {"gplus": {"shares": 0}, "pinterest": {"shares": 0}, "vk": {"shares": 0}, "linkedin": {"shares": 0}, "facebook": {"likes": 0, "shares": 0, "comments": 0}, "stumbledupon": {"shares": 0}}, "site_full": "business-news.thestreet.com", "main_image": "", "site_section": "http://business-news.thestreet.com/heritage-newspapers/rss/627", "section_title": "Heritage Newspapers : Personal Finance", "url": "http://business-news.thestreet.com/heritage-newspapers/story/did-you-sell-black-monday-heres-what-you-should-do/1", "country": "US", "title": "Did You Sell on Black Monday? Here's What You Should Do", "performance_score": 0, "site": "thestreet.com", "participants_count": 0, "title_full": "Did You Sell on Black Monday? Here's What You Should Do", "spam_score": 0.0, "site_type": "news", "published": "2015-08-31T23:34:00.000+03:00", "replies_count": 0, "uuid": "6dc411d5008bc49c75f14e0803936e0898905416"}, "author": "", "url": "http://business-news.thestreet.com/heritage-newspapers/story/did-you-sell-black-monday-heres-what-you-should-do/1", "ord_in_thread": 0, "title": "Did You Sell on Black Monday? Here's What You Should Do", "locations": [], "entities": {"persons": [], "locations": [], "organizations": []}, "highlightText": "", "language": "english", "persons": [], "text": "Did You Sell on Black Monday? Here's What You Should Do 08/31/2015 - 4:34 PM EDT \nNEW YORK ( MainStreet ) — Investors who panicked on Black Monday should jump right back into the market, because a pause often leads to many years of sitting on the sidelines. \nInvesting in equities remains the “surest way for an individual with a long time horizon to build wealth,” and not miss gains in the market, said Robert Johnson, president of The American College of Financial Services in Bryn Mawr, Pa. \nMany individual investors overreacted in the aftermath of Black Monday and sold a large percentage of their stocks. By the end of the volatile week, all the major indexes reversed their course and erased the massive losses from last Monday. More Headlines Retirement Savers Should Be Hoping for a Lasting Market Crash \nAn investing strategy which is disciplined and consistent will help investors avoid making hasty decisions based on emotions of fear or greed. Dollar cost averaging , which entails investing a fixed amount into the market through a 401(k) or IRA every two weeks or monthly, builds up a retirement portfolio. A low cost equity index mutual fund or ETF is a good option, he recommends. \n“There is no time like the present to get into the market for the first time or to get back into the market,” Johnson said. “The essential part is to maintain the discipline to invest whether the market is up or the market is down.” \nThe attempts by individual investors to time the market by determining when the market might rise or decline is a “fool's game,” he said. 1", "external_links": [], "published": "2015-08-31T23:34:00.000+03:00", "crawled": "2015-09-01T00:04:48.776+03:00", "highlightTitle": ""}