{"organizations": [], "uuid": "151fb5160a8a8d4d7b52aaadeea10b35583d50f9", "thread": {"social": {"gplus": {"shares": 0}, "pinterest": {"shares": 0}, "vk": {"shares": 0}, "linkedin": {"shares": 0}, "facebook": {"likes": 0, "shares": 0, "comments": 0}, "stumbledupon": {"shares": 0}}, "site_full": "www.telegraph.co.uk", "main_image": "http://i.telegraph.co.uk/multimedia/archive/03399/morrisons2_3399003k.jpg", "site_section": "http://www.telegraph.co.uk/finance/", "section_title": "Finance - Business news and market updates - Telegraph - Telegraph", "url": "http://www.telegraph.co.uk/finance/newsbysector/retailandconsumer/11899888/Morrisons-to-lift-worker-pay-above-living-wage.html", "country": "GB", "title": "Morrisons to lift worker pay above living wage", "performance_score": 0, "site": "telegraph.co.uk", "participants_count": 2, "title_full": "Morrisons to lift worker pay above living wage - Telegraph", "spam_score": 0.0, "site_type": "news", "published": "2015-09-30T03:10:00.000+03:00", "replies_count": 1, "uuid": "91ce63054393b6aaf8a57b4b62e57b2e4f3f20f9"}, "author": "Ashley Armstrong , Retail Correspondent", "url": "http://www.telegraph.co.uk/finance/newsbysector/retailandconsumer/11899888/Morrisons-to-lift-worker-pay-above-living-wage.html#post-0", "ord_in_thread": 0, "title": "Morrisons to lift worker pay above living wage", "locations": [], "entities": {"persons": [], "locations": [], "organizations": []}, "highlightText": "", "language": "english", "persons": [], "text": " ", "external_links": [], "published": "2015-09-30T03:10:00.000+03:00", "crawled": "2015-09-30T05:52:16.205+03:00", "highlightTitle": ""}