{"organizations": [], "uuid": "8abcbbf9cd2cd20f996d7eb6a335aad29b567dd7", "thread": {"social": {"gplus": {"shares": 0}, "pinterest": {"shares": 0}, "vk": {"shares": 0}, "linkedin": {"shares": 0}, "facebook": {"likes": 0, "shares": 0, "comments": 0}, "stumbledupon": {"shares": 0}}, "site_full": "finance.yahoo.com", "main_image": "http://l3.yimg.com/bt/api/res/1.2/M7vS95b2fvSzHFeFStPk0A--/YXBwaWQ9eW5ld3NfbGVnbztxPTc1O3c9NjAw/http://l.yimg.com/os/mit/media/m/social/images/social_default_logo-1481777.png", "site_section": "http://finance.yahoo.com/rss/AdvertisingAgencies", "section_title": "Yahoo! Finance: Advertising Agencies Industry News", "url": "http://finance.yahoo.com/news/sizmek-selected-join-amazon-trusted-130000735.html", "country": "US", "title": "Sizmek Selected to Join the Amazon Trusted Creative Partner Program", "performance_score": 0, "site": "yahoo.com", "participants_count": 1, "title_full": "Sizmek Selected to Join the Amazon Trusted Creative Partner Program - Yahoo Finance", "spam_score": 0.0, "site_type": "news", "published": "2015-09-29T03:00:00.000+03:00", "replies_count": 0, "uuid": "8abcbbf9cd2cd20f996d7eb6a335aad29b567dd7"}, "author": "Sizmek Inc.", "url": "http://finance.yahoo.com/news/sizmek-selected-join-amazon-trusted-130000735.html", "ord_in_thread": 0, "title": "Sizmek Selected to Join the Amazon Trusted Creative Partner Program", "locations": [], "entities": {"persons": [], "locations": [], "organizations": []}, "highlightText": "", "language": "english", "persons": [], "text": "AUSTIN, Texas, Sept. 29, 2015 (GLOBE NEWSWIRE) -- Sizmek ( SZMK ), an Open Ad Management company for multiscreen campaigns, today announced that it has been selected by Amazon Media Group (AMG) to join its Trusted Creative Partner Program. Sizmek will participate in the invitation-only program to accelerate the delivery and execution of high quality advertising campaigns across Amazon properties.\nThe Amazon Trusted Creative Partner Program was created to empower partner agencies with the capabilities that help produce high quality and effective creative for display and mobile across Amazon.com, Amazon's mobile shopping app, Kindle, and Fire tablets. Amazon design leaders ensure that selected agencies remain up-to-date on Amazon's unique advertising capabilities and frequently updated native formats, so they may consistently deliver the most impactful and successful advertising across multiple platforms.\n\"Providing the highest quality advertising experience to consumers is in Sizmek's DNA,\" said Andrew Bloom, SVP Business Development of Sizmek. \"We're thrilled to partner with Amazon, to continue to enhance the advertising experience we deliver using its platforms and ad formats.\"\nBenefits of participating in the program include delivering a better user experience for consumers, creating more innovative advertising across Amazon's frequently evolving ad formats, and developing more effective advertising with a shorter launch timeline using Amazon eCommerce Ads.\nAbout Sizmek \nSizmek Open Ad Management brings freedom of choice to end-to-end advertising. With a single point of access to the best technology, data, and strategic guidance—and the flexibility to choose solutions that fit their strategies—more than 42,000 advertisers, agencies, publishers, and trading desks create inspiring, seamless advertising campaigns that connect them to their customers around the world easily and effectively. Open and independent, Sizmek's wide range of technology and data is bolstered by integrations with more than 100 partners providing leading solutions for attribution, data management, audience measurement, search engine marketing, creative authoring, and more. Sizmek operates in more than 70 countries, with local offices providing award-winning service throughout North America, EMEA, LATAM, and APAC. www.sizmek.com \nProfessional Services Amazon Contact: Media Contact\nTravis DeLingua\nSpark PR\ntravis.delingua@sparkpr.com\n646.374.3891", "external_links": [], "published": "2015-09-29T03:00:00.000+03:00", "crawled": "2015-09-29T17:53:18.956+03:00", "highlightTitle": ""}