{"organizations": [], "uuid": "5ca560cc62fd0ed504b3ce500cb9b98e9a53b2eb", "thread": {"social": {"gplus": {"shares": 0}, "pinterest": {"shares": 0}, "vk": {"shares": 0}, "linkedin": {"shares": 0}, "facebook": {"likes": 0, "shares": 0, "comments": 0}, "stumbledupon": {"shares": 0}}, "site_full": "www.jdsupra.com", "main_image": "http://www.jdsupra.com/showThumbnail.aspx?img=3900_4850.jpg&size=og", "site_section": "http://www.jdsupra.com/resources/syndication/docsRSSFeed.aspx?ftype=FinanceBanking", "section_title": "Finance & Banking RSS Feed | JD Supra Law News", "url": "http://www.jdsupra.com/legalnews/corporate-and-financial-weekly-digest-34638/", "country": "US", "title": "Corporate and Financial Weekly Digest - Volume X, Issue 34", "performance_score": 0, "site": "jdsupra.com", "participants_count": 1, "title_full": "Corporate and Financial Weekly Digest - Volume X, Issue 34", "spam_score": 0.0, "site_type": "news", "published": "2015-09-09T00:58:00.000+03:00", "replies_count": 0, "uuid": "5ca560cc62fd0ed504b3ce500cb9b98e9a53b2eb"}, "author": "Katten Muchin Rosenman LLP", "url": "http://www.jdsupra.com/legalnews/corporate-and-financial-weekly-digest-34638/", "ord_in_thread": 0, "title": "Corporate and Financial Weekly Digest - Volume X, Issue 34", "locations": [], "entities": {"persons": [], "locations": [], "organizations": []}, "highlightText": "", "language": "english", "persons": [], "text": "Corporate and Financial Weekly Digest - Volume X, Issue 34 more+ <iframe src=\"http://www.jdsupra.com/post/contentViewerEmbed.aspx?fid=8f6c9634-7df8-44ad-a0ad-c7f395e78d55\" width=\"100%\" height=\"620\" frameborder=\"1\" style=\"border: 2px solid #ccc; overflow-x:hidden !important; overflow:hidden;\" scrolling=\"auto\"> \nFirefox recommends the PDF Plugin for Mac OS X \nLOADING PDF: If there are any problems, click here \nKatten Muchin Rosenman LLP Katten Muchin Rosenman LLP on: \"My best business intelligence, in one easy email…\" Your first step to building a free, personalized, morning email brief covering pertinent authors and topics on JD Supra: Or, sign up using your email address » * With LinkedIn, you don't need to create a separate login to manage your free JD Supra account, and we can make suggestions based on your needs and interests. We will not post anything on LinkedIn in your name. Or, sign up using your email address.", "external_links": [], "published": "2015-09-09T00:58:00.000+03:00", "crawled": "2015-09-09T03:50:28.847+03:00", "highlightTitle": ""}