{"organizations": ["ICT"], "uuid": "ae4f787c6ec62db99310360cea00a232f226d6b3", "thread": {"social": {"gplus": {"shares": 0}, "pinterest": {"shares": 0}, "vk": {"shares": 0}, "linkedin": {"shares": 0}, "facebook": {"likes": 0, "shares": 0, "comments": 0}, "stumbledupon": {"shares": 0}}, "site_full": "allafrica.com", "main_image": "http://allafrica.com/static/images/structure/aa-logo-rgba-no-text-128x128.png", "site_section": "http://allafrica.com/tools/headlines/rdf/business/headlines.rdf", "section_title": "AllAfrica News: Economy, Business and Finance", "url": "http://allafrica.com/stories/201509282090.html", "country": "US", "title": "Kenya: President Uhuru Kenyatta Wins ITU Award for Promoting Use of ICT in Development", "performance_score": 0, "site": "allafrica.com", "participants_count": 0, "title_full": "Kenya: President Uhuru Kenyatta Wins ITU Award for Promoting Use of ICT in Development", "spam_score": 0.0, "site_type": "news", "published": "2015-09-28T15:21:00.000+03:00", "replies_count": 0, "uuid": "ae4f787c6ec62db99310360cea00a232f226d6b3"}, "author": "", "url": "http://allafrica.com/stories/201509282090.html", "ord_in_thread": 0, "title": "Kenya: President Uhuru Kenyatta Wins ITU Award for Promoting Use of ICT in Development", "locations": ["Lake Chad", "Kenya"], "entities": {"persons": [], "locations": [], "organizations": []}, "highlightText": "", "language": "english", "persons": ["Pscu", "Jibril Adan"], "text": "Chad: Lake Chad - New Violence, New Displacement By Pscu and Jibril Adan \nThe International Telecommunications Union has awarded President Uhuru Kenyatta a prestigious award for promoting the use of ICT for sustainable development. \nThe ICTs in Sustainable Development Award honours the important contributions made by leaders, on behalf of their countries, towards harnessing the potential of information and communication technologies (ICTs) for sustainable development. \nPresident Kenyatta was given the award for the impressive progress Kenya has made in ICT development and the important role technology is playing in achieving development and service delivery goals. \nThe award is also meant to encourage nations to seek technological solutions to meet national and global aspirations for a sustainable and inclusive future. \nSpeaking at the event held at the UN Headquarters on Saturday night, President Kenyatta said the government remains committed to mainstreaming innovations and ICT to enable growth and development for the country and the whole region. \n\"Our National ICT Master Plan and National Broadband Strategy outlines our desired path to a knowledge-based economy where ICTs underpin service delivery, and provide the bedrock of our activities in critical sectors of the economy, especially agriculture, education and health,\" said the President. \nFOCUS ON INNOVATIONS \nHe said policies enacted by the government will consistently focus on innovations as an essential step to enhancing growth of the ICT sector. \nIn line with his policy to support the ICT sector, the President will soon launch Enterprise Kenya, a fund to encourage and support innovation in the country. \n\"This fund will be used to aid budding Kenyan innovators and start-ups to enable them get the necessary financial support to move from idea to start-up and from start-up possibly to market in good time,\" said President Kenyatta. \nHe said the fund will be reinforced by a strengthened intellectual legislative regime, intense capacity building and mainstreaming of ICTs in government service provision to enhance ICT growth in Kenya. \nKenya has already gained international recognition for ground-breaking innovations in ICT and the use of technology in improving service delivery through Huduma Centres. \nPresident Kenyatta thanked the International Telecommunications Union Secretary General, Mr Houlin Zhao, for nominating ICT Cabinet Secretary Fred Matiangi to the Broadband Commission. \n\"I am certain that our country will bring, through him, additional energy and creativity to enhance the very necessary expansion of the broadband footprint across the developing world especially as we move forward to secure sustainability of the developments we have so far achieved,\" said the President. Kenya \nDevelopments in the case facing Kenya's Deputy President William Ruto and the pursuit of Sudanese leader Omar al Bashir … see more » Copyright © 2015 The Nation. All rights reserved. Distributed by AllAfrica Global Media ( allAfrica.com ). To contact the copyright holder directly for corrections — or for permission to republish or make other authorized use of this material, click here. AllAfrica publishes around 2,000 reports a day from more than 130 news organizations and over 200 other institutions and individuals , representing a diversity of positions on every topic. We publish news and views ranging from vigorous opponents of governments to government publications and spokespersons. Publishers named above each report are responsible for their own content, which AllAfrica does not have the legal right to edit or correct. Articles and commentaries that identify allAfrica.com as the publisher are produced or commissioned by AllAfrica . To address comments or complaints, please Contact us .", "external_links": [], "published": "2015-09-28T15:21:00.000+03:00", "crawled": "2015-09-28T17:37:59.744+03:00", "highlightTitle": ""}