{"organizations": ["Ministry of Finance and People’s Bank of China", "Housing Reserve Magazine Archives"], "uuid": "0751520db6b8b94051473f91f5ac1323647b0a49", "thread": {"social": {"gplus": {"shares": 0}, "pinterest": {"shares": 0}, "vk": {"shares": 0}, "linkedin": {"shares": 0}, "facebook": {"likes": 0, "shares": 0, "comments": 0}, "stumbledupon": {"shares": 0}}, "site_full": "www.chinalawandpractice.com", "main_image": "http://www.chinalawandpractice.com/App_Themes/2007/Images/logo_opengraph.png", "site_section": "http://www.chinalawandpractice.com/RSS.aspx?FeedID=424", "section_title": "Banking & Finance Laws", "url": "http://www.chinalawandpractice.com/Article/3488612/Ministry-of-Housing-and-Urban-rural-Development-Ministry-of-Finance-and-Peoples-Bank-of-China.html", "country": "US", "title": "Ministry of Housing and Urban-rural Development, Ministry of Finance and People’s Bank of China, Circular on Revising the Percentage of the Minimum Down Payment When Purchasing Residential Premises with a Personal Housing Loan from the Housing Reserve", "performance_score": 0, "site": "chinalawandpractice.com", "participants_count": 0, "title_full": "Ministry of Housing and Urban-rural Development, Ministry of Finance and People’s Bank of China, Circular on Revising the Percentage of the Minimum Down Payment When Purchasing Residential Premises with a Personal Housing Loan from the Housing Reserve", "spam_score": 0.0, "site_type": "news", "published": "2015-09-15T14:07:00.000+03:00", "replies_count": 0, "uuid": "0751520db6b8b94051473f91f5ac1323647b0a49"}, "author": "", "url": "http://www.chinalawandpractice.com/Article/3488612/Ministry-of-Housing-and-Urban-rural-Development-Ministry-of-Finance-and-Peoples-Bank-of-China.html", "ord_in_thread": 0, "title": "Ministry of Housing and Urban-rural Development, Ministry of Finance and People’s Bank of China, Circular on Revising the Percentage of the Minimum Down Payment When Purchasing Residential Premises with a Personal Housing Loan from the Housing Reserve", "locations": [], "entities": {"persons": [], "locations": [], "organizations": []}, "highlightText": "", "language": "english", "persons": [], "text": "Magazine Archives \nChange font size:", "external_links": [], "published": "2015-09-15T14:07:00.000+03:00", "crawled": "2015-09-16T12:50:14.986+03:00", "highlightTitle": ""}