{"organizations": [], "uuid": "4790345fbf9bd0c222444ebd20ffb7c0811af660", "thread": {"social": {"gplus": {"shares": 0}, "pinterest": {"shares": 0}, "vk": {"shares": 0}, "linkedin": {"shares": 0}, "facebook": {"likes": 0, "shares": 0, "comments": 0}, "stumbledupon": {"shares": 0}}, "site_full": "sg.finance.yahoo.com", "main_image": "https://s1.yimg.com/bt/api/res/1.2/M7vS95b2fvSzHFeFStPk0A--/YXBwaWQ9eW5ld3NfbGVnbztxPTc1O3c9NjAw/http://l.yimg.com/os/mit/media/m/social/images/social_default_logo-1481777.png", "site_section": "http://finance.yahoo.com/rss/headline?s=NVS", "section_title": "Yahoo! Finance: NVS News", "url": "https://sg.finance.yahoo.com/news/gsk-sees-drop-earnings-asset-121621632.html", "country": "US", "title": "GSK sees drop in earnings after asset swap with Novartis - Yahoo Singapore Finance", "performance_score": 0, "site": "yahoo.com", "participants_count": 1, "title_full": "GSK sees drop in earnings after asset swap with Novartis - Yahoo Singapore Finance", "spam_score": 0.0, "site_type": "news", "published": "2015-09-30T03:00:00.000+03:00", "replies_count": 0, "uuid": "4790345fbf9bd0c222444ebd20ffb7c0811af660"}, "author": "AFP News", "url": "https://sg.finance.yahoo.com/news/gsk-sees-drop-earnings-asset-121621632.html", "ord_in_thread": 0, "title": "GSK sees drop in earnings after asset swap with Novartis - Yahoo Singapore Finance", "locations": [], "entities": {"persons": [], "locations": [], "organizations": []}, "highlightText": "", "language": "english", "persons": [], "text": "RELATED QUOTES Symbol Price Change", "external_links": [], "published": "2015-09-30T03:00:00.000+03:00", "crawled": "2015-09-30T09:01:51.553+03:00", "highlightTitle": ""}