{"organizations": ["Lululemon", "Zumiez"], "uuid": "4c68ff0262327f4460f7a53e4956f18bda0aca79", "thread": {"social": {"gplus": {"shares": 0}, "pinterest": {"shares": 0}, "vk": {"shares": 0}, "linkedin": {"shares": 0}, "facebook": {"likes": 0, "shares": 0, "comments": 0}, "stumbledupon": {"shares": 0}}, "site_full": "business-news.thestreet.com", "main_image": "", "site_section": "http://business-news.thestreet.com/news-herald/rss/627", "section_title": "The News Herald    : Personal Finance", "url": "http://business-news.thestreet.com/news-herald/story/what-to-watch-lululemon-zumiez-set-to-report-earnings-latest-jobless-claims/13282928", "country": "US", "title": "What to Watch: Lululemon, Zumiez Set to Report Earnings; Latest Jobless Claims", "performance_score": 0, "site": "thestreet.com", "participants_count": 0, "title_full": "What to Watch: Lululemon, Zumiez Set to Report Earnings; Latest Jobless Claims", "spam_score": 0.0, "site_type": "news", "published": "2015-09-10T03:15:00.000+03:00", "replies_count": 0, "uuid": "4c68ff0262327f4460f7a53e4956f18bda0aca79"}, "author": "", "url": "http://business-news.thestreet.com/news-herald/story/what-to-watch-lululemon-zumiez-set-to-report-earnings-latest-jobless-claims/13282928", "ord_in_thread": 0, "title": "What to Watch: Lululemon, Zumiez Set to Report Earnings; Latest Jobless Claims", "locations": [], "entities": {"persons": [], "locations": [], "organizations": []}, "highlightText": "", "language": "english", "persons": [], "text": "What to Watch: Lululemon, Zumiez Set to Report Earnings; Latest Jobless Claims Written by: U-Jin Lee 09/09/15 - 8:15 PM EDT Tickers in this article: LULU ZUMZ \nNEW YORK ( TheStreet ) -- On Thursday , TheStreet will cover two major retailers set to release their latest financial results. Before the market opens, Lululemon Athletica reports, and then after the market closes, retailer of action sports-related apparel, footwear, equipment and accessories Zumiez comes out with its latest quarterly numbers. Many investors will be focusing on Lululemon . For the second quarter of fiscal 2015, analysts are expecting the yoga apparel company to earn $0.33 a share on revenue of $445.76 million. The company has been focusing on new store openings and new product categories . In the first quarter, the company performed well in the men's segment and in the ivivva business , which is a yoga line for children. The latest quarter will show if the company did well in those categories. On the economic calendar, there are a few things to highlight. The jobless claims report comes out at 8:30 a.m. Eastern Time. Economists are expecting numbers to be around 275,000, which is slightly down from the week before. At the same time, the import and export prices will be released. These prices indicate inflationary trends in internationally traded products. Economists say that lower oil and commodity prices are expected to put pressure on import and export prices, as well. The U.S. Energy Information Administration provides weekly information on oil inventories in the U.S.", "external_links": [], "published": "2015-09-10T03:15:00.000+03:00", "crawled": "2015-09-10T08:28:44.670+03:00", "highlightTitle": ""}