{"organizations": [], "uuid": "f97da55486ddb3f2dca15f8ea77f7bb21f17625c", "thread": {"social": {"gplus": {"shares": 0}, "pinterest": {"shares": 0}, "vk": {"shares": 0}, "linkedin": {"shares": 0}, "facebook": {"likes": 0, "shares": 0, "comments": 0}, "stumbledupon": {"shares": 0}}, "site_full": "uk.finance.yahoo.com", "main_image": "https://s1.yimg.com/bt/api/res/1.2/M7vS95b2fvSzHFeFStPk0A--/YXBwaWQ9eW5ld3NfbGVnbztxPTc1O3c9NjAw/http://l.yimg.com/os/mit/media/m/social/images/social_default_logo-1481777.png", "site_section": "https://uk.finance.yahoo.com/news/provider-targetukfocus/?format=rss", "section_title": "Finance News | Reuters - UK Focus - Yahoo! UK & Ireland Finance", "url": "https://uk.finance.yahoo.com/news/bombs-shells-especially-deadly-women-223000812.html", "country": "US", "title": "Bombs, shells especially deadly for women, children in Syrian war-research", "performance_score": 0, "site": "yahoo.com", "participants_count": 0, "title_full": "Bombs, shells especially deadly for women, children in Syrian war-research", "spam_score": 0.0, "site_type": "news", "published": "2015-09-30T01:30:00.000+03:00", "replies_count": 0, "uuid": "f97da55486ddb3f2dca15f8ea77f7bb21f17625c"}, "author": "", "url": "https://uk.finance.yahoo.com/news/bombs-shells-especially-deadly-women-223000812.html", "ord_in_thread": 0, "title": "Bombs, shells especially deadly for women, children in Syrian war-research", "locations": [], "entities": {"persons": [], "locations": [], "organizations": []}, "highlightText": "", "language": "english", "persons": [], "text": "0.000 \nBy Joseph D'Urso \nLONDON, Sept 29 (Thomson Reuters Foundation) - The use of explosives like barrel bombs and artillery shells in populated areas of Syria, a common feature of the four-year-old conflict, has had a disproportionately lethal effect on women and children, according to research published on Tuesday. \nThe Syrian crisis began with anti-government street protests in March 2011 and has since descended into civil war, forcing half the population from their homes and killing a quarter of a million people. \nMany of those killed have been civilians, victims of barrel bombs, artillery shells and poison gas attacks. \nResearchers from Université Catholique de Louvain in Belgium looked at almost 80,000 civilian deaths in Syria between March 2011 and January 2015. \nThe vast majority of the deaths analysed took place in areas controlled by rebel groups, around a quarter of the dead were women and children and the rest men. \nOf this sample, while men were most likely to be killed in shootings or executions, women and children were more likely to die from air bombardments, shells or ground-level explosives such as car bombs, according to the research published by the British Medical Journal on Tuesday. \nThis differs from previous conflicts for which figures are available such as the 1992-5 Croatian war, in which the vast majority of children who died were killed by firearms, and female deaths were rare, the report said. \nThe findings \"should give pause to anyone who thinks there can be a safe hiding place for women and children when high explosives are being used in populated areas,\" said Hamir Dardagan, co-director of Every Casualty Worldwide, a campaign group. \nBoth the Syrian government and rebel groups say the targets of their bombs and shells are enemy strongholds, but \"our findings indicate that for Syrian children these are the weapons most likely to cause death,\" the report's authors said. \nThe United Nations criticised the Syrian government earlier this month for its aerial bombing campaigns including in civilian areas of Aleppo, Idlib and Damascus, saying they had led to \"widespread civilian casualties\". \nIn June the U.N. Human Rights Council criticised the government's use of cluster bombs, barrel bombs and ballistic missiles in a resolution rejected by Syria as selective and biased. \n\"Our study shows that civilians become the main target of weapons and bear a disproportionate share of the burden of bombings,\" said the authors of the Louvain report. \n\"If we are looking for root causes of the migrant and refugee crises in Europe today, this is surely a major contributor.\" \nMore than 4 million Syrians have fled the country because of the fighting, the vast majority to neighbouring Jordan, Turkey and Lebanon. \n(Reporting By Joseph D'Urso, editing by Tim Pearce.; Please credit the Thomson Reuters Foundation, the charitable arm of Thomson Reuters (Dusseldorf: TOC.DU - news ) , that covers humanitarian news, women's rights, trafficking, corruption and climate change. Visit www.trust.org )", "external_links": [], "published": "2015-09-30T01:30:00.000+03:00", "crawled": "2015-09-30T06:14:33.557+03:00", "highlightTitle": ""}