{"organizations": [], "uuid": "6c5e93fe29fabf78e8e03a2070d62104cf43b055", "thread": {"social": {"gplus": {"shares": 0}, "pinterest": {"shares": 0}, "vk": {"shares": 0}, "linkedin": {"shares": 0}, "facebook": {"likes": 0, "shares": 0, "comments": 0}, "stumbledupon": {"shares": 0}}, "site_full": "www.financialexpress.com", "main_image": "http://www.financialexpress.com/wp-content/uploads/2015/09/android-marshmallow-S.jpg", "site_section": "http://www.financialexpress.com/", "section_title": "The Financial Express | India News Today,Latest National News,Stock Market Today,SENSEX NIFTY,NSE BSE India,Finance News,Business News", "url": "http://www.financialexpress.com/article/industry/tech/google-android-6-0-marshmallow-all-you-wanted-to-know-in-10-points/143767", "country": "IE", "title": "Google Android 6.0 Marshmallow revealed: Check out top 10 points", "performance_score": 0, "site": "financialexpress.com", "participants_count": 1, "title_full": "Google Android 6.0 Marshmallow revealed: Check out top 10 points | The Financial Express", "spam_score": 0.0, "site_type": "news", "published": "2015-09-30T19:39:00.000+03:00", "replies_count": 0, "uuid": "6c5e93fe29fabf78e8e03a2070d62104cf43b055"}, "author": "financialexpress.com", "url": "http://www.financialexpress.com/article/industry/tech/google-android-6-0-marshmallow-all-you-wanted-to-know-in-10-points/143767", "ord_in_thread": 0, "title": "Google Android 6.0 Marshmallow revealed: Check out top 10 points", "locations": [], "entities": {"persons": [], "locations": [], "organizations": []}, "highlightText": "", "language": "english", "persons": [], "text": "Other Articles Buyers considering utility vehicles, mid sized cars: J D Power Godrej Properties sells 435,000 sq. ft. area at Mumbai's BKC commerical project Maggi dispute: Nestle wants National Commission to recall order allowing govt to test samples All you wanted to know about Android 6.0 Marshmallow: Google has launched 2 new smartphones, Google Nexus 6P priced at Rs 39,999 and Nexus 5X at Rs 31,900 in India – available from mid-Oct, but tellingly, loaded it with the latest version of the Android operating system – Android 6.0 Marshmallow. So, if you want to experience the new Android 6.0 Marshmallow, you need to buy these smartphones first. Google had announced the upgrade way back in in May, 2015. So, till then, forget Lollipop, check out the top 10 features (and many sub-features) of Android 6.0 Marshmallow:\n1. Contextual Assistance\n* Now on Tap: get assistance without having to leave what you’re doing—whether you’re in an app or on a website. Just touch and hold the home button.\n* Do more with your voice. Now you can have a dialogue with any of your apps that support the new voice interaction service. For example, if a user says “play some music on TuneIn,” TuneIn will respond by asking “What genre?”.\n* Direct Share: a fast and easy way to share to the right person in the right app.\n2. Battery\n* Doze: when your device is at rest, Doze automatically puts it into a sleep state to increase your standby battery life.\n* App Standby: no more battery drain from seldom used apps; App Standby limits their impact on battery life so your charge lasts longer.\n* USB Type C support*: Quickly transfer power and data all through the same cable. Lightning fast charging gives you hours of power in just minutes.\n3. Privacy & Security\n* On an Android Marshmallow device, apps designed for Android Marshmallow only ask for permission right when it’s needed. You can deny any permission and still continue to use the app.\n* Advanced controls to turn permissions on or off for all your installed apps.\n* Verified boot: when your Android device boots up, it will warn you if the firmware and Android operating system have been modified from the factory version.\n* Use fingerprint sensors* to unlock your device, make purchases in Google Play, authenticate transactions in apps, and pay in stores.\n4. Android Runtime (“ART”)\n* Improved application performance and lower memory overhead for faster multi-tasking.\n5. Productivity\n* Bluetooth™ stylus support*, including pressure sensitivity and modifier keys.\n* Improved typesetting and text rendering performance.\n* Smarter text selection, built-in undo/redo, and text actions closer to your fingers.\n* Text selection actions such as a new Translate option that lets you translate text from one language to another right on the spot. (Note: requires Google Translate app installed)\n* Save paper with duplex printing support.\n6. System usability improvements\n* App links: enables installed apps to automatically handle their web URLs so you can jump right into the app, rather than the mobile web site, as appropriate.\n* Easily toggle and configure Do Not Disturb from quick settings.\n* If someone calls you twice within 15 minutes, you can choose to allow the call to ring through while Do Not Disturb is enabled.\n* Use automatic rules to enable Do Not Disturb for as many custom time blocks as you like or around events on your calendar.\n* Simplified volume controls allow you to manage notification, music, and alarm volumes easily from anywhere with the touch of your volume keys.\n* Streamlined Settings let you manage an app’s settings all in one place, from battery and memory usage, to notifications and permissions controls.\n* Google Now Launcher app list refreshed with search, fast alphabetic scrolling, and predictive App Suggestions.\n7. Connectivity\n* More power efficient Bluetooth Low Energy (“BLE”) scanning for nearby beacons and your accessories.\n* Hotspot 2.0: Connect to compatible Wi-Fi networks seamlessly and securely.\n* Bluetooth SAP: Make calls from your carphone using your phone’s SIM.\n* Portable Wi-Fi hotspot now supports 5GHz frequency bands.\n8. Expandable storage\n* Flex Storage: makes using SD cards or external storage devices as encrypted expanded storage for your apps and games on Android Marshmallow a whole lot easier.\n9. Device setup and migration\n* Easily transfer your accounts, apps and data to a new device.\n* During setup, you can add an additional personal or corporate email account (e.g., IMAP)\n* Auto backup for Apps: seamless app data backup and restore.\n* Backup/restore of additional system settings such as your Sync settings, preferred apps, Do Not Disturb settings, Accessibility settings and enabled IMEs.\n10. Android for Work\n* When receiving calls or viewing past messages, you can now see the full work contact details even if you’re not logged into your work profile.\n* Work status notification: A status bar briefcase icon now appears when you’re using an app from the work profile and if the device is unlocked directly to an app in the work profile, an alert is displayed notifying the user.\n* VPN apps are now visible in Settings > More > VPN. Additionally, the notifications that VPNs use are now specific to whether that VPN is configured for a work profile or the entire device.\n(Text courtesy android.com)\n 30, 2015 11:39 am", "external_links": [], "published": "2015-09-30T19:39:00.000+03:00", "crawled": "2015-09-30T11:45:34.628+03:00", "highlightTitle": ""}