{"organizations": ["J.P. Morgan"], "uuid": "3e45dd09ed8487ede06037b35eb1df28a91b62d3", "thread": {"social": {"gplus": {"shares": 0}, "pinterest": {"shares": 0}, "vk": {"shares": 0}, "linkedin": {"shares": 0}, "facebook": {"likes": 0, "shares": 0, "comments": 0}, "stumbledupon": {"shares": 0}}, "site_full": "www.wsj.com", "main_image": "http://m.wsj.net/video/20150929/092915wwbank/092915wwbank_1280x720.jpg", "site_section": "http://feeds.wsjonline.com/wsj/video/personal-finance/feed", "section_title": "WSJ.com Video - Personal Finance", "url": "http://www.wsj.com/video/wall-street-banks-recruit-moms/87E481CC-11E6-48ED-B52E-6F8C79102AE9.html", "country": "US", "title": "Wall Street Banks Recruit Moms", "performance_score": 0, "site": "wsj.com", "participants_count": 0, "title_full": "Wall Street Banks Recruit Moms", "spam_score": 0.0, "site_type": "news", "published": "2015-09-30T11:00:00.000+03:00", "replies_count": 0, "uuid": "3e45dd09ed8487ede06037b35eb1df28a91b62d3"}, "author": "", "url": "http://www.wsj.com/video/wall-street-banks-recruit-moms/87E481CC-11E6-48ED-B52E-6F8C79102AE9.html", "ord_in_thread": 0, "title": "Wall Street Banks Recruit Moms", "locations": [], "entities": {"persons": [], "locations": [], "organizations": []}, "highlightText": "", "language": "english", "persons": ["Lisa Hartman"], "text": "Wall Street Banks Recruit Moms 9/30/2015 4:00AM The nation's biggest banks are luring mothers back to work with re-entry programs. Lisa Hartman is a prime example; after 11 years out of the workforce, the J.P. Morgan executive's career is back on track. Photo: The Wall Street Journal", "external_links": [], "published": "2015-09-30T11:00:00.000+03:00", "crawled": "2015-09-30T20:24:52.908+03:00", "highlightTitle": ""}