{"organizations": [], "uuid": "448b76eb45e3f1ff0c922bc1bc06e92683a3d879", "thread": {"social": {"gplus": {"shares": 0}, "pinterest": {"shares": 0}, "vk": {"shares": 0}, "linkedin": {"shares": 0}, "facebook": {"likes": 0, "shares": 0, "comments": 0}, "stumbledupon": {"shares": 0}}, "site_full": "www.reuters.com", "main_image": "", "site_section": "http://www.reuters.com/finance/personal-finance", "section_title": "Wealth, Personal Finance &amp; Money | Reuters.com", "url": "http://www.reuters.com/article/2015/09/22/usa-volkswagen-probe-idUSL1N11S1ID20150922", "country": "US", "title": "U.S. state attorneys general to probe Volkswagen -- New York AG", "performance_score": 0, "site": "reuters.com", "participants_count": 1, "title_full": "U.S. state attorneys general to probe Volkswagen -- New York AG | Reuters", "spam_score": 0.0, "site_type": "news", "published": "2015-09-22T20:45:00.000+03:00", "replies_count": 0, "uuid": "448b76eb45e3f1ff0c922bc1bc06e92683a3d879"}, "author": "Reuters", "url": "http://www.reuters.com/article/2015/09/22/usa-volkswagen-probe-idUSL1N11S1ID20150922", "ord_in_thread": 0, "title": "U.S. state attorneys general to probe Volkswagen -- New York AG", "locations": [], "entities": {"persons": [], "locations": [], "organizations": []}, "highlightText": "", "language": "english", "persons": [], "text": "NEW YORK, Sept 22 New York and other state attorneys general are forming a group to probe Volkswagen AG over the U.S. emissions test scandal, a spokesman for New York Attorney General Eric Schneiderman said.\n(Reporting By Karen Freifeld, Editing by Franklin Paul)", "external_links": [], "published": "2015-09-22T20:45:00.000+03:00", "crawled": "2015-09-22T19:49:33.588+03:00", "highlightTitle": ""}