{"organizations": [], "uuid": "3a73e7089df3a368a16a0c0ae681dad33fe39dbb", "thread": {"social": {"gplus": {"shares": 0}, "pinterest": {"shares": 0}, "vk": {"shares": 0}, "linkedin": {"shares": 0}, "facebook": {"likes": 0, "shares": 0, "comments": 0}, "stumbledupon": {"shares": 0}}, "site_full": "www.reuters.com", "main_image": "", "site_section": "http://www.reuters.com/finance/personal-finance", "section_title": "Wealth, Personal Finance &amp; Money | Reuters.com", "url": "http://www.reuters.com/article/2015/09/09/valero-energy-outlook-idUSL1N11F0QZ20150909", "country": "US", "title": "UPDATE 2-Valero CEO Gorder sees acquisition opportunities", "performance_score": 0, "site": "reuters.com", "participants_count": 1, "title_full": "UPDATE 2-Valero CEO Gorder sees acquisition opportunities | Reuters", "spam_score": 0.0, "site_type": "news", "published": "2015-09-09T17:25:00.000+03:00", "replies_count": 0, "uuid": "3a73e7089df3a368a16a0c0ae681dad33fe39dbb"}, "author": "Reuters", "url": "http://www.reuters.com/article/2015/09/09/valero-energy-outlook-idUSL1N11F0QZ20150909", "ord_in_thread": 0, "title": "UPDATE 2-Valero CEO Gorder sees acquisition opportunities", "locations": [], "entities": {"persons": [], "locations": [], "organizations": []}, "highlightText": "", "language": "english", "persons": [], "text": "(Adds Valero background)\nSept 9 (Reuters) - Valero Energy Corp, the leading U.S. refiner, may soon return to its roots as a buyer of refineries, Chief Executive Officer Joe Gorder said on Wednesday.\n\"We think there are acquisition opportunities going forward,\" Gorder said during a webcast of the Barclays Energy Conference.\nGorder reminded the audience of Wall Street analysts that Valero expanded between 2000 and 2007 by aggressively buying U.S. refineries.\n\"This is something you're doing all the time,\" he said. \"We have a list of targets we're looking at internally.\"\nGorder declined to say where the San Antonio-based company was shopping for possible purchases.\nSome targets could be corporate acquisitions, while others could be single facilities, Gorder added.\nCompared with refineries, however, he said he expected a higher growth rate in the logistics sector, where Valero, like its competitors, operates a master limited partnership focused on crude oil and refined products pipelines and terminals.\nValero operates 13 refineries in North America with a combined crude oil processing capacity of 1.96 million barrels per day, according the U.S. Energy Information Administration.\nValero also owns a refinery in Wales and 11 U.S. ethanol plants along with controlling the Valero Energy Partners master limited partnership. (Reporting by Erwin Seba in Houston; Editing by Jeffrey Benkoe and Lisa Von Ahn)", "external_links": [], "published": "2015-09-09T17:25:00.000+03:00", "crawled": "2015-09-09T16:30:04.505+03:00", "highlightTitle": ""}