{"organizations": [], "uuid": "4bebdccd8a3961b4e3867f4532886f7eb2fd1606", "thread": {"social": {"gplus": {"shares": 0}, "pinterest": {"shares": 0}, "vk": {"shares": 0}, "linkedin": {"shares": 0}, "facebook": {"likes": 0, "shares": 0, "comments": 0}, "stumbledupon": {"shares": 0}}, "site_full": "uk.finance.yahoo.com", "main_image": "https://s1.yimg.com/bt/api/res/1.2/M7vS95b2fvSzHFeFStPk0A--/YXBwaWQ9eW5ld3NfbGVnbztxPTc1O3c9NjAw/http://l.yimg.com/os/mit/media/m/social/images/social_default_logo-1481777.png", "site_section": "http://finance.yahoo.com/rss/headline?s=NVS", "section_title": "Yahoo! Finance: NVS News", "url": "https://uk.finance.yahoo.com/news/gsk-beats-expectations-second-quarter-140932307.html", "country": "US", "title": "GSK beats expectations with second-quarter results - Yahoo Finance UK", "performance_score": 0, "site": "yahoo.com", "participants_count": 1, "title_full": "GSK beats expectations with second-quarter results - Yahoo Finance UK", "spam_score": 0.0, "site_type": "news", "published": "2015-09-30T03:00:00.000+03:00", "replies_count": 0, "uuid": "4bebdccd8a3961b4e3867f4532886f7eb2fd1606"}, "author": "Alan Tovey", "url": "https://uk.finance.yahoo.com/news/gsk-beats-expectations-second-quarter-140932307.html", "ord_in_thread": 0, "title": "GSK beats expectations with second-quarter results - Yahoo Finance UK", "locations": [], "entities": {"persons": [], "locations": [], "organizations": []}, "highlightText": "", "language": "english", "persons": [], "text": "RELATED QUOTES Symbol Price Change NOT.DE 80.41 -0.62 GLAXF 18.55 -0.40", "external_links": [], "published": "2015-09-30T03:00:00.000+03:00", "crawled": "2015-09-30T09:01:31.773+03:00", "highlightTitle": ""}