{"organizations": [], "uuid": "cdda09b802f1c61a733f5bbd16cfa135990f8595", "thread": {"social": {"gplus": {"shares": 0}, "pinterest": {"shares": 0}, "vk": {"shares": 0}, "linkedin": {"shares": 0}, "facebook": {"likes": 0, "shares": 0, "comments": 0}, "stumbledupon": {"shares": 0}}, "site_full": "finance.yahoo.com", "main_image": "http://l3.yimg.com/bt/api/res/1.2/M7vS95b2fvSzHFeFStPk0A--/YXBwaWQ9eW5ld3NfbGVnbztxPTc1O3c9NjAw/http://l.yimg.com/os/mit/media/m/social/images/social_default_logo-1481777.png", "site_section": "http://finance.yahoo.com/rss/PropertyManagement", "section_title": "Yahoo! Finance: Property Management Industry News", "url": "http://finance.yahoo.com/news/hff-closes-370-million-sale-201700080.html", "country": "GB", "title": "HFF Closes $370 Million Sale of Flagship Retail Block on Lincoln Road in Miami Beach - Yahoo Finance", "performance_score": 0, "site": "yahoo.com", "participants_count": 1, "title_full": "HFF Closes $370 Million Sale of Flagship Retail Block on Lincoln Road in Miami Beach - Yahoo Finance", "spam_score": 0.0, "site_type": "news", "published": "2015-09-30T03:00:00.000+03:00", "replies_count": 0, "uuid": "cdda09b802f1c61a733f5bbd16cfa135990f8595"}, "author": "HFF", "url": "http://finance.yahoo.com/news/hff-closes-370-million-sale-201700080.html", "ord_in_thread": 0, "title": "HFF Closes $370 Million Sale of Flagship Retail Block on Lincoln Road in Miami Beach - Yahoo Finance", "locations": [], "entities": {"persons": [], "locations": [], "organizations": []}, "highlightText": "", "language": "english", "persons": [], "text": "MIAMI--(BUSINESS WIRE)--\nHolliday Fenoglio Fowler, L.P. (HFF) announced today that it has closed the $370 million sale of a 1.1-acre contiguous city block along Lincoln Road in Miami Beach, Florida. \nAccording to HFF, the sale is the second largest ever in Miami-Dade County and the highest value retail property sale in Florida. \nHFF marketed the property on behalf of the seller, a partnership between Jonathan Fryd and Michael Comras. The buyer was a private family office. \nLincoln Road has emerged as one of the premier shopping districts in the country, often compared with New York’s Fifth Avenue, Rodeo Drive in Beverly Hills and Chicago’s Magnificent Mile. Lincoln Road is the top tourist attraction in Miami and receives more than six million visitors annually. The Lincoln Road Flagship Block consists of global flagship retail stores for Gap, Apple, Capital One and Nike. The total improved area totals 74,537 square feet with the potential to develop an additional 57,328 square feet over time. \nThe HFF capital markets team representing the seller was led by executive managing director Manny de Zárraga, senior managing director Daniel Finkle and managing director Luis Castillo. \nAbout Fryd Properties \nFryd Properties is one of the leading property management and development firms in Miami Beach, with more than 60 years of experience in the fields of construction, development, banking and property management. Fryd Properties manages a portfolio of real estate in cities throughout South Florida and New Jersey. For more information, visit www.frydproperties.com . \nAbout Comras Company of Florida, Inc. \nComras Company of Florida, Inc. is South Florida’s leading retail leasing, investment and development company. The firm specializes in urban and suburban markets throughout Miami-Dade, Broward and Palm Beach Counties. The company’s services include tenant representation, strategic planning, site identification, market analysis, lease negotiation, portfolio review, site acquisition and disposition. The company was founded by Michael Comras in 1992 and is based in Miami Beach. In addition to brokerage services, Mr. Comras has developed and owns a portfolio of street oriented retail assets in Miami’s top markets. A sampling of these assets include flagship locations for Apple, Gap, Forever 21, BCBG, Sephora and 24 Hour Fitness in locations along Miami Beach's historic Lincoln Road, Collins Avenue's \"Fashion District\" and Coconut Grove. The company is extremely active in Miami’s emerging areas including the burgeoning Design District, Wynwood Arts District and Downtown Miami. For more information, visit www.comrascompany.com . \nAbout HFF \nHFF and HFFS (HFF Securities L.P.) are owned by HFF, Inc. ( HF ). HFF operates out of 22 offices nationwide and is a leading provider of commercial real estate and capital markets services to the U.S. commercial real estate industry. HFF together with its affiliate HFFS offer clients a fully integrated national capital markets platform including debt placement, investment sales, equity placement, advisory services, loan sales and commercial loan servicing. For more information please visit hfflp.com or follow HFF on Twitter @HFF . \n\nView source version on businesswire.com: http://www.businesswire.com/news/home/20150929006444/en/ \nMiami Beach Contact: HFF\nManny de Zárraga, (305) 448-1333\nHFF Executive Managing Director\nmdezarraga@hfflp.com \nor\nDaniel Finkle, (305) 448-1333\nHFF Senior Managing Director\ndfinkle@hfflp.com \nor\nLuis Castillo, (305) 448-1333\nHFF Managing Director\nlcastillo@hfflp.com \nor\nKristen Murphy, (617) 338-0990\nHFF Associate Director, Marketing\nkrmurphy@hfflp.com", "external_links": [], "published": "2015-09-30T03:00:00.000+03:00", "crawled": "2015-09-30T06:06:39.708+03:00", "highlightTitle": ""}