{"organizations": [], "uuid": "914e69881710be0b3fd404ac9d4285ba725fbe2c", "thread": {"social": {"gplus": {"shares": 0}, "pinterest": {"shares": 0}, "vk": {"shares": 0}, "linkedin": {"shares": 0}, "facebook": {"likes": 0, "shares": 0, "comments": 0}, "stumbledupon": {"shares": 0}}, "site_full": "www.reuters.com", "main_image": "", "site_section": "http://www.reuters.com/finance/personal-finance", "section_title": "Wealth, Personal Finance &amp; Money | Reuters.com", "url": "http://www.reuters.com/article/2015/09/15/markets-stocks-canada-close-idUSL1N11L2A320150915", "country": "US", "title": "CANADA STOCKS-TSX ends up ahead of Fed", "performance_score": 0, "site": "reuters.com", "participants_count": 1, "title_full": "CANADA STOCKS-TSX ends up ahead of Fed | Reuters", "spam_score": 0.0, "site_type": "news", "published": "2015-09-16T00:12:00.000+03:00", "replies_count": 0, "uuid": "914e69881710be0b3fd404ac9d4285ba725fbe2c"}, "author": "Reuters", "url": "http://www.reuters.com/article/2015/09/15/markets-stocks-canada-close-idUSL1N11L2A320150915", "ord_in_thread": 0, "title": "CANADA STOCKS-TSX ends up ahead of Fed", "locations": [], "entities": {"persons": [], "locations": [], "organizations": []}, "highlightText": "", "language": "english", "persons": [], "text": "TORONTO, Sept 15 Canada's main stock index ended higher on Tuesday in a broad but shallow rally as investors braced for a closely watched U.S. Federal Reserve rate decision this week.\nThe Toronto Stock Exchange's S&P/TSX composite index unofficially closed up 109.37 points, or 0.82 percent, at 13,462.71. All 10 main sectors rose, with utilities jumping 2.5 percent. (Reporting by Alastair Sharp ; Editing by Meredith Mazzilli)", "external_links": [], "published": "2015-09-16T00:12:00.000+03:00", "crawled": "2015-09-15T23:24:48.284+03:00", "highlightTitle": ""}