{"organizations": [], "uuid": "57183fe8b8ef423e63ba3b0427b01f9daddbeb87", "thread": {"social": {"gplus": {"shares": 0}, "pinterest": {"shares": 0}, "vk": {"shares": 0}, "linkedin": {"shares": 0}, "facebook": {"likes": 0, "shares": 0, "comments": 0}, "stumbledupon": {"shares": 0}}, "site_full": "business-news.thestreet.com", "main_image": "", "site_section": "http://business-news.thestreet.com/delaware-county-news-network/rss/627", "section_title": "Delaware County News Network : Personal Finance", "url": "http://business-news.thestreet.com/delaware-county-news-network/story/bank-branches-evaporate-as-mobile-and-electronic-technology-blooms/13285847", "country": "US", "title": "Shopping Safaris: The Rise of The Latest Travel Trend", "performance_score": 0, "site": "thestreet.com", "participants_count": 0, "title_full": "Shopping Safaris: The Rise of The Latest Travel Trend", "spam_score": 0.0, "site_type": "news", "published": "2015-09-11T18:20:00.000+03:00", "replies_count": 0, "uuid": "57183fe8b8ef423e63ba3b0427b01f9daddbeb87"}, "author": "", "url": "http://business-news.thestreet.com/delaware-county-news-network/story/bank-branches-evaporate-as-mobile-and-electronic-technology-blooms/13285847", "ord_in_thread": 0, "title": "Shopping Safaris: The Rise of The Latest Travel Trend", "locations": [], "entities": {"persons": [], "locations": [], "organizations": []}, "highlightText": "", "language": "english", "persons": ["Mia Taylor"], "text": "Shopping Safaris: The Rise of The Latest Travel Trend Written by: Mia Taylor 09/11/15 - 11:20 AM EDT \nNEW YORK ( MainStreet ) — For decades, safari vacations have involved journeys through Africa's great game reserves, and days spent traveling into the wild to spot zebras, elephants and lions. \nBut there's a new type of safari emerging, one that involves tracking down an entirely different species - consumer goods made by Gucci, Prada, or Rolex, rare antiques, fine silks or the work of artists in developing countries. Referred to by a recent travel industry report as \"shopping safaris\" - this type of vacation is on the rise, most notably among Chinese nationals. \nThe 2015 Tourism & Travel Trends Report from Resonance Consultancy identifies shopping safaris as one of many growing trends to watch, revealing for example that 27% of Chinese tourists abroad spend more on shopping when traveling than anything else. And one of the most popular shopping oriented vacation destinations, according to the report, is the United States. More Headlines", "external_links": [], "published": "2015-09-11T18:20:00.000+03:00", "crawled": "2015-09-12T00:02:31.052+03:00", "highlightTitle": ""}