{"organizations": [], "uuid": "5e5ffb118e612d5bff5cbc096330b2d37730b5da", "thread": {"social": {"gplus": {"shares": 0}, "pinterest": {"shares": 0}, "vk": {"shares": 0}, "linkedin": {"shares": 0}, "facebook": {"likes": 0, "shares": 0, "comments": 0}, "stumbledupon": {"shares": 0}}, "site_full": "finance.yahoo.com", "main_image": "http://l3.yimg.com/bt/api/res/1.2/M7vS95b2fvSzHFeFStPk0A--/YXBwaWQ9eW5ld3NfbGVnbztxPTc1O3c9NjAw/http://l.yimg.com/os/mit/media/m/social/images/social_default_logo-1481777.png", "site_section": "http://finance.yahoo.com/rss/HeavyConstruction", "section_title": "Yahoo! Finance: Heavy Construction Industry News", "url": "http://finance.yahoo.com/news/great-lakes-announces-award-contract-203000130.html", "country": "GB", "title": "Great Lakes Announces Award of Contract With Corpus Christi Liquefaction, LLC - Yahoo Finance", "performance_score": 0, "site": "yahoo.com", "participants_count": 1, "title_full": "Great Lakes Announces Award of Contract With Corpus Christi Liquefaction, LLC - Yahoo Finance", "spam_score": 0.0, "site_type": "news", "published": "2015-09-28T03:00:00.000+03:00", "replies_count": 0, "uuid": "5e5ffb118e612d5bff5cbc096330b2d37730b5da"}, "author": "Great Lakes Dredge & Dock Company", "url": "http://finance.yahoo.com/news/great-lakes-announces-award-contract-203000130.html", "ord_in_thread": 0, "title": "Great Lakes Announces Award of Contract With Corpus Christi Liquefaction, LLC - Yahoo Finance", "locations": [], "entities": {"persons": [], "locations": [], "organizations": []}, "highlightText": "", "language": "english", "persons": [], "text": "OAK BROOK, Ill., Sept. 28, 2015 (GLOBE NEWSWIRE) -- Great Lakes Dredge & Dock Corporation (\"Great Lakes\") ( GLDD ), the largest provider of dredging services in the United States and a major provider of environmental and remediation services, announced the award of a contract with Corpus Christi Liquefaction, LLC (\"CCL\"), a subsidiary of Cheniere Energy, Inc.\nCCL is developing a liquefied natural gas (LNG) export terminal at a site located on the north shore of Corpus Christi Bay in San Patricio and Nueces Counties, Texas. Great Lakes' portion of the LNG project involves the dredging and slope protection of two LNG carrier ship berths, dredging of a material offloading and tug mooring basin, and expansion of an existing La Quinta Channel turning basin. The total quantity to be dredged is approximately 4.3 million cubic yards, and the materials will be placed into an adjacent upland beneficial use site. Great Lakes expects to commence this work in the fourth quarter of 2015. \nGreat Lakes has extensive dredging experience with energy sector clients and a proven track record for successful completion of similar projects with an emphasis on safe work performance through its Incident & Injury Free safety culture. Its experience, coupled with a versatile fleet of large hydraulic cutter suction dredges and booster pumps, uniquely qualifies Great Lakes for execution of this large and challenging project for CCL. \nThe Company \nGreat Lakes Dredge & Dock Corporation (\"Great Lakes\" or the \"Company\") is the largest provider of dredging services in the United States and the only U.S. dredging company with significant international operations. The Company is also a significant provider of environmental and remediation services on land and water. The Company employs civil, ocean and mechanical engineering staff in its estimating, production and project management functions. The Company is celebrating its 125th-year of operations during which it has never failed to complete a marine project. Great Lakes has a disciplined training program for engineers that ensures experienced-based performance as they advance through Company operations. Great Lakes also owns and operates the largest and most diverse fleet in the U.S. dredging industry, comprised of over 200 specialized vessels.\nAbout Cheniere \nCheniere Energy, Inc. is a Houston-based energy company primarily engaged in LNG-related businesses and currently has two liquefaction projects under construction - Sabine Pass Liquefaction located in Louisiana and Corpus Christi Liquefaction located in Texas, as well as global LNG marketing and trading operations in London, Singapore, Chile and Houston.\nCautionary Note Regarding Forward-Looking Statements \nCertain statements in this press release may constitute \"forward-looking\" statements as defined in Section 21E of the Securities Exchange Act of 1934 (the \"Exchange Act\"), the Private Securities Litigation Reform Act of 1995 (the \"PSLRA\") or in releases made by the Securities and Exchange Commission (the \"SEC\"), all as may be amended from time to time. Such forward-looking statements involve known and unknown risks, uncertainties and other important factors that could cause the actual results, performance or achievements of Great Lakes and its subsidiaries, or industry results, to differ materially from any future results, performance or achievements expressed or implied by such forward-looking statements. Statements that are not historical fact are forward-looking statements. Forward-looking statements can be identified by, among other things, the use of forward-looking language, such as the words \"plan,\" \"believe,\" \"expect,\" \"anticipate,\" \"intend,\" \"estimate,\" \"project,\" \"may,\" \"would,\" \"could,\" \"should,\" \"seeks,\" or \"scheduled to,\" or other similar words, or the negative of these terms or other variations of these terms or comparable language, or by discussion of strategy or intentions. These cautionary statements are being made pursuant to the Exchange Act and the PSLRA with the intention of obtaining the benefits of the \"safe harbor\" provisions of such laws. Great Lakes cautions investors that any forward-looking statements made by Great Lakes are not guarantees or indicative of future performance. Important assumptions and other important factors that could cause actual results to differ materially from those forward-looking statements with respect to Great Lakes, include, but are not limited to: our ability to continue to obtain federal government dredging and other contracts; our ability to qualify as an eligible bidder under government contract criteria and to compete successfully against other qualified bidders; risks associated with cost over-runs, operating cost inflation and potential claims for liquidated damages, particularly with respect to our fixed cost contracts; the timing of our performance on contracts; significant liabilities that could be imposed were we to fail to comply with government contracting regulations; changes in previously-recorded revenue and profit due to our use of the percentage-of-completion method of accounting; consequences of any lapse in disclosure controls and procedures or internal control over financial reporting; changes in the amount of our estimated backlog; our ability to comply with the Jones Act and risks to our business if provisions of the Jones Act were to be repealed or modified; our ability to obtain bonding or letters of credit; increasing costs to operate and maintain aging vessels; equipment or mechanical failures; impacts of legal and regulatory proceedings; unforeseen delays and cost overruns related to the construction of new vessels or equipment; our becoming liable for the obligations of joint ventures, partners and subcontractors; capital and operational costs due to environmental regulations; unionized labor force work stoppages; liabilities for injuries to employees or others or damage to property; maintaining an adequate level of insurance coverage; the adequacy of our information technology systems and risks regarding information technology security breaches; our substantial amount of indebtedness; restrictions imposed by financing covenants; the impact of adverse capital and credit market conditions; limitations on our hedging strategy imposed by new statutory and regulatory requirements for derivative transactions; and changes in macroeconomic indicators and the overall business climate. For additional information on these and other risks and uncertainties, please see Item 1A. \"Risk Factors\" of Great Lakes' Annual Report on Form 10-K for the year ended December 31, 2014, and in other securities filings by Great Lakes with the SEC.\nAlthough Great Lakes believes that its plans, intentions and expectations reflected in or suggested by such forward-looking statements are reasonable, actual results could differ materially from a projection or assumption in any forward-looking statements. Great Lakes' future financial condition and results of operations, as well as any forward-looking statements, are subject to change and inherent risks and uncertainties. The forward-looking statements contained in this press release are made only as of the date hereof and Great Lakes does not have or undertake any obligation to update or revise any forward-looking statements whether as a result of new information, subsequent events or otherwise, unless otherwise required by law.\nOil, Gas, & Consumable Fuels Great Lakes Contact: Great Lakes Dredge & Dock Corporation\nMary Morrissey, Investor Relations\n630-574-3467", "external_links": [], "published": "2015-09-28T03:00:00.000+03:00", "crawled": "2015-09-28T23:43:47.062+03:00", "highlightTitle": ""}