{"organizations": [], "uuid": "570a97147f1ae8c8b2c87ef3bebf82d9d1bb39bb", "thread": {"social": {"gplus": {"shares": 0}, "pinterest": {"shares": 0}, "vk": {"shares": 0}, "linkedin": {"shares": 0}, "facebook": {"likes": 0, "shares": 0, "comments": 0}, "stumbledupon": {"shares": 0}}, "site_full": "www.reuters.com", "main_image": "", "site_section": "http://www.reuters.com/finance/personal-finance", "section_title": "Wealth, Personal Finance &amp; Money | Reuters.com", "url": "http://www.reuters.com/article/2015/09/29/usa-fiscal-shutdown-whitehouse-idUSW1N11F02K20150929", "country": "US", "title": "White House says it looks like Congress is on track to avert shutdown", "performance_score": 0, "site": "reuters.com", "participants_count": 1, "title_full": "White House says it looks like Congress is on track to avert shutdown | Reuters", "spam_score": 0.0, "site_type": "news", "published": "2015-09-29T22:01:00.000+03:00", "replies_count": 0, "uuid": "570a97147f1ae8c8b2c87ef3bebf82d9d1bb39bb"}, "author": "Reuters", "url": "http://www.reuters.com/article/2015/09/29/usa-fiscal-shutdown-whitehouse-idUSW1N11F02K20150929", "ord_in_thread": 0, "title": "White House says it looks like Congress is on track to avert shutdown", "locations": [], "entities": {"persons": [], "locations": [], "organizations": []}, "highlightText": "", "language": "english", "persons": [], "text": "ABOARD AIR FORCE ONE, Sept 29 White House spokesman Josh Earnest said on Tuesday that it looks like the U.S. Congress is taking the steps necessary to avert a government shutdown for now.\n(Reporting by Jeff Mason )", "external_links": [], "published": "2015-09-29T22:01:00.000+03:00", "crawled": "2015-09-29T21:13:40.164+03:00", "highlightTitle": ""}