{"organizations": [], "uuid": "b754e4291f626162cfdea501ac1ae3442ddd55c0", "thread": {"social": {"gplus": {"shares": 0}, "pinterest": {"shares": 0}, "vk": {"shares": 0}, "linkedin": {"shares": 0}, "facebook": {"likes": 0, "shares": 0, "comments": 0}, "stumbledupon": {"shares": 0}}, "site_full": "www.wsj.com", "main_image": "http://si.wsj.net/public/resources/images/BN-KN815_TAPE09_G_20150929150741.jpg", "site_section": "http://www.wsj.com/news/business", "section_title": "Business &amp; Finance News - Wall Street Journal", "url": "http://www.wsj.com/articles/want-to-measure-economic-climate-watch-the-chicago-barometer-1443554976", "country": "US", "title": "Want to Measure Economic Climate? Watch the Chicago Barometer", "performance_score": 0, "site": "wsj.com", "participants_count": 1, "title_full": "Want to Measure Economic Climate? Watch the Chicago Barometer - WSJ", "spam_score": 0.0, "site_type": "news", "published": "2015-09-29T23:29:00.000+03:00", "replies_count": 0, "uuid": "b754e4291f626162cfdea501ac1ae3442ddd55c0"}, "author": "Spencer Jakab", "url": "http://www.wsj.com/articles/want-to-measure-economic-climate-watch-the-chicago-barometer-1443554976", "ord_in_thread": 0, "title": "Want to Measure Economic Climate? Watch the Chicago Barometer", "locations": [], "entities": {"persons": [], "locations": [], "organizations": []}, "highlightText": "", "language": "english", "persons": [], "text": "The Second City doesn’t play second fiddle to anyone when it comes to economic indicators.\nThe Chicago Business Barometer, commonly known as the Chicago PMI, will be even more watched than usual on Wednesday. Economists polled by The Wall Street Journal see it dropping to 52.7 in September from 54.4 in August.\nBut that would be relatively good news for two reasons: First, being a so-called diffusion index, any reading above... To Read the Full Story, Subscribe or Sign In", "external_links": [], "published": "2015-09-29T23:29:00.000+03:00", "crawled": "2015-09-29T22:51:09.405+03:00", "highlightTitle": ""}