{"organizations": ["MoneyGram", "BANX", "Euronet Worldwide, Inc", "StoneCastle Financial Corp", "DTVM", "Blackhawk Network Holdings, Inc", "Expand Service", "São Paulo", "MGI", "World Bank", "MoneyGram International Inc", "Zacks Equity Research", "Cotacao DTVM MoneyGram", "Euronet Worldwide"], "uuid": "fd43b9ff884bdd7d2b498ba65ecc25ea171ef810", "thread": {"social": {"gplus": {"shares": 0}, "pinterest": {"shares": 0}, "vk": {"shares": 0}, "linkedin": {"shares": 0}, "facebook": {"likes": 0, "shares": 0, "comments": 0}, "stumbledupon": {"shares": 0}}, "site_full": "finance.yahoo.com", "main_image": "http://l3.yimg.com/bt/api/res/1.2/M7vS95b2fvSzHFeFStPk0A--/YXBwaWQ9eW5ld3NfbGVnbztxPTc1O3c9NjAw/http://l.yimg.com/os/mit/media/m/social/images/social_default_logo-1481777.png", "site_section": "http://finance.yahoo.com/rss/headline?s=MGI", "section_title": "Yahoo! Finance: MGI News", "url": "http://finance.yahoo.com/news/moneygram-expand-brazil-cotacao-dtvm-201508953.html", "country": "GB", "title": "MoneyGram to Expand Service in Brazil with Cotacao DTVM", "performance_score": 0, "site": "yahoo.com", "participants_count": 0, "title_full": "MoneyGram to Expand Service in Brazil with Cotacao DTVM", "spam_score": 0.0, "site_type": "news", "published": "2015-09-18T23:15:00.000+03:00", "replies_count": 0, "uuid": "fd43b9ff884bdd7d2b498ba65ecc25ea171ef810"}, "author": "", "url": "http://finance.yahoo.com/news/moneygram-expand-brazil-cotacao-dtvm-201508953.html", "ord_in_thread": 0, "title": "MoneyGram to Expand Service in Brazil with Cotacao DTVM", "locations": ["Portugal", "Spain", "Brazil", "Latin America", "United States.Currently", "Japan"], "entities": {"persons": [], "locations": [], "organizations": []}, "highlightText": "", "language": "english", "persons": ["Cotacao"], "text": "MoneyGram to Expand Service in Brazil with Cotacao DTVM By Zacks Equity Research 49 minutes ago  Content preferences Done Money transfer company MoneyGram International Inc. MGI, has tied up with Cotacao DTVM, in an effort to expand its presence in Brazil.Cotacao DTVM is one of the largest distributors of currency exchange in Brazil. The agreement will enable customers in Brazil to transfer money from more than 50 Cotacao DTVM exchange houses in the country.The Cotacao alliance will help DTVM to growth in this important market, and will help MoneyGram to meet growing consumer demand for money transfers in Brazil.Last year, the company had announced a tie-up with São Paulo, Brazil-based Confidence Câmbio, which is well known and has presence in many of the largest cities in that country. It is part of Confidence Group which also owns the first foreign exchange bank in Brazil.Led by growing remittance from Brazil, MoneyGram has also recently inaugurated an office in Brazil. The office will provide increased presence and support to agents, consumers and business partners.According to the World Bank, Brazil has the largest economy in Latin America. Outbound remittances from Brazil have increased to about $1 billion with funds flowing primarily to Portugal, Spain and Japan. Nearly $2.5 billion flowed into Brazil last year and most of that was from the United States.Currently, MoneyGram carries a Zacks Rank #2 (Buy). Some other stocks worth considering in the same sector are Euronet Worldwide, Inc. EEFT, StoneCastle Financial Corp. BANX and Blackhawk Network Holdings, Inc. HAWK. While Euronet Worldwide carries a Zacks Rank #1 (Strong Buy), the other two stocks carry the same Zacks Rank as MoneyGram. \nWant the latest recommendations from Zacks Investment Research? Today, you can download 7 Best Stocks for the Next 30 Days. Click to get this free report >> Want the latest recommendations from Zacks Investment Research? Today, you can download 7 Best Stocks for the Next 30 Days. Click to get this free report", "external_links": [], "published": "2015-09-18T23:15:00.000+03:00", "crawled": "2015-09-19T00:05:04.491+03:00", "highlightTitle": ""}