{"organizations": [], "uuid": "003d0d84e9af329c17b8907821497c6996fee910", "thread": {"social": {"gplus": {"shares": 0}, "pinterest": {"shares": 0}, "vk": {"shares": 0}, "linkedin": {"shares": 0}, "facebook": {"likes": 0, "shares": 0, "comments": 0}, "stumbledupon": {"shares": 0}}, "site_full": "www.marketwatch.com", "main_image": "http://s.marketwatch.com/public/resources/MWimages/MW-DT991_omalle_MG_20150910133617.jpg", "site_section": "http://finance.yahoo.com/news/provider-marketwatch/", "section_title": "MarketWatch News Archive - Yahoo! Finance", "url": "http://www.marketwatch.com/story/democratic-candidate-goes-largely-unrecognized-in-liberal-bastion-2015-09-10", "country": "US", "title": "Democratic candidate goes largely unrecognized in liberal bastion", "performance_score": 0, "site": "marketwatch.com", "participants_count": 3, "title_full": "Democratic candidate goes largely unrecognized in liberal bastion - MarketWatch", "spam_score": 0.0, "site_type": "news", "published": "2015-09-10T03:00:00.000+03:00", "replies_count": 2, "uuid": "91d477519bd9699622f3ea810231e291bab306ef"}, "author": "Steve Goldstein", "url": "http://www.marketwatch.com/story/democratic-candidate-goes-largely-unrecognized-in-liberal-bastion-2015-09-10#post-0", "ord_in_thread": 0, "title": "Democratic candidate goes largely unrecognized in liberal bastion", "locations": [], "entities": {"persons": [], "locations": [], "organizations": []}, "highlightText": "", "language": "english", "persons": [], "text": "YouTube Martin O’Malley has a message for Wall Street — you can’t make an honest buck there.\nBut in his video, “How to make an honest buck on Wall Street with Martin O’Malley,” the former Maryland governor unintentionally delivers another one with his guitar playing — how unrecognizable he is. In Manhattan, President Barack Obama got nearly 84% of the vote in 2012, but O’Malley seemed to have few interactions with locals.\nThe video says the Democratic candidate for president earned $1.74 in change (and a packet of gummy bears), which was shot Wednesday.\nThe RealClearPolitics average of polls has O’Malley a distant fourth in the race to be the Democratic nominee, behind former Secretary of State Hillary Clinton, Sen. Bernie Sanders and Vice President Joe Biden.\nMore from MarketWatch", "external_links": ["https://www.youtube.com/embed/NWTBx3Ju-gY", "http://www.realclearpolitics.com/epolls/2016/president/us/2016_democratic_presidential_nomination-3824.html"], "published": "2015-09-10T03:00:00.000+03:00", "crawled": "2015-09-11T02:26:33.329+03:00", "highlightTitle": ""}