{"organizations": [], "uuid": "e6d094987d5cb0a796ae14b5169c83bd266361b3", "thread": {"social": {"gplus": {"shares": 0}, "pinterest": {"shares": 0}, "vk": {"shares": 0}, "linkedin": {"shares": 0}, "facebook": {"likes": 0, "shares": 0, "comments": 0}, "stumbledupon": {"shares": 0}}, "site_full": "www.wsj.com", "main_image": "http://si.wsj.net/public/resources/images/BN-KN587_0929ju_G_20150929073721.jpg", "site_section": "http://www.wsj.com/news/world/asia", "section_title": "Asia Business, Finance &amp; Political News - The Wall Street Journal", "url": "http://www.wsj.com/articles/macaus-latest-woe-embezzlement-allegations-1443529278", "country": "US", "title": "Macau’s Latest Woe: Embezzlement Allegations", "performance_score": 0, "site": "wsj.com", "participants_count": 1, "title_full": "Macau’s Latest Woe: Embezzlement Allegations - WSJ", "spam_score": 0.0, "site_type": "news", "published": "2015-09-29T16:21:00.000+03:00", "replies_count": 0, "uuid": "e6d094987d5cb0a796ae14b5169c83bd266361b3"}, "author": "Kate O’Keeffe", "url": "http://www.wsj.com/articles/macaus-latest-woe-embezzlement-allegations-1443529278", "ord_in_thread": 0, "title": "Macau’s Latest Woe: Embezzlement Allegations", "locations": [], "entities": {"persons": [], "locations": [], "organizations": []}, "highlightText": "", "language": "english", "persons": [], "text": "MACAU—An alleged embezzlement scandal at a junket business that lends money to high-rollers inside the VIP rooms of Wynn Resorts Ltd.’s Macau casino is adding to the woes of the world’s biggest gambling center.\nInvestors in the junket rushed to pull out money after rumors about the alleged incident spread within casino circles, according to Macau gambling executives. An analyst’s report also noted allegations that an employee had... ", "external_links": [], "published": "2015-09-29T16:21:00.000+03:00", "crawled": "2015-09-29T17:00:58.832+03:00", "highlightTitle": ""}