{"organizations": ["Cosatu"], "uuid": "a6b1ffb17ba426e9b6da021601008702a7c394e6", "thread": {"social": {"gplus": {"shares": 0}, "pinterest": {"shares": 0}, "vk": {"shares": 0}, "linkedin": {"shares": 0}, "facebook": {"likes": 0, "shares": 0, "comments": 0}, "stumbledupon": {"shares": 0}}, "site_full": "allafrica.com", "main_image": "http://allafrica.com/static/images/structure/aa-logo-rgba-no-text-128x128.png", "site_section": "http://allafrica.com/tools/headlines/rdf/business/headlines.rdf", "section_title": "AllAfrica News: Economy, Business and Finance", "url": "http://allafrica.com/stories/201509270153.html", "country": "US", "title": "South Africa: Cosatu Expresses Its Sympathy With Worshiper's Families After Hajj Stampede", "performance_score": 0, "site": "allafrica.com", "participants_count": 0, "title_full": "South Africa: Cosatu Expresses Its Sympathy With Worshiper's Families After Hajj Stampede", "spam_score": 0.0, "site_type": "news", "published": "2015-09-27T16:47:00.000+03:00", "replies_count": 0, "uuid": "a6b1ffb17ba426e9b6da021601008702a7c394e6"}, "author": "", "url": "http://allafrica.com/stories/201509270153.html", "ord_in_thread": 0, "title": "South Africa: Cosatu Expresses Its Sympathy With Worshiper's Families After Hajj Stampede", "locations": ["South Africa"], "entities": {"persons": [], "locations": [], "organizations": []}, "highlightText": "", "language": "english", "persons": [], "text": "South Africa: Three Hurt As Whale Strikes Yacht Near Fish Hoek press release \nThe Congress of South African Trade Unions has been shocked by the saddest news about a stampede at the occasion of a pilgrimage at Mecca, Saudi Arabia. \nMore than 800 were reported injured after a crush at Mina on the outskirts of the Muslim holy city and 717 declared dead at the pilgrimage called Hajj. \nWe wish all who were injured a speedy recovery. \nCOSATU expresses its heartfelt condolences to all families affected by the tragedy. \nOur prayers and thoughts are with all families. South Africa \nThe Springboks took on Samoa at their own physical game - and emerged well-deserved winners at the Rugby World Cup at … see more » Copyright © 2015 Congress of South African Trade Unions. All rights reserved. Distributed by AllAfrica Global Media ( allAfrica.com ). To contact the copyright holder directly for corrections — or for permission to republish or make other authorized use of this material, click here. AllAfrica publishes around 2,000 reports a day from more than 130 news organizations and over 200 other institutions and individuals , representing a diversity of positions on every topic. We publish news and views ranging from vigorous opponents of governments to government publications and spokespersons. Publishers named above each report are responsible for their own content, which AllAfrica does not have the legal right to edit or correct. Articles and commentaries that identify allAfrica.com as the publisher are produced or commissioned by AllAfrica . To address comments or complaints, please Contact us .", "external_links": [], "published": "2015-09-27T16:47:00.000+03:00", "crawled": "2015-09-27T18:26:19.721+03:00", "highlightTitle": ""}