{"organizations": [], "uuid": "74fcea41fb9a5012d7a54262f3292414443ca5ea", "thread": {"social": {"gplus": {"shares": 0}, "pinterest": {"shares": 0}, "vk": {"shares": 0}, "linkedin": {"shares": 0}, "facebook": {"likes": 0, "shares": 0, "comments": 0}, "stumbledupon": {"shares": 0}}, "site_full": "www.adelaidenow.com.au", "main_image": "http://resources2.news.com.au/images/2015/08/28/1227502/449394-eb0fa87a-4d1c-11e5-8dd1-2cb6f8d6caf8.jpg", "site_section": "http://www.adelaidenow.com.au//business", "section_title": "Business News | Business and Finance News | The Advertiser", "url": "http://www.adelaidenow.com.au/business/aussie-stocks-rally-1pc-at-open-after-strong-us-economic-figures-boost-global-markets/story-fnmxznqb-1227502449424", "country": "US", "title": "Aussie stocks rally 1pc at open after strong US economic figures boost global markets", "performance_score": 0, "site": "adelaidenow.com.au", "participants_count": 1, "title_full": "Aussie stocks rally 1pc at open after strong US economic figures boost global markets | Business News | Business and Finance News | | The Advertiser", "spam_score": 0.0, "site_type": "news", "published": "2015-08-28T19:00:00.000+03:00", "replies_count": 0, "uuid": "74fcea41fb9a5012d7a54262f3292414443ca5ea"}, "author": "Mitchell Neems Reporter", "url": "http://www.adelaidenow.com.au/business/aussie-stocks-rally-1pc-at-open-after-strong-us-economic-figures-boost-global-markets/story-fnmxznqb-1227502449424", "ord_in_thread": 0, "title": "Aussie stocks rally 1pc at open after strong US economic figures boost global markets", "locations": [], "entities": {"persons": [], "locations": [], "organizations": []}, "highlightText": "", "language": "english", "persons": [], "text": "THE Australian sharemarket opened one per cent higher, and is on track to close out the volatile week in positive territory, after strong economic data boosted global markets overnight.\nAt the 10.15am (AEST) official market open, the benchmark S & P/ASX200 index added 56.3 points, or 1.08 per cent, to 5289.6 points, while the broader All Ordinaries rose 57.1 points, or 1.09 per cent, to 5299.7 points.\nCMC chief market analyst Ric Spooner said after another strong market open, investors are starting to wonder what the recent sell-off was all about, with another day of strong buying likely as bargain-hunters scramble to take advantage of what looks like a value opportunity.\n\"Concerns about a possible softening in China’s economic growth have been offset by news of a sharp upward adjustment in US second quarter GDP,\" he said.\nThe early rally was helped by a large jump in oil prices, which contributed to strong support for BHP Billiton.\n\"At the end of the day however, investors will also be conscious that short covering after a protracted down trend is likely to have turbo charged last night’s sharp gain in oil markets,\" Mr Spooner said.\nEquities in Europe and on Wall Street climbed on revised US data showing stronger growth in the second quarter of 3.7 per cent, compared with the previous estimate of 2.3 per cent.\nLocally, no major economic news is expected on Friday.\nIn equities news, Slater & Gordon, IOOF, Mayne Pharma, Regis Healthcare, and Woolworths all posted full-year results.\nIn Australia, the market on Thursday moved more than 1 per cent higher, helped by a rebound in key overseas markets.\nThe benchmark S & P/ASX200 index was up 60.5 points, or 1.2 per cent, at 5233.3 points.\nThe broader All Ordinaries index was up 63.7 points, also 1.2 per cent, at 5242.6 points.\n Aussie stocks climb 1pc at open", "external_links": ["http://www.heraldsun.com.au/business/aussie-stocks-rally-1pc-at-open-after-strong-us-economic-figures-boost-global-markets/story-fni0dcne-1227502449424"], "published": "2015-08-28T19:00:00.000+03:00", "crawled": "2015-09-01T09:45:00.168+03:00", "highlightTitle": ""}