{"organizations": ["Hindustan Times"], "uuid": "779ec08532135b109d060786270e1f1ff9700a93", "thread": {"social": {"gplus": {"shares": 0}, "pinterest": {"shares": 0}, "vk": {"shares": 0}, "linkedin": {"shares": 0}, "facebook": {"likes": 0, "shares": 0, "comments": 0}, "stumbledupon": {"shares": 0}}, "site_full": "www.hindustantimes.com", "main_image": "http://www.hindustantimes.com/rf/image_size_640x362/HT/p2/2015/09/23/Pictures/pm-modi-in-varanasi_b82f65b8-6198-11e5-8001-7ca7c7929b44.jpg", "site_section": "http://feeds.feedburner.com/HT-Business\r", "section_title": "Business News, Personal Finance, Financial News, India Stock Market Investing", "url": "http://www.hindustantimes.com/india/modi-set-to-ignite-a-start-up-brainstorm-in-silicon-valley/story-O14iTJMRsPNrhDY7Elq1cJ.html;jsessionid=11E8CB0738E750D5FDCCBECA172BF1D4", "country": "IN", "title": "Modi set to ignite a start-up brainstorm in Silicon Valley", "performance_score": 0, "site": "hindustantimes.com", "participants_count": 0, "title_full": "Modi set to ignite a start-up brainstorm in Silicon Valley", "spam_score": 0.0, "site_type": "news", "published": "2015-09-23T04:53:00.000+03:00", "replies_count": 0, "uuid": "779ec08532135b109d060786270e1f1ff9700a93"}, "author": "", "url": "http://www.hindustantimes.com/india/modi-set-to-ignite-a-start-up-brainstorm-in-silicon-valley/story-O14iTJMRsPNrhDY7Elq1cJ.html;jsessionid=11E8CB0738E750D5FDCCBECA172BF1D4", "ord_in_thread": 0, "title": "Modi set to ignite a start-up brainstorm in Silicon Valley", "locations": ["Silicon Valley Suveen Sinha", "Varanasi", "New Delhi", "Silicon Valley Modi"], "entities": {"persons": [], "locations": [], "organizations": []}, "highlightText": "", "language": "english", "persons": ["Modi", "Narendra Modi"], "text": "Modi set to ignite a start-up brainstorm in Silicon Valley Suveen Sinha, Hindustan Times, New Delhi | Updated: Sep 23, 2015 08:13 IST Prime Minister Narendra Modi speaks at a function in Varanasi. (PTI) Tweet \nFlights from India to the United States these days have a younger, braver tinge. Several start-up founders are on their way to California’s Silicon Valley for a half-day session on September 27 that will culminate with Prime Minister Narendra Modi taking the stage. \nIn all, the Prime Minister will spend an hour at Hotel Fairmont in San Jose, the heart of the Silicon Valley, with nearly 35 start-ups from India and an equal number from the Valley, apart from fund houses. \nThere will be three panel discussions and a concurrent exhibition at Fairmont, starting at 10 in the morning and ending at two in the afternoon. And there will be a ‘pitch’ session where some founders will get a few minutes each to present their start-up idea to the audience. \nThe learning from the event is likely to feed into the Start-up India, Stand-up India campaign. “When we heard the PM from the Fort, we were like bingo! We are glad he said yes to the event,” said Rajat Tandon, who runs Nasscom’s 10,000 Start-ups programme, just before taking a flight to California. He is one of the organisers of the event along with Kunal Upadhyay and Mudit Narayan of IIM Ahmedabad’s start-up incubator. \nThe PMO’s pointman is Hemang Jani, OSD, knowledge and innovation. \nOne panel at Fairmont will have India’s unicorns, an epithet for start-ups valued at more than a billion dollars, including the founders of Snapdeal, Paytm, Zomato and InMobi. The highest valued, Flipkart, has not yet confirmed . The second panel will have Valley start-ups and fund houses talking about The Valley Way – how they have grown and how people should look to expand. The third panel will have India’s government officials including the secretary to the department of industrial policy and promotion and members of the NITI Aayog. \nThe concurrent exhibition will have 30 Indian start-ups with background in innovative social impact. The Silicon Valley chapter of TiE, the entrepreneurs’ body, is a partner at the event.", "external_links": [], "published": "2015-09-23T04:53:00.000+03:00", "crawled": "2015-09-27T22:50:50.606+03:00", "highlightTitle": ""}