{"organizations": [], "uuid": "8bc978ae697e952b961450307701004a6a2fc190", "thread": {"social": {"gplus": {"shares": 0}, "pinterest": {"shares": 0}, "vk": {"shares": 0}, "linkedin": {"shares": 0}, "facebook": {"likes": 0, "shares": 0, "comments": 0}, "stumbledupon": {"shares": 0}}, "site_full": "www.financialexpress.com", "main_image": "http://www.financialexpress.com/wp-content/uploads/2015/09/modi-nadella-300.jpg", "site_section": "http://www.financialexpress.com/", "section_title": "The Financial Express | India News Today,Latest National News,Stock Market Today,SENSEX NIFTY,NSE BSE India,Finance News,Business News", "url": "http://www.financialexpress.com/article/industry/tech/modi-in-silicon-valley-microsoft-plans-to-take-technology-to-5-lakh-villages-satya-nadella/142146", "country": "IE", "title": "Digital India push: Microsoft plans to take technology to 5 lakh villages, says Satya Nadella", "performance_score": 0, "site": "financialexpress.com", "participants_count": 1, "title_full": "Digital India push: Microsoft plans to take technology to 5 lakh villages, says Satya Nadella | The Financial Express", "spam_score": 0.0, "site_type": "news", "published": "2015-09-27T22:25:00.000+03:00", "replies_count": 0, "uuid": "8bc978ae697e952b961450307701004a6a2fc190"}, "author": "financialexpress.com", "url": "http://www.financialexpress.com/article/industry/tech/modi-in-silicon-valley-microsoft-plans-to-take-technology-to-5-lakh-villages-satya-nadella/142146", "ord_in_thread": 0, "title": "Digital India push: Microsoft plans to take technology to 5 lakh villages, says Satya Nadella", "locations": [], "entities": {"persons": [], "locations": [], "organizations": []}, "highlightText": "", "language": "english", "persons": [], "text": "Other Articles Google to provide wi-fi at 500 Indian railway stations ICDS may lead to extra tax burden for banks in FY16 NMDC margins shrink as ore prices hit 5-year low Intending to become a partner in the ambitious Digital India programme, Microsoft CEO Satya Nadella today said his company will take low cost broadband technology to some five lakh villages across the country.\nSpeaking at a dinner hosted here in honour of visiting Prime Minister Narendra Modi , Nadella said that Microsoft wants to make things and make things happen.\nIn his remarks, Nadella said Microsoft’s plan is to partner with the Indian Government to bring in low-cost broadband connectivity to 500,000 villages in India.\n“We believe that lost-cost broad band connectivity coupled with the scale of cloud computing intelligence that can be harnessed from data can help drive creativity, efficiency and productivity across governments and businesses of all sizes,” the first Indian-American Microsoft CEO said.\nThis in turn, he argued, would drive more affordable products and services and access to opportunity to all of India.\nTo that end, next week Microsoft would announce availability of its cloud services operating out of India’s data centers. “This is a big milestone,” he said.\n“A key part of both Make in India and Digital India, bringing world class infrastructure into India, respecting India’s digital security, sovereignty and privacy is a key milestone for us,” Nadella said.\n 27, 2015 2:25 pm", "external_links": [], "published": "2015-09-27T22:25:00.000+03:00", "crawled": "2015-09-28T02:00:42.484+03:00", "highlightTitle": ""}