{"organizations": [], "uuid": "b39e976fdb16704a8070a705279b4c0f383cf6f0", "thread": {"social": {"gplus": {"shares": 0}, "pinterest": {"shares": 0}, "vk": {"shares": 0}, "linkedin": {"shares": 0}, "facebook": {"likes": 0, "shares": 0, "comments": 0}, "stumbledupon": {"shares": 0}}, "site_full": "nz.finance.yahoo.com", "main_image": "https://s1.yimg.com/bt/api/res/1.2/M7vS95b2fvSzHFeFStPk0A--/YXBwaWQ9eW5ld3NfbGVnbztxPTc1O3c9NjAw/http://l.yimg.com/os/mit/media/m/social/images/social_default_logo-1481777.png", "site_section": "https://nz.finance.yahoo.com/news/topic-top-stories/?format=rss", "section_title": "Latest business and finance news from New Zealand and the world's key markets - Yahoo New Zealand Finance", "url": "https://nz.finance.yahoo.com/news/data-unlikely-helpful-hockey-173213024.html", "country": "US", "title": "Data unlikely to be helpful for Hockey", "performance_score": 0, "site": "yahoo.com", "participants_count": 0, "title_full": "Data unlikely to be helpful for Hockey", "spam_score": 0.0, "site_type": "news", "published": "2015-08-31T23:58:00.000+03:00", "replies_count": 0, "uuid": "b39e976fdb16704a8070a705279b4c0f383cf6f0"}, "author": "", "url": "https://nz.finance.yahoo.com/news/data-unlikely-helpful-hockey-173213024.html", "ord_in_thread": 0, "title": "Data unlikely to be helpful for Hockey", "locations": [], "entities": {"persons": [], "locations": [], "organizations": []}, "highlightText": "", "language": "english", "persons": [], "text": "Print \nJoe Hockey will be hoping for some good news on the economy over the next few days to take the spotlight off his position as treasurer. \nHowever, economists say that will be unlikely because tepid economic growth is expected to have been recorded in the June quarter when the national accounts are released on Wednesday. \nPrime Minister Tony Abbott has thrown his full support behind his treasurer after a media report said two cabinet ministers had urged the Liberal leader to dump Mr Hockey should the party perform badly in the September 19 by-election in Canning. \nThe West Australian electorate has previously been a safe Liberal seat. \nMr Abbott says nobody has approached him with concerns about Mr Hockey. \nThe treasurer will come face-to-face with his colleagues on Tuesday at their first cabinet meeting in a fortnight. \nMr Hockey will travel to Turkey on Wednesday to attend a two-day G20 finance ministers meeting in Ankara. @YahooNZBusiness on Twitter, become a fan on Facebook Data unlikely to be helpful for Hockey AAP \nJoe Hockey will be hoping for some good news on the economy over the next few days to take the spotlight off his …", "external_links": [], "published": "2015-08-31T23:58:00.000+03:00", "crawled": "2015-09-01T00:05:33.342+03:00", "highlightTitle": ""}