{"organizations": ["Huntington Bank Names Director of Sales & Origination to Healthcare Group   Huntington Bank Names Director of Sales & Origination", "Huntington Bank"], "uuid": "578dbdc5165db9730f84457f74444cca672ad196", "thread": {"social": {"gplus": {"shares": 0}, "pinterest": {"shares": 0}, "vk": {"shares": 0}, "linkedin": {"shares": 0}, "facebook": {"likes": 0, "shares": 0, "comments": 0}, "stumbledupon": {"shares": 0}}, "site_full": "www.equipmentfa.com", "main_image": "", "site_section": "http://www.equipmentfa.com/rss/feeds/latestnews.xml", "section_title": "Equipment Finance Advisor", "url": "http://www.equipmentfa.com/news/4645/huntington-bank-names-director-of-sales-origination-to-healthcare-group", "country": "US", "title": "Huntington Bank Names Director of Sales & Origination to Healthcare Group", "performance_score": 0, "site": "equipmentfa.com", "participants_count": 0, "title_full": "Huntington Bank Names Director of Sales & Origination to Healthcare Group", "spam_score": 0.0, "site_type": "news", "published": "2015-08-31T14:11:00.000+03:00", "replies_count": 0, "uuid": "578dbdc5165db9730f84457f74444cca672ad196"}, "author": "", "url": "http://www.equipmentfa.com/news/4645/huntington-bank-names-director-of-sales-origination-to-healthcare-group", "ord_in_thread": 0, "title": "Huntington Bank Names Director of Sales & Origination to Healthcare Group", "locations": [], "entities": {"persons": [], "locations": [], "organizations": []}, "highlightText": "", "language": "english", "persons": [], "text": "  Huntington Bank Names Director of Sales & Origination to Healthcare Group August 31, 2015, 07:11 AM Related: Healthcare , Huntington Bank \nHuntington Bank appointed financial services veteran John Langenderfer director of healthcare sales and origination reporting directly to Healthcare Banking Managing Director Dan Storer. Langenderfer will reside in Cincinnati and work across the six-state Huntington footprint to significantly broaden Huntington’s commercial banking relationships with hospitals, medical and dental groups, senior living and long-term care facilities, home healthcare, medical device manufacturers, specialty pharmaceuticals and other niche healthcare services. “John brings to Huntington 30 years of experience exclusively committed to delivering a vast array of financial solutions to leading healthcare providers,” said Huntington Bank Southern Ohio/Kentucky President Kevin Jones. “He is a consummate professional, highly active in the healthcare industry. He knows what it takes to operate a successful healthcare venture and what a profound difference having the right financial service partner can make.”Langenderfer most recently served in U.S. Bank’s Healthcare Division and previously as managing director of Ludlow Ward & Greenberg’s Healthcare division following a stint at KeyBanc Capital Markets where he helped establish the organization’s healthcare practice. “Huntington is renowned for strong relationships, customer-focused ingenuity and a significant commitment to the medical community at large, with unprecedented growth in the healthcare market space under healthcare division Managing Director Dan Storer,” said Langenderfer. “Expect that to continue as we help customers embrace a dynamic range of strategies that help their businesses prosper.” Today's Other News", "external_links": [], "published": "2015-08-31T14:11:00.000+03:00", "crawled": "2015-09-01T01:34:33.596+03:00", "highlightTitle": ""}