{"organizations": ["Aldi"], "uuid": "0796b5bdfb5c363cac4697bda62e614b9953fd09", "thread": {"social": {"gplus": {"shares": 0}, "pinterest": {"shares": 0}, "vk": {"shares": 0}, "linkedin": {"shares": 0}, "facebook": {"likes": 0, "shares": 0, "comments": 0}, "stumbledupon": {"shares": 0}}, "site_full": "uk.finance.yahoo.com", "main_image": "https://s1.yimg.com/bt/api/res/1.2/M7vS95b2fvSzHFeFStPk0A--/YXBwaWQ9eW5ld3NfbGVnbztxPTc1O3c9NjAw/http://l.yimg.com/os/mit/media/m/social/images/social_default_logo-1481777.png", "site_section": "https://uk.finance.yahoo.com/news/sector-retail/?format=rss", "section_title": "Retail News | Retail Industry News - Yahoo! Finance UK", "url": "https://uk.finance.yahoo.com/news/aldi-uk-launch-online-operation-073559760.html", "country": "GB", "title": "Aldi steps up UK growth plan with online sales launch", "performance_score": 0, "site": "yahoo.com", "participants_count": 0, "title_full": "Aldi steps up UK growth plan with online sales launch", "spam_score": 0.0, "site_type": "news", "published": "2015-09-28T12:53:00.000+03:00", "replies_count": 0, "uuid": "0796b5bdfb5c363cac4697bda62e614b9953fd09"}, "author": "", "url": "https://uk.finance.yahoo.com/news/aldi-uk-launch-online-operation-073559760.html", "ord_in_thread": 0, "title": "Aldi steps up UK growth plan with online sales launch", "locations": ["UK"], "entities": {"persons": [], "locations": [], "organizations": []}, "highlightText": "", "language": "english", "persons": [], "text": "Tip : Use comma (,) to separate multiple quotes. Learn more... \nMon, Sep 28, 2015, 11:07 BST - UK Markets close in 5 hrs 23 mins Aldi steps up UK growth plan with online sales launch Reuters - UK Focus – 13 minutes ago \n* Online offer to start with wine in 2016 \n* 2014 operating profit down 4 pct at 260.3 mln stg \n* Sales up 31 pct to record 6.9 bln stg (Rewrites first paragraph, adds detail, analyst and CEO comments) \nBy James Davey \nLONDON, Sept 28 (Reuters) - The British arm of German discount supermarket chain Aldi plans to launch an online operation, marking the group's first foray into e-commerce in Europe and opening a new front in its battle to raise its share of the tough UK market. \nAldi, which also posted a 4 percent dip in 2014 operating profit, showing discounters are not immune from an industry price war, said on Monday it will begin selling wine by the case online from early next year. \nThat would be followed by non-food special offers, part of a long-term growth and investment strategy in Britain. \"This will enable us to introduce the Aldi brand and some of our best-selling, best-quality and best-value products to thousands more customers,\" said Chief Executive Matthew Barnes. \nAldi has offered online delivery of alcoholic drinks in Australia since 2013 but has not previously entered e-commerce in Europe, seeing it as not profitable enough. \nBarnes told reporters a launch of Aldi's core food range online was \"not on the radar right now\" and it was not inevitable the firm would eventually do it. \nAldi and rival Lidl are the fastest growing grocers in the UK. Almost half of UK households buying groceries visit Aldi or Lidl every month, researcher Nielsen has said. \nWith their low price, limited assortment, low cost strategy they have won share from Tesco (Xetra: 852647 - news ) , Asda, Sainsbury (Amsterdam: SJ6.AS - news ) and Morrison, forcing Britain's \"big four\" to cut prices, improve product quality and boost customer service. \nAll four are competing for a share of the fast growing grocery e-commerce market, with Morrison the last to go online when it struck a deal with Ocado in 2013. \nGrocery e-commerce in Britain is more advanced than elsewhere in Europe, accounting for about 5 percent of sales and forecast by researchers IGD to grow to 8.6 percent by 2020. \nAnalysts said Aldi's first move online will cause trepidation among Britain's big four, already nervous over the possible launch of Amazon Fresh in the UK. \n\"Aldi adds yet another string to its bow that will be a major worry to the likes of Ocado, Sainsbury's and Tesco,\" said Julie Palmer, partner at consultancy Begbies Traynor (LSE: BEG.L - news ) . \nAldi, Britain's seventh largest grocer with a 5.6 percent market share according to researcher Kantar Worldpanel, made an operating profit of 260.3 million pounds ($395 million) in 2014, down from 271.4 million the previous year, reflecting price cuts and higher staff costs. \nThat profit fall came despite sales increasing 31 percent to a record 6.89 billion pounds as the company opened new outlets. It (Other OTC: ITGL - news ) has 598 stores in the UK and is targeting 1,000 by 2022. \nWhile rivals are cutting capital expenditure, Aldi invested a record 438 million pounds in stores and distribution centres in 2014. ($1 = 0.6587 pounds) (Editing by Li-mei Hoang and David Holmes)", "external_links": [], "published": "2015-09-28T12:53:00.000+03:00", "crawled": "2015-09-28T13:11:06.741+03:00", "highlightTitle": ""}