{"organizations": [], "uuid": "00c6ed9cba7492eba304c946ff29df9eca4f4ddb", "thread": {"social": {"gplus": {"shares": 0}, "pinterest": {"shares": 0}, "vk": {"shares": 0}, "linkedin": {"shares": 0}, "facebook": {"likes": 0, "shares": 0, "comments": 0}, "stumbledupon": {"shares": 0}}, "site_full": "finance-commerce.com", "main_image": "http://finance-commerce.com/files/2015/09/ART-Just-Sold-0923-2715-Long-Lake-200x200.jpg", "site_section": "http://finance-commerce.com/feed/", "section_title": "Finance & Commerce", "url": "http://finance-commerce.com/2015/09/just-sold-tpi-buys-holiday-inn-express-in-roseville/", "country": "US", "title": "Just Sold: TPI buys Holiday Inn Express in Roseville", "performance_score": 0, "site": "finance-commerce.com", "participants_count": 1, "title_full": "Just Sold: TPI buys Holiday Inn Express in Roseville", "spam_score": 0.0, "site_type": "news", "published": "2015-09-23T15:02:00.000+03:00", "replies_count": 0, "uuid": "00c6ed9cba7492eba304c946ff29df9eca4f4ddb"}, "author": "Anne Bretts", "url": "http://finance-commerce.com/2015/09/just-sold-tpi-buys-holiday-inn-express-in-roseville/", "ord_in_thread": 0, "title": "Just Sold: TPI buys Holiday Inn Express in Roseville", "locations": [], "entities": {"persons": [], "locations": [], "organizations": []}, "highlightText": "", "language": "english", "persons": [], "text": "User Name/E-mail: Password: \nEnter your user name and password in the fields above to gain access to the subscriber content on this site. \nYour subscription includes one set of login credentials for your exclusive use. Security features have been integrated on this site: If someone signs in with your credentials while you are logged in, the site will automatically close your ongoing login and you will lose access at that time. To inquire about group subscriptions for your organization, contact Disa McClellan . If you feel your login credentials are being used by a second party, contact customer service at 800-451-9998 for assistance in changing your password.\nAlready a paid subscriber but not registered for online access yet? For instructions on how to get premium web access, click here .", "external_links": [], "published": "2015-09-23T15:02:00.000+03:00", "crawled": "2015-09-23T15:48:26.872+03:00", "highlightTitle": ""}