{"organizations": ["NNPC", "APC"], "uuid": "45b7511020921007cd8fd03fbe3776f3413ab222", "thread": {"social": {"gplus": {"shares": 0}, "pinterest": {"shares": 0}, "vk": {"shares": 0}, "linkedin": {"shares": 0}, "facebook": {"likes": 0, "shares": 0, "comments": 0}, "stumbledupon": {"shares": 0}}, "site_full": "allafrica.com", "main_image": "http://allafrica.com/static/images/structure/aa-logo-rgba-no-text-128x128.png", "site_section": "http://allafrica.com/tools/headlines/rdf/business/headlines.rdf", "section_title": "AllAfrica News: Economy, Business and Finance", "url": "http://allafrica.com/stories/201509280236.html", "country": "US", "title": "Nigeria: NNPC Contracts to Be Made Open to Public - Kachikwu", "performance_score": 0, "site": "allafrica.com", "participants_count": 0, "title_full": "Nigeria: NNPC Contracts to Be Made Open to Public - Kachikwu", "spam_score": 0.0, "site_type": "news", "published": "2015-09-28T10:58:00.000+03:00", "replies_count": 0, "uuid": "45b7511020921007cd8fd03fbe3776f3413ab222"}, "author": "", "url": "http://allafrica.com/stories/201509280236.html", "ord_in_thread": 0, "title": "Nigeria: NNPC Contracts to Be Made Open to Public - Kachikwu", "locations": ["Nigeria"], "entities": {"persons": [], "locations": [], "organizations": []}, "highlightText": "", "language": "english", "persons": ["Buhari"], "text": "Nigeria: Buhari's Administocracy - APC's Silences \nThe Group Managing Director of the Nigerian National Petroleum Corporation, NNPC, Emmanuel Kachikwu, on Friday said contracts to be awarded by the corporation would henceforth be made public. \nIn his first interactive session with journalists in Lagos since his appointment as GMD, Mr. Kachikwu said the decision was aimed at making the activities of the corporation transparent and open to the general public. \n\"Contracts will be made open to the public and we will choose the best module that works for us and that helps us save money. \n\"We need to clean the system and carry everybody along. The concept of what is right and wrong will take us very far,\" Mr. Kachikwu stressed. \nMr. Kachikwu said the corporation would urgently embark on a transparency operation to regain its lost credibility. The GMD noted that the transparency operation would start with an audit of the corporation's finances, which was last audited in 2010‎. \nHe said the corporation's finance would not only be audited and brought up to date, but would also be made available to the general public. \nThe NNPC GMD said the transparency operation would also involve posting of the corporation's activities on its website regularly. \nHe added that along with the regular data, there would also be a weekly broadcast of issues concerning the corporation on its website from now henceforth. \nAccording to him, though, there are huge challenges in driving the corporation forward but they would be surmounted with good planning and efficiency. \nThe NNPC GMD said the challenge of cleaning NNPC would be a bumpy, exciting ride, which would eventually yield positive results. \nCommenting on the state of the nation's refineries, he said they were currently working at 30 percent capacity, which was unprofitable. \nMr. Kachikwu noted that for the refineries to be profitable, they needed to attain a minimum of 60 percent operation capacity. \n\"Personally, I would have chosen to sell the refineries, but President Buhari has instructed that they should be fixed. \n\"After they are fixed, if they still operate below 60 per cent, then we will know what to do. \n\"The 90-day ultimatum for the refineries to be fixed will end in December and Port Harcourt Refinery looks like the only one that will meet the deadline, but we will wait and see what happens at the end of the 90 days,\" he said. \nNAN", "external_links": [], "published": "2015-09-28T10:58:00.000+03:00", "crawled": "2015-09-28T11:33:50.683+03:00", "highlightTitle": ""}