{"organizations": [], "uuid": "9f90670cacd6e99ed3f08c557a756c56453417b4", "thread": {"social": {"gplus": {"shares": 0}, "pinterest": {"shares": 0}, "vk": {"shares": 0}, "linkedin": {"shares": 0}, "facebook": {"likes": 0, "shares": 0, "comments": 0}, "stumbledupon": {"shares": 0}}, "site_full": "www.reuters.com", "main_image": "", "site_section": "http://www.reuters.com/finance/personal-finance", "section_title": "Wealth, Personal Finance &amp; Money | Reuters.com", "url": "http://www.reuters.com/article/2015/09/28/britain-press-ft-idUSL3N11Y09D20150928", "country": "US", "title": "PRESS DIGEST- Financial Times - Sept 28", "performance_score": 0, "site": "reuters.com", "participants_count": 1, "title_full": "PRESS DIGEST- Financial Times - Sept 28 | Reuters", "spam_score": 0.0, "site_type": "news", "published": "2015-09-28T05:27:00.000+03:00", "replies_count": 0, "uuid": "9f90670cacd6e99ed3f08c557a756c56453417b4"}, "author": "Reuters", "url": "http://www.reuters.com/article/2015/09/28/britain-press-ft-idUSL3N11Y09D20150928", "ord_in_thread": 0, "title": "PRESS DIGEST- Financial Times - Sept 28", "locations": [], "entities": {"persons": [], "locations": [], "organizations": []}, "highlightText": "", "language": "english", "persons": [], "text": "Sept 28 The following are the top stories in the Financial Times. Reuters has not verified these stories and does not vouch for their accuracy.\nHeadlines\nNARENDRA MODI SIGNS US TECH DEALS\n( on.ft.com/1Ws8mg7 )\nARCTIC OIL TO FLOW AT 5.6 BLN EUROS PLATFORM\n( on.ft.com/1Ws8Enc )\nFACEBOOK VR SPEND UP 'DRAMATICALLY'\n( on.ft.com/1Ws96Sm )\nACCEL-KKR RAISES $1.3 BLN FOR NEW TECH FUND\n( on.ft.com/1Ws9ws6 )\nOverview\nIndia's Prime Minister Narendra Modi, who is on an official visit to the United States, signed deals with Google and Microsoft, highlighting his government's focus on initiatives like \"Digital India.\" Google agreed to launch free Wi-Fi across 500 railway stations in India while Microsoft pledged to bring low-cost broadband to 500,000 villages in India.\nIndustry experts say Italian oil and gas group Eni's Arctic platform, built at a cost of 5.6 billion euros ($6.27 billion) in Arctic's Barents Sea, is undergoing final tests and will begin production soon.\nFacebook's Chief Technology Officer Mike Schroepfer told the Financial Times that the social-networking company's investment in virtual reality will increase year over year and that the company has a multi-year plan worked out for the new medium.\nAccel and KKR have raised $1.3 billion for a new buyout fund which is 50 percent bigger than their previous investment vehicle raised about two years ago.\n($1 = 0.8933 euros) (Compiled by Ankush Sharma in Bengaluru; Editing by Nick Zieminski)", "external_links": ["http://on.ft.com/1Ws9ws6", "http://on.ft.com/1Ws8mg7", "http://on.ft.com/1Ws8Enc", "http://on.ft.com/1Ws96Sm"], "published": "2015-09-28T05:27:00.000+03:00", "crawled": "2015-09-28T04:55:20.912+03:00", "highlightTitle": ""}