{"organizations": ["Reserve Bank of India"], "uuid": "00af584785762aefe2d003a1883dda42c7abf0de", "thread": {"social": {"gplus": {"shares": 0}, "pinterest": {"shares": 0}, "vk": {"shares": 0}, "linkedin": {"shares": 0}, "facebook": {"likes": 0, "shares": 0, "comments": 0}, "stumbledupon": {"shares": 0}}, "site_full": "economictimes.indiatimes.com", "main_image": "http://economictimes.indiatimes.com/thumb/msid-49169532,width-600,resizemode-4/rbi-reuters.jpg", "site_section": "http://economictimes.indiatimes.com/news/news/economy/news/economy/finance/rssfeeds/1286551815.cms", "section_title": "Finance-Economy-News-The Economic Times", "url": "http://economictimes.indiatimes.com/news/economy/finance/indias-end-june-external-debt-rises-to-482-9-billion-rbi/articleshow/49169524.cms", "country": "IL", "title": "India's end-June external debt rises to $482.9 billion: RBI", "performance_score": 0, "site": "indiatimes.com", "participants_count": 0, "title_full": "India's end-June external debt rises to $482.9 billion: RBI", "spam_score": 0.0, "site_type": "news", "published": "2015-09-30T15:34:00.000+03:00", "replies_count": 0, "uuid": "00af584785762aefe2d003a1883dda42c7abf0de"}, "author": "", "url": "http://economictimes.indiatimes.com/news/economy/finance/indias-end-june-external-debt-rises-to-482-9-billion-rbi/articleshow/49169524.cms", "ord_in_thread": 0, "title": "India's end-June external debt rises to $482.9 billion: RBI", "locations": ["MUMBAI", "India"], "entities": {"persons": [], "locations": [], "organizations": []}, "highlightText": "", "language": "english", "persons": [], "text": "ET SPECIAL: Love visual aspect of news? Enjoy this exclusive slideshows treat! MUMBAI: India's end-June external debt was at $482.9 billion, up $8.5 billion from March-end, the Reserve Bank of India said in a release on Wednesday. The increase in the external debt was mainly due to higher non-resident Indian deposits and commercial borrowings, the RBI said. The share of short-term debt residual maturity to India's forex reserves stood at 51.9 per cent from 54.2 per cent end-March, the RBI said.  ", "external_links": [], "published": "2015-09-30T15:34:00.000+03:00", "crawled": "2015-09-30T15:50:21.226+03:00", "highlightTitle": ""}