{"organizations": [], "uuid": "35ef19b0ff96c5752fd35f6e53f508d34e9c61af", "thread": {"social": {"gplus": {"shares": 0}, "pinterest": {"shares": 0}, "vk": {"shares": 0}, "linkedin": {"shares": 0}, "facebook": {"likes": 0, "shares": 0, "comments": 0}, "stumbledupon": {"shares": 0}}, "site_full": "www.prweb.com", "main_image": "http://ww1.prweb.com/prfiles/2015/09/28/12974757/Mike Berengolts - Quote 2 Fund.jpg", "site_section": "http://www.prweb.com/rss2/finance.xml", "section_title": "Business: Finance", "url": "http://www.prweb.com/releases/2015/09/prweb12974757.htm", "country": "US", "title": "Start-up, Quote 2 Fund Taps Bank of Internet Co-founder to Lead Fintech", "performance_score": 0, "site": "prweb.com", "participants_count": 1, "title_full": "Start-up, Quote 2 Fund Taps Bank of Internet Co-founder to Lead Fintech", "spam_score": 0.0, "site_type": "news", "published": "2015-09-29T03:00:00.000+03:00", "replies_count": 0, "uuid": "35ef19b0ff96c5752fd35f6e53f508d34e9c61af"}, "author": "Hezekiah Herrera, APR", "url": "http://www.prweb.com/releases/2015/09/prweb12974757.htm", "ord_in_thread": 0, "title": "Start-up, Quote 2 Fund Taps Bank of Internet Co-founder to Lead Fintech", "locations": [], "entities": {"persons": [], "locations": [], "organizations": []}, "highlightText": "", "language": "english", "persons": [], "text": "With less than a month away from its official launch at Money 20/20, Quote: 2 Fund announced today that Bank of the Internet co-founder Mike Berengolts will take the lead in programming and development for the San Diego-based small business financing platform company. Berengolts first got his start in the fintech industry as the Chief Technology Officer and member of the management team assembled to launch Bofi Holding, Inc. and it’s fully owned subsidiary Bank of Internet USA. With his support, the bank raised $14 million in capital to start, was profitable after 14 months of opening, and went public in 2005 after reaching the $500 million in assets milestone. The initial public offering raised over $30 million in capital.\nAfter a few years of making waves in the creative lending space at Loanz, Inc., (a personal lending platform) and FundAnything.com (a crowdfunding platform), Berengolts is eager to take Quote: 2 Fund (a small business financing platform) to the next level.\n\"Mike Berengolts has extensive, hands-on experience in driving delivery, management, design, development, implementation and support of financial technology,” says Jules Dalsey, founder of Quote: 2 Fund. \"He's built and managed technology for some of the industry’s leading companies and we’re eager for him to help us further evolve our platform to meet the needs of small businesses across the country in ways that no one else can.\"\n-\nQuote: 2 Fund is one of the newest online marketplaces for small business financing. Fusing technology and human touch to help lower search costs, Quote: 2 Fund connects small business owners to a nation-wide network of banks and lenders with a single, free application. Finding the best financing option for your small business is easy with Quote: 2 Fund's instant comparison, pre-approval Quote: culator. From SBA loans to alternative financing programs, Quote: 2 Fund empowers small businesses with more options to choose from—at better speed and customer service.", "external_links": [], "published": "2015-09-29T03:00:00.000+03:00", "crawled": "2015-09-29T17:48:30.221+03:00", "highlightTitle": ""}