{"organizations": ["HMRC"], "uuid": "aacf2c26d5d9abe7e29c39cb3acbdb7ab8b253de", "thread": {"social": {"gplus": {"shares": 0}, "pinterest": {"shares": 0}, "vk": {"shares": 0}, "linkedin": {"shares": 0}, "facebook": {"likes": 0, "shares": 0, "comments": 0}, "stumbledupon": {"shares": 0}}, "site_full": "www.thelawyer.com", "main_image": "", "site_section": "http://www.thelawyer.com/XmlServers/navsectionRSS.aspx?navsectioncode=4096", "section_title": "The Lawyer - Banking and Finance News", "url": "http://www.thelawyer.com/news/practice-areas/litigation-news/litigation-weekly/hmrc-prepares-for-judicial-review-into-manches-administration/3039432.article", "country": "GB", "title": "HMRC prepares for judicial review into Manches administration", "performance_score": 0, "site": "thelawyer.com", "participants_count": 0, "title_full": "HMRC prepares for judicial review into Manches administration", "spam_score": 0.0, "site_type": "news", "published": "2015-09-30T17:02:00.000+03:00", "replies_count": 0, "uuid": "aacf2c26d5d9abe7e29c39cb3acbdb7ab8b253de"}, "author": "", "url": "http://www.thelawyer.com/news/practice-areas/litigation-news/litigation-weekly/hmrc-prepares-for-judicial-review-into-manches-administration/3039432.article", "ord_in_thread": 0, "title": "HMRC prepares for judicial review into Manches administration", "locations": [], "entities": {"persons": [], "locations": [], "organizations": []}, "highlightText": "", "language": "english", "persons": [], "text": "HMRC prepares for judicial review into Manches administration 30 September 2015 Sign in or Register to continue reading this article Sign in Please do not complete the following form field for security reasons. Username Register It's quick, easy and free! \nIt takes just 5 minutes to register. Answer a few simple questions and once completed you’ll have instant access. Why register to The Lawyer \nIn-depth, expert analysis into the stories behind the headlines from our leading team of journalists. Market intelligence \nIdentify the major players and business opportunities within a particular region through our series of free, special reports. Email newsletters \nReceive your pick of The Lawyer's daily and weekly email newsletters, tailored by practice area, region and job function. More relevant to you \nTo continue providing the best analysis, insight and news across the legal market we are collecting some information about who you are, what you do and where you work to improve The Lawyer and make it more relevant to you.", "external_links": [], "published": "2015-09-30T17:02:00.000+03:00", "crawled": "2015-09-30T16:16:35.704+03:00", "highlightTitle": ""}