{"organizations": [], "uuid": "1da9009956ff629e488e73c7d6bb5d0b935f630e", "thread": {"social": {"gplus": {"shares": 0}, "pinterest": {"shares": 0}, "vk": {"shares": 0}, "linkedin": {"shares": 0}, "facebook": {"likes": 0, "shares": 0, "comments": 0}, "stumbledupon": {"shares": 0}}, "site_full": "www.reuters.com", "main_image": "", "site_section": "http://www.reuters.com/finance/personal-finance", "section_title": "Wealth, Personal Finance &amp; Money | Reuters.com", "url": "http://www.reuters.com/article/2015/09/29/ecb-policy-bundesbank-idUSL5N11Z48L20150929", "country": "US", "title": "UPDATE 1-Bundesbank chief warns of risks from cheap money", "performance_score": 0, "site": "reuters.com", "participants_count": 1, "title_full": "UPDATE 1-Bundesbank chief warns of risks from cheap money | Reuters", "spam_score": 0.0, "site_type": "news", "published": "2015-09-29T21:58:00.000+03:00", "replies_count": 0, "uuid": "1da9009956ff629e488e73c7d6bb5d0b935f630e"}, "author": "Reuters", "url": "http://www.reuters.com/article/2015/09/29/ecb-policy-bundesbank-idUSL5N11Z48L20150929", "ord_in_thread": 0, "title": "UPDATE 1-Bundesbank chief warns of risks from cheap money", "locations": [], "entities": {"persons": [], "locations": [], "organizations": []}, "highlightText": "", "language": "english", "persons": [], "text": "* Weidmann - oil dip puts 25 bln euros in German pockets\n* Weidmann - easy credit risks creating 'zombie' companies (Adds detail, background)\nBy John O'Donnell\nWIESBADEN, Germany, Sept 29 (Reuters) - The dip in oil prices will save German companies and individuals 25 billion euros ($28 billion) this year, the head of the Bundesbank said on Tuesday, as he warned of the perils of keeping the cost of money too low.\n\"The expansionary monetary policy should not go on for longer than is absolutely necessary,\" Jens Weidmann told an audience near Frankfurt, saying the economic recovery in the 19-member euro zone was holding steady.\nThe remarks from Weidmann illustrate the continued scepticism in Germany about the need to extend the European Central Bank's 1-trillion-euro-plus money printing programme.\nWhile such opposition cannot prevent extra money printing, it can delay any such move.\nWeidmann, who also sits on the ECB's policy-setting Governing Council, argued that cheap money, with borrowing rates at record low in the euro zone, risked that financial markets would 'overdo it'.\nHe also pointed to the threat that permanently low borrowing costs would keep 'zombie' companies afloat that should be out of business.\nWeidmann also criticised the negative impact of low interest rates on German savers, who he said earned a fraction of a percentage point of interest on their deposits. (Additional reporting by Balazs Koranyi in Frankfurt; Additional reporting by Keith Weir and Emma Thomasson in Berlin; Editing by Janet Lawrence)", "external_links": [], "published": "2015-09-29T21:58:00.000+03:00", "crawled": "2015-09-29T21:14:52.735+03:00", "highlightTitle": ""}