{"organizations": [], "uuid": "cabd8df85b90c88e71bbf5b8dd73e2fadf7354f3", "thread": {"social": {"gplus": {"shares": 0}, "pinterest": {"shares": 0}, "vk": {"shares": 0}, "linkedin": {"shares": 0}, "facebook": {"likes": 0, "shares": 0, "comments": 0}, "stumbledupon": {"shares": 0}}, "site_full": "www.afr.com", "main_image": "http://www.afr.com/content/dam/images/g/j/g/3/6/j/image.related.afrArticleLead.620x365.gjvq2n.png/1443343705287.jpg", "site_section": "http://www.afr.com/news", "section_title": "Finance &amp; Political Breaking News Australia &amp; Worldwide | afr.com", "url": "http://www.afr.com/news/world/north-america/tpp-deal-within-imminent-reach-says-andrew-robb-20150926-gjvq2n", "country": "AU", "title": "TPP deal within 'imminent reach' says Andrew Robb", "performance_score": 0, "site": "afr.com", "participants_count": 1, "title_full": "TPP deal within 'imminent reach' says Andrew Robb | afr.com", "spam_score": 0.0, "site_type": "news", "published": "2015-09-27T16:05:00.000+03:00", "replies_count": 0, "uuid": "cabd8df85b90c88e71bbf5b8dd73e2fadf7354f3"}, "author": "John Kehoe", "url": "http://www.afr.com/news/world/north-america/tpp-deal-within-imminent-reach-says-andrew-robb-20150926-gjvq2n", "ord_in_thread": 0, "title": "TPP deal within 'imminent reach' says Andrew Robb", "locations": [], "entities": {"persons": [], "locations": [], "organizations": []}, "highlightText": "", "language": "english", "persons": [], "text": "Trade minister Andrew Robb says a TPP \"conclusion remains within imminent reach\". Andrew Meares Share on twitter Share on Google Plus by John Kehoe Trade ministers from 12 countries including Australia are hopeful of sealing a major Pacific Rim trade and investment deal covering 40 per cent of the global economy this week in the United States.\nThe Trans-Pacific Partnership meeting in Atlanta is being billed as the final stage of negotiations on difficult issues including sugar and dairy market access in North America, rules of origin for car manufacturers, intellectual property rights for prescription drugs and investment protection treaties.\nAfter failing to conclude the TPP at Hawaii in July, ministers are acutely aware their meeting beginning Wednesday may be the final chance to sign a pact, ahead of a tight election in Canada next month and the ramp up of the US presidential election campaign.\nPrior to departing for Atlanta, Trade Minister Andrew Robb said the window for concluding a high-quality TPP was closing given time pressures such as the US electoral cycle and the Canada election.\n\"Notwithstanding, a conclusion remains within imminent reach,\" Mr Robb said. \"There are unresolved issues, but hopefully these aren't intractable.\"\nA mooted TPP deal was skittled in Hawaii in July, when participants were left blindsided by an eleventh hour revolt by Mexico and Canada over a deal struck by the US and Japan on the proportion of local parts required in new cars covered by the TPP. Audrey McAvoy \"We have taken provisional decisions on perhaps 90 per cent of issues and as a result of these alone Australia would see some most material benefits,\" he said.\nTwelve countries The TPP is a proposed accord that would set sweeping new rules for trade, investment, intellectual property, labour and the environment. The 12 TPP countries are Australia, Brunei, Canada, Chile, Japan, Malaysia, Mexico, New Zealand, Peru, Singapore, the United States and Vietnam.\nTrade and investment Minister Andrew Robb is due to represent Australia at the TPP talks.\nMr Robb, urged on by National Party MPs in Queensland, has been jostling with US counterpart Mike Froman to win a substantial lift in the 87,000 tonne sugar quota in the US for Australian sugar growers. Peter Braig Mr Robb, urged on by National Party MPs in Queensland, has been jostling with US counterpart Mike Froman to win a substantial lift in the 87,000 tonne sugar quota in the US for Australian sugar growers.\nA mooted TPP deal was skittled in Hawaii in July, when participants were left blindsided by an eleventh-hour revolt by Mexico and Canada over a deal struck by the US and Japan on the proportion of local parts required in new cars covered by the TPP.\nUS President Barack Obama and Mexican President Enrique Peña Nieto spoke on the telephone last week, to iron out differences over the rules of origin for car makers.\nEarlier this month Mr Obama said he was upbeat about the possibility of sealing a TPP deal this year.\n\"I'm confident that we can get it done, and I believe we can get it done this year,\" he said, according to a report by Bloomberg News. But the President acknowledged that \"the politics around trade are tough.\"\nThe US has leaned on Australia to lengthen the data exclusivity for drugs known as biologics, from five years, closer to 12 years. Biologics are medical treatments derived from biological sources including vaccines, blood, anti-toxins, human cells, proteins and antibodies.\nMidweek meetings Chief trade negotiators from the 12 Pacific Rim nations recommenced face-to-face talks over the weekend in Atlanta, ahead of the ministers arriving midweek for a planned final two days of high-stakes discussions.\nJoshua Meltzer, a former trade official at the Australian embassy in Washington and now a senior fellow at the Brookings Institution, said all parties were clear Atlanta needed to be the final meeting to complete the \"clear and narrow issues\".\n\"The US is also thinking about the timing of passing TPP through Congress,\" Dr Meltzer said.\nPresident Obama is required to give Congress 90 days notice before he signs a deal and must publicly release the agreement 60 days before signing.\nUS rush for action That timetable carries the risk of the TPP being swept up in populist anti-free trade sentiment in presidential primary season. Democratic front runner Hillary Clinton has declined to support the TPP, a tactic widely seen as appeasing trade unions and leftist voters worried the deal will increase the importation of cheap goods from Asia and cost local blue collar jobs.\nThe White House and congressional leaders are aiming to push the TPP through Congress after the initial flurry of primary elections due in February and early March.\nMatthew Goodman, a former international economic adviser to President Obama and now an Asia Pacific adviser at Washington think tank, the Centre for Strategic and International Studies, said trade officials were \"pretty confident it can be wrapped up\" this week.\nThe Canadian election on October 19 is a potential hurdle to the Harper government making concessions on dairy market access for the US, New Zealand and Australia, because barriers for foreign cheese and butter will upset farmers in key voting districts in Quebec and Ontario.\nHowever, Prime Minister Stephen Harper has signalled he wants to conclude the TPP before the election to burnish his economic credentials to voters.\n\"Harper now wants the deal to show he was able to get this done, even though it's going to cause some pain,\" Mr Goodman said.\nWith Joanna Mather", "external_links": ["https://twitter.com/Johnkehoe23", "https://plus.google.com/https://plus.google.com/u/2/b/117110503471959828934/105888713093633772087/posts"], "published": "2015-09-27T16:05:00.000+03:00", "crawled": "2015-09-27T16:45:48.214+03:00", "highlightTitle": ""}