{"organizations": [], "uuid": "fd14bf767fa26e479e023ad74b26addb78c23d3d", "thread": {"social": {"gplus": {"shares": 0}, "pinterest": {"shares": 0}, "vk": {"shares": 0}, "linkedin": {"shares": 0}, "facebook": {"likes": 0, "shares": 0, "comments": 0}, "stumbledupon": {"shares": 0}}, "site_full": "business-news.thestreet.com", "main_image": "", "site_section": "http://business-news.thestreet.com/press-and-guide/rss/627", "section_title": "Press and Guide : Personal Finance", "url": "http://business-news.thestreet.com/press-and-guide/story/what-exactly-is-an-emerging-market/13307365", "country": "US", "title": "What Exactly Is an 'Emerging Market'?", "performance_score": 0, "site": "thestreet.com", "participants_count": 0, "title_full": "What Exactly Is an 'Emerging Market'?", "spam_score": 0.0, "site_type": "news", "published": "2015-09-30T20:25:00.000+03:00", "replies_count": 0, "uuid": "fd14bf767fa26e479e023ad74b26addb78c23d3d"}, "author": "", "url": "http://business-news.thestreet.com/press-and-guide/story/what-exactly-is-an-emerging-market/13307365", "ord_in_thread": 0, "title": "What Exactly Is an 'Emerging Market'?", "locations": [], "entities": {"persons": [], "locations": [], "organizations": []}, "highlightText": "", "language": "english", "persons": ["Kabir Sehgal"], "text": "What Exactly Is an 'Emerging Market'? Written by: Kabir Sehgal 09/30/15 - 1:25 PM EDT Tickers in this article: SSNLF TSM TCEHY \nNEW YORK (TheStreet) -- The term \"emerging markets\" gets thrown around a lot in the financial media and by economists. But people new to investing may wonder exactly what it means. \n\"Emerging markets\" was initially coined by Antoine van Agtmael -- then at the International Finance Corp. , part of the World Bank Group -- in 1981 as a euphemism for \"Third World\" countries. His term was tantamount to a rebranding exercise, in order to get investors more comfortable with investing in these markets. \"I had lived in Thailand and I knew it was better than people thought. I felt we had to use a more uplifting term,\" he explained . \nOver the years, however, the term lost precision, and consequently there's a lack of understanding as to what it actually means. So let's look at how investors define emerging markets. More Headlines American Air Gets a Downgrade but Wall Street Still Likes Airlines \nInstitutional investors have come to know emerging markets as high-growth but risky assets because of their geopolitical and economic hazards. They typically use the Morgan Stanley Capital International Emerging Markets Index, or MSCI EM, as their benchmark. MSCI has several criteria as to what qualifies as a developed, emerging, or frontier market. For emerging markets, it stipulates that there must be \"significant\" openness to foreign investors and foreign ownership; \"significant\" ease of capital flows; \"good and tested\" operational framework efficiencies; \"modest\" institutional stability; as well as liquidity and market capitalization requirements. MSCI monitors and adjusts its criteria on an ongoing basis to reflect the dynamic marketplace. \nThe MSCI EM is composed of 834 stocks in 23 countries . The largest country constituents in the index are China at 23.26%, South Korea at 14.74% and Taiwan at 12.56%. Overall, 69% of the securities are based in Asia; 18% in Eastern Europe, the Middle East and Africa; and 13% in Latin America. In terms of single stocks, the biggest weightings are Samsung Electronics at 3.01%, Taiwan Semiconductor at 2.89% Tencent at 2.60%. The entire market capitalization of the index is around $3.3 trillion. \nSo when it comes to investing, \"emerging markets\" is more than a euphemism but a specific group of countries and stocks that make up a benchmark.", "external_links": [], "published": "2015-09-30T20:25:00.000+03:00", "crawled": "2015-09-30T21:37:39.455+03:00", "highlightTitle": ""}