{"organizations": [], "uuid": "b4c708b42854019b79c71075d8c4509d27e10cb7", "thread": {"social": {"gplus": {"shares": 0}, "pinterest": {"shares": 0}, "vk": {"shares": 0}, "linkedin": {"shares": 0}, "facebook": {"likes": 0, "shares": 0, "comments": 0}, "stumbledupon": {"shares": 0}}, "site_full": "business-news.thestreet.com", "main_image": "", "site_section": "http://business-news.thestreet.com/south-jersey-local-news/rss/627", "section_title": "South Jersey Local News : Personal Finance", "url": "http://business-news.thestreet.com/south-jersey-local-news/story/tipping-tips-for-the-digital-age-how-to-master-the-gratuity-grind/13280508", "country": "US", "title": "Tipping Tips For the Digital Age: How to Master the Gratuity Grind", "performance_score": 0, "site": "thestreet.com", "participants_count": 0, "title_full": "Tipping Tips For the Digital Age: How to Master the Gratuity Grind", "spam_score": 0.0, "site_type": "news", "published": "2015-09-08T20:17:00.000+03:00", "replies_count": 0, "uuid": "b4c708b42854019b79c71075d8c4509d27e10cb7"}, "author": "", "url": "http://business-news.thestreet.com/south-jersey-local-news/story/tipping-tips-for-the-digital-age-how-to-master-the-gratuity-grind/13280508", "ord_in_thread": 0, "title": "Tipping Tips For the Digital Age: How to Master the Gratuity Grind", "locations": [], "entities": {"persons": [], "locations": [], "organizations": []}, "highlightText": "", "language": "english", "persons": [], "text": "Buy vs Lease: Your New Car Decision Time \nNEW YORK (MainStreet) -- Tipping in the digital, peer-to-peer economy is a tricky endeavor . It's the gratuity version of that old exercise of \" threading the needle ,\" where consumers want to balance appreciation of service with accountability of service for the Ubers and AirBnBs of the emerging digital world. Even old-school consumer experiences, like paying for a meal at a restaurant, are thrown off kilter when diners order their own food without a waiter (via tableside tablets like the ones offered by Applebee's, which require no human interaction to order that double cheeseburger with fries, cooked minimum rare, along with an unsweetened ice tea.) Another wrinkle is the odd, rather awkward experience of having to choose from three different tipping options on an iPad payment screen while standing face-to-face with your local barista. When selecting 15%, 20% or 25%, should you risk the scorn of your daily latte provider by tapping 15%, or worse, no tip at all? If so, sorry - don't expect a smiley face carved into your foam at the top of that latte - or worse . Oh, the horror. To set things right, let's address some more prominent \"modern age\" digital tipping situations, and see who gets what, and under what circumstances: 1", "external_links": [], "published": "2015-09-08T20:17:00.000+03:00", "crawled": "2015-09-08T21:44:47.695+03:00", "highlightTitle": ""}