{"organizations": [], "uuid": "d8cd8de24c643926d0268e5e842a87592f19d268", "thread": {"social": {"gplus": {"shares": 0}, "pinterest": {"shares": 0}, "vk": {"shares": 0}, "linkedin": {"shares": 0}, "facebook": {"likes": 0, "shares": 0, "comments": 0}, "stumbledupon": {"shares": 0}}, "site_full": "www.cnbc.com", "main_image": "http://fm.cnbc.com/applications/cnbc.com/resources/img/editorial/2015/06/04/102733899-RTR4YI7D.1910x1000.jpg", "site_section": "http://finance.yahoo.com/rss/headline?s=RENT", "section_title": "Yahoo! Finance: RENT News", "url": "http://www.cnbc.com/2015/09/30/early-movers-rl-chk-play-cuda-cost-lmt-jpm-more.html?__source=yahoo%7Cfinance%7Cheadline%7Cheadline%7Cstory&par=yahoo&doc=103038282", "country": "GB", "title": "Early movers: RL, CHK, PLAY, CUDA, COST, LMT, JPM & more", "performance_score": 0, "site": "cnbc.com", "participants_count": 1, "title_full": "Early movers: RL, CHK, PLAY, CUDA, COST, LMT, JPM & more", "spam_score": 0.0, "site_type": "news", "published": "2015-09-30T03:00:00.000+03:00", "replies_count": 0, "uuid": "d8cd8de24c643926d0268e5e842a87592f19d268"}, "author": "yahoo", "url": "http://www.cnbc.com/2015/09/30/early-movers-rl-chk-play-cuda-cost-lmt-jpm-more.html?__source=yahoo%7Cfinance%7Cheadline%7Cheadline%7Cstory&par=yahoo&doc=103038282", "ord_in_thread": 0, "title": "Early movers: RL, CHK, PLAY, CUDA, COST, LMT, JPM & more", "locations": [], "entities": {"persons": [], "locations": [], "organizations": []}, "highlightText": "", "language": "english", "persons": [], "text": "Check out which companies are making headlines before the bell : \nRalph Lauren — Founder Ralph Lauren will step aside as chief executive officer, though he'll remain as executive chairman and chief creative officer. He'll be replaced by Stefan Larsson, the president of Gap 's Old Navy division. UBS upgraded Lauren stock to \"buy\" from \"neutral\" following the move. Gap shares were downgraded to \"underperform\" from \"neutral\" at Mizuho Securities following the announcement on concerns about the impact of Larsson's departure. \nChesapeake Energy — The energy producer will cut its workforce by 15 percent, as it tries to deal with falling prices for oil and natural gas. It will take charges of about $55.5 million as a result.\n\nDave & Buster's — The restaurant chain announced a secondary offering of 6 million shares by certain stockholders, who will receive all the proceeds from these sales.\n\nBarracuda Networks — Barracuda reported quarterly sales that fell below Street forecasts, and also gave weaker than expected current quarter earnings and revenue guidance. The security and storage company pointed a slowing storage market as one problematic factor, and said it is taking steps to deal with that slowdown.\n\nRio Tinto — The mining company sold its 40 percent stake in an Australian coal mine for $606 million, in its latest disposal of Australian coal assets.\n\nCostco — The warehouse retailer reported quarterly profit of $1.73 per share for its latest quarter, 7 cents above estimates, but revenue was below forecasts on lower fuel prices and a stronger U.S. dollar.\n\nLockheed Martin , Boeing – The two companies saw their United Launch Alliance joint venture win a $882 million contract to continue launching satellites for the Air Force.\n\nJPMorgan Chase — JPM will have to face a class action suit in the U.S. related to the \"London Whale\" case, which saw the bank take a $6.2 billion loss. That follows a court ruling in New York late Tuesday.\n\nFord Motor — The automaker received a five-day strike notice at a key plant for its popular F-150 pickup truck. The strike authorization comes amid disagreements over a local labor contract.\n\nAT&T — AT&T will change the way its DirecTV unit uses to count commercial subscribers, which will trim the official subscriber count by 918,600. The company said revenue and cash flow won't be affected by the change.\n\nTiVo — TiVo introduced a new DVR called the \"Bolt\" which allows users one-button commercial skipping and other features.\n\nAdvance Auto Parts — Advanced Auto is a target of activist hedge fund Starboard Value, according to The Wall Street Journal , which said Starboard will announce today that it has taken a 3.7 percent stake in the auto parts seller.\n\nApple — Apple has launched its Apple Music service in China as of today.\n\nBrown-Forman — The spirits maker is exploring the sale of its Southern Comfort and Chambord brands, according to a Reuters report.\n\nComScore — The data analytics company bought viewership rating provider Rentrak for about $771 million in stock.\n\nAmazon.com — Amazon is testing a service called Amazon Flex, a Uber-like service for package deliveries. Drivers will be paid up to $25 per hour to deliver Amazon orders using their own cars.\n\nTarget – The retailer will match online prices with those of online competitors, including retail giants Amazon and Wal-Mart .\n\nPeter Schacknow Senior Producer, CNBC Related Securities Symbol Price   Change %Change RL ---", "external_links": [], "published": "2015-09-30T03:00:00.000+03:00", "crawled": "2015-09-30T14:51:41.085+03:00", "highlightTitle": ""}