{"organizations": [], "uuid": "6cee8ff5722556ddd137ac0888f7595da655759c", "thread": {"social": {"gplus": {"shares": 0}, "pinterest": {"shares": 0}, "vk": {"shares": 0}, "linkedin": {"shares": 0}, "facebook": {"likes": 0, "shares": 0, "comments": 0}, "stumbledupon": {"shares": 0}}, "site_full": "www.wsj.com", "main_image": "http://si.wsj.net/public/resources/images/OG-AF799_201509_E_20150929080503.jpg", "site_section": "http://www.wsj.com/news/markets", "section_title": "Stock Market &amp; Finance News - Wall Street Journal", "url": "http://www.wsj.com/articles/gold-stays-low-despite-china-buying-1443555480", "country": "", "title": "Gold Stays Low Despite China Buying", "performance_score": 0, "site": "wsj.com", "participants_count": 1, "title_full": "Gold Stays Low Despite China Buying - WSJ", "spam_score": 0.0, "site_type": "news", "published": "2015-09-29T23:38:00.000+03:00", "replies_count": 0, "uuid": "6cee8ff5722556ddd137ac0888f7595da655759c"}, "author": "Biman Mukherji", "url": "http://www.wsj.com/articles/gold-stays-low-despite-china-buying-1443555480", "ord_in_thread": 0, "title": "Gold Stays Low Despite China Buying", "locations": [], "entities": {"persons": [], "locations": [], "organizations": []}, "highlightText": "", "language": "english", "persons": [], "text": "HONG KONG—China’s stock-market turmoil this summer has prompted a rush of gold buying by the world’s No.1 consumer of the shiny metal, but prices are still hovering near five-year lows because investors worry the commodity, denominated in dollars, will become more expensive when the U.S. Federal Reserve raises rates.\nWithdrawals of gold from the Shanghai Gold Exchange—a barometer of Chinese investment and retail demand—have reached... ", "external_links": [], "published": "2015-09-29T23:38:00.000+03:00", "crawled": "2015-09-29T22:55:51.479+03:00", "highlightTitle": ""}