{"organizations": [], "uuid": "08bd903e96f56fbbd3972e2ec06494cc25cfd351", "thread": {"social": {"gplus": {"shares": 0}, "pinterest": {"shares": 0}, "vk": {"shares": 0}, "linkedin": {"shares": 0}, "facebook": {"likes": 0, "shares": 0, "comments": 0}, "stumbledupon": {"shares": 0}}, "site_full": "finance.yahoo.com", "main_image": "http://l3.yimg.com/bt/api/res/1.2/M7vS95b2fvSzHFeFStPk0A--/YXBwaWQ9eW5ld3NfbGVnbztxPTc1O3c9NjAw/http://l.yimg.com/os/mit/media/m/social/images/social_default_logo-1481777.png", "site_section": "http://finance.yahoo.com/rss/headline?s=RENT", "section_title": "Yahoo! Finance: RENT News", "url": "http://finance.yahoo.com/news/harwood-feffer-llp-announces-investigation-194300572.html", "country": "GB", "title": "Harwood Feffer LLP Announces Investigation of Rentrak Corporation - Yahoo Finance", "performance_score": 0, "site": "yahoo.com", "participants_count": 1, "title_full": "Harwood Feffer LLP Announces Investigation of Rentrak Corporation - Yahoo Finance", "spam_score": 0.0, "site_type": "news", "published": "2015-09-30T03:00:00.000+03:00", "replies_count": 0, "uuid": "08bd903e96f56fbbd3972e2ec06494cc25cfd351"}, "author": "Harwood Feffer LLP", "url": "http://finance.yahoo.com/news/harwood-feffer-llp-announces-investigation-194300572.html", "ord_in_thread": 0, "title": "Harwood Feffer LLP Announces Investigation of Rentrak Corporation - Yahoo Finance", "locations": [], "entities": {"persons": [], "locations": [], "organizations": []}, "highlightText": "", "language": "english", "persons": [], "text": "NEW YORK, Sept. 30, 2015 /PRNewswire/ -- Harwood Feffer LLP ( www.hfesq.com ) is investigating potential claims against the board of directors of Rentrak Corporation (\"Rentrak\" or the \"Company\") ( RENT ) concerning the proposed acquisition of the Company by ComScore Inc. (\"ComScore\").\nView photo\n. Under the terms of the offer, the ComScore would acquire Rentrak in a transaction valued at approximately $800 million. Pursuant to the deal, Rentrak stockholders would receive 1.15 shares of ComScore per share Rentrak share owned, consideration worth $52.76 at present. According to Yahoo Finance, multiple analysts have set target prices for Rentrak stock above the offer price and that the mean analyst target price for Rentrak stock is $73.50. At least one analyst has set a target price of $100 for Rentrak shares. \nOur investigation concerns whether the Rentrak board of directors is fulfilling its fiduciary duties, maximizing the value of the Company, disclosing all material benefits and costs, and obtaining full and fair consideration for Company stockholders. \nIf you own Rentrak shares and wish to discuss this matter with us, or have any questions concerning your rights and interests with regard to this matter, please contact:\nBenjamin I Sachs-Michaels, Esq.\nRobert I. Harwood, Esq.\nHarwood Feffer LLP\n488 Madison Avenue\nNew York, New York 10022\nPhone Numbers: (877) 935-7400\n(212)935-7400\nEmail: bsachsmichaels@hfesq.com \nWebsite: http://www.hfesq.com \nFollow us on Twitter: @HarwoodFeffer \nHarwood Feffer has been representing individual and institutional investors for many years, serving as lead counsel in numerous cases in federal and state courts. Please visit the Harwood Feffer LLP website ( http://www.hfesq.com ) for more information about the firm.\nAttorney Advertising. The law firm responsible for this advertisement is Harwood Feffer LLP ( www.hfesq.com ). Prior results do not guarantee or predict a similar outcome with respect to any future matter.\nLogo - http://photos.prnewswire.com/prnh/20120215/MM54604LOGO \nTo view the original version on PR Newswire, visit: http://www.prnewswire.com/news-releases/harwood-feffer-llp-announces-investigation-of-rentrak-corporation-300151936.html \nRentrak", "external_links": [], "published": "2015-09-30T03:00:00.000+03:00", "crawled": "2015-09-30T23:09:37.787+03:00", "highlightTitle": ""}