{"organizations": [], "uuid": "4566a0f095ac62f453f89cd3b004fd0553b4d1b9", "thread": {"social": {"gplus": {"shares": 0}, "pinterest": {"shares": 0}, "vk": {"shares": 0}, "linkedin": {"shares": 0}, "facebook": {"likes": 0, "shares": 0, "comments": 0}, "stumbledupon": {"shares": 0}}, "site_full": "www.wsj.com", "main_image": "http://si.wsj.net/img/WSJ_Logo_black_social.gif", "site_section": "http://www.wsj.com/news/business", "section_title": "Business &amp; Finance News - Wall Street Journal", "url": "http://www.wsj.com/articles/kraton-performance-to-buy-arizona-chemical-for-1-37-billion-1443436452", "country": "US", "title": "Kraton Performance to Buy Arizona Chemical for $1.37 Billion", "performance_score": 0, "site": "wsj.com", "participants_count": 1, "title_full": "Kraton Performance to Buy Arizona Chemical for $1.37 Billion - WSJ", "spam_score": 0.0, "site_type": "news", "published": "2015-09-28T14:34:00.000+03:00", "replies_count": 0, "uuid": "4566a0f095ac62f453f89cd3b004fd0553b4d1b9"}, "author": "Chelsey Dulaney", "url": "http://www.wsj.com/articles/kraton-performance-to-buy-arizona-chemical-for-1-37-billion-1443436452", "ord_in_thread": 0, "title": "Kraton Performance to Buy Arizona Chemical for $1.37 Billion", "locations": [], "entities": {"persons": [], "locations": [], "organizations": []}, "highlightText": "", "language": "english", "persons": [], "text": "Kraton Performance Polymers Inc. said Monday that it has agreed to buy closely held Arizona Chemical Holdings Corp. for $1.37 billion in cash.\nArizona Chemical makes chemicals found in things like breakfast cereal packaging and car tires from renewable... ", "external_links": [], "published": "2015-09-28T14:34:00.000+03:00", "crawled": "2015-09-28T14:31:25.538+03:00", "highlightTitle": ""}