{"organizations": [], "uuid": "594c4cdb239e090887f50e16418621a9341048b4", "thread": {"social": {"gplus": {"shares": 0}, "pinterest": {"shares": 0}, "vk": {"shares": 0}, "linkedin": {"shares": 0}, "facebook": {"likes": 0, "shares": 0, "comments": 0}, "stumbledupon": {"shares": 0}}, "site_full": "www.smh.com.au", "main_image": "http://www.smh.com.au/content/dam/images/g/j/w/3/m/8/image.related.thumbnail.320x214.gjwstm.png/1443435066626.jpg", "site_section": "http://www.smh.com.au/business/markets/sectors/share-listing/2530/consumer-discretionary/consumer-services", "section_title": "Business News, Economy, Finance &amp; ASX Market News", "url": "http://www.smh.com.au/business/world-business/volkswagen-board-suspends-rd-heads-of-vw-audi-porsche-20150928-gjwstm.html", "country": "AU", "title": "Volkswagen board suspends R&D heads of VW, Audi, Porsche", "performance_score": 0, "site": "smh.com.au", "participants_count": 1, "title_full": "Volkswagen board suspends R&D heads of VW, Audi, Porsche", "spam_score": 0.0, "site_type": "news", "published": "2015-09-28T03:00:00.000+03:00", "replies_count": 0, "uuid": "594c4cdb239e090887f50e16418621a9341048b4"}, "author": "The Sydney Morning Herald", "url": "http://www.smh.com.au/business/world-business/volkswagen-board-suspends-rd-heads-of-vw-audi-porsche-20150928-gjwstm.html", "ord_in_thread": 0, "title": "Volkswagen board suspends R&D heads of VW, Audi, Porsche", "locations": [], "entities": {"persons": [], "locations": [], "organizations": []}, "highlightText": "", "language": "english", "persons": [], "text": "Volkswagen has suspended the R&D chiefs of its core VW brand, luxury division Audi and sports-car maker Porsche, sources familiar with the matter said on Monday.\nThe carmaker's supervisory board last Friday agreed to put a number of employees on leave until the details of VW's emissions cheating scandal were cleared up, without providing names.\nReuters reported last Thursday that VW would fire top brand executives as it tries to recover from the scandal.\nAudi, VW and Porsche declined comment.\nAdvertisement", "external_links": [], "published": "2015-09-28T03:00:00.000+03:00", "crawled": "2015-09-28T13:23:59.928+03:00", "highlightTitle": ""}