{"organizations": [], "uuid": "accdf9b9de1ff773c14da69cde68b63ebbfe1ced", "thread": {"social": {"gplus": {"shares": 0}, "pinterest": {"shares": 0}, "vk": {"shares": 0}, "linkedin": {"shares": 0}, "facebook": {"likes": 0, "shares": 0, "comments": 0}, "stumbledupon": {"shares": 0}}, "site_full": "uk.finance.yahoo.com", "main_image": "https://s.yimg.com/bt/api/res/1.2/ssoBJ0_DvBjuzHr4.kkiMQ--/YXBwaWQ9eW5ld3NfbGVnbztpbD1wbGFuZTtxPTc1O3c9NjAw/http://globalfinance.zenfs.com/images/UK_AFTP_AFP_LIVE_1/7f23ada6bb5780217c0894adccca76b4c78532b0_original.jpg", "site_section": "http://finance.yahoo.com/rss/headline?s=C", "section_title": "Yahoo! Finance: C News", "url": "https://uk.finance.yahoo.com/news/glencore-shares-rebound-assures-solvency-165125461.html", "country": "US", "title": "Glencore shares rebound after it assures solvency - Yahoo Finance UK", "performance_score": 0, "site": "yahoo.com", "participants_count": 1, "title_full": "Glencore shares rebound after it assures solvency - Yahoo Finance UK", "spam_score": 0.0, "site_type": "news", "published": "2015-09-29T03:00:00.000+03:00", "replies_count": 0, "uuid": "accdf9b9de1ff773c14da69cde68b63ebbfe1ced"}, "author": "Nathalie Olof-Ors", "url": "https://uk.finance.yahoo.com/news/glencore-shares-rebound-assures-solvency-165125461.html", "ord_in_thread": 0, "title": "Glencore shares rebound after it assures solvency - Yahoo Finance UK", "locations": [], "entities": {"persons": [], "locations": [], "organizations": []}, "highlightText": "", "language": "english", "persons": [], "text": "RELATED QUOTES Symbol Price Change DI6.BE 6.57 -0.140 8GC.DE 1.087 +0.146 C 48.97 -0.06 INVP.L 500.43 +2.13", "external_links": [], "published": "2015-09-29T03:00:00.000+03:00", "crawled": "2015-09-29T21:06:07.007+03:00", "highlightTitle": ""}