{"organizations": ["Glencore", "Wolseley"], "uuid": "c113e19f4b36790d43a7ae849796287342820093", "thread": {"social": {"gplus": {"shares": 0}, "pinterest": {"shares": 0}, "vk": {"shares": 0}, "linkedin": {"shares": 0}, "facebook": {"likes": 0, "shares": 0, "comments": 0}, "stumbledupon": {"shares": 0}}, "site_full": "uk.finance.yahoo.com", "main_image": "https://s1.yimg.com/bt/api/res/1.2/M7vS95b2fvSzHFeFStPk0A--/YXBwaWQ9eW5ld3NfbGVnbztxPTc1O3c9NjAw/http://l.yimg.com/os/mit/media/m/social/images/social_default_logo-1481777.png", "site_section": "https://uk.finance.yahoo.com/news/sector-technology/?format=rss", "section_title": "Technology News - Yahoo! Finance UK", "url": "https://uk.finance.yahoo.com/news/ftse-100-movers-glencore-rebounds-152500634.html", "country": "GB", "title": "FTSE 100 movers: Glencore rebounds; Wolseley sinks lower", "performance_score": 0, "site": "yahoo.com", "participants_count": 0, "title_full": "FTSE 100 movers: Glencore rebounds; Wolseley sinks lower", "spam_score": 0.0, "site_type": "news", "published": "2015-09-29T18:25:00.000+03:00", "replies_count": 0, "uuid": "c113e19f4b36790d43a7ae849796287342820093"}, "author": "", "url": "https://uk.finance.yahoo.com/news/ftse-100-movers-glencore-rebounds-152500634.html", "ord_in_thread": 0, "title": "FTSE 100 movers: Glencore rebounds; Wolseley sinks lower", "locations": [], "entities": {"persons": [], "locations": [], "organizations": []}, "highlightText": "", "language": "english", "persons": [], "text": "GX8.AS 0.00 \nLONDON (ShareCast) - (ShareCast News) - The FTSE 100 was down 40.21 points (0.67%) mid-afternoon to 5,918.65. After a dismal day on Monday, Glencore (Xetra: A1JAGV - news ) led the market risers after Citigroup (NYSE: C - news ) and Bernstein both said the market had exaggerated concerns about the company's financial health. \nIt (Other OTC: ITGL - news ) 's a big turnaround, after shares in the mining company fell to its lowest level since its 2011 IPO when Investec (LSE: INVP.L - news ) said on Monday that the company's equity value is zero at current spot prices. Glencore's plight has also been seen to help Rio Tinto (LSE: RIO.L - news ) 's share price rise. \nSupermarkets were on the rise as well, after Bernstein reiterated its outperform rating on Tesco (Xetra: 852647 - news ) and Sainsbury (Amsterdam: SJ6.AS - news ) ahead of Sainsbury's trading update on Wednesday. Morrison (WM) Supermarkets also rose on the back of Deutsche Bank (Other OTC: DBAGF - news ) reiterating its hold rating for the company, and news it will give its workers a 20% pay rise. \nSpooked by a mixed bag of financial results as well as the words \"challenging market conditions\", traders were quick to sell shares in Wolseley (EUREX: WLYH.EX - news ) . The building materials company saw double digit falls on Tuesday, similar to that of Glencore from Monday. Accendo Markets said it was a case of investors \"demonstrating cold-bloodedness\". \nAnd Imperial Tobacco Group dropped after Fitch reported the credit profiles of rated global tobacco companies has diverged in the past two years, as they worsened in Europe while remaining stable in the US. It said European tobacco companies' financial profile has deteriorated due to a number of reasons including mergers and acquisitions activity, foreign exchange headwinds, and profit margin compression despite generous shareholder distributions. \nFTSE 100 - Risers Glencore (Amsterdam: GX8.AS - news ) (GLEN) 82.46p +20.17% Tesco (TSCO) 172.30p +3.67% Antofagasta (LSE: ANTO.L - news ) (ANTO) 498.10p +3.56% Rio Tinto (RIO) 2,165.50p +2.58% Sainsbury (J) (SBRY) 231.70p +2.48% Royal Dutch Shell (Xetra: R6C1.DE - news ) 'A' (RDSA) 1,544.50p +2.39% Royal Dutch Shell 'B' (RDSB) 1,550.00p +2.34% BP (BP.) 329.05p +1.86% Morrison (Wm) Supermarkets (MRW) 157.90p +1.54% Smiths Group (Other OTC: SMGKF - news ) (SMIN) 1,000.00p +1.52% FTSE 100 - Fallers Wolseley (WOS) 3,648.00p -12.71% Hikma Pharmaceuticals (LSE: HIK.L - news ) (HIK) 2,278.00p -6.22% ARM Holdings (LSE: ARM.L - news ) (ARM) 903.50p -3.88% Sage Group (LSE: SGE.L - news ) (SGE) 495.40p -3.52% Shire Plc (Xetra: S7E.DE - news ) (SHP) 4,426.00p -3.26% Taylor Wimpey (LSE: TW.L - news ) (TW.) 197.20p -3.10% Persimmon (PSN) 2,047.00p -2.94% Travis Perkins (LSE: TPK.L - news ) (TPK) 1,963.00p -2.63% Imperial Tobacco Group (IMT) 3,353.00p -2.53% 3i Group (III) 459.70p -2.44%", "external_links": [], "published": "2015-09-29T18:25:00.000+03:00", "crawled": "2015-09-29T19:33:02.625+03:00", "highlightTitle": ""}