{"organizations": ["Glencore", "Sainsbury"], "uuid": "c41c16f7f1dba7436c6cb653badf2644e5ca8e99", "thread": {"social": {"gplus": {"shares": 0}, "pinterest": {"shares": 0}, "vk": {"shares": 0}, "linkedin": {"shares": 0}, "facebook": {"likes": 0, "shares": 0, "comments": 0}, "stumbledupon": {"shares": 0}}, "site_full": "uk.finance.yahoo.com", "main_image": "https://s1.yimg.com/bt/api/res/1.2/M7vS95b2fvSzHFeFStPk0A--/YXBwaWQ9eW5ld3NfbGVnbztxPTc1O3c9NjAw/http://l.yimg.com/os/mit/media/m/social/images/social_default_logo-1481777.png", "site_section": "https://uk.finance.yahoo.com/news/sector-retail/?format=rss", "section_title": "Retail News | Retail Industry News - Yahoo! Finance UK", "url": "https://uk.finance.yahoo.com/news/market-overview-us-regional-manufacturing-153800456.html", "country": "GB", "title": "Market overview: FTSE ends higher on Sainsbury, Glencore", "performance_score": 0, "site": "yahoo.com", "participants_count": 0, "title_full": "Market overview: FTSE ends higher on Sainsbury, Glencore", "spam_score": 0.0, "site_type": "news", "published": "2015-09-30T20:03:00.000+03:00", "replies_count": 0, "uuid": "c41c16f7f1dba7436c6cb653badf2644e5ca8e99"}, "author": "", "url": "https://uk.finance.yahoo.com/news/market-overview-us-regional-manufacturing-153800456.html", "ord_in_thread": 0, "title": "Market overview: FTSE ends higher on Sainsbury, Glencore", "locations": [], "entities": {"persons": [], "locations": [], "organizations": []}, "highlightText": "", "language": "english", "persons": [], "text": "508.65 +12.45 \nLONDON (ShareCast) - (ShareCast News) - 1630 (close): The FTSE 100 ended up 2.58%, buoyed by supermarket stocks and a rebound in Glencore (Xetra: A1JAGV - news ) . Glencore dominated London's top index after saying it has taken proactive steps to position the mining company to withstand current market conditions including weak commodity prices. The group's stocks plunged on Monday after Investec (LSE: INVP.L - news ) highlighted debt concerns and said there was little equity value for shareholders. J Sainsbury (Other OTC: JSAIY - news ) also rallied after saying it expected full-year underlying pre-tax profit to be moderately ahead of its £548 forecast, lifting shares in Morrison Supermarkets and Tesco (Xetra: 852647 - news ) . Investors also digested a batch of economic data including a downward revision to UK GDP, a drop in Eurozone CPI and a better-than-forecast US private payrolls report. \n1500: The Chicago ISM manufacturing index for September declined to a reading of 48.7 points from 54.4 in the month before (consensus: 53). \n1330: Three-month copper futures rose by 1.5% to reach $5,071 per metric tonne on the LME. \n1315: The US private sector generated 200,000 jobs in September, up slightly from the 186,000 seen in the previous month (consensus: 190,000). \n1045: Aviva (Other OTC: AIVAF - news ) got a boost on Wednesday as Charles Stanley (LSE: CAY.L - news ) upgraded the stock to 'accumulate' from 'hold'. \"While we have doubts over the group's long term strategic positioning, the stock appears too cheap to ignore at current levels, trading on under 8x FY17 operating EPS and offering a FY17 yield of around 6.5%,\" it said. \n1030: UBS (NYSEArca: FBGX - news ) upgraded HSBC to 'buy' from 'neutral' saying the risk/reward on the shares has shifted to the upside. \"We believe the market has de-rated the Asian franchise to a multiple of just 1.2x tangible book for a business that we expect to make a 16% return on tangible equity this year. The headline yield of 6.8%, which appears sustainable, also now provides support,\" the broker said. \n1000: The cost of living in the euro area dipped into negative territory, with the year-on-year rate of change in consumer prices slipping by 0.1% (consensus: 0.0%). \n0930: Britain's economy expanded at a 0.7% quarter-on-quarter clip over the three months ending in June, as expected. \n0808: Stocks are expected to move sharply higher ahead of a speech by Fed chair Janet Yellen. That comes as European equities are headed for their worst quarter in four years. GDP data is set for release at 09:30, courtesy of ONS. FTSE100 up 100.45 points to 6,009.69.", "external_links": [], "published": "2015-09-30T20:03:00.000+03:00", "crawled": "2015-09-30T21:11:23.441+03:00", "highlightTitle": ""}