{"organizations": [], "uuid": "762233dce905b18cf1bc5ad41f181c0ec774e558", "thread": {"social": {"gplus": {"shares": 0}, "pinterest": {"shares": 0}, "vk": {"shares": 0}, "linkedin": {"shares": 0}, "facebook": {"likes": 0, "shares": 0, "comments": 0}, "stumbledupon": {"shares": 0}}, "site_full": "nz.finance.yahoo.com", "main_image": "https://s1.yimg.com/bt/api/res/1.2/JoyUPGcTZQx5yt33me9_0A--/YXBwaWQ9eW5ld3NfbGVnbztpbD1wbGFuZTtxPTc1O3c9NjAw/http://globalfinance.zenfs.com/images/FIN_ANZ_AAP_ART_FTP_LIVE_1/3061951_20150902001172725391-original_1280x720_original.jpg", "site_section": "https://nz.finance.yahoo.com/news/topic-top-stories/?format=rss", "section_title": "Latest business and finance news from New Zealand and the world's key markets - Yahoo New Zealand Finance", "url": "https://nz.finance.yahoo.com/news/share-markets-worst-quarter-four-074209787.html", "country": "US", "title": "Share market's worst quarter in four years", "performance_score": 0, "site": "yahoo.com", "participants_count": 0, "title_full": "Share market's worst quarter in four years", "spam_score": 0.0, "site_type": "news", "published": "2015-09-29T10:58:00.000+03:00", "replies_count": 0, "uuid": "762233dce905b18cf1bc5ad41f181c0ec774e558"}, "author": "", "url": "https://nz.finance.yahoo.com/news/share-markets-worst-quarter-four-074209787.html", "ord_in_thread": 0, "title": "Share market's worst quarter in four years", "locations": [], "entities": {"persons": [], "locations": [], "organizations": []}, "highlightText": "", "language": "english", "persons": [], "text": "View Photo \n\nThe Australian share market has taken its worst beating in four years over the September quarter, mainly because of weakness in economic powerhouse China. \nThe market has fallen by just over nine per cent in the past three months, wiping about $160 billion from its value. \nThat's more than what the Commonwealth Bank and BHP Billiton are worth each. \nWith just one day left in the quarter, it is likely to be the worst period for investors since the third quarter of 2011, when the market fell 13 per cent amid an economic crisis in Portugal, Ireland, Italy, Greece and Spain. \nThere was also talk at the time of China's economy heading for a hard landing. \nWith Australia's resources sector heavily dependent on demand from China, the share market got walloped. \nNow it's being punched hard again. \n\"I'm probably not as nervous as I was back then, but there is no doubt that what's going on right now is savage,\" IG market strategist Evan Lucas said. \n\"What's going on right now is that there is a test of the market's belief of the commodity story and China going forward.\" \nIron ore prices have been flat over the quarter, oil prices are down and the price of copper has had a shocker of a fall, Mr Lucas said. \nCopper is viewed as a baseline for the health of the Chinese economy because it is used heavily in industrial building, housing construction and technology. \nOver the September quarter, and especially the past two months, China's manufacturing sector has come under severe pressure. \nAMP Capital's head of portfolio management Debbie Alliston said China is the key factor in plunging share prices. \n\"Markets are reacting to fears that this going to slow global growth significantly, particularly for those countries that are reliant on Chinese demand,\" she said. \nBut Ms Alliston said members of superannuation funds with investments in a range of assets should not panic about the market's downturn, and sit tight instead. \n\"This is definitely not another GFC,\" she said. \nWeakness in the Australian banking sector, amid moves by regulators to slow lending to property investors, has added to the weight on the share market, Mr Lucas said. \nEfforts to put the brakes on soaring Sydney and Melbourne home prices, and a flattening of property markets in other cities, have dampened investor sentiment towards the banks. \nOn top of that are worries about the size of corporate loans tied up in the mining and energy industries. \nThe market's heavy fall has Australian shares looking cheap, Mr Lucas said, but questions remain over the health of the Chinese economy. \nInvestors on Wall Street also appear to be in a mood to sell, meaning more downside than upside for the local market in the near term. \nUncertainty about the timing of a US Federal Reserve interest rate hike is also contributing to negative sentiment, Ms Alliston said. \nBut the Australian market has had a pretty strong run upwards in recent years and was experiencing a healthy correction, she said. \nStock valuations are probably near the point of luring buyers back into the market, especially with interest rates set to remain low. \nHowever, the market could weaken if company earnings in the United States - the world's biggest economy - decline, and signs of deflation appear around the globe. \nChina remains a watching brief, with authorities there having enough room to trigger further stimulus measures. @YahooNZBusiness on Twitter, become a fan on Facebook Share market's worst quarter in four years AAP \nThe Australian share market has taken its worst beating in four years over the September quarter, mainly because …", "external_links": [], "published": "2015-09-29T10:58:00.000+03:00", "crawled": "2015-09-29T12:11:02.786+03:00", "highlightTitle": ""}