{"organizations": ["MainStreet", "Congress", "Perkins Student Loan Program Congress", "Federal Perkins Loan"], "uuid": "8c609345cc9984aaef93398f66d6e97f03e82212", "thread": {"social": {"gplus": {"shares": 0}, "pinterest": {"shares": 0}, "vk": {"shares": 0}, "linkedin": {"shares": 0}, "facebook": {"likes": 0, "shares": 0, "comments": 0}, "stumbledupon": {"shares": 0}}, "site_full": "business-news.thestreet.com", "main_image": "", "site_section": "http://business-news.thestreet.com/litchfield-county-times/rss/627", "section_title": "Litchfield County Times : Personal Finance", "url": "http://business-news.thestreet.com/litchfield-county-times/story/congress-is-trying-to-pass-a-law-to-save-the-perkins-student-loan-program/13303136", "country": "US", "title": "Congress Is Trying to Pass a Law to Save the Perkins Student Loan Program", "performance_score": 0, "site": "thestreet.com", "participants_count": 0, "title_full": "Congress Is Trying to Pass a Law to Save the Perkins Student Loan Program", "spam_score": 0.0, "site_type": "news", "published": "2015-09-28T16:57:00.000+03:00", "replies_count": 0, "uuid": "8c609345cc9984aaef93398f66d6e97f03e82212"}, "author": "", "url": "http://business-news.thestreet.com/litchfield-county-times/story/congress-is-trying-to-pass-a-law-to-save-the-perkins-student-loan-program/13303136", "ord_in_thread": 0, "title": "Congress Is Trying to Pass a Law to Save the Perkins Student Loan Program", "locations": ["NEW YORK"], "entities": {"persons": [], "locations": [], "organizations": []}, "highlightText": "", "language": "english", "persons": ["Perkins", "John Sandman"], "text": "Congress Is Trying to Pass a Law to Save the Perkins Student Loan Program Written by: John Sandman 09/28/15 - 9:57 AM EDT NEW YORK ( MainStreet ) — With a week to go before the Federal Perkins Loan program expires, two Congressmen, a Republican and a Democrat, are attempting to push through a bill that would preserve Perkins funding through next year. \nSome Republicans, including Senate Health, Education, Labor and Pension committee chair Lamar Alexander (R-Tenn.) have criticized the program as they look to simplify an array of federal student loan options—which critics say is a veiled attempt to cut funding to higher ed . Justin Draeger, president of the National Association of Student Financial Aid Administrators, said the loans gives colleges “flexibility to fill the gaps of needy students.” More Headlines", "external_links": [], "published": "2015-09-28T16:57:00.000+03:00", "crawled": "2015-09-28T17:34:09.722+03:00", "highlightTitle": ""}