{"organizations": [], "uuid": "82d366d27245c98a47ddad515894c29375cd3736", "thread": {"social": {"gplus": {"shares": 0}, "pinterest": {"shares": 0}, "vk": {"shares": 0}, "linkedin": {"shares": 0}, "facebook": {"likes": 0, "shares": 0, "comments": 0}, "stumbledupon": {"shares": 0}}, "site_full": "www.reuters.com", "main_image": "", "site_section": "http://www.reuters.com/finance/personal-finance", "section_title": "Wealth, Personal Finance &amp; Money | Reuters.com", "url": "http://www.reuters.com/article/2015/09/28/spain-catalonia-rajoy-idUSL5N11Y24H20150928", "country": "US", "title": "REFILE-Spain's Rajoy says talks with Catalonia must be within the law", "performance_score": 0, "site": "reuters.com", "participants_count": 1, "title_full": "REFILE-Spain's Rajoy says talks with Catalonia must be within the law | Reuters", "spam_score": 0.0, "site_type": "news", "published": "2015-09-28T16:15:00.000+03:00", "replies_count": 0, "uuid": "82d366d27245c98a47ddad515894c29375cd3736"}, "author": "Reuters", "url": "http://www.reuters.com/article/2015/09/28/spain-catalonia-rajoy-idUSL5N11Y24H20150928", "ord_in_thread": 0, "title": "REFILE-Spain's Rajoy says talks with Catalonia must be within the law", "locations": [], "entities": {"persons": [], "locations": [], "organizations": []}, "highlightText": "", "language": "english", "persons": [], "text": "(Adds the word \"says\" in headline)\nMADRID, Sept 28 (Reuters) - Spanish Prime Minister Mariano Rajoy said on Monday he was ready to collaborate with the next Catalan government and hold talks on a wide range of issues but always \"within the law.\"\nCatalan separatists said they had won a mandate to move forward with independence and called on the government on Monday to accept a democratic referendum on the issue.\n\"There are many things that can be discussed. But while I am the president of the government, I will not discuss the unity of Spain, the national sovereignty or the freedom of all Spaniards,\" he told journalists at a press conference.\n\"I am ready to listen but I am not ready to get rid of the law,\" he also said. (Reporting by Julien Toyer ; Editing by Paul Day)", "external_links": [], "published": "2015-09-28T16:15:00.000+03:00", "crawled": "2015-09-28T15:17:37.690+03:00", "highlightTitle": ""}