{"organizations": ["Anglo American"], "uuid": "8b53d3bcc6fa31770e21dd691a48eb9f97702331", "thread": {"social": {"gplus": {"shares": 0}, "pinterest": {"shares": 0}, "vk": {"shares": 0}, "linkedin": {"shares": 0}, "facebook": {"likes": 0, "shares": 0, "comments": 0}, "stumbledupon": {"shares": 0}}, "site_full": "uk.finance.yahoo.com", "main_image": "https://s1.yimg.com/bt/api/res/1.2/M7vS95b2fvSzHFeFStPk0A--/YXBwaWQ9eW5ld3NfbGVnbztxPTc1O3c9NjAw/http://l.yimg.com/os/mit/media/m/social/images/social_default_logo-1481777.png", "site_section": "https://uk.finance.yahoo.com/news/sector-basic-resources/?format=rss", "section_title": "Basic Resources News - Yahoo! Finance UK", "url": "https://uk.finance.yahoo.com/news/anglo-american-sells-rustenberg-operations-141100341.html", "country": "US", "title": "Anglo American sells Rustenberg operations to Sibanye Gold", "performance_score": 0, "site": "yahoo.com", "participants_count": 0, "title_full": "Anglo American sells Rustenberg operations to Sibanye Gold", "spam_score": 0.0, "site_type": "news", "published": "2015-09-09T17:11:00.000+03:00", "replies_count": 0, "uuid": "8b53d3bcc6fa31770e21dd691a48eb9f97702331"}, "author": "", "url": "https://uk.finance.yahoo.com/news/anglo-american-sells-rustenberg-operations-141100341.html", "ord_in_thread": 0, "title": "Anglo American sells Rustenberg operations to Sibanye Gold", "locations": ["Rustenberg"], "entities": {"persons": [], "locations": [], "organizations": []}, "highlightText": "", "language": "english", "persons": [], "text": "Tip : Use comma (,) to separate multiple quotes. Learn more... \nWed, Sep 9, 2015, 15:15 BST - UK Markets close in 1 hr 15 mins Anglo American sells Rustenberg operations to Sibanye Gold By Michele Maatouk | Sharecast – 4 minutes 23 seconds ago 1.29 0.00 \nLONDON (ShareCast) - (ShareCast News) - Anglo American (LSE: AAL.L - news ) 's wholly-owned subsidiary Anglo American Platinum has reached an agreement to sell its loss-making Rustenberg mining and concentrating operations to Sibanye Gold (Other OTC: SBGLF - news ) for at least ZAR4.5bn. The amount will consist of an upfront payment in cash or Sibanye shares of ZAR1.5bn and a deferred consideration equal to 35% of the distributable free cash flow generated by the Rustenberg operations over a defined period, with a minimum amount payable of ZAR3bn. \nAnglo said the sale follows a review of the company's portfolio in response to the structural changes taking place in the platinum industry, which resulted in the Rustenberg operations being consolidated to three mines from five. \nIn 2014, the company announced the repositioning of its portfolio to focus on low-cost production through shifting towards mechanized operations. \nGiven the number of operations within its portfolio, Anglo believed certain operations would receive greater management focus under different ownership where the mines will not be competing for allocation of capital. As a result, it announced its intent to exit from certain non-core operations, including Rustenburg. \nAnglo American Platinum's chief executive officer Chris Griffith said: \"We are pleased to announce a significant milestone in the repositioning of our portfolio with the disposal of the Rustenburg operations to Sibanye. \n\"The Rustenburg operations are quality assets with long-term and sustainable potential under Sibanye's control, given their proven and successful track record of operating conventional mines in South Africa. Our focus from the outset has been to identify the right option for the business, its stakeholders and shareholders and we believe we have concluded a beneficial transaction for both parties, whilst also securing a sustainable future for the Rustenburg operations.\" RBC Capital Markets said that while the financial impact of the sale of the Rustenberg mine may not be large, the deal is positive for sentiment and boosts management's credibility. \n\"Coming soon after the sale of Anglo Norte to Audley for at least $300m, the Rustenberg disposal is an important milestone in Anglo's efforts to restructure its portfolio,\" the Canadian bank said. \nAt 1030 BST, Anglo American shares were up 7.1% at 753.90p.", "external_links": [], "published": "2015-09-09T17:11:00.000+03:00", "crawled": "2015-09-09T17:19:00.130+03:00", "highlightTitle": ""}