{"organizations": [], "uuid": "c068ef7a611d962078368cc01c9dca65f7a21269", "thread": {"social": {"gplus": {"shares": 0}, "pinterest": {"shares": 0}, "vk": {"shares": 0}, "linkedin": {"shares": 0}, "facebook": {"likes": 0, "shares": 0, "comments": 0}, "stumbledupon": {"shares": 0}}, "site_full": "www.modernghana.com", "main_image": "http://img.modernghana.com/images/content/cgwj0mlyy6_spiochina.jpg", "site_section": "http://www.modernghana.com/rssfeed/news.xml?cat_id=1&gender=46", "section_title": "Business & Finance", "url": "http://www.modernghana.com/news/641545/1/seek-long-lasting-partnerships-gepa-boss-urges-exp.html", "country": "US", "title": "Seek long-lasting partnerships, GEPA boss urges exporters", "performance_score": 0, "site": "modernghana.com", "participants_count": 0, "title_full": "Seek long-lasting partnerships, GEPA boss urges exporters", "spam_score": 0.0, "site_type": "news", "published": "2015-09-09T01:00:00.000+03:00", "replies_count": 0, "uuid": "c068ef7a611d962078368cc01c9dca65f7a21269"}, "author": "", "url": "http://www.modernghana.com/news/641545/1/seek-long-lasting-partnerships-gepa-boss-urges-exp.html", "ord_in_thread": 0, "title": "Seek long-lasting partnerships, GEPA boss urges exporters", "locations": [], "entities": {"persons": [], "locations": [], "organizations": []}, "highlightText": "", "language": "english", "persons": [], "text": "  23:00 CET Seek long-lasting partnerships, GEPA boss urges exporters By GNA \nXiamen (China), Sept. 8, GNA - Mr Gideon Quarcoo, Chief Executive Officer of the Ghana Export Promotion Authority (GEPA), has called on exhibitors at the 19th China International Fair for Investment & Trade (CIFIT) to seek long-lasting partnerships instead of focusing on sales. \nSpeaking to exhibitors ahead of the official opening of the fair in Xiamen on Tuesday, Mr Quarcoo also asked the exhibitors to explore technological opportunities that could help them add value to their products instead of exporting them in their raw form. \n'I urge you to shift your focus from selling and concentrate on seeking investment opportunities that will help expand and move your products from being sold as primary products to one based on value addition,' he said. \nGhana is participating in the CIFIT fair for the second successive year with the aim to consolidate the gains made in the previous edition. \nThis is the third time Ghana is participating in an international fair in China, having first participated in the Forest Product Fair in Yiwu. \nMr Quarcoo said the country was seeking to build and consolidate the gains that had been made in the previous edition of the fair. \nHe said building on the lessons Ghana had learnt from participating in International Fairs in China over the past three years, there was the need for Ghanaian companies to explore the technology used by their Chinese counterparts to enhance production and get more value for their products. \nMrs Agnes Gifty Adjei-Sam, Deputy Director, Research and Information GEPA, urged the exporters to make the best out of the opportunities that the fair would present to build lasting relationships. \nThe value of trade between Ghana and China reached $ 5.6 billion at the end of 2014, making Ghana the Asian country's single biggest trading partner. \nGhana's export to China during the period also hit a historical high of $1.4 billion. \nThe CIFIT, which aims at promoting international and bilateral investment, is the largest global investment event, attracting investors and institutions from around the world. \nThe four day event, which would end on September 11, is expected to attract over 12,000 visitors and more than 120 countries and regions as exhibitors. \nDr Ekow Spio-Garbrah, the Minister of Trade and Industry, is leading Ghana's delegation of over 60 businesses and government officials to the fair. \nFrom: Christian Akorlie, GNA Special Correspondent, Xiamen, China \nCourtesy Ghana Export Promotion Authority", "external_links": [], "published": "2015-09-09T01:00:00.000+03:00", "crawled": "2015-09-09T07:50:34.867+03:00", "highlightTitle": ""}