{"organizations": [], "uuid": "c90e25f5366de4b6042ca67ef5c2a8a131c8084c", "thread": {"social": {"gplus": {"shares": 0}, "pinterest": {"shares": 0}, "vk": {"shares": 0}, "linkedin": {"shares": 0}, "facebook": {"likes": 0, "shares": 0, "comments": 0}, "stumbledupon": {"shares": 0}}, "site_full": "us.rd.yahoo.com", "main_image": "", "site_section": "http://us.rd.yahoo.com/finance/news/rss/add/*http://finance.yahoo.com/rss/headline?s=CPRT", "section_title": "Yahoo! Finance: CPRT News", "url": "http://us.rd.yahoo.com/finance/news/rss/story/*http://biz.yahoo.com/e/150922/cprt8-k.html", "country": "US", "title": "COPART INC Files SEC form 8-K, Results of Operations and Financial Condition", "performance_score": 0, "site": "yahoo.com", "participants_count": 0, "title_full": "COPART INC Files SEC form 8-K, Results of Operations and Financial Condition", "spam_score": 0.0, "site_type": "news", "published": "2015-09-22T23:52:00.000+03:00", "replies_count": 0, "uuid": "c90e25f5366de4b6042ca67ef5c2a8a131c8084c"}, "author": "", "url": "http://us.rd.yahoo.com/finance/news/rss/story/*http://biz.yahoo.com/e/150922/cprt8-k.html", "ord_in_thread": 0, "title": "COPART INC Files SEC form 8-K, Results of Operations and Financial Condition", "locations": [], "entities": {"persons": [], "locations": [], "organizations": []}, "highlightText": "", "language": "english", "persons": [], "text": "Show all filings for COPART INC \nForm 8-K for COPART INC \n22-Sep-2015 \nResults of Operations and Financial Condition Item 2.02 Results of Operations and Financial Condition The following information is intended to be furnished under Item 2.02 of Form 8-K, \"Results of Operations and Financial Condition.\" This information shall not be deemed \"filed\" for purposes of Section 18 of the Securities Exchange Act of 1934, as amended (the \"Exchange Act\"), or incorporated by reference in any filing under the Securities Act of 1933, as amended, or the Exchange Act, whether made before or after the date of this report, regardless of any general incorporation language in the filing. On September 22, 2015, Copart, Inc. issued a press release announcing its financial results for the fourth quarter of fiscal year 2015, which ended July 31, 2015. The full text of the press release is furnished herewith as Exhibit 99.1. Section 9 - Financial Statements and Exhibits Item 9.01 Financial Statements and Exhibits (d) Exhibits The following exhibit is furnished herewith: Exhibit Number Description 99.1 Press release, dated September 22, 2015 of Copart, Inc. announcing its financial results for the fourth quarter of fiscal year 2015, which ended July 31, 2015.", "external_links": [], "published": "2015-09-22T23:52:00.000+03:00", "crawled": "2015-09-23T01:20:50.862+03:00", "highlightTitle": ""}