{"organizations": [], "uuid": "0dca61ff438ad38c02ad85c2b425ade48f0452d2", "thread": {"social": {"gplus": {"shares": 0}, "pinterest": {"shares": 0}, "vk": {"shares": 0}, "linkedin": {"shares": 0}, "facebook": {"likes": 0, "shares": 0, "comments": 0}, "stumbledupon": {"shares": 0}}, "site_full": "uk.finance.yahoo.com", "main_image": "https://s1.yimg.com/bt/api/res/1.2/Y504O.HrxIf_iMQu0gpO.w--/YXBwaWQ9eW5ld3NfbGVnbztpbD1wbGFuZTtxPTc1O3c9NjAw/http://globalfinance.zenfs.com/images/UK_AHTTP_SKYNEWS_LIVE_1/rtxv4ow-1-400x240_original.jpg", "site_section": "https://uk.finance.yahoo.com/news/provider-skynews/?format=rss", "section_title": "Finance News | Sky News - Yahoo! UK & Ireland Finance", "url": "https://uk.finance.yahoo.com/news/where-club-foreign-visitors-table-032552119.html", "country": "GB", "title": "Where Is Your Club In Foreign Visitors Table?", "performance_score": 0, "site": "yahoo.com", "participants_count": 0, "title_full": "Where Is Your Club In Foreign Visitors Table?", "spam_score": 0.0, "site_type": "news", "published": "2015-09-10T06:25:00.000+03:00", "replies_count": 0, "uuid": "0dca61ff438ad38c02ad85c2b425ade48f0452d2"}, "author": "", "url": "https://uk.finance.yahoo.com/news/where-club-foreign-visitors-table-032552119.html", "ord_in_thread": 0, "title": "Where Is Your Club In Foreign Visitors Table?", "locations": [], "entities": {"persons": [], "locations": [], "organizations": []}, "highlightText": "", "language": "english", "persons": [], "text": "Tip : Use comma (,) to separate multiple quotes. Learn more... \nThu, Sep 10, 2015, 04:48 BST - UK Markets open in 3 hrs 12 mins Where Is Your Club In Foreign Visitors Table? By (c) Sky News 2015 | Sky News – 22 minutes ago \n\nA new study has found football is playing an increasing role in attracting overseas tourists to Britain. \nIt (Other OTC: ITGL - news ) is the first time in five years the national tourism agency VisitBritain has assessed the value of football tourism to the country. \nIt said international visits to Wembley stadium have more than doubled and that companies across the country can take advantage of a market worth hundreds of millions of pounds. \nSome 800,000 international visitors went to a football match last year - up 6% from 2010 - providing a £684m boost to the UK economy. \nThe research was carried out by the Office for National Statistics on behalf of VisitBritain as part of the International Passenger Survey. \nVisitBritain director Patricia Yates said: \"Football tourism is a real draw for this country something millions of fans around the world connect with. \n\"They want to come and see football in Britain and they spend about £680m in this country.\" \nShe (Munich: SOQ.MU - news ) said football was particularly important in attracting overseas tourists at quieter times of the year such as the winter months, and in encouraging them to explore different parts of Britain. \nIn 2014 the most visited stadia were: Old Trafford, Manchester Utd - 109,000; Emirates Stadium, Arsenal - 109,000; and Anfield, Liverpool FC - 99,000. \nThe country at the top of the table for where football fans travelled from was the Republic of Ireland (Other OTC: IRLD - news ) with 121,000 people. \nNorway took the second spot with 93,000 visitors, while Sweden was third with 58,000. \nSome 53,000 came from the USA and 43,000 from the Netherlands. \nVisit Britain said international football visitors spend £855 on average - more than £200 more than those not attracted by the game. \nMs Yates said: \"As we see new markets coming on like China and Malaysia and the growth of tourism for that market of course people want to come to Britain and see football played in the home of sport.\" \nAt the National Football Museum in Manchester numbers are at an all-time high. \nDeputy director David Pearson said: \"We're getting more than 450,000 visitors a year which just shows the power of football and all of the stories associated with it.\" \nThe Premier League's chief executive Richard Scudamore said: \"The Premier League is proud of its role in promoting Britain across the world. \n\"There are 1.2 billion people across the globe who are fans of the league and we want to engage with as many of them as possible.\"", "external_links": [], "published": "2015-09-10T06:25:00.000+03:00", "crawled": "2015-09-10T06:50:36.232+03:00", "highlightTitle": ""}