{"organizations": ["Unilever plc", "PZ Cussons plc", "Reckitt Benckiser Group Plc"], "uuid": "62b3c66130d243327ba2f9bd44625365df849395", "thread": {"social": {"gplus": {"shares": 0}, "pinterest": {"shares": 0}, "vk": {"shares": 0}, "linkedin": {"shares": 0}, "facebook": {"likes": 0, "shares": 0, "comments": 0}, "stumbledupon": {"shares": 0}}, "site_full": "uk.finance.yahoo.com", "main_image": "https://s1.yimg.com/bt/api/res/1.2/M7vS95b2fvSzHFeFStPk0A--/YXBwaWQ9eW5ld3NfbGVnbztxPTc1O3c9NjAw/http://l.yimg.com/os/mit/media/m/social/images/social_default_logo-1481777.png", "site_section": "https://uk.finance.yahoo.com/news/sector-personal-household-goods/?format=rss", "section_title": "Personal & Household Goods News - Yahoo! Finance UK", "url": "https://uk.finance.yahoo.com/news/three-reasons-why-buy-unilever-094118986.html", "country": "US", "title": "Three Reasons Why You Should Buy Unilever plc, Reckitt Benckiser Group Plc And PZ Cussons plc After Recent Declines", "performance_score": 0, "site": "yahoo.com", "participants_count": 0, "title_full": "Three Reasons Why You Should Buy Unilever plc, Reckitt Benckiser Group Plc And PZ Cussons plc After Recent Declines", "spam_score": 0.0, "site_type": "news", "published": "2015-09-28T12:41:00.000+03:00", "replies_count": 0, "uuid": "62b3c66130d243327ba2f9bd44625365df849395"}, "author": "", "url": "https://uk.finance.yahoo.com/news/three-reasons-why-buy-unilever-094118986.html", "ord_in_thread": 0, "title": "Three Reasons Why You Should Buy Unilever plc, Reckitt Benckiser Group Plc And PZ Cussons plc After Recent Declines", "locations": [], "entities": {"persons": [], "locations": [], "organizations": []}, "highlightText": "", "language": "english", "persons": [], "text": "Tip : Use comma (,) to separate multiple quotes. Learn more... \nMon, Sep 28, 2015, 10:45 BST - UK Markets close in 5 hrs 45 mins Three Reasons Why You Should Buy Unilever plc, Reckitt Benckiser Group Plc And PZ Cussons plc After Recent Declines By Rupert Hargreaves | Fool.co.uk – 3 minutes 42 seconds ago 2,620.00 -30.000 \nUnilever (LSE: ULVR), Reckitt Benckiser (LSE: RB) and PZ Cussons (LSE: PZC) are three of the market's most defensive consumer goods companies. However, even these consumer champions have not been able to escape the recent market volatility. \nIndeed, over the past six months Unilever's share price has fallen by 9.3% and PZ Cussons' shares have lost 16.7%. Reckitt's shares have fared slightly better -- over the past six months, its shares have actually gained 1.8%. But to put that in context, back at the beginning of August Reckitt's share price was up by around 20% for the year. \nStill, for long-term investors, these declines present an excellent opportunity to top up, or to build new holdings of these consumer goods champions, and there are three key reasons why Unilever, Reckitt and PZ Cussons make great additions to any portfolio. \nDefensive plays \nFirstly, all three companies are defensive plays as they produce a range of everyday essential household items, the sales of which are unlikely to collapse overnight. \nFor example, between 2006 and 2011, Unilever's, Reckitt's and PZ Cussons's revenues expanded by 17%, 94% and 52% respectively. As the world tried to navigate its way through a global financial crisis, all three companies continued to report rapid sales growth. \nAnd shareholders reaped the benefits of this growth as all three companies have significant \"pricing power\", which allows them to set the prices of goods sold. This enables them to maintain steady profit margins even during periods of economic stress. Further, pricing power translates into high returns on invested capital -- a straightforward gauge for comparing the relative profitability levels of companies. \nReturn on capital \nOver the long term, share prices tend to track returns on capital. If a business earns 6% on capital over ten years, and you hold it for ten years, your return will be around 6% per annum. Similarly, if a business earns 18% on capital per annum, and it manages to maintain this performance, you're highly likely to outperform the market over the long-term. \nSo, the second key reason Unilever, Reckitt and PZ Cussons would make a great addition to any portfolio is their return on capital employed, or ROCE for short. Over the past ten years, Unilever's average annual ROCE has been in the region of 22%. Reckitt's ten-year average ROCE has come closer to 30% per annum and finally, PZ Cussons' ten-year average ROCE is 12%. \nIncome champions \nThe third, and final reason PZ Cussons, Reckitt and Unilever would make a great addition to any portfolio is their dividend policy. Specifically, the companies return the majority of their profits to investors via dividends, great news for dividend investors. \nAt present, PZ Cussons's shares support a dividend yield of 2.9%, with the payout covered 2.2 times by earnings per share (EPS). Unilever supports a dividend yield 3.2% and the payout is covered 2.6% times by EPS. Finally, Reckitt yields 2.0%, covered 1.7 times by EPS. \nBeating the market \nUnilever's defensive product offering, attractive dividend yield and high ROCE have helped the company's shares outperform the wider FTSE 100 by around 3% per annum during the past decade. \nNow, you may be thinking that I've just cherry picked Unilever because the company's returns are better than average, but that's not the case. \nUnilever and Reckitt have both been selected by the Motley Fool's top analysts as two of the top five shares you should hold in your investment portfolio, due to their defensive nature and healthy dividend payout. \nAnd if you would like to uncover the other three stocks we believe should have a place in your investment portfolio, just click here to download the report for free today! \nRupert Hargreaves has no position in any shares mentioned. The Motley Fool UK owns and has recommended Unilever. The Motley Fool UK owns shares of PZ Cussons. We Fools don't all hold the same opinions, but we all believe that considering a diverse range of insights makes us better investors.", "external_links": [], "published": "2015-09-28T12:41:00.000+03:00", "crawled": "2015-09-28T12:51:35.422+03:00", "highlightTitle": ""}