{"organizations": [], "uuid": "57f8b7e3396cdc274bd524e19bce44322133b0aa", "thread": {"social": {"gplus": {"shares": 0}, "pinterest": {"shares": 0}, "vk": {"shares": 0}, "linkedin": {"shares": 0}, "facebook": {"likes": 0, "shares": 0, "comments": 0}, "stumbledupon": {"shares": 0}}, "site_full": "finance.gov.ie", "main_image": "", "site_section": "http://finance.gov.ie/rss.xml", "section_title": "An Roinn Airgeadais, Department of Finance", "url": "http://finance.gov.ie/what-we-do/banking-financial-services/international-financial-services/procurement/procurement", "country": "IE", "title": "Procurement", "performance_score": 0, "site": "finance.gov.ie", "participants_count": 1, "title_full": "Procurement", "spam_score": 0.0, "site_type": "news", "published": "2015-09-28T11:02:00.000+03:00", "replies_count": 0, "uuid": "57f8b7e3396cdc274bd524e19bce44322133b0aa"}, "author": "editorfinance", "url": "http://finance.gov.ie/what-we-do/banking-financial-services/international-financial-services/procurement/procurement", "ord_in_thread": 0, "title": "Procurement", "locations": [], "entities": {"persons": [], "locations": [], "organizations": []}, "highlightText": "", "language": "english", "persons": [], "text": "Tel: +353 1 676 7571LoCall: 1890 66 10 10Fax: +353 1 678 9936", "external_links": [], "published": "2015-09-28T11:02:00.000+03:00", "crawled": "2015-09-29T02:07:16.997+03:00", "highlightTitle": ""}