{"organizations": [], "uuid": "5943f48da4cffa83b774d5afe8d7bb808ff7ec28", "thread": {"social": {"gplus": {"shares": 0}, "pinterest": {"shares": 0}, "vk": {"shares": 0}, "linkedin": {"shares": 0}, "facebook": {"likes": 0, "shares": 0, "comments": 0}, "stumbledupon": {"shares": 0}}, "site_full": "www.reuters.com", "main_image": "", "site_section": "http://www.reuters.com/finance/personal-finance", "section_title": "Wealth, Personal Finance &amp; Money | Reuters.com", "url": "http://www.reuters.com/article/2015/09/28/credit-suisse-gp-sec-settlement-idUSL1N11Y20Y20150928", "country": "US", "title": "Credit Suisse in $4.25 mln settlement with SEC over faulty data", "performance_score": 0, "site": "reuters.com", "participants_count": 1, "title_full": "Credit Suisse in $4.25 mln settlement with SEC over faulty data | Reuters", "spam_score": 0.0, "site_type": "news", "published": "2015-09-28T23:38:00.000+03:00", "replies_count": 0, "uuid": "5943f48da4cffa83b774d5afe8d7bb808ff7ec28"}, "author": "Reuters", "url": "http://www.reuters.com/article/2015/09/28/credit-suisse-gp-sec-settlement-idUSL1N11Y20Y20150928", "ord_in_thread": 0, "title": "Credit Suisse in $4.25 mln settlement with SEC over faulty data", "locations": [], "entities": {"persons": [], "locations": [], "organizations": []}, "highlightText": "", "language": "english", "persons": [], "text": "NEW YORK, Sept 28 Credit Suisse Group AG had agreed to pay $4.25 million for submitting deficient information to the U.S. Securities and Exchange Commission for two years about its customers' trades, the regulator said on Monday.\nCredit Suisse Securities (USA) LLC, a subsidiary of the Swiss bank, as part of the settlement admitted it violated record keeping and reporting provisions of federal securities laws, the SEC said.\nUnder federal law, broker-dealers like Credit Suisse must upon request provide the SEC with \"blue sheet data\" on customer trading for use in identifying and analyzing trades for investigations and other work.\nThe SEC said that as part of a related probe, its staff compared submissions from certain broker-dealers to data from the National Securities Clearing Corp for the same firms and discovered \"apparent discrepancies\" in Credit Suisse's data.\nAs part of the settlement, Credit Suisse admitted that from January 2012 to January 2014, it made at least 593 deficient data submissions to the SEC, omitting more than 553,400 reportable trades on 1.3 billion shares.\nCredit Suisse declined to comment. (Reporting by Nate Raymond in New York; Editing by Richard Chang)", "external_links": [], "published": "2015-09-28T23:38:00.000+03:00", "crawled": "2015-09-28T22:42:29.982+03:00", "highlightTitle": ""}