{"organizations": [], "uuid": "be5ca9949ada7b23dd8f79482185342610a8c0c9", "thread": {"social": {"gplus": {"shares": 0}, "pinterest": {"shares": 0}, "vk": {"shares": 0}, "linkedin": {"shares": 0}, "facebook": {"likes": 0, "shares": 0, "comments": 0}, "stumbledupon": {"shares": 0}}, "site_full": "uk.finance.yahoo.com", "main_image": "https://s.yimg.com/bt/api/res/1.2/03TgaLkKfK.0a.fqeSeWVA--/YXBwaWQ9eW5ld3NfbGVnbztpbD1wbGFuZTtxPTc1O3c9NjAw/http://globalfinance.zenfs.com/images/UK_AFTP_AFP_LIVE_1/112f77e6cae4e3f923ef80451ac7bbd0aad41f49_original.jpg", "site_section": "https://uk.finance.yahoo.com/news/provider-afp/?format=rss", "section_title": "Finance News | AFP - Yahoo! UK & Ireland Finance", "url": "https://uk.finance.yahoo.com/news/german-companies-call-retirees-back-072407861.html", "country": "GB", "title": "German companies call their retirees back to work", "performance_score": 0, "site": "yahoo.com", "participants_count": 0, "title_full": "German companies call their retirees back to work", "spam_score": 0.0, "site_type": "news", "published": "2015-09-16T10:24:00.000+03:00", "replies_count": 0, "uuid": "be5ca9949ada7b23dd8f79482185342610a8c0c9"}, "author": "", "url": "https://uk.finance.yahoo.com/news/german-companies-call-retirees-back-072407861.html", "ord_in_thread": 0, "title": "German companies call their retirees back to work", "locations": [], "entities": {"persons": [], "locations": [], "organizations": []}, "highlightText": "", "language": "english", "persons": [], "text": "Tip : Use comma (,) to separate multiple quotes. Learn more... \nWed, Sep 16, 2015, 08:32 BST - UK Markets close in 7 hrs 58 mins German companies call their retirees back to work By Estelle Peard | AFP – 8 minutes ago \n\nMeet Emil Kniel, who is a \"Space Cowboy\". \nNo, the 62-year-old engineer from Rastatt, in southwestern Germany, did not star alongside Clint Eastwood, Tommy Lee Jones or Donald Sutherland in the 2000 Hollywood film of the same name about four retired astronauts who are sent into space again. \nBut taking its inspiration from that film's premise, German automaker Daimler (Xetra: 710000 - news ) has set up a \"Space Cowboy\" scheme, a pool of around 600 former staff members whom it has asked to come back out of retirement to impart their invaluable experience and expertise to younger generations. \nIt (Other OTC: ITGL - news ) is an idea that is being taken up and copied by other companies around Germany. \n\"Being retired from one day to the next isn't easy,\" admits Kniel, who spent almost his entire working life at Daimler. \nHe helped build the Rastatt plant close to the French border in 1992 and was subsequently employed there for more than 20 years. He is still proud of his employee's pass carrying the number 430. \nThe engineer took early retirement in April, but joined the Space Cowboys scheme just a month later. \n\"I work three days a week ... it's an ideal transition,\" he said. \n\"It's a win-win situation for everyone.\" \nPeople who are finding it difficult to adjust to retirement can be offered fixed-term missions of between six and nine months in areas such as production, research and development, or IT. \nIn return for a wage indexed to their former salary, Daimler can tap into their deep knowledge of the company's working processes. \n\"One of the core aims of the initiative is to transfer skills to the younger generation in order to keep them in the company,\" said Christina Joos of Daimler's personnel department. \nIn close coordination with the carmaker's works council, Daimler has built up a pool of hundreds of \"senior experts\" who have undertaken 260 missions since the initiative was launched in 2013. \n- Experienced and unflappable - \nIn Rastatt, Kniel is in charge of a small team tasked with adapting the factory to the needs of its ageing workforce. \nThe team, which includes a 23-year-old student, is looking into systems where the workers can remain seated at the assembly line, instead of having to stand. \n\"The younger colleagues bring with them a certain dynamism, a certain levity. And they have absolutely no problem with new media.\" \nBut the retirees \"are people with a lot of experience, a certain unflappability, and a bigger view of things,\" said Kniel. \nAt the end of the day, \"it's the mix that counts\". \nDaimler is not the only company to launch such a scheme. \nBosch (BSE: BOSCHLTD.BO - news ) , the maker of car parts and household electrical goods, was one of the pioneers, setting one up in 1999. It has around 1,600 retired experts on its books who can be dispatched all around Germany or even further afield, individually or in teams. \nThe mail order giant Otto launched its own scheme in 2012 and has a portfolio of around 50 former employees it can turn, for example, when replacing an old in-house IT system that only a few people are familiar with. \n- Pension top-up - \n\"The retirees aren't taking jobs away from anyone else,\" said Otto spokeswoman Jennifer Buchholz. \n\"These aren't full-time positions, but fixed-term projects for which very specific knowledge is required. A lot of the time, no-one else in the company or from outside the company has such knowledge,\" she said. \nThe scheme allows the former employees to top up their pensions. But \"that's not the sole motivation,\" said Buchholz. \n\"The feeling of being useful and passing on skills is just as important,\" she said. \nNevertheless, the powerful IG Metall labour union remains sceptical. \n\"It will never be a wide-scale phenomenon,\" said Roman Zitzelsberger, head of IG Metall's branch in Baden-Wuerttemberg, the regional state that is home to both Daimler and Bosch. \n\"And it certainly won't cover the shortage of qualified workers in the future,\" he said. \nGermany's rapidly ageing population and low birth rate are slowly depleting its pool of skilled labour and the shortage of qualified workers is projected to rise to 1.8 million in 2020. \nAn increasing number of people in Europe's top economy are continuing to work anyway to an older age, partly but not solely due to the phased increase in the retirement age to 67. \nThe percentage of 64-69 year-olds still working stood at 14 percent in 2014, up from 6.0 percent in 2005. \nKniel says he expects to carry on working \"for between one and three years, as long as I still have my health.\"", "external_links": [], "published": "2015-09-16T10:24:00.000+03:00", "crawled": "2015-09-16T10:32:29.846+03:00", "highlightTitle": ""}