{"organizations": [], "uuid": "bcd817f11f5f271a5ec1a7f1d2440ebe8659d952", "thread": {"social": {"gplus": {"shares": 0}, "pinterest": {"shares": 0}, "vk": {"shares": 0}, "linkedin": {"shares": 0}, "facebook": {"likes": 0, "shares": 0, "comments": 0}, "stumbledupon": {"shares": 0}}, "site_full": "www.wsj.com", "main_image": "http://si.wsj.net/public/resources/images/BN-KN816_YAHOOH_G_20150929151104.jpg", "site_section": "http://www.wsj.com/news/business", "section_title": "Business &amp; Finance News - Wall Street Journal", "url": "http://www.wsj.com/articles/yahoos-got-spin-not-substance-1443554691", "country": "US", "title": "Yahoo’s Got Spin, Not Substance", "performance_score": 0, "site": "wsj.com", "participants_count": 1, "title_full": "Yahoo’s Got Spin, Not Substance - WSJ", "spam_score": 0.0, "site_type": "news", "published": "2015-09-29T23:24:00.000+03:00", "replies_count": 0, "uuid": "bcd817f11f5f271a5ec1a7f1d2440ebe8659d952"}, "author": "Miriam Gottfried", "url": "http://www.wsj.com/articles/yahoos-got-spin-not-substance-1443554691", "ord_in_thread": 0, "title": "Yahoo’s Got Spin, Not Substance", "locations": [], "entities": {"persons": [], "locations": [], "organizations": []}, "highlightText": "", "language": "english", "persons": [], "text": "Yahoo is rolling the dice with Alibaba. But even a stroke of luck there won’t clear the clouds over its core business.\nIn a filing Monday, Yahoo said it would pursue the spinoff of its remaining stake in Alibaba Group Holding into a separate publicly traded entity. This comes despite the Internal Revenue Service’s decision not to grant Yahoo... To Read the Full Story, Subscribe or Sign In", "external_links": [], "published": "2015-09-29T23:24:00.000+03:00", "crawled": "2015-09-29T22:49:45.095+03:00", "highlightTitle": ""}