{"organizations": [], "uuid": "0736c203259469341423c3fa78b12830550c185b", "thread": {"social": {"gplus": {"shares": 0}, "pinterest": {"shares": 0}, "vk": {"shares": 0}, "linkedin": {"shares": 0}, "facebook": {"likes": 0, "shares": 0, "comments": 0}, "stumbledupon": {"shares": 0}}, "site_full": "www.wsj.com", "main_image": "http://si.wsj.net/public/resources/images/BN-KM995_labour_G_20150928065032.jpg", "site_section": "http://www.wsj.com/news/business", "section_title": "Business &amp; Finance News - Wall Street Journal", "url": "http://www.wsj.com/articles/u-k-opposition-economy-spokesman-seeks-boe-mandate-review-1443437767", "country": "US", "title": "U.K. Labour Economy Spokesman John McDonnell Seeks BOE Mandate Review", "performance_score": 0, "site": "wsj.com", "participants_count": 1, "title_full": "U.K. Labour Economy Spokesman John McDonnell Seeks BOE Mandate Review - WSJ", "spam_score": 0.0, "site_type": "news", "published": "2015-09-28T14:56:00.000+03:00", "replies_count": 0, "uuid": "0736c203259469341423c3fa78b12830550c185b"}, "author": "Jason Douglas", "url": "http://www.wsj.com/articles/u-k-opposition-economy-spokesman-seeks-boe-mandate-review-1443437767", "ord_in_thread": 0, "title": "U.K. Labour Economy Spokesman John McDonnell Seeks BOE Mandate Review", "locations": [], "entities": {"persons": [], "locations": [], "organizations": []}, "highlightText": "", "language": "english", "persons": [], "text": "LONDON—The new economy spokesman for the U.K.’s main opposition Labour Party on Monday called for a review of the Bank of England’s mandate, saying lawmakers should consider whether the central bank should have a broader role in the economy than keeping inflation in check.\nParliament should debate whether the BOE’s goals should be broadened to include targets for economic prosperity and investment, John McDonnell told the British... ", "external_links": [], "published": "2015-09-28T14:56:00.000+03:00", "crawled": "2015-09-28T14:31:09.235+03:00", "highlightTitle": ""}