{"organizations": [], "uuid": "28d27bb81539dc65d1f464655fd818b063ae6631", "thread": {"social": {"gplus": {"shares": 0}, "pinterest": {"shares": 0}, "vk": {"shares": 0}, "linkedin": {"shares": 0}, "facebook": {"likes": 0, "shares": 0, "comments": 0}, "stumbledupon": {"shares": 0}}, "site_full": "business-news.thestreet.com", "main_image": "", "site_section": "http://business-news.thestreet.com/mainline-media-news/rss/627", "section_title": "Mainline Media News : Personal Finance", "url": "http://business-news.thestreet.com/mainline-media-news/story/what-will-paychex-earnings-say-about-jobs-interest-rates/13306043", "country": "US", "title": "What Will Paychex Earnings Say About Jobs, Interest Rates?", "performance_score": 0, "site": "thestreet.com", "participants_count": 0, "title_full": "What Will Paychex Earnings Say About Jobs, Interest Rates?", "spam_score": 0.0, "site_type": "news", "published": "2015-09-30T03:40:00.000+03:00", "replies_count": 0, "uuid": "28d27bb81539dc65d1f464655fd818b063ae6631"}, "author": "", "url": "http://business-news.thestreet.com/mainline-media-news/story/what-will-paychex-earnings-say-about-jobs-interest-rates/13306043", "ord_in_thread": 0, "title": "What Will Paychex Earnings Say About Jobs, Interest Rates?", "locations": [], "entities": {"persons": [], "locations": [], "organizations": []}, "highlightText": "", "language": "english", "persons": [], "text": "What Will Paychex Earnings Say About Jobs, Interest Rates? Written by: U-Jin Lee 09/29/15 - 8:40 PM EDT Tickers in this article: PAYX \nNEW YORK (TheStreet) -- Paychex is scheduled to report its fiscal 2016 first-quarter earnings numbers before the market open Wednesday. Analysts are expecting the provider of payroll and other human resources services to report 51 cents in earnings on $717.52 million in revenue, a year-over-year increase. \nSome of the things that may boost its long-term growth strategy are joint ventures, acquisitions and product launches. Over the past few quarters, its payroll segment has seen a steady growth. On top of that, the small business market is also expected to see a greater employment growth. \nTheStreet's Jim Cramer said, \"Paychex reports tomorrow and you know what? This is really much more of a play on higher rates. If you think rates are going to go higher, they're going to make more money off the float. There are so many analysts who are negative on this because the Fed has kept rates at 0. This is a terrific play not on employment, which is pretty good, but on higher rates and I think higher rates are coming.\" More Headlines", "external_links": [], "published": "2015-09-30T03:40:00.000+03:00", "crawled": "2015-09-30T09:52:03.723+03:00", "highlightTitle": ""}