{"organizations": [], "uuid": "17196ed637bdacd780d55aaabd58870ef49756ac", "thread": {"social": {"gplus": {"shares": 0}, "pinterest": {"shares": 0}, "vk": {"shares": 0}, "linkedin": {"shares": 0}, "facebook": {"likes": 0, "shares": 0, "comments": 0}, "stumbledupon": {"shares": 0}}, "site_full": "www.wsj.com", "main_image": "http://si.wsj.net/img/WSJ_Logo_black_social.gif", "site_section": "http://www.wsj.com/news/world/asia", "section_title": "Asia Business, Finance &amp; Political News - The Wall Street Journal", "url": "http://www.wsj.com/articles/confidence-in-chinas-economy-declines-pboc-survey-finds-1443606702", "country": "US", "title": "Confidence in China’s Economy Declines, PBOC Survey Finds", "performance_score": 0, "site": "wsj.com", "participants_count": 1, "title_full": "Confidence in China’s Economy Declines, PBOC Survey Finds - WSJ", "spam_score": 0.0, "site_type": "news", "published": "2015-09-30T13:51:00.000+03:00", "replies_count": 0, "uuid": "17196ed637bdacd780d55aaabd58870ef49756ac"}, "author": "wsjcom", "url": "http://www.wsj.com/articles/confidence-in-chinas-economy-declines-pboc-survey-finds-1443606702", "ord_in_thread": 0, "title": "Confidence in China’s Economy Declines, PBOC Survey Finds", "locations": [], "entities": {"persons": [], "locations": [], "organizations": []}, "highlightText": "", "language": "english", "persons": [], "text": "BEIJING—Confidence in the Chinese economy among bankers and entrepreneurs was falling, a central bank survey showed Wednesday, as the world’s No. 2 economy showed more signs of weakness despite the government’s efforts to shore it up.\nThe index of bankers’ confidence in the economy stood at 40.6% in the third quarter, down by 2.8 percentage... To Read the Full Story, Subscribe or Sign In", "external_links": [], "published": "2015-09-30T13:51:00.000+03:00", "crawled": "2015-09-30T14:36:26.552+03:00", "highlightTitle": ""}