{"organizations": ["Akyempimhene"], "uuid": "a32886d08160c2b3f7aec3b4415cc0d258142831", "thread": {"social": {"gplus": {"shares": 0}, "pinterest": {"shares": 0}, "vk": {"shares": 0}, "linkedin": {"shares": 0}, "facebook": {"likes": 0, "shares": 0, "comments": 0}, "stumbledupon": {"shares": 0}}, "site_full": "www.modernghana.com", "main_image": "http://img.modernghana.com/images/content/ine5hts22a_ohenebaaduseipoku.jpg", "site_section": "http://www.modernghana.com/rssfeed/news.xml?cat_id=1&gender=46", "section_title": "Business & Finance", "url": "http://www.modernghana.com/news/645407/1/take-bold-steps-to-grow-local-industries-akyempimh.html", "country": "US", "title": "Take bold steps to grow local industries - Akyempimhene", "performance_score": 0, "site": "modernghana.com", "participants_count": 0, "title_full": "Take bold steps to grow local industries - Akyempimhene", "spam_score": 0.0, "site_type": "news", "published": "2015-09-28T01:00:00.000+03:00", "replies_count": 0, "uuid": "a32886d08160c2b3f7aec3b4415cc0d258142831"}, "author": "", "url": "http://www.modernghana.com/news/645407/1/take-bold-steps-to-grow-local-industries-akyempimh.html", "ord_in_thread": 0, "title": "Take bold steps to grow local industries - Akyempimhene", "locations": [], "entities": {"persons": [], "locations": [], "organizations": []}, "highlightText": "", "language": "english", "persons": [], "text": "  27 September 2015 23:00 CET Take bold steps to grow local industries - Akyempimhene By GNA \nKumasi, Sept. 27, GNA - The government has been asked to take bold steps to grow the local industries to become more viable and competitive. \nOheneba Adusei Poku, the Akyempimhene, said efforts should be focused on strengthening the manufacturing sector to bring in foreign exchange and keep the economy on an even keel. \nHe was speaking at the official launch of a 'Grand Sales' in Kumasi by Ashphil International Ghana (AIG). \nThe two-week event to be held at the Prempeh Assembly Hall, from December 18 to January 3, 2016, would provide an outlet for companies to showcase and market their products. \nIt would be organized under the theme: 'Improving the trading industry in Ghana'. \nOheneba Adusei Poku said every effort must be made to establish a business-friendly environment for local enterprises to thrive to create wealth and jobs for the population. \nThe situation where Ghanaians were supporting the economies of other nations through unrestrained importation of almost everything needed to change. \nMr. David Asiamah, the Chief Executive Officer of AgroMindset Group, a company into agricultural production, said there was the need to give strong support to young people eager to go into business. \nHe said it should not be made difficult to access loans to set up their enterprises. \nMrs. Habiba Nyarko Fosu-Poku of the AIG said the fair seeks to highlight the region's investment opportunities. \nGNA", "external_links": [], "published": "2015-09-28T01:00:00.000+03:00", "crawled": "2015-09-28T02:09:01.165+03:00", "highlightTitle": ""}