{"organizations": [], "uuid": "45e39e018a842ff833115d93c8968a14aeb4776a", "thread": {"social": {"gplus": {"shares": 0}, "pinterest": {"shares": 0}, "vk": {"shares": 0}, "linkedin": {"shares": 0}, "facebook": {"likes": 0, "shares": 0, "comments": 0}, "stumbledupon": {"shares": 0}}, "site_full": "www.therepublic.com", "main_image": "http://d1bdhkmqqz901h.cloudfront.net/fit-in/1200x630/filters:fill(white)/cdn1.therepublic.com/tr_assets/images/TheRepublic-Icon-2048x2048.jpg", "site_section": "http://www.therepublic.com/feed/subject/56b2aea8857510048d19ff2260dd383e", "section_title": "Government business and finance News from TheRepublic.com", "url": "http://www.therepublic.com/view/story/4487fbeab3754afa82361adb8319feae/SD--Yankton-County-Election", "country": "US", "title": "Yankton County voters reject tax increase for roads, bridges", "performance_score": 0, "site": "therepublic.com", "participants_count": 0, "title_full": "Yankton County voters reject tax increase for roads, bridges", "spam_score": 0.0, "site_type": "news", "published": "2015-09-30T17:32:00.000+03:00", "replies_count": 0, "uuid": "45e39e018a842ff833115d93c8968a14aeb4776a"}, "author": "", "url": "http://www.therepublic.com/view/story/4487fbeab3754afa82361adb8319feae/SD--Yankton-County-Election", "ord_in_thread": 0, "title": "Yankton County voters reject tax increase for roads, bridges", "locations": ["Yankton County"], "entities": {"persons": [], "locations": [], "organizations": []}, "highlightText": "", "language": "english", "persons": [], "text": "Yankton County voters resoundingly reject $1.5M tax increase for road and bridge improvements \nTHE ASSOCIATED PRESS Published: 9/30/15 10:32   10:32 am EDT \nYANKTON, South Dakota — Voters in Yankton County have resoundingly defeated a proposed property tax increase to help fund road and bridge repairs. \nThe Yankton Daily Press and Dakotan reports ( http://bit.ly/1jyrlY8 ) that preliminary results from Tuesday's election show 70 percent of the 3,427 voters opposed the measure. \nThe levy would have hiked taxes on both non-agricultural property and farmland, raising an additional $1.5 million for improvements to roads and bridges. \nCounty commissioners in July adopted the levy but opponents referred it to a public vote through a petition drive \nInformation from: Yankton Press and Dakotan, http://www.yankton.net/ \n   ", "external_links": [], "published": "2015-09-30T17:32:00.000+03:00", "crawled": "2015-09-30T17:41:24.948+03:00", "highlightTitle": ""}