{"organizations": [], "uuid": "3428661900ca3fcc54606e380bd54183bd608cf6", "thread": {"social": {"gplus": {"shares": 0}, "pinterest": {"shares": 0}, "vk": {"shares": 0}, "linkedin": {"shares": 0}, "facebook": {"likes": 0, "shares": 0, "comments": 0}, "stumbledupon": {"shares": 0}}, "site_full": "www.wsj.com", "main_image": "http://si.wsj.net/public/resources/images/BN-KI130_cmdoil_G_20150916063425.jpg", "site_section": "http://www.wsj.com/news/business", "section_title": "Business &amp; Finance News - Wall Street Journal", "url": "http://www.wsj.com/articles/oil-prices-fall-on-crude-oversupply-concerns-1442914746", "country": "US", "title": "Oil Prices Fall on Crude Oversupply Concerns", "performance_score": 0, "site": "wsj.com", "participants_count": 1, "title_full": "Oil Prices Fall on Crude Oversupply Concerns - WSJ", "spam_score": 0.0, "site_type": "news", "published": "2015-09-22T13:39:00.000+03:00", "replies_count": 0, "uuid": "3428661900ca3fcc54606e380bd54183bd608cf6"}, "author": "Georgi Kantchev", "url": "http://www.wsj.com/articles/oil-prices-fall-on-crude-oversupply-concerns-1442914746", "ord_in_thread": 0, "title": "Oil Prices Fall on Crude Oversupply Concerns", "locations": [], "entities": {"persons": [], "locations": [], "organizations": []}, "highlightText": "", "language": "english", "persons": [], "text": "LONDON—Oil prices slid on Tuesday pressured by continuing concerns about the global oversupply of crude.\nOil has been trading in a narrow band in recent weeks after falling to more than six-year-lows in the summer on worries about an economic slowdown in China, the world’s second largest consumer of crude. Dropping U.S. output has provided some support for crude, but inventory levels in the U.S. remain elevated, especially in... To Read the Full Story, Subscribe or Sign In", "external_links": [], "published": "2015-09-22T13:39:00.000+03:00", "crawled": "2015-09-22T12:55:32.104+03:00", "highlightTitle": ""}