{"organizations": [], "uuid": "103fd16085b7480f36c2588534a39019d7bdaafd", "thread": {"social": {"gplus": {"shares": 0}, "pinterest": {"shares": 0}, "vk": {"shares": 0}, "linkedin": {"shares": 0}, "facebook": {"likes": 0, "shares": 0, "comments": 0}, "stumbledupon": {"shares": 0}}, "site_full": "uk.finance.yahoo.com", "main_image": "https://s1.yimg.com/bt/api/res/1.2/M7vS95b2fvSzHFeFStPk0A--/YXBwaWQ9eW5ld3NfbGVnbztxPTc1O3c9NjAw/http://l.yimg.com/os/mit/media/m/social/images/social_default_logo-1481777.png", "site_section": "http://finance.yahoo.com/rss/headline?s=VLO", "section_title": "Yahoo! Finance: VLO News", "url": "https://uk.finance.yahoo.com/news/marathon-galveston-completing-planning-shutter-194741127.html", "country": "US", "title": "Marathon Galveston completing work, planning shutter of gasoline unit -sources - Yahoo Finance UK", "performance_score": 0, "site": "yahoo.com", "participants_count": 1, "title_full": "Marathon Galveston completing work, planning shutter of gasoline unit -sources - Yahoo Finance UK", "spam_score": 0.0, "site_type": "news", "published": "2015-09-30T03:00:00.000+03:00", "replies_count": 0, "uuid": "103fd16085b7480f36c2588534a39019d7bdaafd"}, "author": "Reuters - UK Focus", "url": "https://uk.finance.yahoo.com/news/marathon-galveston-completing-planning-shutter-194741127.html", "ord_in_thread": 0, "title": "Marathon Galveston completing work, planning shutter of gasoline unit -sources - Yahoo Finance UK", "locations": [], "entities": {"persons": [], "locations": [], "organizations": []}, "highlightText": "", "language": "english", "persons": [], "text": "RELATED QUOTES Symbol Price Change VLO 58.74 +0.86 MPC 45.54 +0.51 BP.L 326.20 +3.15", "external_links": [], "published": "2015-09-30T03:00:00.000+03:00", "crawled": "2015-09-30T00:40:26.080+03:00", "highlightTitle": ""}