{"organizations": ["Lloyds Bank"], "uuid": "320d44eb5d498e24ea7b66c5a7f05892da28857e", "thread": {"social": {"gplus": {"shares": 0}, "pinterest": {"shares": 0}, "vk": {"shares": 0}, "linkedin": {"shares": 0}, "facebook": {"likes": 0, "shares": 0, "comments": 0}, "stumbledupon": {"shares": 0}}, "site_full": "www.express.co.uk", "main_image": "http://cdn.images.express.co.uk/img/dynamic/23/590x/lloyds-fraud-604294.jpg", "site_section": "http://express.co.uk//posts/rss/23/personalfinance", "section_title": "Daily Express :: Personal Finance Feed", "url": "http://www.express.co.uk/finance/personalfinance/604294/Lloyds-customers-fraud-risk-data-theft-RSA-insurer-centre", "country": "", "title": "Lloyds customers in fraud risk after data theft", "performance_score": 0, "site": "express.co.uk", "participants_count": 0, "title_full": "Lloyds customers in fraud risk after data theft", "spam_score": 0.0, "site_type": "news", "published": "2015-09-10T18:04:00.000+03:00", "replies_count": 0, "uuid": "320d44eb5d498e24ea7b66c5a7f05892da28857e"}, "author": "", "url": "http://www.express.co.uk/finance/personalfinance/604294/Lloyds-customers-fraud-risk-data-theft-RSA-insurer-centre", "ord_in_thread": 0, "title": "Lloyds customers in fraud risk after data theft", "locations": [], "entities": {"persons": [], "locations": [], "organizations": []}, "highlightText": "", "language": "english", "persons": [], "text": "A Lloyds Bank spokesperson said: \"RSA was the Home Emergency insurance cover provider for a small number of Lloyds Premier Account holders and the data was held as per standard data retention requirements and processes. \n\"We are continuing to work closely with RSA on their investigation and impacted customers have been contacted. \"Any of these customers can call the dedicated freephone helpline number 0800 316 809 to discuss concerns.\" \nThe bank said it has informed the regulator of the situation. \nAn RSA spokesperson said: \"Unfortunately a data storage device has been reported as stolen from one of our data centres. \n\"We have advised our regulators and are in the process of contacting potentially impacted customers to apologise. \n\"We are working with the police on a full investigation and although there is no evidence to suggest that this data has been misused in any way, we are offering identity protection with Cifas for two years to provide reassurance to these customers. \n\"We recognise this should never have happened and apologise to all of our customers who have been impacted.” Related articles", "external_links": [], "published": "2015-09-10T18:04:00.000+03:00", "crawled": "2015-09-10T19:09:16.593+03:00", "highlightTitle": ""}