{"organizations": [], "uuid": "e624ead1d16522e889847fdd5cf3f1e81fb0126b", "thread": {"social": {"gplus": {"shares": 0}, "pinterest": {"shares": 0}, "vk": {"shares": 0}, "linkedin": {"shares": 0}, "facebook": {"likes": 0, "shares": 0, "comments": 0}, "stumbledupon": {"shares": 0}}, "site_full": "www.moneylife.in", "main_image": "http://moneylife.in/site/userimage/image/thumbnail/logo.gif", "site_section": "http://moneylife.in/site/rss.php", "section_title": "Moneylife Personal Finance Magazine", "url": "http://www.moneylife.in/article/taxpayers-warned-against-fake-order-extending-deadline/43500.html", "country": "IN", "title": "Taxpayers warned against fake order extending deadline", "performance_score": 0, "site": "moneylife.in", "participants_count": 1, "title_full": "Taxpayers warned against fake order extending deadline - Moneylife", "spam_score": 0.0, "site_type": "news", "published": "2015-09-28T20:01:00.000+03:00", "replies_count": 0, "uuid": "e624ead1d16522e889847fdd5cf3f1e81fb0126b"}, "author": "IANS", "url": "http://www.moneylife.in/article/taxpayers-warned-against-fake-order-extending-deadline/43500.html", "ord_in_thread": 0, "title": "Taxpayers warned against fake order extending deadline", "locations": [], "entities": {"persons": [], "locations": [], "organizations": []}, "highlightText": "", "language": "english", "persons": [], "text": "Clarifying that there was no extension in Wednesday's deadline for filing of returns and audit reports by entities, the union finance ministry on Monday warned against a \"fraudulent\" order in circulation saying the last date has been extended beyond the deadline of September 30.   \"It has been brought to the notice of the government that a fake order dated September 26 supposedly under section 119 of the Income-Tax Act 1961 under the signature of one Upmanyu Reddy, under secretary to the government of India, is in circulation.   \"The fake order extends the due date for filing of audit report under section 119 of the Income-Tax Act to October 15,\" an official statement said here.   \"It is clarified the order is fraudulent. The government has not extended the due date for filing of returns and audit report due by September 30. Taxpayers and practitioners are advised not to give any credence to the fraudulent order purportedly signed by one Upmanyu Reddy,\" it added.     Disclaimer: Information, facts or opinions expressed in this news article are presented as sourced from IANS and do not reflect views of Moneylife and hence Moneylife is not responsible or liable for the same. As a source and news provider, IANS is responsible for accuracy, completeness, suitability and validity of any information in this article.", "external_links": [], "published": "2015-09-28T20:01:00.000+03:00", "crawled": "2015-09-28T14:37:18.447+03:00", "highlightTitle": ""}