{"organizations": [], "uuid": "c341ffc80ff10ecf957d2edfc8e1e8ba7f45176b", "thread": {"social": {"gplus": {"shares": 0}, "pinterest": {"shares": 0}, "vk": {"shares": 0}, "linkedin": {"shares": 0}, "facebook": {"likes": 0, "shares": 0, "comments": 0}, "stumbledupon": {"shares": 0}}, "site_full": "www.reuters.com", "main_image": "", "site_section": "http://www.reuters.com/finance/personal-finance", "section_title": "Wealth, Personal Finance &amp; Money | Reuters.com", "url": "http://www.reuters.com/article/2015/09/30/markets-bonds-usa-idUSL1N12019R20150930", "country": "US", "title": "TREASURIES-Bond prices fall ahead of September jobs report", "performance_score": 0, "site": "reuters.com", "participants_count": 1, "title_full": "TREASURIES-Bond prices fall ahead of September jobs report | Reuters", "spam_score": 0.0, "site_type": "news", "published": "2015-09-30T19:11:00.000+03:00", "replies_count": 0, "uuid": "c341ffc80ff10ecf957d2edfc8e1e8ba7f45176b"}, "author": "Reuters", "url": "http://www.reuters.com/article/2015/09/30/markets-bonds-usa-idUSL1N12019R20150930", "ord_in_thread": 0, "title": "TREASURIES-Bond prices fall ahead of September jobs report", "locations": [], "entities": {"persons": [], "locations": [], "organizations": []}, "highlightText": "", "language": "english", "persons": [], "text": "* Treasuries prices hold steady at lower levels after ADP data\n* Anticipation ahead of U.S. jobs report keeps trading muted\nBy Tariro Mzezewa\nNEW YORK, Sept 29 - U.S. Treasuries prices fell on Wednesday, surrendering gains from Tuesday's flight-to-safety rally as Wall Street rallied.\nActivity was limited as traders refrained from making major bets ahead of Friday's U.S. non-farm payrolls report for September, which may influence the Federal Reserve's timeline for hiking interest rates.\nTreasuries prices held steady at lower levels after data showed U.S. private employers added 200,000 jobs in September, according to the ADP Research Institute, a payroll processor.\nThe figure beat economists' expectations, suggesting there might be enough jobs growth for the Federal Reserve to raise interest rates later this year.\nDespite slight drops in Japanese industrial production, European CPI, German retail sales and continued slumps in commodities, equities rallied.\n\"Weaker global data should have supported buying Treasuries, but we see market participants squaring away ahead of Friday's nonfarm payrolls data,\" said John Canavan, market strategist at Stone & McCarthy Research Associates in New Jersey.\nEconomists expect U.S. employers added 203,000 thousand jobs last month, according to a Reuters poll.\nTraders and analysts are listening closely to speeches from Federal Reserve Bank of New York President William Dudley and Federal Reserve Bank of St. Louis President James Bullard, today, for clues as to whether the central bank will increase rates in October or December.\nIn early U.S. trading, 10-year Treasuries were down 7/32 in price to yield 2.079 percent, up from 2.057 percent late Tuesday.\nThe 30-year bond was down 23/32 in price to yield 2.88, versus 2.859 percent late Tuesday.\n(Reporting by Tariro Mzezewa; Editing by Nick Zieminski)", "external_links": [], "published": "2015-09-30T19:11:00.000+03:00", "crawled": "2015-09-30T18:23:22.024+03:00", "highlightTitle": ""}