{"organizations": [], "uuid": "c5999255b42760da891e226b46f5eb1752d67b21", "thread": {"social": {"gplus": {"shares": 0}, "pinterest": {"shares": 0}, "vk": {"shares": 0}, "linkedin": {"shares": 0}, "facebook": {"likes": 0, "shares": 0, "comments": 0}, "stumbledupon": {"shares": 0}}, "site_full": "finance-commerce.com", "main_image": "http://finance-commerce.com/files/2015/09/Hotels0922-rendering-200x200.jpg", "site_section": "http://finance-commerce.com/feed/", "section_title": "Finance & Commerce", "url": "http://finance-commerce.com/2015/09/rochester-to-weigh-holiday-inn-near-downtown/", "country": "US", "title": "Rochester to weigh Holiday Inn near downtown", "performance_score": 0, "site": "finance-commerce.com", "participants_count": 1, "title_full": "Rochester to weigh Holiday Inn near downtown", "spam_score": 0.0, "site_type": "news", "published": "2015-09-22T00:42:00.000+03:00", "replies_count": 0, "uuid": "c5999255b42760da891e226b46f5eb1752d67b21"}, "author": "Karlee Weinmann", "url": "http://finance-commerce.com/2015/09/rochester-to-weigh-holiday-inn-near-downtown/", "ord_in_thread": 0, "title": "Rochester to weigh Holiday Inn near downtown", "locations": [], "entities": {"persons": [], "locations": [], "organizations": []}, "highlightText": "", "language": "english", "persons": [], "text": "Home / News / Construction & Development / Rochester to weigh Holiday Inn near downtown St. Cloud-based Brutger Equities is planning a 225-room Holiday Inn and Suites near downtown Rochester, adjacent to St. Mary’s Hospital and not far from the Mayo Clinic. (Submitted rendering: Rochester-Olmsted Planning Department) Rochester to weigh Holiday Inn near downtown By: Karlee Weinmann September 21, 2015 4:42 pm 0 A St. Cloud developer wants to build a 225-room hotel near downtown Rochester, an area buzzing with development prospects. User Name/E-mail: Password: \nEnter your user name and password in the fields above to gain access to the subscriber content on this site. \nYour subscription includes one set of login credentials for your exclusive use. Security features have been integrated on this site: If someone signs in with your credentials while you are logged in, the site will automatically close your ongoing login and you will lose access at that time. To inquire about group subscriptions for your organization, contact Disa McClellan . If you feel your login credentials are being used by a second party, contact customer service at 800-451-9998 for assistance in changing your password.\nAlready a paid subscriber but not registered for online access yet? For instructions on how to get premium web access, click here .", "external_links": [], "published": "2015-09-22T00:42:00.000+03:00", "crawled": "2015-09-22T00:52:38.140+03:00", "highlightTitle": ""}