{"organizations": [], "uuid": "d06c20efa7c95942cc1fd20c6abb768714442790", "thread": {"social": {"gplus": {"shares": 0}, "pinterest": {"shares": 0}, "vk": {"shares": 0}, "linkedin": {"shares": 0}, "facebook": {"likes": 0, "shares": 0, "comments": 0}, "stumbledupon": {"shares": 0}}, "site_full": "www.wsj.com", "main_image": "http://si.wsj.net/img/WSJ_Logo_black_social.gif", "site_section": "http://www.wsj.com/news/business", "section_title": "Business &amp; Finance News - Wall Street Journal", "url": "http://www.wsj.com/articles/media-general-abc-network-renew-affiliate-agreement-1442415963", "country": "US", "title": "Media General, ABC Network Renew Affiliate Agreement", "performance_score": 0, "site": "wsj.com", "participants_count": 1, "title_full": "Media General, ABC Network Renew Affiliate Agreement - WSJ", "spam_score": 0.0, "site_type": "news", "published": "2015-09-16T19:06:00.000+03:00", "replies_count": 0, "uuid": "d06c20efa7c95942cc1fd20c6abb768714442790"}, "author": "Tess Stynes", "url": "http://www.wsj.com/articles/media-general-abc-network-renew-affiliate-agreement-1442415963", "ord_in_thread": 0, "title": "Media General, ABC Network Renew Affiliate Agreement", "locations": [], "entities": {"persons": [], "locations": [], "organizations": []}, "highlightText": "", "language": "english", "persons": [], "text": "Media General Inc. said it renewed its affiliate agreement with ABC Television Network.\nRichmond, Va.-based Media General said the accord includes its expanded ABC television station portfolio under a common long-term agreement set to expire in 2021.\nFinancial terms of the agreement weren’t provided in a news release Wednesday.\n... To Read the Full Story, Subscribe or Sign In", "external_links": [], "published": "2015-09-16T19:06:00.000+03:00", "crawled": "2015-09-16T18:43:22.526+03:00", "highlightTitle": ""}