{"organizations": [], "uuid": "4a2516b454dac546cfa95b0e50679934bcb69a2d", "thread": {"social": {"gplus": {"shares": 0}, "pinterest": {"shares": 0}, "vk": {"shares": 0}, "linkedin": {"shares": 0}, "facebook": {"likes": 0, "shares": 0, "comments": 0}, "stumbledupon": {"shares": 0}}, "site_full": "www.wsj.com", "main_image": "http://si.wsj.net/public/resources/images/BN-KO040_origin_G_20150929213412.jpg", "site_section": "http://www.wsj.com/news/business", "section_title": "Business &amp; Finance News - Wall Street Journal", "url": "http://www.wsj.com/articles/origin-energy-to-raise-over-a-billion-dollars-1443577575", "country": "US", "title": "Origin Energy to Raise Over a Billion Dollars", "performance_score": 0, "site": "wsj.com", "participants_count": 1, "title_full": "Origin Energy to Raise Over a Billion Dollars - WSJ", "spam_score": 0.0, "site_type": "news", "published": "2015-09-30T05:46:00.000+03:00", "replies_count": 0, "uuid": "4a2516b454dac546cfa95b0e50679934bcb69a2d"}, "author": "Robb M. Stewart", "url": "http://www.wsj.com/articles/origin-energy-to-raise-over-a-billion-dollars-1443577575", "ord_in_thread": 0, "title": "Origin Energy to Raise Over a Billion Dollars", "locations": [], "entities": {"persons": [], "locations": [], "organizations": []}, "highlightText": "", "language": "english", "persons": [], "text": "MELBOURNE, Australia—Squeezed by the slump in oil prices and a mountain of debt built up in a bet on Asia’s demand for natural gas, Origin Energy Ltd. announced plans to raise billions of dollars from shareholders, along with cost cuts and asset sales.\nThe company, one of Australia’s biggest energy producers and retailers, said Wednesday it would raise 2.5 billion Australian dollars (US$1.4 billion) via a steeply discounted capital... To Read the Full Story, Subscribe or Sign In", "external_links": [], "published": "2015-09-30T05:46:00.000+03:00", "crawled": "2015-09-30T04:50:54.124+03:00", "highlightTitle": ""}