{"organizations": [], "uuid": "1e13c34def3db23ca4ac48d800da79ca7f0f5778", "thread": {"social": {"gplus": {"shares": 0}, "pinterest": {"shares": 0}, "vk": {"shares": 0}, "linkedin": {"shares": 0}, "facebook": {"likes": 0, "shares": 0, "comments": 0}, "stumbledupon": {"shares": 0}}, "site_full": "www.financialexpress.com", "main_image": "http://www.financialexpress.com/wp-content/uploads/2015/09/airasia-fb-S.jpg", "site_section": "http://www.financialexpress.com/", "section_title": "The Financial Express | India News Today,Latest National News,Stock Market Today,SENSEX NIFTY,NSE BSE India,Finance News,Business News", "url": "http://www.financialexpress.com/article/industry/companies/airasia-offer-win-oneplus-2-smartphone-invites-on-flight-bookings/142645", "country": "IE", "title": "AirAsia offer: Win OnePlus 2 smartphones, invites on flight bookings", "performance_score": 0, "site": "financialexpress.com", "participants_count": 1, "title_full": "AirAsia offer: Win OnePlus 2 smartphones, invites on flight bookings | The Financial Express", "spam_score": 0.0, "site_type": "news", "published": "2015-09-28T23:07:00.000+03:00", "replies_count": 0, "uuid": "1e13c34def3db23ca4ac48d800da79ca7f0f5778"}, "author": "financialexpress.com", "url": "http://www.financialexpress.com/article/industry/companies/airasia-offer-win-oneplus-2-smartphone-invites-on-flight-bookings/142645", "ord_in_thread": 0, "title": "AirAsia offer: Win OnePlus 2 smartphones, invites on flight bookings", "locations": [], "entities": {"persons": [], "locations": [], "organizations": []}, "highlightText": "", "language": "english", "persons": [], "text": "Budget airline AirAsia and technology startup OnePlus today announced a first-of-its-kind partnership to provide AirAsia India flyers with a chance to win invites to win OnePlus 2 smartphones. The AirAsia offer is valid on ticket bookings made between September 30, 2015 and October 09, 2015 on the airline’s website, for the travel period between October 10, 2015 and October 20, 2015.\nMittu Chandilya, AirAsia India CEO & Managing Director said, “Coming together with a brand as popular as OnePlus is very exciting for us at AirAsia. This association is sure to excite our flyers. The added anticipation of receiving a OnePlus 2 invite during this travel period is going to make it even more memorable!”\nOnePlus will offer up to 1,000 OnePlus 2 invites to AirAsia passengers (predetermined through a lucky draw) who travel to any of the 10 destinations where AirAsia operates. The lucky winners will receive the physical invites while they are seated inside the plane from AirAsia crew.\nAn extra that OnePlus is offering travellers is a chance to win OnePlus 2 smartphones, but this is applicable on select flights.\nVikas Agarwal, General Manager – India, OnePlus said, “This is a unique collaboration between an airline and a smartphone brand. OnePlus never ceases to surprise its fans and this campaign has been designed to do that! This is our way of making their dreams come true of owning a OnePlus 2 by simply flying AirAsia.”\n 28, 2015 3:07 pm", "external_links": [], "published": "2015-09-28T23:07:00.000+03:00", "crawled": "2015-09-29T06:29:55.125+03:00", "highlightTitle": ""}