{"organizations": [], "uuid": "99d13fadd93f312ddc6c775e1b8f5945d3132cf0", "thread": {"social": {"gplus": {"shares": 0}, "pinterest": {"shares": 0}, "vk": {"shares": 0}, "linkedin": {"shares": 0}, "facebook": {"likes": 0, "shares": 0, "comments": 0}, "stumbledupon": {"shares": 0}}, "site_full": "allafrica.com", "main_image": "http://allafrica.com/static/images/structure/aa-logo-rgba-no-text-128x128.png", "site_section": "http://allafrica.com/tools/headlines/rdf/business/headlines.rdf", "section_title": "AllAfrica News: Economy, Business and Finance", "url": "http://allafrica.com/stories/201509091790.html", "country": "US", "title": "Kenya: I Will Run for Elective Office in 2017 to Serve Workers - Atwoli", "performance_score": 0, "site": "allafrica.com", "participants_count": 0, "title_full": "Kenya: I Will Run for Elective Office in 2017 to Serve Workers - Atwoli", "spam_score": 0.0, "site_type": "news", "published": "2015-09-09T18:59:00.000+03:00", "replies_count": 0, "uuid": "99d13fadd93f312ddc6c775e1b8f5945d3132cf0"}, "author": "", "url": "http://allafrica.com/stories/201509091790.html", "ord_in_thread": 0, "title": "Kenya: I Will Run for Elective Office in 2017 to Serve Workers - Atwoli", "locations": ["Kenya", "Atwoli Kenya"], "entities": {"persons": [], "locations": [], "organizations": []}, "highlightText": "", "language": "english", "persons": ["Eugene Okumu", "Charles Owino"], "text": "Kenya: Don't Storm Schools, Charles Owino Tells Striking Teachers By Eugene Okumu \nCotu secretary general Francis Atwoli has said he will vie for an elective seat in 2017 to better address workers' plight. \nAtwoli said other Kenyans are ready to take up the fight for workers' rights, if the Jubilee administration cannot. \nHe told MPs Opiyo Wandai, John Mbadi, Mishi Mboko, Oburu Odinga, and Daniel Maanzo that leaders less learned than them effectively represented their constituents in the past. \n\"You people stand up and help us,\" he told the leaders during a rally over the teachers pay hike stalemate, at Uhuru Park, Nairobi county, on Wednesday. \n\"But if it is difficult, there is a simple solution. I have never aspired to any political office, but let not the elected leadership push Atwoli from where he is to elected leadership.\" \nLeaders should put more efforts in ensuring workers, who make up their electorate, have better working conditions, he added during the rally jointly organised by Cotu, Knut, Kuppet and TUC-Ke. \nAtwoli further accused the government of compromising the country's economy through corruption. \nHe added that the trend of increasingly expensive tenders is a contributor to the declining value of the shilling, which he said is one of the reasons Treasury is unable to pay teachers. \nAtwoli said TUC-Ke would meet acting Labour CS Raychelle Omamo to express their grievances on the unrest within the workforce. Kenya \nThe Inspector General of Police has said the device found at Garden City Mall on Tuesday evening was not an improvised … see more » Copyright © 2015 The Star. All rights reserved. Distributed by AllAfrica Global Media ( allAfrica.com ). To contact the copyright holder directly for corrections — or for permission to republish or make other authorized use of this material, click here. AllAfrica publishes around 2,000 reports a day from more than 130 news organizations and over 200 other institutions and individuals , representing a diversity of positions on every topic. We publish news and views ranging from vigorous opponents of governments to government publications and spokespersons. Publishers named above each report are responsible for their own content, which AllAfrica does not have the legal right to edit or correct. Articles and commentaries that identify allAfrica.com as the publisher are produced or commissioned by AllAfrica . To address comments or complaints, please Contact us .", "external_links": [], "published": "2015-09-09T18:59:00.000+03:00", "crawled": "2015-09-09T21:38:27.247+03:00", "highlightTitle": ""}