{"organizations": ["Shell"], "uuid": "06420951bcba2f72eee76d5bae76fce83b095c9c", "thread": {"social": {"gplus": {"shares": 0}, "pinterest": {"shares": 0}, "vk": {"shares": 0}, "linkedin": {"shares": 0}, "facebook": {"likes": 0, "shares": 0, "comments": 0}, "stumbledupon": {"shares": 0}}, "site_full": "uk.finance.yahoo.com", "main_image": "https://s1.yimg.com/bt/api/res/1.2/wuXfQMYWRhEFxpvp7d_1Ag--/YXBwaWQ9eW5ld3NfbGVnbztpbD1wbGFuZTtxPTc1O3c9NjAw/http://globalfinance.zenfs.com/images/UK_AFTP_AFP_LIVE_1/4d9f3e5d74ac2bdf7f0284fa37f34fb781e24516_original.jpg", "site_section": "https://uk.finance.yahoo.com/news/provider-afp/?format=rss", "section_title": "Finance News | AFP - Yahoo! UK & Ireland Finance", "url": "https://uk.finance.yahoo.com/news/shell-halts-controversial-search-alaskan-133741864.html", "country": "GB", "title": "Shell halts controversial search for Alaskan oil", "performance_score": 0, "site": "yahoo.com", "participants_count": 0, "title_full": "Shell halts controversial search for Alaskan oil", "spam_score": 0.0, "site_type": "news", "published": "2015-09-28T22:09:00.000+03:00", "replies_count": 0, "uuid": "06420951bcba2f72eee76d5bae76fce83b095c9c"}, "author": "", "url": "https://uk.finance.yahoo.com/news/shell-halts-controversial-search-alaskan-133741864.html", "ord_in_thread": 0, "title": "Shell halts controversial search for Alaskan oil", "locations": [], "entities": {"persons": [], "locations": [], "organizations": []}, "highlightText": "", "language": "english", "persons": [], "text": "Tip : Use comma (,) to separate multiple quotes. Learn more... \nMon, Sep 28, 2015, 20:38 BST - UK Markets closed Shell halts controversial search for Alaskan oil By Roland Jackson, Ben Perry | AFP – 28 minutes ago View Photo \n\nRoyal Dutch Shell (Xetra: R6C1.DE - news ) said Monday it was halting its search for oil off the Alaskan coast, with environmentalists claiming a huge victory in their battle to protect local wildlife. \nThe Anglo-Dutch energy giant said in a statement that its Burger J well in the Chukchi Sea, off the northwest coast of Alaska, did not warrant further exploration owing to insufficient oil and gas being located and because of regulatory uncertainties. \nShell (LSE: RDSB.L - news ) , describing its decision to pull out of Alaska as \"disappointing\", added that its withdrawal would cost it $4.1 billion (3.7 billion euros), heaping further pressure on a company and sector hit by sliding oil prices. \nThe energy titan, which began drilling in July after US President Barack Obama approved the exploration, said Alaska remained an area of major importance for US energy (NasdaqCM: USEG - news ) supply. \nWith this in mind, Greenpeace urged Obama to ban all energy companies from launching drilling projects in the region. \n\"Big oil has sustained an unmitigated defeat,\" Greenpeace's UK executive director John Sauven said in a statement. \n?Now President Obama should use his remaining months in office to say that no other oil company will be licenced to drill in the American Arctic.\" \nGreenpeace's petition to \"Save (LSE: 0O98.L - news ) the Arctic\" has seven million signatures from around the globe, including a number of high-profile celebrities. \n\"They had a budget of billions, we had a movement of millions,\" noted Sauven in reference to the money invested by Shell in the failed project. \n\"The 'unpredictable regulatory environment' that forced Shell out of the Arctic is otherwise known as massive pressure from more than seven million people. \n\"For three years we faced them down, and the people won,\" he added. \nFriends of the Earth chief executive Craig Bennett called Monday's announcement \"wonderful news for the people and wildlife of the Arctic region, but it must become a turning point in the fight to prevent catastrophic climate change\". \n\"Just think what the seven billion dollars Shell spent in the Arctic could have done for our climate and energy system if it had been invested in solar, wind and tidal power, rather than being wasted on looking for yet more oil,\" he said. \nEnvironmental groups oppose drilling in the Arctic owing to the vulnerability of animals already struggling to survive because of melting sea ice, as well as the risk that a spill could pose to the region. \nIn 2010, the explosion of the BP-leased Deepwater Horizon rig in the Gulf of Mexico killed 11 people and spewed 4.9 million barrels of oil into the ocean. \n- High (LSE: 0O9Y.L - news ) costs - \nShell said its Burger J well would be sealed, adding that it would \"cease further exploration activity in offshore Alaska for the foreseeable future\". \nIt (Other OTC: ITGL - news ) cited \"the high costs associated with the project\" and the \"challenging and unpredictable federal regulatory environment in offshore Alaska\" for its decision to withdraw. \nIt comes as Shell is splashing £47 billion ($73 billion, 67 billion euros) on a mega-takeover of British rival BG Group (LSE: BG.L - news ) , while saving cash in the long run by slashing the Anglo-Dutch company's headcount by 6,500. \nShell had put its Alaskan drilling plans on hold in 2013 after a series of embarrassing problems with two rigs. \nOne, the Kulluk, washed ashore after breaking loose from towing vessels in stormy seas in southern Alaska in January that year. \nAnother, the Noble Discoverer, was recently cited by the US Coast Guard for numerous safety and operational deficiencies. \nOn Monday the US Department of the Interior (LSE: 0OIC.L - news ) said it will work \"to ensure that de-mobilization activities are done safely and responsibly\" in accordance with its standards. \n\"Interior has set the highest safety standards on offshore drilling off the Alaska coast -- with requirements tailored specifically to the conditions and risks of drilling in this area,\" a spokeswoman said.", "external_links": [], "published": "2015-09-28T22:09:00.000+03:00", "crawled": "2015-09-28T22:39:08.521+03:00", "highlightTitle": ""}