{"organizations": [], "uuid": "e89356659e63fb521481f188259b6097b235ad06", "thread": {"social": {"gplus": {"shares": 0}, "pinterest": {"shares": 0}, "vk": {"shares": 0}, "linkedin": {"shares": 0}, "facebook": {"likes": 0, "shares": 0, "comments": 0}, "stumbledupon": {"shares": 0}}, "site_full": "finance.yahoo.com", "main_image": "http://l3.yimg.com/bt/api/res/1.2/M7vS95b2fvSzHFeFStPk0A--/YXBwaWQ9eW5ld3NfbGVnbztxPTc1O3c9NjAw/http://l.yimg.com/os/mit/media/m/social/images/social_default_logo-1481777.png", "site_section": "http://finance.yahoo.com/rss/headline?s=C", "section_title": "Yahoo! Finance: C News", "url": "http://finance.yahoo.com/news/citi-fed-may-kept-policy-115807949.html", "country": "US", "title": "Citi: The Fed May Have Kept Policy Too Loose Because of Faulty Data - Yahoo Finance", "performance_score": 0, "site": "yahoo.com", "participants_count": 2, "title_full": "Citi: The Fed May Have Kept Policy Too Loose Because of Faulty Data - Yahoo Finance", "spam_score": 0.0, "site_type": "news", "published": "2015-09-30T03:00:00.000+03:00", "replies_count": 1, "uuid": "a98ffd790080f1cd1e08136d44ee4a2d3510fb2e"}, "author": "Luke Kawa", "url": "http://finance.yahoo.com/news/citi-fed-may-kept-policy-115807949.html#post-0", "ord_in_thread": 0, "title": "Citi: The Fed May Have Kept Policy Too Loose Because of Faulty Data - Yahoo Finance", "locations": [], "entities": {"persons": [], "locations": [], "organizations": []}, "highlightText": "", "language": "english", "persons": [], "text": "Remember residual seasonality?\nIn mid-May, Wall Street economists, along with researchers at select regional Federal Reserve banks, convincingly argued that first quarter GDP figures were skewed to the downside because of some statistical discrepancies.\nSince the end of the Great Recession, growth has actually been smoother than we thought, they contended.\nNow, economists at Citigroup, led by Peter D'Antonio, have invoked the term once again to describe the tendency for the initially-reported monthly job numbers in the late summer months to be soft.\nMore from Bloomberg.com: The Real Estate Crisis in North Dakota's Man Camps \nLooking at the data, one could get the impression that the improving U.S. labor market was beginning to falter near the end of the third quarter over the past few years. Subsequent adjustments would show that employment growth really didn't lose much momentum, as readings in August and September have typically been revised higher.\nThis, D'Antonio says, is a problem considering how many times over the past four years the Fed has made important decisions in the wake of potentially flawed figures at that time of the year.\nMore from Bloomberg.com: S&P 500 Ekes Out Gain After Testing 2015 Low; Treasuries Advance \n\"The history of payroll revisions for August and September has shown that some of those decisions might have been based on false signals, which could have biased policy toward accommodation,\" he wrote.\nConsider some recent instances:\n2011 - The Fed's 'Operation Twist' is launched after the August non-farm payrolls report shows the economy failed to add any jobs over the course of the month. 2012: The U.S. central bank unveils a third round of quantitative easing after employment growth in August failed to crack 100,000, falling shy of economists' expectations. 2013: The dreaded 'Septaper' fails to occur, with the Fed electing not to declare the beginning of the end for its bond purchasing program until December. 2015: The central bank once again opts to keep interest rates near zero, delaying liftoff. To the extent that the recent labor market figures played a role in monetary policy makers' decision-making process, the central bank kept policy too accommodative in 2011 and 2013, argues D'Antonio:\nMore from Bloomberg.com: Glencore in Freefall as Analysts See Tougher Restructuring \nIn each case, subsequent data showed that the August jobs data had been misleadingly weak – the labor market had been improving all along. We believe that in two of the cases, FOMC members might have made different decisions had they had full information . In 2011, the rationale for Operation Twist had disappeared by the time the policy was put into effect. In 2013, the Fed reversed its taper delay and announced the start of tapering three months later.\nThe economist admits that international and financial market developments, rather than anything U.S.-centric was, however, what prompted the central bank to stay on hold this time around.\nJanet Yellen said as much during the press conference following the Fed's latest decision when she suggested that the domestic economy, in isolation, was indeed ready for a rate hike.\n\"However, the softer-than-expected August payroll figure provided additional cover for the FOMC to want more evidence of 'some further improvement in the labor market,'\" added D'Antonio.\nCiti's analysis assumes that a recency bias has perennially pervaded the Fed, and plays perhaps a bigger role than the corpus of economic trends at a given moment.\nOn the other hand, one could argue that the hatchet taken to the central bank's June economic forecasts in the wake of disappointing first-quarter prints over the past few years could be viewed as a sign that the central bank was in general placing too much emphasis on recent growth numbers.\nSo it's not unreasonable to suggest that these Citigroup economists stumbled upon a quirk in the data that's unduly influenced the Fed's outlook, and possibly the monetary policy sausage-making process.\nBut if the Federal Reserve has indeed been keeping policy too stimulative over the past four years, it seems someone forgot to give inflation -- still stuck in the ultra-low doldrums -- that memo.\nMore from Bloomberg.com\nThese Are the 10 Most Competitive Countries in the World iPhone Screens Made This Hidden Entrepreneur $7 Billion NASA Detects Liquid Water on Mars Read Citi: The Fed May Have Kept Policy Too Loose Because of Faulty Data on bloomberg.com\nBudget, Tax & Economy Federal Reserve Citigroup", "external_links": [], "published": "2015-09-30T03:00:00.000+03:00", "crawled": "2015-09-30T16:10:46.040+03:00", "highlightTitle": ""}