{"organizations": [], "uuid": "f5032a60c7d5fdda2aa192bc3dc448508767c91d", "thread": {"social": {"gplus": {"shares": 0}, "pinterest": {"shares": 0}, "vk": {"shares": 0}, "linkedin": {"shares": 0}, "facebook": {"likes": 0, "shares": 0, "comments": 0}, "stumbledupon": {"shares": 0}}, "site_full": "finance.yahoo.com", "main_image": "http://l.yimg.com/bt/api/res/1.2/nFkkdOr8F.qW011FyzkxVg--/YXBwaWQ9eW5ld3NfbGVnbztpbD1wbGFuZTtxPTc1O3c9NjAw/http://globalfinance.zenfs.com/images/SG_AHTTP_OLINBUS_Wrapper_NewFeed_1/2015-09-28T094329Z_1_LYNXNPEB8R0G7_RTROPTP_3_GERMANY-AUDI_original.jpg", "site_section": "http://finance.yahoo.com/rss/topstories", "section_title": "Yahoo! Finance: Top Stories", "url": "http://finance.yahoo.com/news/audi-says-2-1-million-094329929.html?l=1", "country": "GB", "title": "Audi says 2.1 million cars affected by diesel emission scandal", "performance_score": 0, "site": "yahoo.com", "participants_count": 2, "title_full": "Audi says 2.1 million cars affected by diesel emission scandal - Yahoo Finance", "spam_score": 0.0, "site_type": "news", "published": "2015-09-28T03:00:00.000+03:00", "replies_count": 6, "uuid": "25c1106bc939aac9ff47ad7c4144d7bfdad10ed6"}, "author": "yahoo", "url": "http://finance.yahoo.com/news/audi-says-2-1-million-094329929.html?l=1#post-0", "ord_in_thread": 0, "title": "Audi says 2.1 million cars affected by diesel emission scandal", "locations": [], "entities": {"persons": [], "locations": [], "organizations": []}, "highlightText": "", "language": "english", "persons": [], "text": ". View photo\nA worker fixes a car emblem as she assembles Audi A8 models at their plant in Neckarsulm near Heilbronn May 21, 2015. REUTERS/Michael Dalder/Files \nBERLIN (Reuters) - Audi said 2.1 million cars worldwide were fitted with the software that allowed parent Volkswagen to cheat U.S. emission tests.\nSome 1.42 million Audi vehicles with so-called EU5 engines are affected in Western Europe, with 577,000 in Germany and almost 13,000 in the United States, a spokesman for Ingolstadt-based Audi said on Monday.\nAffected model lines include the A1, A3, A4, A5, A6, TT, Q3 and Q5, the spokesman said.\nVW said last week around 11 million cars of its group brands worldwide are affected by the diesel emissions scandal.\n\n(Reporting by Andreas Cremer; Editing by Harro ten Wolde)\nAudi", "external_links": [], "published": "2015-09-28T03:00:00.000+03:00", "crawled": "2015-09-28T16:37:46.354+03:00", "highlightTitle": ""}