{"organizations": [], "uuid": "21c5346335018465ed3efe33ea243e3e05518b96", "thread": {"social": {"gplus": {"shares": 0}, "pinterest": {"shares": 0}, "vk": {"shares": 0}, "linkedin": {"shares": 0}, "facebook": {"likes": 0, "shares": 0, "comments": 0}, "stumbledupon": {"shares": 0}}, "site_full": "sg.finance.yahoo.com", "main_image": "https://s.yimg.com/bt/api/res/1.2/fPQM2L20o8Ja1Z894dIJwA--/YXBwaWQ9eW5ld3NfbGVnbztpbD1wbGFuZTtxPTc1O3c9NjAw/http://globalfinance.zenfs.com/images/SG_AHTTP_AP_FINANCIALTIMES/72c2cc561e00ac27800f6a706700919f_original.jpg", "site_section": "http://finance.yahoo.com/rss/headline?s=VLO", "section_title": "Yahoo! Finance: VLO News", "url": "https://sg.finance.yahoo.com/news/us-stocks-edge-lower-energy-160251296.html", "country": "US", "title": "US stocks edge lower; energy shares reverse a slide - Yahoo Singapore Finance", "performance_score": 0, "site": "yahoo.com", "participants_count": 1, "title_full": "US stocks edge lower; energy shares reverse a slide - Yahoo Singapore Finance", "spam_score": 0.0, "site_type": "news", "published": "2015-09-30T03:00:00.000+03:00", "replies_count": 0, "uuid": "21c5346335018465ed3efe33ea243e3e05518b96"}, "author": "Ken Sweet, AP Business Writer", "url": "https://sg.finance.yahoo.com/news/us-stocks-edge-lower-energy-160251296.html", "ord_in_thread": 0, "title": "US stocks edge lower; energy shares reverse a slide - Yahoo Singapore Finance", "locations": [], "entities": {"persons": [], "locations": [], "organizations": []}, "highlightText": "", "language": "english", "persons": [], "text": "RELATED QUOTES Symbol Price Change VLO 58.74 +0.86 XOM 72.97 +0.37", "external_links": [], "published": "2015-09-30T03:00:00.000+03:00", "crawled": "2015-09-30T00:39:01.920+03:00", "highlightTitle": ""}