{"organizations": ["InterGlobe", "Citigroup", "Kingfisher Airlines", "DBS Group", "Marina Private Equity Singapore and Unity Stone Investments", "Galileo International", "Travelport", "TNN", "InterGlobe Enterprises", "Credit Suisse"], "uuid": "08729bdfb38e485ed1a72f76417d52875e5a9121", "thread": {"social": {"gplus": {"shares": 0}, "pinterest": {"shares": 0}, "vk": {"shares": 0}, "linkedin": {"shares": 0}, "facebook": {"likes": 0, "shares": 0, "comments": 0}, "stumbledupon": {"shares": 0}}, "site_full": "economictimes.indiatimes.com", "main_image": "http://economictimes.indiatimes.com/thumb/msid-48982290,width-600,resizemode-4/pes-look-to-exit-interglobe-unit.jpg", "site_section": "http://economictimes.indiatimes.com/rssfeeds/13358311.cms", "section_title": "Finance-Banking/Finance-Industry-The Economic Times", "url": "http://economictimes.indiatimes.com/industry/banking/finance/pes-look-to-exit-interglobe-unit/articleshow/48982238.cms", "country": "IL", "title": "PEs look to exit InterGlobe unit", "performance_score": 0, "site": "indiatimes.com", "participants_count": 0, "title_full": "PEs look to exit InterGlobe unit", "spam_score": 0.0, "site_type": "news", "published": "2015-09-16T08:43:00.000+03:00", "replies_count": 0, "uuid": "08729bdfb38e485ed1a72f76417d52875e5a9121"}, "author": "", "url": "http://economictimes.indiatimes.com/industry/banking/finance/pes-look-to-exit-interglobe-unit/articleshow/48982238.cms", "ord_in_thread": 0, "title": "PEs look to exit InterGlobe unit", "locations": ["Asia Pacific", "Sri Lanka", "India"], "entities": {"persons": [], "locations": [], "organizations": []}, "highlightText": "", "language": "english", "persons": ["Shilpa Phadnis", "Rahul Bhatia", "Anil Parashar", "Kapil Bhatia", "Sebi"], "text": "PEs look to exit InterGlobe unit By Shilpa Phadnis , TNN | 16 Sep, 2015, 11.13AM IST ET SPECIAL: Love visual aspect of news? Enjoy this exclusive slideshows treat! BENGALURU: Standard Chartered Private Equity , along with Credit Suisse and DBS Group , are offloading a 37 per cent stake in travel outsourcing firm InterGlobe Technology Quotient ITQ ), a strategic business unit of InterGlobe Enterprises that operates budget carrier IndiGo , in a deal valuing the company at $350$400 million. The company has mandated Citigroup to manage the deal. The three investors had bought a little over one-third stake in the Gurgaon-based travel technology solutions company or $140 million in 2008. The divestment in ITQ comes close on the heels of nterGlobe Aviation getting Sebi's approval to raise Rs 2,500 crore through an initial public offering (IPO). Aviation entrepreneur duo Kapil Bhatia and his son Rahul Bhatia own 64 per cent in ITQ, while DBS Nominees, Marina Private Equity Singapore and Unity Stone Investments own 10 per cent, 18.75 per cent and 7.5 per cent respectively . ITQ is involved in distribution of an international centralized reservation system, setting up, maintaining, and operating data in formation processing centres and bureaus for processing general information.Its network spans over 500 cities with 23 offices reaching out to over 12,000 agency locations. The company clocked $90 million in revenues and profit after tax (PAT) of $20 million last year. ITQ went through a rough patch when Kingfisher Airlines witnessed turbulent times. ITQ, headed by Anil Parashar , is the official distributor of travel commerce platform Travelport in India, Sri Lanka and five other markets in the Asia Pacific region. Travelport provides distribution, technology , payment and other solutions and its platform connects travel providers, travel agencies, corporations and developers.The US-based Galileo International had appointed InterGlobe as its national distribution company in India in 1994.  ", "external_links": [], "published": "2015-09-16T08:43:00.000+03:00", "crawled": "2015-09-16T09:45:19.388+03:00", "highlightTitle": ""}