{"organizations": [], "uuid": "204f8a56f9a88c8300efb3e57677f96fb9c12e04", "thread": {"social": {"gplus": {"shares": 0}, "pinterest": {"shares": 0}, "vk": {"shares": 0}, "linkedin": {"shares": 0}, "facebook": {"likes": 0, "shares": 0, "comments": 0}, "stumbledupon": {"shares": 0}}, "site_full": "www.reuters.com", "main_image": "", "site_section": "http://www.reuters.com/finance/personal-finance", "section_title": "Wealth, Personal Finance &amp; Money | Reuters.com", "url": "http://www.reuters.com/article/2015/09/28/markets-factors-britain-idUSL5N11Y0AD20150928", "country": "US", "title": "UK Factors to watch-FTSE seen opening lower", "performance_score": 0, "site": "reuters.com", "participants_count": 1, "title_full": "UK Factors to watch-FTSE seen opening lower | Reuters", "spam_score": 0.0, "site_type": "news", "published": "2015-09-28T09:38:00.000+03:00", "replies_count": 0, "uuid": "204f8a56f9a88c8300efb3e57677f96fb9c12e04"}, "author": "Reuters", "url": "http://www.reuters.com/article/2015/09/28/markets-factors-britain-idUSL5N11Y0AD20150928", "ord_in_thread": 0, "title": "UK Factors to watch-FTSE seen opening lower", "locations": [], "entities": {"persons": [], "locations": [], "organizations": []}, "highlightText": "", "language": "english", "persons": [], "text": "LONDON, Sept 28 Britain's FTSE 100 index is seen opening down by 25-26 points, or 0.4 percent lower on Monday, according to financial bookmakers. For more on the factors affecting European stocks, please click on .\n* The UK blue chip index closed up 2.5 percent at 6,109.01 points.\nCOMPANY NEWS:\nSAB MILLER: Anheuser-Busch InBev SA could bid about $106 billion for SABMiller within days, with an opening offer expected as early as Monday morning, the Sunday Times reported\nBARCLAYS : Barclays PLC is in preliminary discussions with potential buyers to exit from parts of its investment banking business in Brazil, Sky News reported citing people familiar with the matter. Barclays' executives have greenlighted a process to explore an exit from its Brazilian operations and deal talks are set to open, Sky News said.\nQUINTAIN ESTATE & DEVELOPMENT : U.S. private equity firm Lone Star raised its offer for Quintain Estate and Development Plc QED.L to about 745 million pounds ($1.13 billion) on Friday after comments from an activist shareholder threatened to demolish its takeover plans.\nTODAY'S UK PAPERS\n> Financial Times\n> Other business headlines Multimedia versions of Reuters Top News are now available for: * 3000 Xtra : visit topnews.session.rservices.com * BridgeStation: view story .134 For more information on Top News visit topnews.reuters.com (Reporting by Sudip Kar-Gupta )", "external_links": [], "published": "2015-09-28T09:38:00.000+03:00", "crawled": "2015-09-28T09:07:41.166+03:00", "highlightTitle": ""}