{"organizations": [], "uuid": "5df186743d804adc6d1ae77dc823a84a20d504c1", "thread": {"social": {"gplus": {"shares": 0}, "pinterest": {"shares": 0}, "vk": {"shares": 0}, "linkedin": {"shares": 0}, "facebook": {"likes": 0, "shares": 0, "comments": 0}, "stumbledupon": {"shares": 0}}, "site_full": "www.moneylife.in", "main_image": "http://moneylife.in/site/userimage/image/thumbnail/coalindia023915.jpg", "site_section": "http://www.moneylife.in/site/rss.php", "section_title": "Moneylife Personal Finance Magazine", "url": "http://www.moneylife.in/article/coal-india-earmarks-rs60000-crore-capex-for-next-five-years/43455.html", "country": "IN", "title": "Coal India earmarks Rs.60,000 crore capex for next five years", "performance_score": 0, "site": "moneylife.in", "participants_count": 1, "title_full": "Coal India earmarks Rs.60,000 crore capex for next five years", "spam_score": 0.0, "site_type": "news", "published": "2015-09-23T16:41:00.000+03:00", "replies_count": 0, "uuid": "5df186743d804adc6d1ae77dc823a84a20d504c1"}, "author": "IANS", "url": "http://www.moneylife.in/article/coal-india-earmarks-rs60000-crore-capex-for-next-five-years/43455.html", "ord_in_thread": 0, "title": "Coal India earmarks Rs.60,000 crore capex for next five years", "locations": [], "entities": {"persons": [], "locations": [], "organizations": []}, "highlightText": "", "language": "english", "persons": [], "text": "Moneylife » Coal India earmarks Rs.60,000 crore capex for next five years 43455 Coal India earmarks Rs.60,000 crore capex for next five years 0 Comments, Be the first to comment + COMMENT IANS | 23/09/2015 07:11 PM | State-owned miner Coal India on Wednesday said it has earmarked Rs. 60,000 crore as its capital expenditure (capex) over a period of five years which will help it to achieve its target to produce one billion tonnes of coal. However, the miner will need an additional 20,000 acres of land to meet the output target. \"We will need approximately 20,000 acres of land, however, it is being recast. The total land required will depend on technology, the process of calculating the dumping area and other factors,\" company chairman Sutirtha Bhattacharya told media persons here after its annual general meeting. Asked over how much cost would be involved in land acquisition, he said: \"We cannot say as it depends on the area. For instance if it is near an urban area, the land price would definitely be higher.\" \"Resource has to be looked optimally because of the cost,\" he said. In the ongoing fiscal, Coal India has increased its capex by 14.65 percent at Rs.5,990.50 crore over the planned expenditure of the previous year. However, the official said the planned capex may vary based on its future requirements and decisions. \"While the machinery cost has been included in the capex of Rs.60,000 crore, it will depend on future requirements. For instance, if we decide not to purchase the machinery and outsource it instead, it will be counted as revenue opex (operating expenditure) and not capex,\" he said. However, even though the actual capex is spent as planned, the coal behemoth will still fall short of nearly 100 million tonne of coal output. \"This will help us produce 908 mt of coal,\" said Bhattacharya, an 1985 batch Andhra Pradesh cadre IAS officer. Asked over how the firm will go about land acquisition, he said: \"We will continue to work up upon land acquisition and sensitise it as well as intereact with the state governments.\" Disclaimer: Information, facts or opinions expressed in this news article are presented as sourced from IANS and do not reflect views of Moneylife and hence Moneylife is not responsible or liable for the same. As a source and news provider, IANS is responsible for accuracy, completeness, suitability and validity of any information in this article. More in Moneylife", "external_links": [], "published": "2015-09-23T16:41:00.000+03:00", "crawled": "2015-09-23T18:42:27.499+03:00", "highlightTitle": ""}