{"organizations": ["SEC"], "uuid": "820b933ac0bb9d09965a2779e79c7d2296444488", "thread": {"social": {"gplus": {"shares": 0}, "pinterest": {"shares": 0}, "vk": {"shares": 0}, "linkedin": {"shares": 0}, "facebook": {"likes": 0, "shares": 0, "comments": 0}, "stumbledupon": {"shares": 0}}, "site_full": "us.rd.yahoo.com", "main_image": "", "site_section": "http://us.rd.yahoo.com/finance/news/rss/add/*http://finance.yahoo.com/rss/headline?s=AMH", "section_title": "Yahoo! Finance: AMH News", "url": "http://us.rd.yahoo.com/finance/news/rss/story/*http://biz.yahoo.com/e/150910/amh8-k.html", "country": "US", "title": "AMERICAN HOMES 4 RENT Files SEC form 8-K, Regulation FD Disclosure, Financial Statements and Exhibits", "performance_score": 0, "site": "yahoo.com", "participants_count": 0, "title_full": "AMERICAN HOMES 4 RENT Files SEC form 8-K, Regulation FD Disclosure, Financial Statements and Exhibits", "spam_score": 0.0, "site_type": "news", "published": "2015-09-10T13:07:00.000+03:00", "replies_count": 0, "uuid": "820b933ac0bb9d09965a2779e79c7d2296444488"}, "author": "", "url": "http://us.rd.yahoo.com/finance/news/rss/story/*http://biz.yahoo.com/e/150910/amh8-k.html", "ord_in_thread": 0, "title": "AMERICAN HOMES 4 RENT Files SEC form 8-K, Regulation FD Disclosure, Financial Statements and Exhibits", "locations": [], "entities": {"persons": [], "locations": [], "organizations": []}, "highlightText": "", "language": "english", "persons": [], "text": "Show all filings for AMERICAN HOMES 4 RENT \nForm 8-K for AMERICAN HOMES 4 RENT \n10-Sep-2015 \nRegulation FD Disclosure, Financial Statements and Exhibits Item 7.01 Regulation FD Disclosure \nOn September 10, 2015,   posted an investor presentation concerning the company on its website, www.americanhomes4rent.com, on the \"For Investors\" page. A copy of the presentation is furnished as Exhibit 99.1 to this Current Report on Form 8-K and is incorporated herein by reference. Item 9.01 Financial Statements and Exhibits \nThe information in Exhibit 99.1 attached hereto pursuant to Item 9.01 shall not be deemed \"filed\" for purposes of Section 18 of the Securities Exchange Act of 1934 (the \"Exchange Act\") or otherwise subject to the liabilities of that section, nor shall it be deemed incorporated by reference in any filing under the Securities Act of 1933 or the Exchange Act, except as expressly set forth by specific reference in such filing. \n(d) Exhibits", "external_links": [], "published": "2015-09-10T13:07:00.000+03:00", "crawled": "2015-09-11T02:28:48.464+03:00", "highlightTitle": ""}