{"organizations": ["Islamic Finance Gateway Daily Briefing Google", "Google"], "uuid": "f887412205b97aed5f37308372e884864ec9f693", "thread": {"social": {"gplus": {"shares": 0}, "pinterest": {"shares": 0}, "vk": {"shares": 0}, "linkedin": {"shares": 0}, "facebook": {"likes": 0, "shares": 0, "comments": 0}, "stumbledupon": {"shares": 0}}, "site_full": "www.zawya.com", "main_image": "", "site_section": "http://www.zawya.com/rss/default.cfm?rssid=23C341EC-8851-9E2C-C35A985480E8068B", "section_title": "Zawya.com - Islamic Finance Live News", "url": "http://www.zawya.com/story/Islamic_Finance_Gateway_Daily_Briefing-TR20150930nL3N12029FX2/", "country": "AE", "title": "Islamic Finance Gateway Daily Briefing", "performance_score": 0, "site": "zawya.com", "participants_count": 0, "title_full": "Islamic Finance Gateway Daily Briefing", "spam_score": 0.0, "site_type": "news", "published": "2015-09-30T08:33:00.000+03:00", "replies_count": 0, "uuid": "f887412205b97aed5f37308372e884864ec9f693"}, "author": "", "url": "http://www.zawya.com/story/Islamic_Finance_Gateway_Daily_Briefing-TR20150930nL3N12029FX2/", "ord_in_thread": 0, "title": "Islamic Finance Gateway Daily Briefing", "locations": [], "entities": {"persons": [], "locations": [], "organizations": []}, "highlightText": "", "language": "english", "persons": [], "text": "Google Plus Copyright © 2015 Zawya. All Rights Reserved. Terms & Conditions. Quote data provided by © Thomson Reuters This site works best with Internet Explorer 11+, Mozilla Firefox 5.0+ and the latest versions of Google Chrome, Opera & Apple Safari.  ", "external_links": [], "published": "2015-09-30T08:33:00.000+03:00", "crawled": "2015-09-30T09:40:26.716+03:00", "highlightTitle": ""}