{"organizations": [], "uuid": "f8894a1df1531ff43681b9b502540c1745c0fe50", "thread": {"social": {"gplus": {"shares": 0}, "pinterest": {"shares": 0}, "vk": {"shares": 0}, "linkedin": {"shares": 0}, "facebook": {"likes": 0, "shares": 0, "comments": 0}, "stumbledupon": {"shares": 0}}, "site_full": "www.reuters.com", "main_image": "", "site_section": "http://www.reuters.com/finance/personal-finance", "section_title": "Wealth, Personal Finance &amp; Money | Reuters.com", "url": "http://www.reuters.com/article/2015/09/30/hudsons-bay-outlook-idUSL3N1204KI20150930", "country": "US", "title": "Canadian retailer Hudson's Bay raises sales forecast", "performance_score": 0, "site": "reuters.com", "participants_count": 1, "title_full": "Canadian retailer Hudson's Bay raises sales forecast | Reuters", "spam_score": 0.0, "site_type": "news", "published": "2015-09-30T16:43:00.000+03:00", "replies_count": 0, "uuid": "f8894a1df1531ff43681b9b502540c1745c0fe50"}, "author": "Reuters", "url": "http://www.reuters.com/article/2015/09/30/hudsons-bay-outlook-idUSL3N1204KI20150930", "ord_in_thread": 0, "title": "Canadian retailer Hudson's Bay raises sales forecast", "locations": [], "entities": {"persons": [], "locations": [], "organizations": []}, "highlightText": "", "language": "english", "persons": [], "text": "Sept 30 Hudson's Bay Co said it expects sales for the fiscal years ending in January 2016 and 2017 to \"increase significantly\" following the acquisition of German department store chain Galeria Kaufhof.\nThe Canadian department store operator raised its forecast for the current fiscal year to a range of C$11 billion to C$11.5 billion ($8.2 billion to $8.6 billion) from C$9 billion to C$9.3 billion.\nHudson's Bay, which also expects to gain from opening of new stores in North America, forecast sales of C$14.5 billion to C$15.5 billion for the next fiscal year. (1 US dollar = 1.3411 Canadian dollar) (Reporting by Shubhankar Chakravorty in Bengaluru; Editing by Shounak Dasgupta)", "external_links": [], "published": "2015-09-30T16:43:00.000+03:00", "crawled": "2015-09-30T15:54:39.008+03:00", "highlightTitle": ""}