{"organizations": [], "uuid": "e23d685368ad2017f042268bcdc0ff816c162853", "thread": {"social": {"gplus": {"shares": 0}, "pinterest": {"shares": 0}, "vk": {"shares": 0}, "linkedin": {"shares": 0}, "facebook": {"likes": 0, "shares": 0, "comments": 0}, "stumbledupon": {"shares": 0}}, "site_full": "uk.finance.yahoo.com", "main_image": "https://s1.yimg.com/bt/api/res/1.2/M7vS95b2fvSzHFeFStPk0A--/YXBwaWQ9eW5ld3NfbGVnbztxPTc1O3c9NjAw/http://l.yimg.com/os/mit/media/m/social/images/social_default_logo-1481777.png", "site_section": "https://uk.finance.yahoo.com/news/sector-basic-resources/?format=rss", "section_title": "Basic Resources News - Yahoo! Finance UK", "url": "https://uk.finance.yahoo.com/news/uk-factors-ftse-futures-rise-062929563.html", "country": "US", "title": "UK Factors-FTSE futures rise, Glencore seeks to reassure over debt", "performance_score": 0, "site": "yahoo.com", "participants_count": 0, "title_full": "UK Factors-FTSE futures rise, Glencore seeks to reassure over debt", "spam_score": 0.0, "site_type": "news", "published": "2015-09-30T09:29:00.000+03:00", "replies_count": 0, "uuid": "e23d685368ad2017f042268bcdc0ff816c162853"}, "author": "", "url": "https://uk.finance.yahoo.com/news/uk-factors-ftse-futures-rise-062929563.html", "ord_in_thread": 0, "title": "UK Factors-FTSE futures rise, Glencore seeks to reassure over debt", "locations": [], "entities": {"persons": [], "locations": [], "organizations": []}, "highlightText": "", "language": "english", "persons": [], "text": "GX8.AS 0.00 \nLONDON, Sept 30 (Reuters) - Britain's FTSE 100 futures were up 1.2 percent on Wednesday. For more on the factors affecting European stocks, please click on. \n* The UK blue chip index closed down 0.8 percent at 5,909.24 points on Tuesday. \n* GLENCORE (Amsterdam: GX8.AS - news ) : Mining and commodity trading giant Glencore (Xetra: A1JAGV - news ) said it had taken pro-active steps to position the company to withstand the current commodity market conditions. It (Other OTC: ITGL - news ) added that its business remained robust, with positive cash flow, good liquidity and no solvency issues. \n* SAINSBURY (Amsterdam: SJ6.AS - news ) : British supermarket Sainsbury's said on Wednesday its full year profit was set to exceed analysts' average forecasts despite the firm posting a seventh straight quarter of falling underlying sales. \n* ABI /SAB MILLER : Anheuser-Busch InBev is asking banks to underwrite up to $70 billion in debt financing to back its potential takeover of SABMiller (Xetra: BRW1.DE - news ) , banking sources said. \n* BRITISH AMERICAN TOBACCO /IMPERIAL TOBACCO (LSE: IMT.L - news ) : Japan Tobacco (Other OTC: JAPAF - news ) Inc (LSE: 0M50.L - news ) has agreed to pay 600 billion yen ($5 billion) in cash for Reynolds American Inc's Natural American Spirit tobacco business outside the United States, the two companies said in separate statements on Tuesday. \n* RIO TINTO (LSE: RIO.L - news ) : Global miner Rio Tinto on Wednesday said it had agreed to sell its 40 percent stake in the Bengalla coal mine in Australia to New Hope Corp for $606 million, the latest shuffle of Australian coal assets amid a sector-wide downturn. \n* UK HOUSE PRICES: British annual house price growth picked up in September, rising to 3.8 percent from 3.2 percent in August, mortgage lender Nationwide said on Wednesday, adding to signs that the housing market is heating up again. \n* UK CONSUMER CONFIDENCE: British consumer morale fell more than expected in September as people worried about China's economic slowdown and Europe's migration crisis, a survey showed on Wednesday. \n* BANK OF ENGLAND/CARBON FOOTPRINT: Bank of England Governor Mark Carney said on Tuesday that companies must be more open about their \"climate change footprint\" to avoid abrupt changes in asset prices that could destabilise markets. \nTODAY'S UK PAPERS \n> Financial Times \n> Other business headlines Multimedia versions of Reuters Top News are now available for: * 3000 Xtra : visit http://topnews.session.rservices.com * BridgeStation: view story .134 For more information on Top News visit http://topnews.reuters.com (Reporting by Sudip Kar-Gupta)", "external_links": [], "published": "2015-09-30T09:29:00.000+03:00", "crawled": "2015-09-30T10:04:53.930+03:00", "highlightTitle": ""}