{"organizations": ["Renamo"], "uuid": "e8d2695d19ce9231717b94e95bbdecd063b64a3f", "thread": {"social": {"gplus": {"shares": 0}, "pinterest": {"shares": 0}, "vk": {"shares": 0}, "linkedin": {"shares": 0}, "facebook": {"likes": 0, "shares": 0, "comments": 0}, "stumbledupon": {"shares": 0}}, "site_full": "allafrica.com", "main_image": "http://allafrica.com/static/images/structure/aa-logo-rgba-no-text-128x128.png", "site_section": "http://allafrica.com/tools/headlines/rdf/business/headlines.rdf", "section_title": "AllAfrica News: Economy, Business and Finance", "url": "http://allafrica.com/stories/201509250860.html", "country": "US", "title": "Kenya: Plan Will Foster Growth", "performance_score": 0, "site": "allafrica.com", "participants_count": 0, "title_full": "Kenya: Plan Will Foster Growth", "spam_score": 0.0, "site_type": "news", "published": "2015-09-25T14:08:00.000+03:00", "replies_count": 0, "uuid": "e8d2695d19ce9231717b94e95bbdecd063b64a3f"}, "author": "", "url": "http://allafrica.com/stories/201509250860.html", "ord_in_thread": 0, "title": "Kenya: Plan Will Foster Growth", "locations": ["Kenya", "Mozambique"], "entities": {"persons": [], "locations": [], "organizations": []}, "highlightText": "", "language": "english", "persons": [], "text": "Mozambique: Police, Renamo in Deadly Clash editorial \nRegulators and Information, Communication and Technology ministers from Kenya, Rwanda, Uganda, and South Sudan met on Thursday to find ways of harmonising laws on SIM card registration. \nThis is part of wider ongoing consultations seeking to address rising crime perpetrated through mobile devices. \nThe plans is also part of the One Network Area agreement by the four countries meant to increase ease of doing business in the region. \nProperly enforced, SIM card registration would drastically curb crime and also reduce the success rate of terrorist attacks. \nFOSTERING GROWTH \nKenya's lesson on this could help drive the conversation, coming at a time when the country is marking two years since the Westgate attack, whose success was largely due to the use of unregistered SIM cards, making it difficult to track communication between the criminals. \nAnd with an increasingly large number of people accessing internet and financial services through handheld mobile devices, registration of SIM cards could guarantee security and foster growth by keeping criminals at bay. \nFor the plan to work even better, Uganda, Rwanda, and South Sudan need to give their citizens national identification cards. Kenya \nThe Employment and Labour Relations Court Friday broke the stalemate over teachers' pay by directing them to return to … see more » Copyright © 2015 The Nation. All rights reserved. Distributed by AllAfrica Global Media ( allAfrica.com ). To contact the copyright holder directly for corrections — or for permission to republish or make other authorized use of this material, click here. AllAfrica publishes around 2,000 reports a day from more than 130 news organizations and over 200 other institutions and individuals , representing a diversity of positions on every topic. We publish news and views ranging from vigorous opponents of governments to government publications and spokespersons. Publishers named above each report are responsible for their own content, which AllAfrica does not have the legal right to edit or correct. Articles and commentaries that identify allAfrica.com as the publisher are produced or commissioned by AllAfrica . To address comments or complaints, please Contact us .", "external_links": [], "published": "2015-09-25T14:08:00.000+03:00", "crawled": "2015-09-27T13:53:02.888+03:00", "highlightTitle": ""}