{"organizations": [], "uuid": "f93e38dfc50a9e7b44b1b13e5efbb49e5e1fa61e", "thread": {"social": {"gplus": {"shares": 0}, "pinterest": {"shares": 0}, "vk": {"shares": 0}, "linkedin": {"shares": 0}, "facebook": {"likes": 0, "shares": 0, "comments": 0}, "stumbledupon": {"shares": 0}}, "site_full": "www.financialexpress.com", "main_image": "http://www.financialexpress.com/wp-content/uploads/2015/03/Chidambaram-S-reuters.jpg", "site_section": "http://www.financialexpress.com/", "section_title": "The Financial Express | India News Today,Latest National News,Stock Market Today,SENSEX NIFTY,NSE BSE India,Finance News,Business News", "url": "http://www.financialexpress.com/article/industry/banking-finance/chidambaram-welcomes-rbi-rate-cut-of-0-5/143141", "country": "IE", "title": "Chidambaram welcomes RBI rate cut of 0.5%", "performance_score": 0, "site": "financialexpress.com", "participants_count": 1, "title_full": "Chidambaram welcomes RBI rate cut of 0.5% | The Financial Express", "spam_score": 0.0, "site_type": "news", "published": "2015-09-29T20:11:00.000+03:00", "replies_count": 0, "uuid": "f93e38dfc50a9e7b44b1b13e5efbb49e5e1fa61e"}, "author": "financialexpress.com", "url": "http://www.financialexpress.com/article/industry/banking-finance/chidambaram-welcomes-rbi-rate-cut-of-0-5/143141", "ord_in_thread": 0, "title": "Chidambaram welcomes RBI rate cut of 0.5%", "locations": [], "entities": {"persons": [], "locations": [], "organizations": []}, "highlightText": "", "language": "english", "persons": [], "text": "Other Articles RBI rate cut to drive growth, banks must follow suit: India Inc SBI slashes lending rate by 0.4% after RBI rate cut, loans become cheaper Reserve Bank of India Increases Foreign Portfolio Investment Limit In Government-securities Former Finance Minister P Chidambaram today welcomed the 0.50 per cent cut in interest rate announced by the Reserve Bank of India ( RBI ) saying it was overdue.\n“I welcome the decision of RBI to reduce the repo rate by 50 basis points. This was perhaps overdue.\n“Nevertheless, it signals a movement towards a lower interest rate regime and it is therefore welcome,” he said.\nHe said more policy steps by RBI were possible if the government stayed firmly on path of fiscal consolidation.\n“If government stays firmly on the path of fiscal consolidation and fiscal prudence, we can look forward to more policy steps by the RBI,” he said.\nHere is Sunil Jain, Managing Editor of The Financial Express’ take on RBI rate cut:\n 29, 2015 12:11 pm", "external_links": ["http://www.youtube.com/embed/SFP-bMNlZos"], "published": "2015-09-29T20:11:00.000+03:00", "crawled": "2015-09-29T16:14:41.185+03:00", "highlightTitle": ""}