{"organizations": [], "uuid": "f12eb787adb95bc009bfefc3f81a29e9275c319c", "thread": {"social": {"gplus": {"shares": 0}, "pinterest": {"shares": 0}, "vk": {"shares": 0}, "linkedin": {"shares": 0}, "facebook": {"likes": 0, "shares": 0, "comments": 0}, "stumbledupon": {"shares": 0}}, "site_full": "www.wsj.com", "main_image": "http://si.wsj.net/img/WSJ_Logo_black_social.gif", "site_section": "http://www.wsj.com/news/business", "section_title": "Business &amp; Finance News - Wall Street Journal", "url": "http://www.wsj.com/articles/insurers-dilemma-market-solution-leads-to-market-problem-1443625081", "country": "US", "title": "Insurers’ Dilemma: Market Solution Leads to Market Problem", "performance_score": 0, "site": "wsj.com", "participants_count": 1, "title_full": "Insurers’ Dilemma: Market Solution Leads to Market Problem - WSJ", "spam_score": 0.0, "site_type": "news", "published": "2015-09-30T18:58:00.000+03:00", "replies_count": 0, "uuid": "f12eb787adb95bc009bfefc3f81a29e9275c319c"}, "author": "Paul J. Davies", "url": "http://www.wsj.com/articles/insurers-dilemma-market-solution-leads-to-market-problem-1443625081", "ord_in_thread": 0, "title": "Insurers’ Dilemma: Market Solution Leads to Market Problem", "locations": [], "entities": {"persons": [], "locations": [], "organizations": []}, "highlightText": "", "language": "english", "persons": [], "text": "The role of financial markets is to channel people’s savings into productive activity. In Europe, this process is fragmented and gummed up, leading to Wednesday’s action plan to build a common capital market.\nThe trouble is a lot of recent regulation already may have hampered the flow of money around the continent. For insurers in particular, incoming capital rules are encouraging companies to put ever more funds in the least risky,... To Read the Full Story, Subscribe or Sign In", "external_links": [], "published": "2015-09-30T18:58:00.000+03:00", "crawled": "2015-09-30T18:26:54.459+03:00", "highlightTitle": ""}