{"organizations": [], "uuid": "7f4826bdbec19e834165d4604a622cb3a0fd35c7", "thread": {"social": {"gplus": {"shares": 0}, "pinterest": {"shares": 0}, "vk": {"shares": 0}, "linkedin": {"shares": 0}, "facebook": {"likes": 0, "shares": 0, "comments": 0}, "stumbledupon": {"shares": 0}}, "site_full": "finance.yahoo.com", "main_image": "http://l3.yimg.com/bt/api/res/1.2/M7vS95b2fvSzHFeFStPk0A--/YXBwaWQ9eW5ld3NfbGVnbztxPTc1O3c9NjAw/http://l.yimg.com/os/mit/media/m/social/images/social_default_logo-1481777.png", "site_section": "http://finance.yahoo.com/rss/headline?s=FOXA", "section_title": "Yahoo! Finance: FOXA News", "url": "http://finance.yahoo.com/news/more-20-million-people-watched-144827838.html", "country": "US", "title": "CNN debate sets network record, short of Fox audience - Yahoo Finance", "performance_score": 0, "site": "yahoo.com", "participants_count": 1, "title_full": "CNN debate sets network record, short of Fox audience - Yahoo Finance", "spam_score": 0.0, "site_type": "news", "published": "2015-09-18T03:00:00.000+03:00", "replies_count": 1, "uuid": "ee8d4da14fcc5f713282f25c94b705f04c5f5046"}, "author": "\\n", "url": "http://finance.yahoo.com/news/more-20-million-people-watched-144827838.html#post-0", "ord_in_thread": 0, "title": "CNN debate sets network record, short of Fox audience - Yahoo Finance", "locations": [], "entities": {"persons": [], "locations": [], "organizations": []}, "highlightText": "", "language": "english", "persons": [], "text": "Trump brings the crowd. \\nIt also was more of a witch hunt on Trump than a debate. \\nTeam Trump\\n \\n", "external_links": [], "published": "2015-09-18T03:00:00.000+03:00", "crawled": "2015-09-27T09:39:12.243+03:00", "highlightTitle": ""}