{"organizations": [], "uuid": "f81e5812ae56d341da717802d31663e12315c42f", "thread": {"social": {"gplus": {"shares": 0}, "pinterest": {"shares": 0}, "vk": {"shares": 0}, "linkedin": {"shares": 0}, "facebook": {"likes": 0, "shares": 0, "comments": 0}, "stumbledupon": {"shares": 0}}, "site_full": "www.financialexpress.com", "main_image": "http://www.financialexpress.com/wp-content/uploads/2015/09/iPhone-6S-front-n.jpg", "site_section": "http://www.financialexpress.com/", "section_title": "The Financial Express | India News Today,Latest National News,Stock Market Today,SENSEX NIFTY,NSE BSE India,Finance News,Business News", "url": "http://www.financialexpress.com/article/industry/tech/iphone-6s-6s-plus-to-hit-indian-shores-on-oct-16/142880", "country": "IE", "title": "Apple iPhone 6S, iPhone 6S Plus to hit Indian shores on Oct 16", "performance_score": 0, "site": "financialexpress.com", "participants_count": 1, "title_full": "Apple iPhone 6S, iPhone 6S Plus to hit Indian shores on Oct 16 | The Financial Express", "spam_score": 0.0, "site_type": "news", "published": "2015-09-29T06:59:00.000+03:00", "replies_count": 0, "uuid": "f81e5812ae56d341da717802d31663e12315c42f"}, "author": "financialexpress.com", "url": "http://www.financialexpress.com/article/industry/tech/iphone-6s-6s-plus-to-hit-indian-shores-on-oct-16/142880", "ord_in_thread": 0, "title": "Apple iPhone 6S, iPhone 6S Plus to hit Indian shores on Oct 16", "locations": [], "entities": {"persons": [], "locations": [], "organizations": []}, "highlightText": "", "language": "english", "persons": [], "text": "Iconic tech giant Apple Inc will unveil its latest iPhone 6S and iPhone 6S Plus in India on October 16.\nThis will be the fastest iPhone rollout ever for the Indian market, coming less than a month after the latest models became available globally.\nThe availability of the new devices, that compete with the likes of Samsung’s Galaxy Note5 and Galaxy S6 Edge+, will enable the US-based firm to cash in on the upcoming festive season.\nWhile the company announced the date of launch in India on its website, it did not disclose the pricing for the Indian market.\nThe company has sold over 13 million units of the new iPhone 6S and iPhone 6S Plus on the first three days of their availability, breaking its record of 10 million units sold last year by iPhone 6 and iPhone 6 Plus.\nApple made the new iPhone models available for sale on September 25 across the US, the UK, Australia, Canada, China, France, Germany, Hong Kong, Japan, New Zealand, Puerto Rico, Singapore.\nThe US-based tech giant is seeking to build on the success of large-screen handsets introduced last year that have dominated the high-end smartphone market.\nThe iPhone 6S and 6S Plus have the same overall dimensions as the previous versions, but with new technologies under the hood.\nOne of the key new features is called “3D touch,” which responds to pressure exerted on the screen to allow users to look inside messages and applications.\nThe 6S has the 4.7-inch (about 12-centimeter) display of its predecessor and the 6S Plus — which updates one of the more popular handsets in the “phablet category” — has the same 5.5-inch screen.\nBut the devices have more powerful processors that allow for improved graphics, harder glass and a new aluminum body.\n 28, 2015 10:59 pm", "external_links": [], "published": "2015-09-29T06:59:00.000+03:00", "crawled": "2015-09-29T06:08:17.729+03:00", "highlightTitle": ""}