{"organizations": [], "uuid": "0e4e63fb69811c3814b2aa315bccd75e17910522", "thread": {"social": {"gplus": {"shares": 0}, "pinterest": {"shares": 0}, "vk": {"shares": 0}, "linkedin": {"shares": 0}, "facebook": {"likes": 0, "shares": 0, "comments": 0}, "stumbledupon": {"shares": 0}}, "site_full": "www.thestreet.com", "main_image": "http://s.thestreet.com/files/tsc/v2008/photos/contrib/uploads/cokekeurig3_600x400.jpg", "site_section": "http://finance.yahoo.com/rss/headline?s=WMT", "section_title": "Yahoo! Finance: WMT News", "url": "http://www.thestreet.com/story/13304431/1/coca-cola-bets-you-ll-want-to-make-its-soda-at-home-and-pay-for-the-privilege.html?puc=yahoo&cm_ven=YAHOO", "country": "GB", "title": "Coca-Cola (KO) Bets You'll Want to Make Its Soda at Home -- and Pay for the Privilege - TheStreet", "performance_score": 0, "site": "thestreet.com", "participants_count": 1, "title_full": "Coca-Cola (KO) Bets You'll Want to Make Its Soda at Home -- and Pay for the Privilege - TheStreet", "spam_score": 0.0, "site_type": "news", "published": "2015-09-30T03:00:00.000+03:00", "replies_count": 0, "uuid": "0e4e63fb69811c3814b2aa315bccd75e17910522"}, "author": "yahoo", "url": "http://www.thestreet.com/story/13304431/1/coca-cola-bets-you-ll-want-to-make-its-soda-at-home-and-pay-for-the-privilege.html?puc=yahoo&cm_ven=YAHOO", "ord_in_thread": 0, "title": "Coca-Cola (KO) Bets You'll Want to Make Its Soda at Home -- and Pay for the Privilege - TheStreet", "locations": [], "entities": {"persons": [], "locations": [], "organizations": []}, "highlightText": "", "language": "english", "persons": [], "text": "Reddit Email Print Reprint", "external_links": [], "published": "2015-09-30T03:00:00.000+03:00", "crawled": "2015-09-30T01:48:36.328+03:00", "highlightTitle": ""}