{"organizations": [], "uuid": "408b1c8ffa48f326e705637918457fe977beef35", "thread": {"social": {"gplus": {"shares": 0}, "pinterest": {"shares": 0}, "vk": {"shares": 0}, "linkedin": {"shares": 0}, "facebook": {"likes": 0, "shares": 0, "comments": 0}, "stumbledupon": {"shares": 0}}, "site_full": "www.marketwatch.com", "main_image": "http://s.marketwatch.com/public/resources/MWimages/MW-DV149_Promet_ZG_20150925122910.jpg", "site_section": "http://finance.yahoo.com/rss/headline?s=FOXA", "section_title": "Yahoo! Finance: FOXA News", "url": "http://www.marketwatch.com/story/ridley-scotts-latest-alien-announcement-drives-hollywoods-sequel-problem-2015-09-25?siteid=yhoof2", "country": "US", "title": "Ridley Scott’s latest ‘Alien’ announcement drives Hollywood’s sequel problem - MarketWatch", "performance_score": 0, "site": "marketwatch.com", "participants_count": 1, "title_full": "Ridley Scott’s latest ‘Alien’ announcement drives Hollywood’s sequel problem - MarketWatch", "spam_score": 0.0, "site_type": "news", "published": "2015-09-27T03:00:00.000+03:00", "replies_count": 0, "uuid": "408b1c8ffa48f326e705637918457fe977beef35"}, "author": "yahoo", "url": "http://www.marketwatch.com/story/ridley-scotts-latest-alien-announcement-drives-hollywoods-sequel-problem-2015-09-25?siteid=yhoof2", "ord_in_thread": 0, "title": "Ridley Scott’s latest ‘Alien’ announcement drives Hollywood’s sequel problem - MarketWatch", "locations": [], "entities": {"persons": [], "locations": [], "organizations": []}, "highlightText": "", "language": "english", "persons": [], "text": "In 1979, director Ridley Scott brought to life on the big screen a sci-fi horror film from the mind of screenwriter Dan O’Bannon.\n“Alien” earned 20th Century Fox FOXA, -0.85% $5 million in its opening weekend. It has grossed $81 million at the box office since then and become a classic.\nIn the nearly four decades since that premiere, audiences have seen plots from the story play out in numerous sequels, crossovers and adaptations, including Scott’s 2012 iteration “Prometheus.” On Thursday, Scott revealed in an interview with HeyUGuys.com that there will be a “Prometheus” sequel, titled “Alien: Paradise Lost.” Including a potential untitled Alien 5 project slated for 2017, there will be nine “Alien” films, crossovers and adaptations.\nSome people think Hollywood has a sequels problem.\nIn a recent note, CLSA media analyst Vasily Karasyov wrote, “Hollywood is headed for a cliff.” After analyzing 20 years of box-office data, Karasyov determined that Hollywood’s reliance on sequels and pre-existing intellectual property is at a near record level. He forecasts that by the end of the year, only four original titles will be among 2015’s top 20 highest-grossing films.\nCLSA “We think, however, the cycle has played out now and Hollywood’s continuously increasing reliance on non-original titles and sequels presents growing risk to film industry profitability,” Karasyov wrote.\nWith a little more than three months left in the year, year-to-date box office revenue is up 5.6% over 2014, according to data collected by Box Office Mojo. Looking at the past five years, revenue has only underperformed 2013, and by just 0.2%. There are a number of box-office blockbusters still waiting for release, including Sony Picture’s SNE, +1.28% latest 007 installment “Spectre” and the rebirth of the “Star Wars” franchise from the Walt Disney Co. DIS, -0.32% \nIndeed, the movie expected to top the box office this weekend is Sony Pictures’ “Hotel Transylvania 2,” a sequel to a 2012 movie . And come Halloween , expect to see trick-or-treaters dressed as some familiar movie characters.\n“As soon as people stop lining up to see those movies Hollywood will stop making them, but I don’t see that happening,” said Rentrak media analyst Paul Dergarabedian. “It’s a chicken-and-egg kind of situation: Are we getting these films because it’s all Hollywood has to offer, or is it because this is what audiences are clamoring for? I think it might be a bit of both.”\nEven “Straight Outta Compton,” which cruised to a surprising $60 million in its debut in August, is an adaptation of a story that is already known, even if it hadn’t previously been turned into a film, Dergarabedian pointed out. The N.W.A. biopic has grossed $159 million in the U.S and Canada, according to Box Office Mojo. \nDergarabedian noted that when Hollywood takes chances on new, fresh and interesting ideas, the payoff typically isn’t there. He pointed to M. Night Shyamalan’s $60 million domestic gross for Sony’s “After Earth” and the $47 million draw for the Wachowski siblings’ “Jupiter Ascending,” from Time Warner Inc.’s TWX, +0.37% Warner Bros.\n“When that happens, studios go back to what’s proven,” Dergarabedian said. “Discovering something new and falling love with a film is one of the experiences you can have in theaters, but that really only happens in the indie world.\n“No matter how much people complain about the number of sequels and franchises in Hollywood, it’s because they typically don’t show up and support new ideas in film.”\nAlso read: 10 biggest plot twists in movie history \nMore from MarketWatch", "external_links": [], "published": "2015-09-27T03:00:00.000+03:00", "crawled": "2015-09-27T09:37:06.825+03:00", "highlightTitle": ""}