{"organizations": [], "uuid": "4c1a83bff321e9425299655f667d81771b2ec071", "thread": {"social": {"gplus": {"shares": 0}, "pinterest": {"shares": 0}, "vk": {"shares": 0}, "linkedin": {"shares": 0}, "facebook": {"likes": 0, "shares": 0, "comments": 0}, "stumbledupon": {"shares": 0}}, "site_full": "www.financialdirector.co.uk", "main_image": "http://www.financialdirector.co.uk/IMG/936/255936/city-of-london1a.jpg", "site_section": "http://www.financialdirector.co.uk/feeds/rss/maxcontentwords/75/category/corporate-finance", "section_title": "Corporate finance - financial_director", "url": "http://www.financialdirector.co.uk/financial-director/news/2428201/rambling-narratives-sully-ftse-350-annual-reports", "country": "GB", "title": "Rambling narratives sully FTSE 350 annual reports", "performance_score": 0, "site": "financialdirector.co.uk", "participants_count": 1, "title_full": "Rambling narratives sully FTSE 350 annual reports", "spam_score": 0.0, "site_type": "news", "published": "2015-09-30T12:55:00.000+03:00", "replies_count": 0, "uuid": "4c1a83bff321e9425299655f667d81771b2ec071"}, "author": "Chris Warmoll", "url": "http://www.financialdirector.co.uk/financial-director/news/2428201/rambling-narratives-sully-ftse-350-annual-reports", "ord_in_thread": 0, "title": "Rambling narratives sully FTSE 350 annual reports", "locations": [], "entities": {"persons": [], "locations": [], "organizations": []}, "highlightText": "", "language": "english", "persons": [], "text": "Corporate finance Rambling narratives sully FTSE 350 annual reports EY's analysis is based on 100 annual reports of FTSE 350 companies with September-December 2014 year-ends 30 Sep 2015 More from this author \nDISJOINTED narratives about corporate strategy are squandering an opportunity to boost investor confidence and sullying an otherwise improved set of FTSE 350 annual reports. That's the verdict of EY's review of the 2014 annual reports of FTSE 350 companies. \nThe Big Four firm's analysis found that 85% of companies are complying with all or all-but-one provision in the UK Corporate Governance Code, while fewer than one in ten (9%) of companies clearly articulated the links between their strategy, business model, key performance indicators, approach to executive remuneration, and principal risks. Further reading 'Cut the clutter' call fails to gain full traction \nKen Williamson, EY partner and head of corporate governance in the UK & Ireland, said: \"Shareholders use annual reports to gain insights into both the progress of the business over the year and its future direction, and so it's important they can see how things like risks and remuneration relate back to the company's strategy and objectives. However what we are seeing at the moment are often disjointed, unconnected narratives, which don't explain how key performance indicators relate back to the corporate strategy. \n\"By using what can sometimes feel like a ‘template' approach to the annual report, UK PLC's are missing an opportunity to provide a rounded view of their business and instil their investors with greater confidence.\" \nHe added that while it was encouraging that companies kept pace with the swathes of new regulatory requirements introduced over the last five years, when done well, the annual report should be far more than a legal or marketing document. \nEY's probe discovered that the average FTSE 350 annual report is some 167 pages long, up on last year and significantly so from the 148 page average in 2012 - which pre-dated the introduction of new strategic reporting regulations and the director's remuneration regulations. \nThe accountancy giant stressed that with new changes set to be enacted next year, with the introduction of a viability statement and disclosures on slavery and human trafficking, there was a risk that reports will get even longer . \nTo avoid the annual report becoming clouded with less relevant information, the firm advises companies to keep it specific, focus on what it has done and will do, instead of repeating sections of the report which rarely change from year to year. This approach is already happening in pockets of the FTSE 350, but more can be done to improve the situation especially nomination committee reports. \nEY's analysis was based on a sample of 100 annual reports of FTSE 350 companies with September-December 2014 year-ends. The sample was weighted 38% FTSE 100 and 62% FTSE 250 companies.", "external_links": [], "published": "2015-09-30T12:55:00.000+03:00", "crawled": "2015-09-30T13:53:04.326+03:00", "highlightTitle": ""}