{"organizations": [], "uuid": "ef6847c60a84c7f64111a420c2807881b0c59bb9", "thread": {"social": {"gplus": {"shares": 0}, "pinterest": {"shares": 0}, "vk": {"shares": 0}, "linkedin": {"shares": 0}, "facebook": {"likes": 0, "shares": 0, "comments": 0}, "stumbledupon": {"shares": 0}}, "site_full": "www.pharmamedtechbi.com", "main_image": "", "site_section": "http://feeds.feedburner.com/MedicalDeviceFinancing", "section_title": "Medical Device Financing from Elsevier Business Intelligence", "url": "https://www.pharmamedtechbi.com/deals/201530634?elsca1=custom&elsca2=rss&elsca3=%3ftype%3dDeals%26advanced%3d%2520(%2540industries%253d%2522Medical%2520Devices%2522)%2520and%2520(%2540dealtype%253d%2522Financing%2522)", "country": "US", "title": "Interventional device company Penumbra nets $112mm in IPO", "performance_score": 0, "site": "pharmamedtechbi.com", "participants_count": 0, "title_full": "Interventional device company Penumbra nets $112mm in IPO", "spam_score": 0.0, "site_type": "news", "published": "2015-09-21T22:29:00.000+03:00", "replies_count": 0, "uuid": "ef6847c60a84c7f64111a420c2807881b0c59bb9"}, "author": "", "url": "https://www.pharmamedtechbi.com/deals/201530634?elsca1=custom&elsca2=rss&elsca3=%3ftype%3dDeals%26advanced%3d%2520(%2540industries%253d%2522Medical%2520Devices%2522)%2520and%2520(%2540dealtype%253d%2522Financing%2522)", "ord_in_thread": 0, "title": "Interventional device company Penumbra nets $112mm in IPO", "locations": [], "entities": {"persons": [], "locations": [], "organizations": []}, "highlightText": "", "language": "english", "persons": [], "text": " ", "external_links": [], "published": "2015-09-21T22:29:00.000+03:00", "crawled": "2015-09-22T14:19:36.581+03:00", "highlightTitle": ""}