{"organizations": [], "uuid": "fddd7dfb00dd160410edb1143deb4f9210ce09f6", "thread": {"social": {"gplus": {"shares": 0}, "pinterest": {"shares": 0}, "vk": {"shares": 0}, "linkedin": {"shares": 0}, "facebook": {"likes": 0, "shares": 0, "comments": 0}, "stumbledupon": {"shares": 0}}, "site_full": "www.jdsupra.com", "main_image": "http://www.jdsupra.com/showThumbnail.aspx?img=13977_4033.jpg&size=og", "site_section": "http://www.jdsupra.com/profile/orrick_structured_finance_law_rss", "section_title": "Orrick - Structured Finance Group's Latest Publications on JD Supra Law News", "url": "http://www.jdsupra.com/legalnews/rating-agency-developments-34924/", "country": "US", "title": "Rating Agency Developments", "performance_score": 0, "site": "jdsupra.com", "participants_count": 1, "title_full": "Rating Agency Developments", "spam_score": 0.0, "site_type": "news", "published": "2015-09-22T22:47:00.000+03:00", "replies_count": 0, "uuid": "fddd7dfb00dd160410edb1143deb4f9210ce09f6"}, "author": "Orrick - Structured Finance Group", "url": "http://www.jdsupra.com/legalnews/rating-agency-developments-34924/", "ord_in_thread": 0, "title": "Rating Agency Developments", "locations": [], "entities": {"persons": [], "locations": [], "organizations": []}, "highlightText": "", "language": "english", "persons": [], "text": "Orrick - Structured Finance Group on: \"My best business intelligence, in one easy email…\" Your first step to building a free, personalized, morning email brief covering pertinent authors and topics on JD Supra: Or, sign up using your email address » * With LinkedIn, you don't need to create a separate login to manage your free JD Supra account, and we can make suggestions based on your needs and interests. We will not post anything on LinkedIn in your name. Or, sign up using your email address. This is a preview of your email. Not all subjects or topics are updated every day. If you see no results for a particular subject or topic, consider broadening your interests. Loading...", "external_links": [], "published": "2015-09-22T22:47:00.000+03:00", "crawled": "2015-09-22T23:53:09.280+03:00", "highlightTitle": ""}