{"organizations": [], "uuid": "af17d60cd5e55e62e0f329701ff3dcbce86a2394", "thread": {"social": {"gplus": {"shares": 0}, "pinterest": {"shares": 0}, "vk": {"shares": 0}, "linkedin": {"shares": 0}, "facebook": {"likes": 0, "shares": 0, "comments": 0}, "stumbledupon": {"shares": 0}}, "site_full": "www.wsj.com", "main_image": "http://si.wsj.net/public/resources/images/BN-KN051_qatar0_G_20150928105611.jpg", "site_section": "http://www.wsj.com/public/page/news-wall-street.html", "section_title": "Wall Street - Deals &amp; Finance - Wsj.com", "url": "http://www.wsj.com/articles/qatars-sovereign-wealth-fund-opens-office-in-new-york-1443453076", "country": "US", "title": "Qatar’s Sovereign-Wealth Fund Opens Office in New York", "performance_score": 0, "site": "wsj.com", "participants_count": 1, "title_full": "Qatar’s Sovereign-Wealth Fund Opens Office in New York - WSJ", "spam_score": 0.0, "site_type": "news", "published": "2015-09-28T19:41:00.000+03:00", "replies_count": 0, "uuid": "af17d60cd5e55e62e0f329701ff3dcbce86a2394"}, "author": "Nicolas Parasie", "url": "http://www.wsj.com/articles/qatars-sovereign-wealth-fund-opens-office-in-new-york-1443453076", "ord_in_thread": 0, "title": "Qatar’s Sovereign-Wealth Fund Opens Office in New York", "locations": [], "entities": {"persons": [], "locations": [], "organizations": []}, "highlightText": "", "language": "english", "persons": [], "text": "DUBAI—Qatar’s $300 billion sovereign-wealth fund opened an office in New York on Monday as the wealthy Persian Gulf state steps up its international expansion.\nThe Qatar Investment Authority, set up in 2005 to help invest Qatar’s mostly gas-related financial resources, said that the office will help it expand internationally and in the U.S. where it has pledged to invest $35 billion in the next five years. Qatar announced last year... ", "external_links": [], "published": "2015-09-28T19:41:00.000+03:00", "crawled": "2015-09-28T18:56:50.988+03:00", "highlightTitle": ""}