{"organizations": ["Apple"], "uuid": "616b490b6674d59a10b132a26b55974540d76aac", "thread": {"social": {"gplus": {"shares": 0}, "pinterest": {"shares": 0}, "vk": {"shares": 0}, "linkedin": {"shares": 0}, "facebook": {"likes": 0, "shares": 0, "comments": 0}, "stumbledupon": {"shares": 0}}, "site_full": "uk.finance.yahoo.com", "main_image": "https://s1.yimg.com/bt/api/res/1.2/Z0ocTKRbXPJILljQPy4Njg--/YXBwaWQ9eW5ld3NfbGVnbztpbD1wbGFuZTtxPTc1O3c9NjAw/http://globalfinance.zenfs.com/images/UK_AFTP_AFP_LIVE_1/5ab1108930b389a1c715420fca086b7e5063f21b_original.jpg", "site_section": "https://uk.finance.yahoo.com/news/provider-afp/?format=rss", "section_title": "Finance News | AFP - Yahoo! UK & Ireland Finance", "url": "https://uk.finance.yahoo.com/news/us-stocks-sink-apple-drops-201242401.html", "country": "GB", "title": "US stocks sink as Apple drops after products launch", "performance_score": 0, "site": "yahoo.com", "participants_count": 0, "title_full": "US stocks sink as Apple drops after products launch", "spam_score": 0.0, "site_type": "news", "published": "2015-09-09T23:12:00.000+03:00", "replies_count": 0, "uuid": "616b490b6674d59a10b132a26b55974540d76aac"}, "author": "", "url": "https://uk.finance.yahoo.com/news/us-stocks-sink-apple-drops-201242401.html", "ord_in_thread": 0, "title": "US stocks sink as Apple drops after products launch", "locations": ["US"], "entities": {"persons": [], "locations": [], "organizations": []}, "highlightText": "", "language": "english", "persons": [], "text": "Tip : Use comma (,) to separate multiple quotes. Learn more... \nWed, Sep 9, 2015, 21:26 BST - UK Markets closed US stocks sink as Apple drops after products launch AFP – 14 minutes ago View Photo \n\nUS stocks finished lower Wednesday as a morning rally fizzled and Apple (NasdaqGS: AAPL - news ) shares dropped after unveiling a suite of upgraded smartphone, tablet and television products. \nAt the closing bell, the Dow Jones Industrial Average was at 16,256.01, down 236.67 points (1.44 percent). \nThe broad-based S&P 500 dropped 27.21 (1.38 percent) to 1,942.20, while the tech-rich Nasdaq Composite Index fell 55.40 (1.15 percent) to 4,756.53. \nUS stocks rose earlier in the day, following rallies in Asia and Europe, but turned negative at midday. \n\"The pattern of a see-saw market, one day up, one day down, is here for the time being and investors shift positions accordingly,\" said David Levy, portfolio manager at Kenjol Capital Management. \nApple, the market heavyweight, fell 1.9 percent after the tech giant launched new iPhones with pressure-sensing capacity, upgraded iPads and an improved Apple TV device.", "external_links": [], "published": "2015-09-09T23:12:00.000+03:00", "crawled": "2015-09-09T23:26:27.264+03:00", "highlightTitle": ""}