{"organizations": [], "uuid": "2a80bceb979a64662f782c30c2e62ccd3cfcae8d", "thread": {"social": {"gplus": {"shares": 0}, "pinterest": {"shares": 0}, "vk": {"shares": 0}, "linkedin": {"shares": 0}, "facebook": {"likes": 0, "shares": 0, "comments": 0}, "stumbledupon": {"shares": 0}}, "site_full": "www.moneylife.in", "main_image": "http://moneylife.in/site/userimage/image/thumbnail/logo.gif", "site_section": "http://www.moneylife.in/site/rss.php", "section_title": "Moneylife Personal Finance Magazine", "url": "http://www.moneylife.in/article/indian-market-trends/43528.html", "country": "IN", "title": "Indian market trends", "performance_score": 0, "site": "moneylife.in", "participants_count": 1, "title_full": "Indian market trends", "spam_score": 0.0, "site_type": "news", "published": "2015-09-29T12:26:00.000+03:00", "replies_count": 0, "uuid": "2a80bceb979a64662f782c30c2e62ccd3cfcae8d"}, "author": "Moneylife Digital Team", "url": "http://www.moneylife.in/article/indian-market-trends/43528.html", "ord_in_thread": 0, "title": "Indian market trends", "locations": [], "entities": {"persons": [], "locations": [], "organizations": []}, "highlightText": "", "language": "english", "persons": [], "text": "Join Over 100,000 Awesome Readers News that Mainstream media does not always cover Views that are bold and unbiased Reports that focus on your interests as consumer, investor & citizen For weekly personal finance info with you in mind", "external_links": [], "published": "2015-09-29T12:26:00.000+03:00", "crawled": "2015-09-30T11:46:55.507+03:00", "highlightTitle": ""}