{"organizations": [], "uuid": "c2f27165ebdbed39fcaf75cba2f105753f3f4e66", "thread": {"social": {"gplus": {"shares": 0}, "pinterest": {"shares": 0}, "vk": {"shares": 0}, "linkedin": {"shares": 0}, "facebook": {"likes": 0, "shares": 0, "comments": 0}, "stumbledupon": {"shares": 0}}, "site_full": "www.adelaidenow.com.au", "main_image": "http://resources3.news.com.au/images/2015/08/31/1227505/825919-04c4d766-4f68-11e5-8dd1-2cb6f8d6caf8.jpg", "site_section": "http://www.adelaidenow.com.au//business", "section_title": "Business News | Business and Finance News | The Advertiser", "url": "http://www.adelaidenow.com.au/business/iron-ore-price-leaps-4pc-to-climb-above-us55-a-tonne/story-fnmxznqb-1227505827564", "country": "US", "title": "Iron ore price leaps 4pc to climb above $US55 a tonne", "performance_score": 0, "site": "adelaidenow.com.au", "participants_count": 1, "title_full": "Iron ore price leaps 4pc to climb above $US55 a tonne | Business News | Business and Finance News | | The Advertiser", "spam_score": 0.0, "site_type": "news", "published": "2015-08-31T18:20:00.000+03:00", "replies_count": 0, "uuid": "c2f27165ebdbed39fcaf75cba2f105753f3f4e66"}, "author": "Daniel Palmer", "url": "http://www.adelaidenow.com.au/business/iron-ore-price-leaps-4pc-to-climb-above-us55-a-tonne/story-fnmxznqb-1227505827564", "ord_in_thread": 0, "title": "Iron ore price leaps 4pc to climb above $US55 a tonne", "locations": [], "entities": {"persons": [], "locations": [], "organizations": []}, "highlightText": "", "language": "english", "persons": [], "text": "THE price of iron ore has again surged above $US55 a tonne, with the latest gains all but making up for the heavy losses seen at the start of last week.\nAt the end of the latest session, benchmark iron ore for immediate delivery to the port of Tianjin in China was trading at $US55.50 a tonne.\nThat is up 4.1 per cent from $US53.30 a tonne in the previous session.\nThe commodity tumbled at the start of last week, with losses amid Monday's rout on markets coming in as the most extreme in weeks.\nConcerns around slowing Chinese growth were at the heart of the weakness, though the curbing of steel mill activity near Beijing for a World War II parade as well as BHP Billiton's downgrade to peak steel output expectations also put a cap on the commodity's price.\nThere remains concerns about the demand impact of a push to temporarily reduce air pollution in Beijing as steel mills and other facilities near the capital will be closed from August 28 to September 4.\nFor now, however, iron ore has enjoyed a two-session rally as panic around the Chinese economy fades. As of the latest close, the commodity is just US20c shy of a seven-week high.\n Iron ore price surges 4pc", "external_links": ["http://www.heraldsun.com.au/business/iron-ore-price-leaps-4pc-to-climb-above-us55-a-tonne/story-fni0dcne-1227505827564"], "published": "2015-08-31T18:20:00.000+03:00", "crawled": "2015-09-01T09:47:27.906+03:00", "highlightTitle": ""}