{"organizations": ["Metcash"], "uuid": "cb34c1632ff197fcf6a53cc235a6dade7f8f8983", "thread": {"social": {"gplus": {"shares": 0}, "pinterest": {"shares": 0}, "vk": {"shares": 0}, "linkedin": {"shares": 0}, "facebook": {"likes": 0, "shares": 0, "comments": 0}, "stumbledupon": {"shares": 0}}, "site_full": "au.finance.yahoo.com", "main_image": "https://s1.yimg.com/bt/api/res/1.2/M7vS95b2fvSzHFeFStPk0A--/YXBwaWQ9eW5ld3NfbGVnbztxPTc1O3c9NjAw/http://l.yimg.com/os/mit/media/m/social/images/social_default_logo-1481777.png", "site_section": "https://au.finance.yahoo.com/news/topic-top-stories/?format=rss", "section_title": "Australian Business & World Finance News - Yahoo!7 Finance", "url": "https://au.finance.yahoo.com/news/metcash-unveil-turn-around-plan-054321066.html", "country": "GB", "title": "Metcash to unveil turn around plan", "performance_score": 0, "site": "yahoo.com", "participants_count": 0, "title_full": "Metcash to unveil turn around plan", "spam_score": 0.0, "site_type": "news", "published": "2015-09-28T08:43:00.000+03:00", "replies_count": 0, "uuid": "cb34c1632ff197fcf6a53cc235a6dade7f8f8983"}, "author": "", "url": "https://au.finance.yahoo.com/news/metcash-unveil-turn-around-plan-054321066.html", "ord_in_thread": 0, "title": "Metcash to unveil turn around plan", "locations": ["Australia"], "entities": {"persons": [], "locations": [], "organizations": []}, "highlightText": "", "language": "english", "persons": [], "text": "Mon, Sep 28, 2015, 4:32 PM AEST - Australia Markets closed Metcash to unveil turn around plan AAP – 48 minutes ago Print \nInvestors are betting on more declines for Metcash's share price as many doubt whether the struggling grocery wholesaler can survive the onslaught from discount retailer Aldi. \nThe IGA supplier is the most shorted stock on the Australian share market for 2015 so far, which means it has the most investors backing its share price to fall further. \nSome analysts are even predicting Metcash, whose shares have slid by about 40 per cent since January, will become extinct within a decade. \nAmid all the negativity, Metcash will host an investors day on Tuesday to try to convince the market that it has a substantial turnaround plan. \nMorningstar analyst Gareth James says the wholesaler will have to be creative to remain relevant in the changing supermarket landscape. \nThe company supplies independent stores, including Supa IGAs and Foodland, which are set to lose more market share to Aldi as the German discounter expands into South Australia and West Australia. \n\"Aldi can sell products cheaper than other supermarkets,\" Mr James said. \n\"It will win market share wherever it expands into and most of that market share will come from the independents. \n\"There is a huge risk that Metcash is going to be squeezed and it will be the key loser as a result of the increasing competition.\" \nAldi's successful low-cost model has also driven a fresh price war with the major supermarkets. \nAs a result, IGA outlets have been forced to price match Coles and Woolworths on as many products as possible, cutting further into profit margins. \nMr James said some of the independent stores were successfully branching out to other suppliers and catering for niche markets including halal and kosher products. \n\"Even if the store owner can tailor their store to the niche market it is operating in, it doesn't change the fact that it may source products from someone other than Metcash and that is another threat to Metcash's business,\" he said. \nMetcash, which supplies 2,400 independent supermarkets, most of which are IGAs, posted a $384 million loss in the 12 months to April, compared to a $169.2 million profit in 2013/14. \nIt has sold its automotive business to help raise funds to turn around its ailing food and grocery business. \nIn July, it appointed former Coles managing director Steven Cain to head its core IGA business, while Mark Hewlett was recruited from Woolworths to lead the company's search for new business. @y7finance on Twitter, become a fan on Facebook Ban fracking until 2020: Vic coalition AAP \nFracking will be banned in Victoria until 2020 if the Liberal-National coalition wins power again. Coal seam gas …", "external_links": [], "published": "2015-09-28T08:43:00.000+03:00", "crawled": "2015-09-28T09:33:13.551+03:00", "highlightTitle": ""}