{"organizations": [], "uuid": "8f834faa5dbaf73eaca4d2a25e7b9b57ce8fdbbb", "thread": {"social": {"gplus": {"shares": 0}, "pinterest": {"shares": 0}, "vk": {"shares": 0}, "linkedin": {"shares": 0}, "facebook": {"likes": 0, "shares": 0, "comments": 0}, "stumbledupon": {"shares": 0}}, "site_full": "www.wsj.com", "main_image": "http://si.wsj.net/public/resources/images/BN-KE062_0908me_G_20150904153240.jpg", "site_section": "http://www.wsj.com/public/page/news-personal-finance.html", "section_title": "Personal Finance &amp; Money - Planning, Budgeting, Investment, Services, News - Wsj.com", "url": "http://www.wsj.com/articles/group-of-merrill-advisers-leaves-to-form-florida-firm-offering-specialized-services-1441713600", "country": "", "title": "Group of Merrill Advisers Leaves to Form Florida Firm Offering Specialized Services", "performance_score": 0, "site": "wsj.com", "participants_count": 1, "title_full": "Group of Merrill Advisers Leaves to Form Florida Firm Offering Specialized Services - WSJ", "spam_score": 0.0, "site_type": "news", "published": "2015-09-08T16:00:00.000+03:00", "replies_count": 0, "uuid": "8f834faa5dbaf73eaca4d2a25e7b9b57ce8fdbbb"}, "author": "Michael Wursthorn", "url": "http://www.wsj.com/articles/group-of-merrill-advisers-leaves-to-form-florida-firm-offering-specialized-services-1441713600", "ord_in_thread": 0, "title": "Group of Merrill Advisers Leaves to Form Florida Firm Offering Specialized Services", "locations": [], "entities": {"persons": [], "locations": [], "organizations": []}, "highlightText": "", "language": "english", "persons": [], "text": "A team of Merrill Lynch financial advisers who manage more than $1 billion resigned on Tuesday to form an independent advisory firm to offer more specialized services to clients, such as paying bills and providing advice on custom-designed investments.\nThe move underscores how more advisers who focus on ultrawealthy clients are finding the traditional brokerage model too constricting, since a so-called family-office level of service... To Read the Full Story, Subscribe or Sign In", "external_links": [], "published": "2015-09-08T16:00:00.000+03:00", "crawled": "2015-09-08T16:40:06.896+03:00", "highlightTitle": ""}