{"organizations": [], "uuid": "11484fda408eb1c60fc948f37701370fd2fec6bd", "thread": {"social": {"gplus": {"shares": 0}, "pinterest": {"shares": 0}, "vk": {"shares": 0}, "linkedin": {"shares": 0}, "facebook": {"likes": 0, "shares": 0, "comments": 0}, "stumbledupon": {"shares": 0}}, "site_full": "uk.finance.yahoo.com", "main_image": "https://s1.yimg.com/bt/api/res/1.2/3Rbi5ztL8i2ht4PWp4FbpQ--/YXBwaWQ9eW5ld3NfbGVnbztpbD1wbGFuZTtxPTc1O3c9NjAw/http://globalfinance.zenfs.com/images/UK_AFTP_AFP_LIVE_1/7ab93e5f4d06eb7ed634065b7ce705cae9bbb1bf_original.jpg", "site_section": "https://uk.finance.yahoo.com/news/provider-afp/?format=rss", "section_title": "Finance News | AFP - Yahoo! UK & Ireland Finance", "url": "https://uk.finance.yahoo.com/news/centram-coffee-growers-struggle-adapt-034946187.html", "country": "GB", "title": "CentrAm coffee growers struggle to adapt to climate change", "performance_score": 0, "site": "yahoo.com", "participants_count": 0, "title_full": "CentrAm coffee growers struggle to adapt to climate change", "spam_score": 0.0, "site_type": "news", "published": "2015-09-29T08:54:00.000+03:00", "replies_count": 0, "uuid": "11484fda408eb1c60fc948f37701370fd2fec6bd"}, "author": "", "url": "https://uk.finance.yahoo.com/news/centram-coffee-growers-struggle-adapt-034946187.html", "ord_in_thread": 0, "title": "CentrAm coffee growers struggle to adapt to climate change", "locations": [], "entities": {"persons": [], "locations": [], "organizations": []}, "highlightText": "", "language": "english", "persons": [], "text": "Tip : Use comma (,) to separate multiple quotes. Learn more... \nTue, Sep 29, 2015, 07:04 BST - UK Markets open in 56 mins. CentrAm coffee growers struggle to adapt to climate change By Oscar Nunez | AFP – 2 hours 14 minutes ago View Photo \n\nAdrian Hernandez says he can't remember a year as dry as 2015, which has nearly cost him his farm and turned him from a climate change skeptic into a true believer. \nHernandez, who runs a coffee plantation in northern Costa Rica, says he is just barely scraping by after tripling the amount of fungicide he uses, paying high irrigation bills and still harvesting just a meager crop from his desiccated plants. \n\"I didn't used to believe much in climate change, but now it's plain to see. Never in 23 years of running this farm have we had a winter without rain,\" said Hernandez at his plantation in Barva de Heredia, just north of the Costa Rican capital. \nIronically, when the drought first began, it solved one of his problems: the outbreak of coffee rust that has devastated Central American crops for the past three years -- another sign of climate change, according to experts. \nCoffee (NYBOT: KC-ZK15-c.NYB - news ) rust, a fungus, thrives in hot, damp conditions, so Hernandez said he was initially happy to get some help from the weather in fighting it. \nBut the rains didn't just come late. They never came at all. \nThe drought lasted so long it threatened to wipe out his crop, leaving him with fields full of gaunt, withered plants. \n\"It (Other OTC: ITGL - news ) 's hard to stay in business. We've had to increase our fungicide treatments from one to three a year. And if it doesn't rain, we pay high irrigation bills. We end up just barely breaking even,\" said Hernandez, a 60-something man with salt-and-pepper hair. \n- New (KOSDAQ: 160550.KQ - news ) normal - \nCentral America is flanked by both the Atlantic and Pacific Oceans, and bears the brunt of the weather phenomena associated with both: tropical depressions, hurricanes, droughts and torrential rains. \nAs those phenomena become more extreme, it is taking a heavy toll on agriculture, said Rocio Cordoba, a biologist who heads the regional climate change program at the International Union for Conservation of Nature (IUCN). \n\"We see signs that the climate is changing,\" she told AFP. \n\"Before when farmers planted their crops, they did it in line with the months of the year. That alignment doesn't exist anymore. The May rains arrive later, and the dry spells don't match the periods we're used to anymore.\" \nThe key word in the new normal is \"adaptation,\" she said -- starting with sound water management. \nMillions of Central American farmers were already facing the devastating effects of coffee rust, which broke out in 2012. Since then, 60 percent of the region's plantations have been hit, particularly on the Pacific coast. \nThen came the drought, and things got even worse. \n\"Because of the aggressiveness of the rust and now the drought, a lot of coffee growers have abandoned their plantations. Some are thinking of selling their land to be parceled up,\" said Francisco Ayala, a coffee grower from the Tecapa Chinameca mountain range in eastern El Salvador. \n- Major investment - \nCoffee bean prices have meanwhile been slumping along with those of many other commodities -- hitting their lowest level in 19 months in August, according to the International Coffee Association. \nIn Central America, which produces about nine percent of the world's coffee, farmers struggle to find the money to invest in adapting to climate change. \nExperts say the new conditions require more intensive care of the plants -- pruning, weeding, fungicides and other treatments -- which is of course more expensive. \n\"We have to monitor and renew our crops to have plants that are primed to produce. We haven't paid enough attention to that,\" said agricultural engineer Ricardo Rodriguez of the Costa Rican Coffee Institute. \nGrowers are increasingly trying out new, more resistant varieties like Ovata from Brazil and Geisha from Ethiopia. \nBut it's a slow and expensive process to switch. \nThe industry employs some two million people in the region, and governments have launched various programs to offer financial and technical assistance. \n\"That helps,\" said Rodriguez. \nBut governments and international organizations need to do more, he said. \n\"We need to understand that to deal with climate change, coffee plantations will have to be managed very differently than they have been in the past.\"", "external_links": [], "published": "2015-09-29T08:54:00.000+03:00", "crawled": "2015-09-29T09:57:27.928+03:00", "highlightTitle": ""}