{"organizations": [], "uuid": "10f92701ab5a4519ba97e03a15e619673270f017", "thread": {"social": {"gplus": {"shares": 0}, "pinterest": {"shares": 0}, "vk": {"shares": 0}, "linkedin": {"shares": 0}, "facebook": {"likes": 0, "shares": 0, "comments": 0}, "stumbledupon": {"shares": 0}}, "site_full": "www.marketwatch.com", "main_image": "http://s.marketwatch.com/public/resources/MWimages/MW-DU833_Snoop__ZG_20150922150538.jpg", "site_section": "http://finance.yahoo.com/news/provider-marketwatch/", "section_title": "MarketWatch News Archive - Yahoo! Finance", "url": "http://www.marketwatch.com/story/snoop-dogg-unveils-weed-website-at-tech-conference-2015-09-23", "country": "US", "title": "Snoop Dogg unveils weed website at tech conference", "performance_score": 0, "site": "marketwatch.com", "participants_count": 3, "title_full": "Snoop Dogg unveils weed website at tech conference - MarketWatch", "spam_score": 0.0, "site_type": "news", "published": "2015-09-23T03:00:00.000+03:00", "replies_count": 2, "uuid": "dc7faa0d182c39ce66d4a8477fbe41c6a5c9b864"}, "author": "Kathleen Burke", "url": "http://www.marketwatch.com/story/snoop-dogg-unveils-weed-website-at-tech-conference-2015-09-23#post-0", "ord_in_thread": 0, "title": "Snoop Dogg unveils weed website at tech conference", "locations": [], "entities": {"persons": [], "locations": [], "organizations": []}, "highlightText": "", "language": "english", "persons": [], "text": "Calvin Broadus Jr., aka Snoop Dogg, introduced a new addition to his marijuana investments: his coming website Merry Jane .\nThe rap star made the announcement on Monday at the TechCrunch Disrupt conference in San Francisco. The three-day gathering brings together new startups, technologies and key figures in the tech industry. On stage, Snoop Dogg described the site as a media, education and entertainment site for marijuana enthusiasts.\nOther big discussions at the conference included the development of a GoPro GPRO, -0.66% drone and Facebook’s FB, +0.38% “click to message” ads.\nSnoop Dogg said the website is intended to be a comprehensive resource for all things marijuana, and will help bring the practice of cannabis consumption into the mainstream.\nSee also: Marijuana moms shatter the grass ceiling\n“There are so many people in the closet, and we are giving them an opportunity to come out of the closet and just admit they like to smoke,” he said at the conference. “I’m a smoker, my name is Snoop Dogg, and I’m a stoner.”\nMerry Jane will feature a cooking show on how to make marijuana edibles, editorial content and a cannabis strain and dispensary database. There will also be a show about people’s first experiences with marijuana, called “Deflowered,” with exclusive celebrity interviews with the likes of Miley Cyrus and Seth Rogen.\nThe website launched for beta testers on Monday, and is set to be open to the general public in the next few weeks.\nSnoop Dogg’s marijuana-focused venture-capital firm, Casa Verde Capital, has also been investing in marijuana tech , including California cannabis delivery app Eaze.\nMore from MarketWatch Marijuana could be a $35 billion market by 2020 Want to sell medical marijuana in New York? It could cost you $30 million Desperately seeking marijuana lover: New dating apps help connect cannabis fans", "external_links": ["https://www.merryjane.com/"], "published": "2015-09-23T03:00:00.000+03:00", "crawled": "2015-09-23T17:03:28.917+03:00", "highlightTitle": ""}