{"organizations": [], "uuid": "6e3db25fc8046905aaf2b41505c81f77a3c3c21b", "thread": {"social": {"gplus": {"shares": 0}, "pinterest": {"shares": 0}, "vk": {"shares": 0}, "linkedin": {"shares": 0}, "facebook": {"likes": 0, "shares": 0, "comments": 0}, "stumbledupon": {"shares": 0}}, "site_full": "www.smh.com.au", "main_image": "http://www.smh.com.au/content/dam/images/g/j/u/k/4/t/image.related.articleLeadwide.620x349.gjxura.png/1443587429836.jpg", "site_section": "http://www.smh.com.au/business/markets/sectors/share-listing/10/energy", "section_title": "Business News, Economy, Finance &amp; ASX Market News", "url": "http://www.smh.com.au/business/retail/volkswagen-scandal-choice-car-test-points-to-other-fuel-guzzlers-20150930-gjxura.html", "country": "AU", "title": "Volkswagen scandal: Choice car test points to other fuel guzzlers", "performance_score": 0, "site": "smh.com.au", "participants_count": 1, "title_full": "Volkswagen scandal: Choice car test points to other fuel guzzlers", "spam_score": 0.0, "site_type": "news", "published": "2015-09-30T03:00:00.000+03:00", "replies_count": 0, "uuid": "6e3db25fc8046905aaf2b41505c81f77a3c3c21b"}, "author": "", "url": "http://www.smh.com.au/business/retail/volkswagen-scandal-choice-car-test-points-to-other-fuel-guzzlers-20150930-gjxura.html", "ord_in_thread": 0, "title": "Volkswagen scandal: Choice car test points to other fuel guzzlers", "locations": [], "entities": {"persons": [], "locations": [], "organizations": []}, "highlightText": "", "language": "english", "persons": [], "text": "Return to video Video settings Please Log in to update your video settings\nVideo will begin in 5 seconds.\nDon't play Play now More video Recommended Troy Newman fury at flight check-in\nWoman and childhood hero reunited on Facebook\nEyewitness video reveals fight to retake Kunduz\nJulie Bishop addresses UN Assembly\nGreenpeace celebrates Shell Arctic exit\nReplay video Return to video Video settings Please Log in to update your video settings\nVW signals recall of 11 million cars New Volkswagen chief executive Matthias Mueller said the carmaker has drawn up a 'comprehensive' action plan to ensure that its diesel models will be able to meet emission standards.\nPT1M17S 620 349 Autoplay On Off Video feedback Video settings Volkswagen to recall 11 million cars affected by emissions scandal Volkswagen diesel scandal: Why it's so much worse than it looks for VW ​ Australian drivers are being cheated out of hundreds of dollars at the bowser each year because of \"dodgy\" fuel efficiency claims, says consumer advocacy group Choice.\nAs the Volkswagen scandal over the rigging of emissions figures escalates, Choice has discovered at least five cars it tested in real-world conditions this year exceeded the claimed fuel usage by more than 30 per cent.\nAbout 11 million cars are affected by Volkswagen's emissions scandal. But are other carmarkers fudging their emissions figures as well? Photo: Supplied\nIt found a Mercedes-Benz all-wheel drive burned up 43 per cent more fuel than the seven litres per 100 kilometres claimed by the carmaker. It also found a Volvo front-wheel drive consumed 37 per cent more and a Lexus all-wheel drive, 36 per cent more.\nAdvertisement \"Over a year, this adds up to hundreds of dollars in more expensive fuel bills,\" said Matt Levey from Choice.\nVolkswagen this month confessed to fitting devices into 11 million cars worldwide to cheat fuel emissions standards, including Audi and Skoda models. Its chief executive Martin Winterkorn stepped down and its market value went into freefall.\nVolkswagen's local arm is yet to reveal if any of the 50,000 local cars are affected. It is being probed by the Australian Competition and Consumer Commission to see whether it misled buyers and breached the law.\nMr Levey said the Volkswagen scandal and Choice's results showed Australians could not trust the car industry to self-regulate.\nChoice is calling for the government to enforce independent testing and on-road checking of manufacturers' questionable fuel usage and emissions claims.\nDanger of becoming 'dumping ground' for dirty cars It is also demanding Australia adopt compulsory standards for vehicle fuel efficiency and greenhouse emissions, so \"we don't become a dumping ground for dirty, costly-to-run vehicles\".\n\"The industry says real-world tests are different to the laboratory. But new research from Europe shows the gap between car makers' claims and real-world performance keeps growing, and is now at 40 per cent,\" he said.\n\"Australia is also the only advanced economy to have no compulsory standards for fuel efficiency or greenhouse emissions. In fact, in 2012, our average greenhouse emissions from new vehicles were 44 per cent higher than Europe.\"\nIndependent Senator Nick Xenophon said he will introduce a private members bill in October that would impose harsh penalties of up to $50 million on car manufacturers which deliberately \"game\" the system.\nAt present, the Department of Infrastructure and Regional Development only conducts audits of car makers at random to test fuel consumption figures, and the only sanction available is for the ACCC to launch action for false and misleading conduct.\n\"Car companies can use artificial test conditions, including taking out the back seats to make the car lighter or switching off features like air conditioning to make inaccurate fuel economy claims,\" said Mr Xenophon.\n\"Testing for fuel economy can be difficult, but the gaps between what is advertised and what is actually achieved on the road really does stretch the credibility gap,\" he said.\n\"A family could typically be many hundreds of dollars a year worse off from what they budgeted for because they've been misled into buying a particular car.\"\nLeading class action law firm Maurice Blackburn announced an investigation into a potential consumer law case against Volkswagen amid its global pollution rigging scandal.\nThe firm's class action principal Damian Scattini said the global test rigging scandal was likely to affect Australian car owners.\n\"We believe that if it is confirmed that Australian cars are impacted then consumers may have grounds to take action against Volkswagen, including pushing for extended warranties given people as yet are still in the dark about the full impacts of this issue,\" he said.", "external_links": ["http://ec.tynt.com/b/rf?id=aBfWCmwwCr37XTadbiUzgI&u=sydneymorningherald"], "published": "2015-09-30T03:00:00.000+03:00", "crawled": "2015-09-30T09:57:01.465+03:00", "highlightTitle": ""}