{"organizations": [], "uuid": "9a64c9a6238a02bb8e2d8833e9e6b1be8776732c", "thread": {"social": {"gplus": {"shares": 0}, "pinterest": {"shares": 0}, "vk": {"shares": 0}, "linkedin": {"shares": 0}, "facebook": {"likes": 0, "shares": 0, "comments": 0}, "stumbledupon": {"shares": 0}}, "site_full": "uk.finance.yahoo.com", "main_image": "https://s1.yimg.com/bt/api/res/1.2/LbI3IbROoRFwuZ9zsMP5QA--/YXBwaWQ9eW5ld3NfbGVnbztpbD1wbGFuZTtxPTc1O3c9NjAw/http://globalfinance.zenfs.com/images/UK_AHTTP_SKYNEWS_LIVE_1/cegrab-20150211-175626-555-1-400x240_original.jpg", "site_section": "https://uk.finance.yahoo.com/news/provider-skynews/?format=rss", "section_title": "Finance News | Sky News - Yahoo! UK & Ireland Finance", "url": "https://uk.finance.yahoo.com/news/ex-tory-treasurer-fink-backs-153403129.html", "country": "GB", "title": "Ex-Tory Treasurer Fink Backs Wealth Venture", "performance_score": 0, "site": "yahoo.com", "participants_count": 0, "title_full": "Ex-Tory Treasurer Fink Backs Wealth Venture", "spam_score": 0.0, "site_type": "news", "published": "2015-09-30T18:34:00.000+03:00", "replies_count": 0, "uuid": "9a64c9a6238a02bb8e2d8833e9e6b1be8776732c"}, "author": "", "url": "https://uk.finance.yahoo.com/news/ex-tory-treasurer-fink-backs-153403129.html", "ord_in_thread": 0, "title": "Ex-Tory Treasurer Fink Backs Wealth Venture", "locations": [], "entities": {"persons": [], "locations": [], "organizations": []}, "highlightText": "", "language": "english", "persons": [], "text": "View Photo \n\nThe former Conservative Party treasurer whose comments about tax avoidance sparked a pre-election row is to back a new wealth management venture being assembled by one of the City's most prominent figures. \nSky News has learnt that Lord Fink, who built his fortune from a successful career running hedge fund managers, has agreed to invest in and advise a business being set up by Nathalie Dauriac-Stoebe. \nPlans for the venture are at an early stage, although Ms Dauriac-Stoebe is understood to have lined up a quartet of big-name backers. \nThe new wealth firm has yet to be formally named, although one source suggested that it may adopt the name Hay Hill when it is launched in the coming months. \nLord Fink's backing for Ms Dauriac-Stoebe comes several months after Ed Miliband, the then Labour leader, accused David Cameron of surrounding himself with \"dodgy donors\" after Mr Fink had said that \"everyone does tax avoidance at some level\". \nSenior (Other OTC: SNIRF - news ) figures in the City were outraged by Mr Miliband's reference to Lord Fink, who insisted that he had eschewed more aggressive tax avoidance measures that would have saved him and his family vast sums of money. \nLord Fink has donated substantial sums to a number of charities and has worked for a range of philanthropic causes after amassing a big fortune from roles, including running Man Group (LSE: EMG.L - news ) , the quoted hedge fund. \nThe parameters of Ms Dauriac-Stoebe's new venture were unclear on Wednesday, although it is thought to be likely to focus on managing the wealth of high net-worth clients. \nA former partner at Coutts, she founded Signia Wealth in 2010, building it into a firm managing more than £2bn of clients' assets. \nThe firm counted John Caudwell, the Phones 4U founder, and Jon Moulton, the veteran investor, among its backers. \nHowever, Ms Dauriac-Stoebe left Signia abruptly just before Christmas in circumstances which are now understood to be the subject of legal proceedings. \nSources said at the time that there had been tensions between Ms Dauriac-Stoebe and senior colleagues, despite the success of Signia. \nMs Dauriac-Stoebe is often labelled one of the rising stars of the City and named in lists of the financial sector's leading women executives. \nHer plans to launch another firm come amid a shake-up in the regulation of the wealth management sector following the implementation of a framework called the Retail Distribution Review, which is designed to improve advice and transparency around client fees. \nMeanwhile, the private banking arms of lenders such as Barclays (LSE: BARC.L - news ) and Royal Bank of Scotland (LSE: RBS.L - news ) , which owns Coutts, have been experiencing a significant period of upheaval amid broader restructuring of their parent companies. \nSignia is chaired by Paul Lester, an industrialist whose other roles include chairing the John Laing Infrastructure Fund. \nA spokesman for Ms Dauriac-Stoebe declined to comment, while Lord Fink could not be reached for comment.", "external_links": [], "published": "2015-09-30T18:34:00.000+03:00", "crawled": "2015-09-30T19:47:15.938+03:00", "highlightTitle": ""}