{"organizations": ["Teesside Steel Plant"], "uuid": "c2e5cf6ac7193cce5bef83b7e862a038193324ea", "thread": {"social": {"gplus": {"shares": 0}, "pinterest": {"shares": 0}, "vk": {"shares": 0}, "linkedin": {"shares": 0}, "facebook": {"likes": 0, "shares": 0, "comments": 0}, "stumbledupon": {"shares": 0}}, "site_full": "uk.finance.yahoo.com", "main_image": "https://s.yimg.com/bt/api/res/1.2/oLFXxMbV0iKAzEc4lXX5Qw--/YXBwaWQ9eW5ld3NfbGVnbztpbD1wbGFuZTtxPTc1O3c9NjAw/http://globalfinance.zenfs.com/images/UK_AHTTP_SKYNEWS_LIVE_1/15683069-400x240_original.jpg", "site_section": "https://uk.finance.yahoo.com/news/topic-top-stories/?format=rss", "section_title": "Top stories from Yahoo! Finance UK", "url": "https://uk.finance.yahoo.com/news/teesside-steel-plant-pauses-operations-095040973.html", "country": "GB", "title": "Teesside Steel Plant Pauses Operations", "performance_score": 0, "site": "yahoo.com", "participants_count": 0, "title_full": "Teesside Steel Plant Pauses Operations", "spam_score": 0.0, "site_type": "news", "published": "2015-09-18T13:06:00.000+03:00", "replies_count": 0, "uuid": "c2e5cf6ac7193cce5bef83b7e862a038193324ea"}, "author": "", "url": "https://uk.finance.yahoo.com/news/teesside-steel-plant-pauses-operations-095040973.html", "ord_in_thread": 0, "title": "Teesside Steel Plant Pauses Operations", "locations": [], "entities": {"persons": [], "locations": [], "organizations": []}, "highlightText": "", "language": "english", "persons": [], "text": "Tip : Use comma (,) to separate multiple quotes. Learn more... \nFri, Sep 18, 2015, 11:16 BST - UK Markets close in 5 hrs 14 mins Teesside Steel Plant Pauses Operations By (c) Sky News 2015 | Sky News – 10 minutes ago View Photo \n\nIron and steel-making at SSI's plant on Teesside are being suspended over problems with the supply of materials, the company says. \nSSI stepped in and has been running the plant since it was mothballed in 2010 and the business says it is \"determined to create a safe, successful and sustainable business\" there. \nBut it has run into financial problems amid a collapse in demand for steel - with SSI UK refusing to comment on media claims it was behind on some debt repayments. \nThe unit of Thailand's Sahaviriya Steel Industries employs 2,000 people directly and is the UK's second-largest producer of steel behind Tata. \nBut UK production has been threatened by a strong pound and cheap imports amid a glut of steel available because of the slowdown in emerging market economies, especially China. \nThe Community Union warned earlier this week that a \"lack of support from the UK Government in vital areas such as energy, environmental and business taxes and procurement threaten the very future of the UK steel industry.” \nLocal MPs have joined the union in urging ministers to provide financial help but the Government has said that while it will do all it can, its powers are limited by EU state aid rules.", "external_links": [], "published": "2015-09-18T13:06:00.000+03:00", "crawled": "2015-09-18T13:19:17.522+03:00", "highlightTitle": ""}