{"organizations": [], "uuid": "3acee6f01f3f0a30949fa0b391efeee86aada3ca", "thread": {"social": {"gplus": {"shares": 0}, "pinterest": {"shares": 0}, "vk": {"shares": 0}, "linkedin": {"shares": 0}, "facebook": {"likes": 0, "shares": 0, "comments": 0}, "stumbledupon": {"shares": 0}}, "site_full": "www.wsj.com", "main_image": "http://si.wsj.net/public/resources/images/BN-KF364_ikeaL_G_20150909122937.jpg", "site_section": "http://www.wsj.com/news/business", "section_title": "Business &amp; Finance News - Wall Street Journal", "url": "http://www.wsj.com/articles/ikea-tests-movable-walls-for-cramped-homes-1443546181", "country": "US", "title": "Ikea Tests Movable Walls for Cramped Homes", "performance_score": 0, "site": "wsj.com", "participants_count": 1, "title_full": "Ikea Tests Movable Walls for Cramped Homes - WSJ", "spam_score": 0.0, "site_type": "news", "published": "2015-09-29T21:03:00.000+03:00", "replies_count": 0, "uuid": "3acee6f01f3f0a30949fa0b391efeee86aada3ca"}, "author": "Jens Hansegard", "url": "http://www.wsj.com/articles/ikea-tests-movable-walls-for-cramped-homes-1443546181", "ord_in_thread": 0, "title": "Ikea Tests Movable Walls for Cramped Homes", "locations": [], "entities": {"persons": [], "locations": [], "organizations": []}, "highlightText": "", "language": "english", "persons": [], "text": "MALMÖ, Sweden—Ikea is seeking to tap into a growing pool of customers: those living in tiny places.\nFor the past two years, the Swedish furniture company has discreetly refurbished an apartment in this coastal city in southern Sweden to study the habits of households faced with the challenge of boxing their lives into a few small rooms. Several... To Read the Full Story, Subscribe or Sign In", "external_links": [], "published": "2015-09-29T21:03:00.000+03:00", "crawled": "2015-09-29T21:17:48.656+03:00", "highlightTitle": ""}