{"organizations": ["NZDT"], "uuid": "02a4052f57975e9838a0d214b19840575010be60", "thread": {"social": {"gplus": {"shares": 0}, "pinterest": {"shares": 0}, "vk": {"shares": 0}, "linkedin": {"shares": 0}, "facebook": {"likes": 0, "shares": 0, "comments": 0}, "stumbledupon": {"shares": 0}}, "site_full": "nz.finance.yahoo.com", "main_image": "https://s1.yimg.com/bt/api/res/1.2/M7vS95b2fvSzHFeFStPk0A--/YXBwaWQ9eW5ld3NfbGVnbztxPTc1O3c9NjAw/http://l.yimg.com/os/mit/media/m/social/images/social_default_logo-1481777.png", "site_section": "https://nz.finance.yahoo.com/news/topic-top-stories/?format=rss", "section_title": "Latest business and finance news from New Zealand and the world's key markets - Yahoo New Zealand Finance", "url": "https://nz.finance.yahoo.com/news/steady-traders-look-overseas-071910952.html", "country": "US", "title": "$A steady as traders look overseas", "performance_score": 0, "site": "yahoo.com", "participants_count": 0, "title_full": "$A steady as traders look overseas", "spam_score": 0.0, "site_type": "news", "published": "2015-09-28T10:19:00.000+03:00", "replies_count": 0, "uuid": "02a4052f57975e9838a0d214b19840575010be60"}, "author": "", "url": "https://nz.finance.yahoo.com/news/steady-traders-look-overseas-071910952.html", "ord_in_thread": 0, "title": "$A steady as traders look overseas", "locations": ["New Zealand"], "entities": {"persons": [], "locations": [], "organizations": []}, "highlightText": "", "language": "english", "persons": [], "text": "Mon, Sep 28, 2015, 8:39 PM NZDT - New Zealand Markets closed $A steady as traders look overseas AAP – 20 minutes ago Print \nThe Australian dollar is steady as traders wait for more direction on the timing of a US interest rate hike. \nAt 1700 AEST on Monday, the local unit was trading at 70.33 US cents, the same level as at the end of local trade on Friday. \nThe Aussie dollar moved within a narrow range as traders look ahead to speeches from four US Federal Reserve Federal Open Market Committee (FOMC) members, US RBC Capital Markets currency strategist Michael Turner said. \n\"There is not much desire to get involved today given there was no weekend news and no domestic data out today,\" he said. \n\"New York Fed President William Dudley's address tonight will be a fairly key event because he is usually a good guide on the FOMC. \n\"Then there is US payroll numbers out on Friday night which will give us further ideas on whether there will be an October rate hike.\" \nAt 1700 AEST one Australian dollar was buying 84.72 Japanese yen, level with Friday and 62.89 euro cents, down from 63.02 euro cents. \nIt was also a quiet session on the bond market. \nAt 1630 AEST on Monday, the December 2015 10-year bond futures contract was trading at 97.280 (implying a yield of 2.720 per cent), up from 97.270 (2.730 per cent) on Friday. \nThe December 2015 three-year bond futures contract was at 98.020 (1.980 per cent), down from 98.130 (1.870 per cent). @YahooNZBusiness on Twitter, become a fan on Facebook Ban fracking until 2020: Vic coalition AAP \nFracking will be banned in Victoria until 2020 if the Liberal-National coalition wins power again. Coal seam gas …", "external_links": [], "published": "2015-09-28T10:19:00.000+03:00", "crawled": "2015-09-28T10:43:34.773+03:00", "highlightTitle": ""}