{"organizations": [], "uuid": "116c0721279a761da14ecedc68898287487086ea", "thread": {"social": {"gplus": {"shares": 0}, "pinterest": {"shares": 0}, "vk": {"shares": 0}, "linkedin": {"shares": 0}, "facebook": {"likes": 0, "shares": 0, "comments": 0}, "stumbledupon": {"shares": 0}}, "site_full": "uk.finance.yahoo.com", "main_image": "https://s1.yimg.com/bt/api/res/1.2/M7vS95b2fvSzHFeFStPk0A--/YXBwaWQ9eW5ld3NfbGVnbztxPTc1O3c9NjAw/http://l.yimg.com/os/mit/media/m/social/images/social_default_logo-1481777.png", "site_section": "https://uk.finance.yahoo.com/news/sector-basic-materials/?format=rss", "section_title": "Basic Resources News | Yahoo! Finance", "url": "https://uk.finance.yahoo.com/news/continuum-adds-logmein-silver-sponsor-120000861.html", "country": "US", "title": "Continuum Adds LogMeIn as Silver Sponsor of Navigate 2015", "performance_score": 0, "site": "yahoo.com", "participants_count": 0, "title_full": "Continuum Adds LogMeIn as Silver Sponsor of Navigate 2015", "spam_score": 0.0, "site_type": "news", "published": "2015-09-16T15:00:00.000+03:00", "replies_count": 0, "uuid": "116c0721279a761da14ecedc68898287487086ea"}, "author": "", "url": "https://uk.finance.yahoo.com/news/continuum-adds-logmein-silver-sponsor-120000861.html", "ord_in_thread": 0, "title": "Continuum Adds LogMeIn as Silver Sponsor of Navigate 2015", "locations": [], "entities": {"persons": [], "locations": [], "organizations": []}, "highlightText": "", "language": "english", "persons": [], "text": "Tip : Use comma (,) to separate multiple quotes. Learn more... \nWed, Sep 16, 2015, 13:17 BST - UK Markets close in 3 hrs 13 mins Continuum Adds LogMeIn as Silver Sponsor of Navigate 2015 Continuum’s Remote Access Technology Partner Supports Second Annual User Conference – September 27-29, 2015 – Las Vegas for Second Consecutive Year Press Release : Continuum Managed IT Services – 17 minutes ago Related Content \nBOSTON--(BUSINESS WIRE)-- \nContinuum ® , the industry’s only channel-exclusive provider of fully integrated managed IT services solutions, has added LogMeIn, Inc . as a Silver Sponsor of Navigate 2015 , the company’s second annual user conference on Sunday, September 27 – Tuesday, September 29, 2015 at The Cosmopolitan™ of Las Vegas. Continuum offers LogMeIn’s premier remote access, LogMeIn Pro , as part of an exclusive partnership for its Managed Services Provider (MSP) partners. Continuum also offers LogMeIn Rescue , LogMeIn's flagship remote support, as part of Continuum's intelligent Remote Monitoring and Management (RMM) software backed by its industry-leading 24x7x365 Network Operations Center (NOC). \n“Remote connectivity is critical for our MSP partners and the combination of LogMeIn’s remote access and Continuum’s RMM/BDR solution continues as the best available for our MSP partners,” said Jeanne Hopkins , Senior Vice President & CMO at Continuum. “We are delighted to have LogMeIn’s sponsorship at Navigate 2015.” \nLogMeIn Pro provides fast, easy remote access to PCs or Macs from any browser, desktop and mobile devices. With millions of users worldwide, the company’s cloud-based solutions make it possible for people and companies to connect and engage with their workplace, colleagues, customers and products anywhere, anytime. \n“Continuum and LogMeIn share a common vision for helping channel providers serve the evolving needs of today’s increasingly cloud and mobile workplaces,” said W. Sean Ford , CMO of LogMeIn. “We see Continuum as an important and strategic partner to both LogMeIn and the channel, and we’re excited to support and join Continuum and their channel community at Navigate 2015.” \nNavigate 2015 is a 3-day educational and training event for the industry’s top MSP partners and IT resellers led by top business and channel leaders. Download the Navigate 2015 Mobile App to create your own custom agenda, network with attendees and more at: https://events.crowdcompass.com/navigate . \nNavigate 2015 is sold out. To join the waitlist, visit: \nFor more information on the conference, visit: http://www.continuum.net/navigate2015 . For the latest updates, follow #nav15 on Twitter . \nAbout Continuum Managed IT Services \nContinuum is the technology industry's only channel-exclusive provider of fully integrated managed IT services, allowing its Managed Services Provider (MSP) partners to maintain both on premise and cloud-based servers, desktops, mobile devices and other endpoints for small-and-medium-sized businesses. Continuum’s SaaS platform enables MSPs to efficiently backup, monitor, troubleshoot and maintain clients’ IT infrastructurefrom a single pane of glass, all backed by an industry–leading network operations center (NOC) and Help Desk. The company employs over 1,000 professionals worldwide, supports 3,500 partners servicing 50,000 SMB customers and monitors over 700,000 endpoints. In 2012, Continuum established the Continuum Veterans Foundation, a nonprofit organization providing financial support to charities focused on helping veterans find jobs in IT. For more information, visit http://www.continuum.net/ or follow us on LinkedIn and Twitter @FollowContinuum . All trademarks recognized. View source version on businesswire.com: http://www.businesswire.com/news/home/20150916005493/en/ Contact:", "external_links": [], "published": "2015-09-16T15:00:00.000+03:00", "crawled": "2015-09-16T15:17:59.221+03:00", "highlightTitle": ""}