{"organizations": [], "uuid": "f819d8a7e9a4be27cc5d0a25621d95cf49c8c359", "thread": {"social": {"gplus": {"shares": 0}, "pinterest": {"shares": 0}, "vk": {"shares": 0}, "linkedin": {"shares": 0}, "facebook": {"likes": 0, "shares": 0, "comments": 0}, "stumbledupon": {"shares": 0}}, "site_full": "www.moneylife.in", "main_image": "http://moneylife.in/site/userimage/image/thumbnail/logo.gif", "site_section": "http://www.moneylife.in/site/rss.php", "section_title": "Moneylife Personal Finance Magazine", "url": "http://www.moneylife.in/article/urban-inflation/43521.html", "country": "IN", "title": "Urban inflation", "performance_score": 0, "site": "moneylife.in", "participants_count": 1, "title_full": "Urban inflation", "spam_score": 0.0, "site_type": "news", "published": "2015-09-29T12:16:00.000+03:00", "replies_count": 0, "uuid": "f819d8a7e9a4be27cc5d0a25621d95cf49c8c359"}, "author": "Moneylife Digital Team", "url": "http://www.moneylife.in/article/urban-inflation/43521.html", "ord_in_thread": 0, "title": "Urban inflation", "locations": [], "entities": {"persons": [], "locations": [], "organizations": []}, "highlightText": "", "language": "english", "persons": [], "text": "Follow @mldigital \nCombined inflation for urban and rural areas declined to 3.66% in August 2015, from 3.69% in July. Inflation in urban areas declined to 2.67% in August from 2.94% in July, mainly due to a high base effect. Food inflation in urban areas declined to 1.71% in August from 1.89% in July. In urban areas, prices of vegetables fell 9.07% year-on-year, due to the base effect. Inflation related to fuel & power also remained steady in August, at around 3%. Inflation for housing, too, remained unaffected at around 4%. Inflation for clothing hovered around 4%; for miscellaneous items, it fell to 1.93% in August from 2.47% in July. More in Moneylife", "external_links": [], "published": "2015-09-29T12:16:00.000+03:00", "crawled": "2015-09-30T11:47:59.823+03:00", "highlightTitle": ""}