{"organizations": [], "uuid": "98f67b4439708be6690cadb69dbe5d401fb6f634", "thread": {"social": {"gplus": {"shares": 0}, "pinterest": {"shares": 0}, "vk": {"shares": 0}, "linkedin": {"shares": 0}, "facebook": {"likes": 0, "shares": 0, "comments": 0}, "stumbledupon": {"shares": 0}}, "site_full": "www.financialexpress.com", "main_image": "http://www.financialexpress.com/wp-content/uploads/2014/12/sailA.jpg", "site_section": "http://www.financialexpress.com/", "section_title": "The Financial Express | India News Today,Latest National News,Stock Market Today,SENSEX NIFTY,NSE BSE India,Finance News,Business News", "url": "http://www.financialexpress.com/article/industry/companies/sail-invests-rs-2600-crore-in-rourkela-plant-for-hot-rolled-coils/142110", "country": "IE", "title": "SAIL invests Rs 2,600 crore in Rourkela plant for hot rolled coils", "performance_score": 0, "site": "financialexpress.com", "participants_count": 1, "title_full": "SAIL invests Rs 2,600 crore in Rourkela plant for hot rolled coils | The Financial Express", "spam_score": 0.0, "site_type": "news", "published": "2015-09-27T20:36:00.000+03:00", "replies_count": 0, "uuid": "98f67b4439708be6690cadb69dbe5d401fb6f634"}, "author": "financialexpress.com", "url": "http://www.financialexpress.com/article/industry/companies/sail-invests-rs-2600-crore-in-rourkela-plant-for-hot-rolled-coils/142110", "ord_in_thread": 0, "title": "SAIL invests Rs 2,600 crore in Rourkela plant for hot rolled coils", "locations": [], "entities": {"persons": [], "locations": [], "organizations": []}, "highlightText": "", "language": "english", "persons": [], "text": "Other Articles Google to provide wi-fi at 500 Indian railway stations ICDS may lead to extra tax burden for banks in FY16 NMDC margins shrink as ore prices hit 5-year low Domestic steel giant SAIL is investing over Rs 2,600 crore for installing a three million tonnes per annum facility for hot rolled (HR) coils at its Rourkela plant to make auto-grade and special steel products.\nThe Mah aratna firm has awarded the contract for setting up this hot strip mill to a consortium led by Mitsubishi and Larsen & Toubro, a source said.\nThe facility will produce high quality HR coils, including high strength API grades, auto body grades and other special steels, the source added.\nLast week, Steel Secretary Rakesh Singh said that under SAIL’s modernisation and expansion programme (MEP), various projects have been initiated, including this unit.\nSingh holds additional charge as SAIL’s chairman.\nIn a bid to fast-track its MEP, the public sector undertaking commissioned projects worth Rs 10,200 crore in the financial year ended March 2015.\nSAIL is also finalising its Vision 2025 document, through which it aims to increase its hot metal production capacity to 50 million tonnes, along with related business activities.\nIn a bid to keep pace with growing competition and optimise production as well as costs, the steel maker is investing in research and development (R&D) initiatives.\nIn 2014-15, SAIL spent Rs 284 crore on R&D, the highest by any steel maker in India.\nIts R&D centre developed 24 new products during the last fiscal and the expenditure was 0.56 per cent of sales. It had clocked a sales turnover of Rs 50,627 crore during 2014-15 and its net profit stood at Rs 2,093 crore.\nDuring last fiscal, its capital expenditure stood at Rs 6,840 crore, which is expected to rise to Rs 7,500 in 2015-16.\nSAIL’s hot metal production rose by 7 per cent to 15.4 MT in 2014-15 against the previous year. Saleable production was up by 3 per cent at 13.5 MT.\n 27, 2015 12:36 pm", "external_links": [], "published": "2015-09-27T20:36:00.000+03:00", "crawled": "2015-09-28T00:26:00.704+03:00", "highlightTitle": ""}