{"organizations": [], "uuid": "5567a3c0cf30bf263cba71593406840497d622bc", "thread": {"social": {"gplus": {"shares": 0}, "pinterest": {"shares": 0}, "vk": {"shares": 0}, "linkedin": {"shares": 0}, "facebook": {"likes": 0, "shares": 0, "comments": 0}, "stumbledupon": {"shares": 0}}, "site_full": "www.cnbc.com", "main_image": "http://fm.cnbc.com/applications/cnbc.com/resources/img/editorial/2015/07/24/102863135-att2.1910x1000.jpg", "site_section": "http://www.cnbc.com/id/10000664/device/rss/rss.html", "section_title": "Finance", "url": "http://www.cnbc.com/2015/09/30/att-expects-2-mln-net-wireless-subscriber-adds-in-q3.html", "country": "US", "title": "AT&T expects 2 mln net wireless subscriber adds in Q3", "performance_score": 0, "site": "cnbc.com", "participants_count": 1, "title_full": "AT&T expects 2 mln net wireless subscriber adds in Q3", "spam_score": 0.0, "site_type": "news", "published": "2015-09-30T03:00:00.000+03:00", "replies_count": 0, "uuid": "5567a3c0cf30bf263cba71593406840497d622bc"}, "author": "cnbc.com", "url": "http://www.cnbc.com/2015/09/30/att-expects-2-mln-net-wireless-subscriber-adds-in-q3.html", "ord_in_thread": 0, "title": "AT&T expects 2 mln net wireless subscriber adds in Q3", "locations": [], "entities": {"persons": [], "locations": [], "organizations": []}, "highlightText": "", "language": "english", "persons": [], "text": "CNBC; Getty Images AT&T , the No. 2 U.S. wireless carrier, said it expects to report more than 2 million net subscriber additions for the third quarter, with gains in every category including postpaid and prepaid.\nAT&T also expects to report positive U.S. net subscriber additions for the recently acquired satellite TV provider DirecTV, it said in a regulatory filing .\nAT&T, which reported 2.1 million net wireless additions in the second quarter, said in August that it expected revenue, earnings and free cash flow to grow through 2018 following its purchase of DirecTV and wireless expansion in Mexico.\nAT&T said on Tuesday it expects capital spending to increase from second-quarter levels.\nAT&T also said it would change the methodology DirecTV used to count its commercial subscribers to conform to its practices, which will reduce DirecTV's total subscriber count by 918,600 at the close of the deal in July.\nThe company, which also reaffirmed its forecast for full-year adjusted profit and revenue growth, will report third-quarter results on Oct. 22.", "external_links": ["http://1.usa.gov/1Reqt6i"], "published": "2015-09-30T03:00:00.000+03:00", "crawled": "2015-09-30T17:22:27.110+03:00", "highlightTitle": ""}