{"organizations": [], "uuid": "5a8f9e7a6c5dad07f291c4438a2de1cc9d2c2520", "thread": {"social": {"gplus": {"shares": 0}, "pinterest": {"shares": 0}, "vk": {"shares": 0}, "linkedin": {"shares": 0}, "facebook": {"likes": 0, "shares": 0, "comments": 0}, "stumbledupon": {"shares": 0}}, "site_full": "www.express.co.uk", "main_image": "http://cdn.images.express.co.uk/img/dynamic/23/590x/airplane-604555.jpg", "site_section": "http://express.co.uk//posts/rss/23/personalfinance", "section_title": "Daily Express :: Personal Finance Feed", "url": "http://www.express.co.uk/finance/personalfinance/604555/Cheap-flight-alert-now-best-time-to-book-fares", "country": "", "title": "Cheap flight alert: Why now's the time to book fares", "performance_score": 0, "site": "express.co.uk", "participants_count": 0, "title_full": "Cheap flight alert: Why now's the time to book fares", "spam_score": 0.0, "site_type": "news", "published": "2015-09-11T17:46:00.000+03:00", "replies_count": 0, "uuid": "5a8f9e7a6c5dad07f291c4438a2de1cc9d2c2520"}, "author": "", "url": "http://www.express.co.uk/finance/personalfinance/604555/Cheap-flight-alert-now-best-time-to-book-fares", "ord_in_thread": 0, "title": "Cheap flight alert: Why now's the time to book fares", "locations": [], "entities": {"persons": [], "locations": [], "organizations": []}, "highlightText": "", "language": "english", "persons": [], "text": "Cheap flight alert: Why now's the time to book fares Cheap flight alert: Why now's the time to book fares Book next year's getaway now and you've got a date to look forward to during dark winter days and - best of all - some of the cheapest prices are currently on offer. PUBLISHED: 15:46, Fri, Sep 11, 2015 | UPDATED: 15:57, Fri, Sep 11, 2015 GETTY Book a flight now and you could grab a bargain \nBudget carrier EasyJet this week released ticket availably until the end of June, which means many fares will now be at their lowest prices- especially for peak travel times. So if you fancy the idea of a getaway over either of the May bank holidays or would like to spend the Easter holidays abroad, now's the time to book. Leave it until next year and you'll find that tickets for these key travel dates are likely to be far more expensive. For instance, a return ticket from London Gatwick to Barcelona, leaving on Saturday April 20 and flying back on Monday May 2 - the first bank holiday - can currently be booked for around £100 return.If you want to book a longer break for next year, remember these key tips to help bring down the price:*It's generally cheaper to fly mid-week, especially Tuesdays and Wednesdays. *Booking around three months in advance will throw up the best prices overall, according cheapflights.co.uk. *Use a comparison site to compare prices across a number of different airlines then adjust times or days to find the best value - try Skyskanner or Cheapflights.co.uk. Related articles DVLA alter car hire rules following backlash by furious British... \nAir fare glitches If you're not fussy about the destination, you can save a lot of money by booking a ticket that has been released by error. With millions of flights booked and scheduled every day, airfare glitches are a regular occurrence, but you have to act quick and be flexible about times and places of travel. SecretFlying.com and TheFlightDeal.com both constantly scan sites pricing and send followers alerts when a deal becomes available.Or Manchester to Chicago for a reasonable £312 , according to current offers. \nSign-up to daily newsletters or follow the sites on Facebook or Twitter to stay in the loop. If you spot a suitable deal, you usually need to book fast because airlines may remove offers if they realise there's an error. It's a good idea to wait until you have confirmation that the airline will honour a price glitch before making additional plans.", "external_links": [], "published": "2015-09-11T17:46:00.000+03:00", "crawled": "2015-09-11T19:16:09.593+03:00", "highlightTitle": ""}