{"organizations": [], "uuid": "ab0756ba0a97cffaf8146db383b4a23fd2adde36", "thread": {"social": {"gplus": {"shares": 0}, "pinterest": {"shares": 0}, "vk": {"shares": 0}, "linkedin": {"shares": 0}, "facebook": {"likes": 0, "shares": 0, "comments": 0}, "stumbledupon": {"shares": 0}}, "site_full": "www.forbes.com", "main_image": "http://specials-images.forbesimg.com/imageserve/550c75fae4b096f94fa57f42/640x434.jpg?fit=scale&background=000000", "site_section": "http://www.forbes.com/finance/index.xml", "section_title": "Forbes - Personal Finance", "url": "http://www.forbes.com/pictures/flhm45jmke/credit-score-killers/", "country": "US", "title": "Credit Score Killers - In Photos: 7 Credit Score Killers - Forbes", "performance_score": 0, "site": "forbes.com", "participants_count": 1, "title_full": "Credit Score Killers - In Photos: 7 Credit Score Killers - Forbes", "spam_score": 0.0, "site_type": "news", "published": "2015-09-30T20:44:00.000+03:00", "replies_count": 0, "uuid": "ab0756ba0a97cffaf8146db383b4a23fd2adde36"}, "author": "Lauren Gensler", "url": "http://www.forbes.com/pictures/flhm45jmke/credit-score-killers/", "ord_in_thread": 0, "title": "Credit Score Killers - In Photos: 7 Credit Score Killers - Forbes", "locations": [], "entities": {"persons": [], "locations": [], "organizations": []}, "highlightText": "", "language": "english", "persons": [], "text": "7 Credit Score Killers\nYou know your credit score is important, but are you clued in on what you might inadvertently be doing to sabotage it? Here are some of the top credit score killers:\nFor more, read 7 Ways You're Ruining Your Credit Score\nPhoto: (c) KLH49", "external_links": [], "published": "2015-09-30T20:44:00.000+03:00", "crawled": "2015-09-30T22:08:35.976+03:00", "highlightTitle": ""}