{"organizations": [], "uuid": "253fb8b1352c67bd657cbb44877a2d8815ece568", "thread": {"social": {"gplus": {"shares": 0}, "pinterest": {"shares": 0}, "vk": {"shares": 0}, "linkedin": {"shares": 0}, "facebook": {"likes": 0, "shares": 0, "comments": 0}, "stumbledupon": {"shares": 0}}, "site_full": "www.wsj.com", "main_image": "http://si.wsj.net/public/resources/images/BN-KJ305_0918no_G_20150918111913.jpg", "site_section": "http://www.wsj.com/news/business", "section_title": "Business &amp; Finance News - Wall Street Journal", "url": "http://www.wsj.com/articles/norfolk-southern-to-slash-200-jobs-at-subsidiary-1442589295", "country": "US", "title": "Norfolk Southern to Slash 200 Jobs at Subsidiary", "performance_score": 0, "site": "wsj.com", "participants_count": 1, "title_full": "Norfolk Southern to Slash 200 Jobs at Subsidiary - WSJ", "spam_score": 0.0, "site_type": "news", "published": "2015-09-18T19:14:00.000+03:00", "replies_count": 0, "uuid": "253fb8b1352c67bd657cbb44877a2d8815ece568"}, "author": "Ezequiel Minaya", "url": "http://www.wsj.com/articles/norfolk-southern-to-slash-200-jobs-at-subsidiary-1442589295", "ord_in_thread": 0, "title": "Norfolk Southern to Slash 200 Jobs at Subsidiary", "locations": [], "entities": {"persons": [], "locations": [], "organizations": []}, "highlightText": "", "language": "english", "persons": [], "text": "Norfolk Southern Corp. said Friday that it would cut about 200 jobs as part of the restructuring of its Triple Crown Services subsidiary, which hauls shipments over roads and rails.\nThe division currently has about 240 employees and annual revenue of about $350 million. The subsidiary’s business outside of the transportation of automobile parts... To Read the Full Story, Subscribe or Sign In", "external_links": [], "published": "2015-09-18T19:14:00.000+03:00", "crawled": "2015-09-18T18:44:57.450+03:00", "highlightTitle": ""}