{"organizations": [], "uuid": "1079265e6e37e1a0361f87286cf9bcc0eb118c65", "thread": {"social": {"gplus": {"shares": 0}, "pinterest": {"shares": 0}, "vk": {"shares": 0}, "linkedin": {"shares": 0}, "facebook": {"likes": 0, "shares": 0, "comments": 0}, "stumbledupon": {"shares": 0}}, "site_full": "finance.yahoo.com", "main_image": "http://l3.yimg.com/bt/api/res/1.2/sPRHWxiNpUUh5VcE4GgaMA--/YXBwaWQ9eW5ld3NfbGVnbztxPTc1O3c9NjAw/http://l.yimg.com/os/publish-images/finance/2015-01-05/ebf83620-9512-11e4-870f-b9bd0f33bd04_YFinance_MarketMovers_OnlineSlate_NASDAQ1.png", "site_section": "http://finance.yahoo.com/rss/headline?s=RENT", "section_title": "Yahoo! Finance: RENT News", "url": "http://finance.yahoo.com/news/stocks-up-as-tough-quarter-ends--costco-s-gas-problem--ralph-lauren-steps-down-115831111.html", "country": "GB", "title": "Stocks up as tough quarter ends; Costco's gas problem; Ralph Lauren steps down - Yahoo Finance", "performance_score": 0, "site": "yahoo.com", "participants_count": 1, "title_full": "Stocks up as tough quarter ends; Costco's gas problem; Ralph Lauren steps down - Yahoo Finance", "spam_score": 0.0, "site_type": "news", "published": "2015-09-30T03:00:00.000+03:00", "replies_count": 0, "uuid": "1079265e6e37e1a0361f87286cf9bcc0eb118c65"}, "author": "\\n", "url": "http://finance.yahoo.com/news/stocks-up-as-tough-quarter-ends--costco-s-gas-problem--ralph-lauren-steps-down-115831111.html", "ord_in_thread": 0, "title": "Stocks up as tough quarter ends; Costco's gas problem; Ralph Lauren steps down - Yahoo Finance", "locations": [], "entities": {"persons": [], "locations": [], "organizations": []}, "highlightText": "", "language": "english", "persons": [], "text": "Stocks are not up until the market opens. FUTURES are up. And it looks like it's going to be a good day but the way things have been I'll believe it if stocks are still up at 3:59pm EST.\\n \\n", "external_links": [], "published": "2015-09-30T03:00:00.000+03:00", "crawled": "2015-09-30T15:35:14.991+03:00", "highlightTitle": ""}