{"organizations": [], "uuid": "666cd0cf764b54408345efb36f59a845864ef646", "thread": {"social": {"gplus": {"shares": 0}, "pinterest": {"shares": 0}, "vk": {"shares": 0}, "linkedin": {"shares": 0}, "facebook": {"likes": 0, "shares": 0, "comments": 0}, "stumbledupon": {"shares": 0}}, "site_full": "allafrica.com", "main_image": "http://allafrica.com/static/images/structure/aa-logo-rgba-no-text-128x128.png", "site_section": "http://allafrica.com/tools/headlines/rdf/business/headlines.rdf", "section_title": "AllAfrica News: Economy, Business and Finance", "url": "http://allafrica.com/stories/201509282089.html", "country": "US", "title": "Kenya: There's No Infrastructure for E-Procurement in Counties, Governors Say", "performance_score": 0, "site": "allafrica.com", "participants_count": 0, "title_full": "Kenya: There's No Infrastructure for E-Procurement in Counties, Governors Say", "spam_score": 0.0, "site_type": "news", "published": "2015-09-28T15:21:00.000+03:00", "replies_count": 0, "uuid": "666cd0cf764b54408345efb36f59a845864ef646"}, "author": "", "url": "http://allafrica.com/stories/201509282089.html", "ord_in_thread": 0, "title": "Kenya: There's No Infrastructure for E-Procurement in Counties, Governors Say", "locations": ["Kenya"], "entities": {"persons": [], "locations": [], "organizations": []}, "highlightText": "", "language": "english", "persons": ["Fatma Mzee"], "text": "Kenya: Homophobic Mobs Attack LGBT People in Kenya With Impunity - Report By Fatma Mzee \nThe Council of Governors has threatened to take the government to court if it continues pushing county governments to use e-procurement and the Integrated Financial Management Information Systems (Ifmis) systems. \nSpeaking during a fundraising for small-scale businesswomen held in Garsen, Tana River County, governors Peter Munya (Meru and CoG chairman), Isaac Ruto (Bomet), Ukur Yatani (Marsabit) and Hussein Dado (Tana River) argued that there is no infrastructure to allow such systems to be used countrywide. \nMr Munya said most counties were left behind during the earlier governments adding that there was no preparedness and readiness to start using the systems when the government enforced them. \n\"We will have no choice but to move to court next week if the government continues insisting that we use e-procurement and Ifmis systems because there is nowhere in the Constitution that it is stated we should use it,\" said Mr Munya. \nMr Dado called upon the government to suspend the order until proper infrastructure is established adding that its use will lock out small scale businessmen in rural areas. \n\"We welcome the use of technology in our operations but this is going to lock out small scale contractors residing in remote areas where network is a nightmare,\" said Mr Dado. \nHe added that the systems have caused delays in service delivery which in turn has affected ongoing projects adding that contractors have not been able to access their funds in time. Kenya \nDevelopments in the case facing Kenya's Deputy President William Ruto and the pursuit of Sudanese leader Omar al Bashir … see more » Copyright © 2015 The Nation. All rights reserved. Distributed by AllAfrica Global Media ( allAfrica.com ). To contact the copyright holder directly for corrections — or for permission to republish or make other authorized use of this material, click here. AllAfrica publishes around 2,000 reports a day from more than 130 news organizations and over 200 other institutions and individuals , representing a diversity of positions on every topic. We publish news and views ranging from vigorous opponents of governments to government publications and spokespersons. Publishers named above each report are responsible for their own content, which AllAfrica does not have the legal right to edit or correct. Articles and commentaries that identify allAfrica.com as the publisher are produced or commissioned by AllAfrica . To address comments or complaints, please Contact us .", "external_links": [], "published": "2015-09-28T15:21:00.000+03:00", "crawled": "2015-09-28T17:38:00.960+03:00", "highlightTitle": ""}