{"organizations": [], "uuid": "b62520b5858425c884db9be92958d521b7d3eee2", "thread": {"social": {"gplus": {"shares": 0}, "pinterest": {"shares": 0}, "vk": {"shares": 0}, "linkedin": {"shares": 0}, "facebook": {"likes": 0, "shares": 0, "comments": 0}, "stumbledupon": {"shares": 0}}, "site_full": "uk.finance.yahoo.com", "main_image": "https://s1.yimg.com/bt/api/res/1.2/M7vS95b2fvSzHFeFStPk0A--/YXBwaWQ9eW5ld3NfbGVnbztxPTc1O3c9NjAw/http://l.yimg.com/os/mit/media/m/social/images/social_default_logo-1481777.png", "site_section": "http://finance.yahoo.com/rss/headline?s=VLO", "section_title": "Yahoo! Finance: VLO News", "url": "https://uk.finance.yahoo.com/news/usw-reject-latest-contract-offer-162909983.html", "country": "US", "title": "USW to reject latest contract offer from companies to refinery workers - sources - Yahoo Finance UK", "performance_score": 0, "site": "yahoo.com", "participants_count": 1, "title_full": "USW to reject latest contract offer from companies to refinery workers - sources - Yahoo Finance UK", "spam_score": 0.0, "site_type": "news", "published": "2015-09-30T03:00:00.000+03:00", "replies_count": 0, "uuid": "b62520b5858425c884db9be92958d521b7d3eee2"}, "author": "Reuters - UK Focus", "url": "https://uk.finance.yahoo.com/news/usw-reject-latest-contract-offer-162909983.html", "ord_in_thread": 0, "title": "USW to reject latest contract offer from companies to refinery workers - sources - Yahoo Finance UK", "locations": [], "entities": {"persons": [], "locations": [], "organizations": []}, "highlightText": "", "language": "english", "persons": [], "text": "RELATED QUOTES Symbol Price Change VLO 58.74 +0.86 LYB 80.96 +0.36 MPC 45.54 +0.51 CVX 76.25 +0.48 TSO 98.33 -0.05", "external_links": [], "published": "2015-09-30T03:00:00.000+03:00", "crawled": "2015-09-30T00:39:20.953+03:00", "highlightTitle": ""}