{"organizations": [], "uuid": "301fce69b93e50868b0ade43a906427892d9de8b", "thread": {"social": {"gplus": {"shares": 0}, "pinterest": {"shares": 0}, "vk": {"shares": 0}, "linkedin": {"shares": 0}, "facebook": {"likes": 0, "shares": 0, "comments": 0}, "stumbledupon": {"shares": 0}}, "site_full": "www.wsj.com", "main_image": "http://si.wsj.net/img/WSJ_Logo_black_social.gif", "site_section": "http://www.wsj.com/news/business", "section_title": "Business &amp; Finance News - Wall Street Journal", "url": "http://www.wsj.com/articles/chevron-amends-bylaws-to-allow-proxy-access-1443640876", "country": "US", "title": "Chevron Amends Bylaws to Allow Proxy Access", "performance_score": 0, "site": "wsj.com", "participants_count": 1, "title_full": "Chevron Amends Bylaws to Allow Proxy Access - WSJ", "spam_score": 0.0, "site_type": "news", "published": "2015-09-30T23:21:00.000+03:00", "replies_count": 0, "uuid": "301fce69b93e50868b0ade43a906427892d9de8b"}, "author": "Tess Stynes", "url": "http://www.wsj.com/articles/chevron-amends-bylaws-to-allow-proxy-access-1443640876", "ord_in_thread": 0, "title": "Chevron Amends Bylaws to Allow Proxy Access", "locations": [], "entities": {"persons": [], "locations": [], "organizations": []}, "highlightText": "", "language": "english", "persons": [], "text": "Chevron Corp. said its board amended the oil major’s bylaws to make it easier for some big shareholders to nominate candidates to its board, joining a growing list of major companies to do so.\nProxy access gives shareholders greater clout to oust directors and influence strategy by letting them list competing board candidates on corporate ballots. The push comes at a time when activist investors also are trying to force change on... To Read the Full Story, Subscribe or Sign In", "external_links": [], "published": "2015-09-30T23:21:00.000+03:00", "crawled": "2015-09-30T22:47:07.165+03:00", "highlightTitle": ""}