{"organizations": ["SEC"], "uuid": "3213d4f823bda2308014aab7462fb83a611d7114", "thread": {"social": {"gplus": {"shares": 0}, "pinterest": {"shares": 0}, "vk": {"shares": 0}, "linkedin": {"shares": 0}, "facebook": {"likes": 0, "shares": 0, "comments": 0}, "stumbledupon": {"shares": 0}}, "site_full": "us.rd.yahoo.com", "main_image": "", "site_section": "http://us.rd.yahoo.com/finance/news/rss/add/*http://finance.yahoo.com/rss/headline?s=MHFI", "section_title": "Yahoo! Finance: MHFI News", "url": "http://us.rd.yahoo.com/finance/news/rss/story/*http://biz.yahoo.com/e/150928/mhfi8-k_a.html", "country": "US", "title": "MCGRAW HILL FINANCIAL INC Files SEC form 8-K/A, Change in Directors or Principal Officers", "performance_score": 0, "site": "yahoo.com", "participants_count": 0, "title_full": "MCGRAW HILL FINANCIAL INC Files SEC form 8-K/A, Change in Directors or Principal Officers", "spam_score": 0.0, "site_type": "news", "published": "2015-09-29T00:13:00.000+03:00", "replies_count": 0, "uuid": "3213d4f823bda2308014aab7462fb83a611d7114"}, "author": "", "url": "http://us.rd.yahoo.com/finance/news/rss/story/*http://biz.yahoo.com/e/150928/mhfi8-k_a.html", "ord_in_thread": 0, "title": "MCGRAW HILL FINANCIAL INC Files SEC form 8-K/A, Change in Directors or Principal Officers", "locations": [], "entities": {"persons": [], "locations": [], "organizations": []}, "highlightText": "", "language": "english", "persons": ["MCGRAW"], "text": "Show all filings for MCGRAW HILL FINANCIAL INC \nForm 8-K/A for MCGRAW HILL FINANCIAL INC \n28-Sep-2015 \nChange in Directors or Principal Officers Item 5.02 Departure of Directors or Certain Officers; Election of Directors; Appointment of Certain Officers; Compensatory Arrangements of Certain Officers \nIn connection with the resignation of Neeraj Sahai, the former President of Standard & Poor's Rating Services, as previously disclosed by McGraw Hill Financial, Inc. (the \"Company\") on September 8, 2015, Mr. Sahai and the Company have entered into a separation agreement dated September 24, 2015 under which they have agreed that, in consideration for Mr. Sahai's execution of a release of claims against the Company and his compliance with certain covenants relating to the Company, his departure from the Company will be treated as (i) a \"qualified termination of employment\" for purposes of the Company's Senior Executive Severance Plan, entitling him to the standard severance package contemplated by the plan; (ii) a termination other than for \"cause\" for purposes of the Key Executive Short-Term Incentive Compensation Plan, entitling him to a pro-rated annual bonus for 2015 under the terms of the plan; (iii) a termination other than for \"cause\" under the 2002 Stock Incentive Plan, allowing him to retain certain of his outstanding equity awards, as follows: 13,443 of his outstanding 2014 restricted share units, 2,383 of his outstanding 2015 restricted share units, 7,497 of his outstanding 2014 performance share units, 5,561 of his outstanding 2015 performance share units and 6,349 of his 2014 stock options; and (iv) reimbursement of legal fees of up to $15,000.", "external_links": [], "published": "2015-09-29T00:13:00.000+03:00", "crawled": "2015-09-29T02:49:26.488+03:00", "highlightTitle": ""}