{"organizations": ["Tullow Oil plc", "Glencore plc"], "uuid": "c7531ab6f236e96ab7913285a34d6a9926e93c13", "thread": {"social": {"gplus": {"shares": 0}, "pinterest": {"shares": 0}, "vk": {"shares": 0}, "linkedin": {"shares": 0}, "facebook": {"likes": 0, "shares": 0, "comments": 0}, "stumbledupon": {"shares": 0}}, "site_full": "uk.finance.yahoo.com", "main_image": "https://s1.yimg.com/bt/api/res/1.2/M7vS95b2fvSzHFeFStPk0A--/YXBwaWQ9eW5ld3NfbGVnbztxPTc1O3c9NjAw/http://l.yimg.com/os/mit/media/m/social/images/social_default_logo-1481777.png", "site_section": "https://uk.finance.yahoo.com/news/provider-fool/?format=rss", "section_title": "Finance News | Fool.co.uk - Yahoo! UK & Ireland Finance", "url": "https://uk.finance.yahoo.com/news/opportunity-handsome-returns-unloved-glencore-090857395.html", "country": "GB", "title": "Is There An Opportunity For Handsome Returns With Unloved Glencore plc, Tullow Oil plc and Premier Oil plc?", "performance_score": 0, "site": "yahoo.com", "participants_count": 0, "title_full": "Is There An Opportunity For Handsome Returns With Unloved Glencore plc, Tullow Oil plc and Premier Oil plc?", "spam_score": 0.0, "site_type": "news", "published": "2015-09-28T12:08:00.000+03:00", "replies_count": 0, "uuid": "c7531ab6f236e96ab7913285a34d6a9926e93c13"}, "author": "", "url": "https://uk.finance.yahoo.com/news/opportunity-handsome-returns-unloved-glencore-090857395.html", "ord_in_thread": 0, "title": "Is There An Opportunity For Handsome Returns With Unloved Glencore plc, Tullow Oil plc and Premier Oil plc?", "locations": [], "entities": {"persons": [], "locations": [], "organizations": []}, "highlightText": "", "language": "english", "persons": [], "text": "Tip : Use comma (,) to separate multiple quotes. Learn more... \nMon, Sep 28, 2015, 10:24 BST - UK Markets close in 6 hrs 6 mins Is There An Opportunity For Handsome Returns With Unloved Glencore plc, Tullow Oil plc and Premier Oil plc? By Dave Sullivan | Fool.co.uk – 15 minutes ago 165.30 -4.2000 \nIt's hardly breaking news -- the price of oil and many other resources have collapsed. Whilst there are many moving parts involved in the slide in prices, investors can broadly put the weakness down to supply outstripping demand. \nAs the chart below painfully demonstrates, this has been a very testing time for investors in the companies involved in natural resources sector, such as Glencore (LSE: GLEN), Tullow Oil (LSE: TLW) and Premier Oil (LSE: PMO). \nA Chart to Behold \nAs the chart shows, anyone who bought these stocks at this time last year would be looking at a lot of red in their portfolio right now. All three stocks show a loss of between 70% and 80%, thereby significantly under-performing the FTSE 100 . \nThe Weeks Biggest Losers \nIndeed, all three of these stocks have been under considerable pressure in the last seven days - at Fridays close their performance according to Digital Look was: Glencore - down 22.84% Premier Oil - down 14.02% \nSo the question is: with falls like this, are there bargains to be had? \nWell, to be honest. I think that investors could well see the share price performance of all three company's under review today continue to be downwards - here's why: \nFirstly, and for me, most importantly, all of these companies have little in the way of control over the price of the particular commodity that they pull from the ground and/or trade in. It seems to me that we are currently in a position where supply is outstripping demand, the result being downward pressure on the price. True, each management team have the ability to slow production or close less profitable operations whilst waiting for prices to recover, trim costs and make the business leaner, but there is only so much they can do. \nSecondly, all three have seen brokers downgrading their earnings estimates continuously for the last twelve months, indeed, Premier is now expected to make a loss for the year ending 31 December 2015. Both Glencore and Tullow are still expected to turn a profit, but expectations have been slashed by over 75% over the last twelve months according to data from Stockopedia. \nFinally, all three carry a significant amount of debt. Investors in Afren will be all too aware of the implications that this can carry. I wouldn't be surprised is a significant proportion of the current share price weakness is due to concerns around this issue alone. To give credit where it is due, management at Glencore have taken action and placed more shares with institutional investors earlier this month, in addition, both the CEO and the CFO made significant purchases, too. As an investor, I would like to see similar transactions at Tullow and Premier. \nThis Fools Take \nSometimes the best way to get rich is to avoid the big losses. I can remember a similar situation with the banks around the time of the financial crisis, just as I was starting to invest proper. I can remember thinking that surely their share prices couldn't drop any further? Guess what - they could and they did! \nPersonally, I now pause for thought prior to rushing into a share that has been subject to large price falls - I find that it has usually fallen for a reason - and shares can indeed fall further. \nAnd while I don't pretend to know which way the oil, copper or iron ore prices are headed, I'd want to see a better balance in the supply versus demand then we currently have before dipping my toe into this sector. \nWhilst it is true that some traders will make their fortune by getting the call correct, and some who could find that they have lost their shirts. There is a better way to invest in this market, and you can find some further details in this special free report. \nEntitled \"10 Steps To Making A Million In The Market\" you will learn how following ten simple steps can seriously improve your wealth - the key is starting early! \nThis report is currently completely free and without obligation, so don't delay! Click here to receive this report - right now. \nDave Sullivan has no position in any shares mentioned. The Motley Fool UK has recommended Tullow Oil.  ", "external_links": [], "published": "2015-09-28T12:08:00.000+03:00", "crawled": "2015-09-28T12:25:11.125+03:00", "highlightTitle": ""}