{"organizations": [], "uuid": "2e0b4db4d0370b6ec3f4d9aacdac0291157dfc52", "thread": {"social": {"gplus": {"shares": 0}, "pinterest": {"shares": 0}, "vk": {"shares": 0}, "linkedin": {"shares": 0}, "facebook": {"likes": 0, "shares": 0, "comments": 0}, "stumbledupon": {"shares": 0}}, "site_full": "sg.finance.yahoo.com", "main_image": "https://s1.yimg.com/bt/api/res/1.2/M7vS95b2fvSzHFeFStPk0A--/YXBwaWQ9eW5ld3NfbGVnbztxPTc1O3c9NjAw/http://l.yimg.com/os/mit/media/m/social/images/social_default_logo-1481777.png", "site_section": "http://finance.yahoo.com/rss/headline?s=VLO", "section_title": "Yahoo! Finance: VLO News", "url": "https://sg.finance.yahoo.com/news/valero-energy-tops-street-4q-132156802.html", "country": "US", "title": "Valero Energy tops Street 4Q forecasts - Yahoo Singapore Finance", "performance_score": 0, "site": "yahoo.com", "participants_count": 1, "title_full": "Valero Energy tops Street 4Q forecasts - Yahoo Singapore Finance", "spam_score": 0.0, "site_type": "news", "published": "2015-09-30T03:00:00.000+03:00", "replies_count": 0, "uuid": "2e0b4db4d0370b6ec3f4d9aacdac0291157dfc52"}, "author": "Associated Press", "url": "https://sg.finance.yahoo.com/news/valero-energy-tops-street-4q-132156802.html", "ord_in_thread": 0, "title": "Valero Energy tops Street 4Q forecasts - Yahoo Singapore Finance", "locations": [], "entities": {"persons": [], "locations": [], "organizations": []}, "highlightText": "", "language": "english", "persons": [], "text": "RELATED QUOTES Symbol Price Change VLO 58.74 +0.86", "external_links": [], "published": "2015-09-30T03:00:00.000+03:00", "crawled": "2015-09-30T00:40:25.092+03:00", "highlightTitle": ""}