{"organizations": [], "uuid": "24f5c11c32d51fec11ccb7d6d3729aa6fbb4b67b", "thread": {"social": {"gplus": {"shares": 0}, "pinterest": {"shares": 0}, "vk": {"shares": 0}, "linkedin": {"shares": 0}, "facebook": {"likes": 0, "shares": 0, "comments": 0}, "stumbledupon": {"shares": 0}}, "site_full": "allafrica.com", "main_image": "http://allafrica.com/static/images/structure/aa-logo-rgba-no-text-128x128.png", "site_section": "http://allafrica.com/tools/headlines/rdf/business/headlines.rdf", "section_title": "AllAfrica News: Economy, Business and Finance", "url": "http://allafrica.com/stories/201509270148.html", "country": "US", "title": "South Africa: Let's Celebrate Our African Pride, Diversity and Culture On Heritage Day!", "performance_score": 0, "site": "allafrica.com", "participants_count": 0, "title_full": "South Africa: Let's Celebrate Our African Pride, Diversity and Culture On Heritage Day!", "spam_score": 0.0, "site_type": "news", "published": "2015-09-27T16:44:00.000+03:00", "replies_count": 0, "uuid": "24f5c11c32d51fec11ccb7d6d3729aa6fbb4b67b"}, "author": "", "url": "http://allafrica.com/stories/201509270148.html", "ord_in_thread": 0, "title": "South Africa: Let's Celebrate Our African Pride, Diversity and Culture On Heritage Day!", "locations": ["Angola", "South Africa"], "entities": {"persons": [], "locations": [], "organizations": []}, "highlightText": "", "language": "english", "persons": [], "text": "Angola: Attempts At Peaceful Protests Are Now \"Undemocratic\" in Angola press release \nThe Congress of South African Trade Unions joins the millions in the length and breadth of our hills and the valleys, the mountains and the glades, the rivers, the deserts, the trees, the flowers, the seas and the ever-changing seasons in the joyous Heritage celebrations anchored on a Theme promoted by the Department of Arts and Culture, ‘Our Indigenous knowledge, our heritage; Towards the identification, promotion and preservation of South Africa's living heritage'. \nCOSATU appeals to all citizens to contribute collectively and in their individual capacity to enhance and foster social cohesion with all communities, with respect to their diverse culture and also promote nation building as espoused in the Freedom Charter. \nWe wish all persons in the national territory a safe journey for those who will be undertaking short and long trips to visit the families and also going to various faith-based celebrations. \nCOSATU urges all traffic authorities and law enforcement agencies to be on the toes to promote road safety on all our roads as many breadwinners are losing lives during the long weekends whilst visiting their families. \nSouth Africa belongs to all who live in it, black and white! \nOur Heritage is our pride! South Africa \nThe Springboks took on Samoa at their own physical game - and emerged well-deserved winners at the Rugby World Cup at … see more » Copyright © 2015 Congress of South African Trade Unions. All rights reserved. Distributed by AllAfrica Global Media ( allAfrica.com ). To contact the copyright holder directly for corrections — or for permission to republish or make other authorized use of this material, click here. AllAfrica publishes around 2,000 reports a day from more than 130 news organizations and over 200 other institutions and individuals , representing a diversity of positions on every topic. We publish news and views ranging from vigorous opponents of governments to government publications and spokespersons. Publishers named above each report are responsible for their own content, which AllAfrica does not have the legal right to edit or correct. Articles and commentaries that identify allAfrica.com as the publisher are produced or commissioned by AllAfrica . To address comments or complaints, please Contact us .", "external_links": [], "published": "2015-09-27T16:44:00.000+03:00", "crawled": "2015-09-27T18:26:33.930+03:00", "highlightTitle": ""}