{"organizations": [], "uuid": "ac706845a77928ecae19a4a677e18e8822f15769", "thread": {"social": {"gplus": {"shares": 0}, "pinterest": {"shares": 0}, "vk": {"shares": 0}, "linkedin": {"shares": 0}, "facebook": {"likes": 0, "shares": 0, "comments": 0}, "stumbledupon": {"shares": 0}}, "site_full": "www.reuters.com", "main_image": "", "site_section": "http://www.reuters.com/finance/personal-finance", "section_title": "Wealth, Personal Finance &amp; Money | Reuters.com", "url": "http://www.reuters.com/article/2015/09/09/ukraine-crisis-summit-idUSL5N11F4GU20150909", "country": "US", "title": "Leaders from EU, Russia, Ukraine to meet in Paris in Oct - reports", "performance_score": 0, "site": "reuters.com", "participants_count": 1, "title_full": "Leaders from EU, Russia, Ukraine to meet in Paris in Oct - reports | Reuters", "spam_score": 0.0, "site_type": "news", "published": "2015-09-10T00:09:00.000+03:00", "replies_count": 0, "uuid": "ac706845a77928ecae19a4a677e18e8822f15769"}, "author": "Reuters", "url": "http://www.reuters.com/article/2015/09/09/ukraine-crisis-summit-idUSL5N11F4GU20150909", "ord_in_thread": 0, "title": "Leaders from EU, Russia, Ukraine to meet in Paris in Oct - reports", "locations": [], "entities": {"persons": [], "locations": [], "organizations": []}, "highlightText": "", "language": "english", "persons": [], "text": "MOSCOW, Sept 9 Russian President Vladimir Putin and Ukrianian President Petro Poroshenko will along with the French and German leaders in Paris in early October to discuss peace efforts to resolve the Ukrainian conflict, Russian news agency RIA reported on Wednesday, citing France's Elysee Palace.\n(Reporting by Vladimir Soldatkin, Editing by Angus MacSwan)", "external_links": [], "published": "2015-09-10T00:09:00.000+03:00", "crawled": "2015-09-09T23:19:02.439+03:00", "highlightTitle": ""}