{"organizations": ["Intel"], "uuid": "dd322307adfb454a5710dbcd22c725b666bb03e8", "thread": {"social": {"gplus": {"shares": 0}, "pinterest": {"shares": 0}, "vk": {"shares": 0}, "linkedin": {"shares": 0}, "facebook": {"likes": 0, "shares": 0, "comments": 0}, "stumbledupon": {"shares": 0}}, "site_full": "allafrica.com", "main_image": "http://allafrica.com/static/images/structure/aa-logo-rgba-no-text-128x128.png", "site_section": "http://allafrica.com/tools/headlines/rdf/business/headlines.rdf", "section_title": "AllAfrica News: Economy, Business and Finance", "url": "http://allafrica.com/stories/201509280003.html", "country": "US", "title": "Nigeria: Intel to Train 5 Million Women On Technology", "performance_score": 0, "site": "allafrica.com", "participants_count": 0, "title_full": "Nigeria: Intel to Train 5 Million Women On Technology", "spam_score": 0.0, "site_type": "news", "published": "2015-09-28T09:39:00.000+03:00", "replies_count": 0, "uuid": "dd322307adfb454a5710dbcd22c725b666bb03e8"}, "author": "", "url": "http://allafrica.com/stories/201509280003.html", "ord_in_thread": 0, "title": "Nigeria: Intel to Train 5 Million Women On Technology", "locations": ["Nigeria"], "entities": {"persons": [], "locations": [], "organizations": []}, "highlightText": "", "language": "english", "persons": [], "text": "Nigeria: Hajj Tragedy - Amosun Commiserates With Deceased's Families \nBent on bridging gender gap in technology, Intel Corporation has announced its plans to train five 5 million girls and women in the next five years through its 'She Will Connect' initiative. \nAlready, its had started fulfilling its promise of having organised a digital literacy and entrepreneurship training for young girls and women in Lagos recently. \nThe Director of Intel's Global Girls and Women Initiative, Suzzanne Fallender noted that the internet was powering ideas across the world but it was mostly harnessed by the male folks, a development which explains Intel's concentration in women. \nCommenting on the initiative, The Africa Program Manager for Intel Corporation, Suraj Shah said that the company intended to break down barriers, create interests and offer connections through technology \n\"Intel remains committed to empowering young girls and women through technology. We are helping women understand that, there is a lot they can achieve with technology, and these are indeed amazing. \n‎\"Intel is using the 'She Will Connect\" to reach out to young girls and women in communities, States and countries around the world, offering an opportunity for Intel to encourage women to build connections, develop and solidify actions and also celebrate success stories to become the best version of themselves in their studies, work and careers.\"Shah added. Nigeria \nThe much-awaited list of President Muhammadu Buhari's ministerial nominees will be released on Wednesday, the last day … see more » Copyright © 2015 This Day. All rights reserved. Distributed by AllAfrica Global Media ( allAfrica.com ). To contact the copyright holder directly for corrections — or for permission to republish or make other authorized use of this material, click here. AllAfrica publishes around 2,000 reports a day from more than 130 news organizations and over 200 other institutions and individuals , representing a diversity of positions on every topic. We publish news and views ranging from vigorous opponents of governments to government publications and spokespersons. Publishers named above each report are responsible for their own content, which AllAfrica does not have the legal right to edit or correct. Articles and commentaries that identify allAfrica.com as the publisher are produced or commissioned by AllAfrica . To address comments or complaints, please Contact us .", "external_links": [], "published": "2015-09-28T09:39:00.000+03:00", "crawled": "2015-09-28T10:22:01.423+03:00", "highlightTitle": ""}