{"organizations": [], "uuid": "0972f50a3fafe19bbe46fe2b4baacb7bb6c5d56d", "thread": {"social": {"gplus": {"shares": 0}, "pinterest": {"shares": 0}, "vk": {"shares": 0}, "linkedin": {"shares": 0}, "facebook": {"likes": 0, "shares": 0, "comments": 0}, "stumbledupon": {"shares": 0}}, "site_full": "www.moneylife.in", "main_image": "http://moneylife.in/site/userimage/image/thumbnail/logo.gif", "site_section": "http://moneylife.in/site/rss.php", "section_title": "Moneylife Personal Finance Magazine", "url": "http://www.moneylife.in/article/wpi-linked-inflation-indexed-bonds-for-buyback/43239.html", "country": "IN", "title": "WPI Linked Inflation Indexed Bonds for Buyback?", "performance_score": 0, "site": "moneylife.in", "participants_count": 1, "title_full": "WPI Linked Inflation Indexed Bonds for Buyback?", "spam_score": 0.0, "site_type": "news", "published": "2015-08-31T13:41:00.000+03:00", "replies_count": 0, "uuid": "0972f50a3fafe19bbe46fe2b4baacb7bb6c5d56d"}, "author": "Moneylife Digital Team", "url": "http://www.moneylife.in/article/wpi-linked-inflation-indexed-bonds-for-buyback/43239.html", "ord_in_thread": 0, "title": "WPI Linked Inflation Indexed Bonds for Buyback?", "locations": [], "entities": {"persons": [], "locations": [], "organizations": []}, "highlightText": "", "language": "english", "persons": [], "text": "Moneylife » WPI Linked Inflation Indexed Bonds for Buyback? 43239 WPI Linked Inflation Indexed Bonds for Buyback? 0 Comments, Be the first to comment To continue reading this article, you must be a Premium subscriber... Premium Content Moneylife Magazine issues launched during the month Archives from 2006 Automatic membership of Moneylife.in to help you access the site, comment, create alerts Daily and weekly newsletters for news and views with a difference in your mailbox Automatic membership of Moneylife Foundation Automatic basic membership of Moneylife Smart Savers, our upcoming initiative Details of our initiatives, local events, deals & discounts Yearly Digital+Print Access", "external_links": [], "published": "2015-08-31T13:41:00.000+03:00", "crawled": "2015-09-02T14:27:14.821+03:00", "highlightTitle": ""}