{"organizations": ["S&T Bancorp, Inc."], "uuid": "2f1e552ba093a3a28c3d0008b200f50e09ddb376", "thread": {"social": {"gplus": {"shares": 0}, "pinterest": {"shares": 0}, "vk": {"shares": 0}, "linkedin": {"shares": 0}, "facebook": {"likes": 0, "shares": 0, "comments": 0}, "stumbledupon": {"shares": 0}}, "site_full": "newswatchinternational.com", "main_image": "", "site_section": "http://www.google.ca/finance/company_news?q=NASDAQ:STBA&ei=zIG5U_DmF4W-wQOOoICIDQ&output=rss", "section_title": "News for S & T Bancorp Inc - Google Finance", "url": "http://newswatchinternational.com/news/company-shares-of-st-bancorp-inc-nasdaqstba-rally-4-67.html", "country": "IL", "title": "Company Shares of S&T Bancorp, Inc. (NASDAQ:STBA) Rally 4.67%", "performance_score": 0, "site": "newswatchinternational.com", "participants_count": 0, "title_full": "Company Shares of S&T Bancorp, Inc. (NASDAQ:STBA) Rally 4.67%", "spam_score": 0.0, "site_type": "news", "published": "2015-09-28T09:22:00.000+03:00", "replies_count": 0, "uuid": "2f1e552ba093a3a28c3d0008b200f50e09ddb376"}, "author": "", "url": "http://newswatchinternational.com/news/company-shares-of-st-bancorp-inc-nasdaqstba-rally-4-67.html", "ord_in_thread": 0, "title": "Company Shares of S&T Bancorp, Inc. (NASDAQ:STBA) Rally 4.67%", "locations": [], "entities": {"persons": [], "locations": [], "organizations": []}, "highlightText": "", "language": "english", "persons": [], "text": "Company Shares of   Rally 4.67% Sep 28, 2015 \nShares of   rose by 4.67% in the past week and 11.09% for the last 4 weeks. In the past week, the shares have outperformed the S&P 500 by 6.11% and the outperformance increases to 14.4% for the last 4 weeks. \nThe company shares have rallied 36.63% in the past 52 Weeks. On September 25, 2015 The shares registered one year high of $33.14 and one year low was seen on October 8, 2014 at $23.07. The 50-day moving average is $30.43 and the 200 day moving average is recorded at $29.28. S&P 500 has rallied 2.35% during the last 52-weeks. \n  rose 1.27% or 0.41 points on Friday and made its way into the gainers of the day. After trading began at $32.71 the stock was seen hitting $33.14 as a peak level and $32.42 as the lowest level. The stock ended up at $32.75. The daily volume was measured at 149,798 shares. The 52-week high of the share price is $33.14 and the 52-week low is $23.07. The company has a market cap of $1,140 million. \nOn a different note, The Company has disclosed insider buying and selling activities to the Securities Exchange, Hostetter Jerry Delmar, director of S&T Bancorp Inc, unloaded 5,500 shares at an average price of $31.95 on September 17, 2015. The total amount of the transaction was worth $175,725, according to the disclosed information with the Securities and Exchange Commission in a Form 4 filing. Currently the company Insiders own 2.7% of S&T Bancorp Inc. Company shares. In the past six months, there is a change of -9.43% in the total insider ownership. Institutional Investors own 49.1% of Company shares. During last 3 month period, 4.98% of total institutional ownership has changed in the company shares. \n  has seen a rise of 48,719 shares or 5.2% in the short interest. The remaining shorts are 2.9% of the total floated shares. The net short interest, as on September 15,2015, stood at 985,447 shares and the stocks days to cover will be 10 by factoring in the average per day volume of 97,672 shares. On August 31,2015, 936,728 shares were shorted. The information was released by Financial Industry Regulatory Authority, Inc (FINRA) on September 24th. \n  $3.4   $3.6   SHARE", "external_links": [], "published": "2015-09-28T09:22:00.000+03:00", "crawled": "2015-09-28T15:59:37.705+03:00", "highlightTitle": ""}