{"organizations": [], "uuid": "578c274c9d85d40caccc8115d1435d66d04a3134", "thread": {"social": {"gplus": {"shares": 0}, "pinterest": {"shares": 0}, "vk": {"shares": 0}, "linkedin": {"shares": 0}, "facebook": {"likes": 0, "shares": 0, "comments": 0}, "stumbledupon": {"shares": 0}}, "site_full": "sg.finance.yahoo.com", "main_image": "https://s1.yimg.com/bt/api/res/1.2/M7vS95b2fvSzHFeFStPk0A--/YXBwaWQ9eW5ld3NfbGVnbztxPTc1O3c9NjAw/http://l.yimg.com/os/mit/media/m/social/images/social_default_logo-1481777.png", "site_section": "http://finance.yahoo.com/rss/headline?s=NVS", "section_title": "Yahoo! Finance: NVS News", "url": "https://sg.finance.yahoo.com/news/glaxosmithkline-second-quarter-beats-despite-112048833.html", "country": "US", "title": "GSK flags up pipeline as HIV drugs help it beat profit forecasts - Yahoo Singapore Finance", "performance_score": 0, "site": "yahoo.com", "participants_count": 1, "title_full": "GSK flags up pipeline as HIV drugs help it beat profit forecasts - Yahoo Singapore Finance", "spam_score": 0.0, "site_type": "news", "published": "2015-09-30T03:00:00.000+03:00", "replies_count": 0, "uuid": "578c274c9d85d40caccc8115d1435d66d04a3134"}, "author": "Reuters", "url": "https://sg.finance.yahoo.com/news/glaxosmithkline-second-quarter-beats-despite-112048833.html", "ord_in_thread": 0, "title": "GSK flags up pipeline as HIV drugs help it beat profit forecasts - Yahoo Singapore Finance", "locations": [], "entities": {"persons": [], "locations": [], "organizations": []}, "highlightText": "", "language": "english", "persons": [], "text": "RELATED QUOTES Symbol Price Change GSK.L 1,237.50 -13.00 NOVN.VX 87.35 -1.45", "external_links": [], "published": "2015-09-30T03:00:00.000+03:00", "crawled": "2015-09-30T09:00:31.378+03:00", "highlightTitle": ""}