{"organizations": [], "uuid": "6c2406699e4d9011cc8b17275bf41a7dea63fe36", "thread": {"social": {"gplus": {"shares": 0}, "pinterest": {"shares": 0}, "vk": {"shares": 0}, "linkedin": {"shares": 0}, "facebook": {"likes": 0, "shares": 0, "comments": 0}, "stumbledupon": {"shares": 0}}, "site_full": "us.rd.yahoo.com", "main_image": "", "site_section": "http://us.rd.yahoo.com/finance/news/rss/add/*http://finance.yahoo.com/rss/headline?s=CPRT", "section_title": "Yahoo! Finance: CPRT News", "url": "http://us.rd.yahoo.com/finance/external/noodlsaunz/rss/SIG=125689b3e/*http://www.noodls.com/view/66FC5261A76365AAF82C3B8F88E3E50544653A7A", "country": "US", "title": "Copart Reports Fourth Quarter Fiscal 2015 Financial Results", "performance_score": 0, "site": "yahoo.com", "participants_count": 0, "title_full": "Copart Reports Fourth Quarter Fiscal 2015 Financial Results", "spam_score": 0.0, "site_type": "news", "published": "2015-09-29T10:27:00.000+03:00", "replies_count": 0, "uuid": "6c2406699e4d9011cc8b17275bf41a7dea63fe36"}, "author": "", "url": "http://us.rd.yahoo.com/finance/external/noodlsaunz/rss/SIG=125689b3e/*http://www.noodls.com/view/66FC5261A76365AAF82C3B8F88E3E50544653A7A", "ord_in_thread": 0, "title": "Copart Reports Fourth Quarter Fiscal 2015 Financial Results", "locations": [], "entities": {"persons": [], "locations": [], "organizations": []}, "highlightText": "", "language": "english", "persons": [], "text": "Close \nDallas, Texas. (September 22, 2015) - Copart, Inc. (NASDAQ: CPRT) today reported financial results for the quarter and year ended July 31, 2015. \nFor the three months ended July 31, 2015, revenue, gross margin and net income were $282.3 million, $118.8 million and $57.4 million, respectively. These represent a decrease in revenue of $5.2 million, or 1.8%; an increase in gross margin of $1.8 million, or 1.6%; and an increase in net income of $6.4 million, or 12.5%, respectively, from the same quarter last year. Fully diluted earnings per share for the three months were $0.44 compared to $0.39 last year, an increase of 12.8%. \nFor the year ended July 31, 2015, revenue, gross margin and net income were $1.1 billion, $483.4 million and $219.8 million, respectively. These represent a decrease in revenue of $17.4 million, or 1.5%; an increase in gross margin of $14.8 million, or 3.2%; and an increase in net income of $41.1 million, or 23.0%, respectively, from the same period last year. Fully diluted earnings per share for the twelve months were $1.67 compared to $1.36 last year, an increase of 22.8%. \nIncluded in the operating results for the three months ended July 31, 2015 and 2014 was the impact of the beneficial resolution of uncertain tax positions, which increased diluted earnings per share each period by $0.03. \nIncluded in the operating results of the prior year was an impairment charge of $29.1 million recorded in the third quarter resulting primarily from the abandonment of work previously capitalized in connection with the development of a third-party enterprise operating system. \nOn Wednesday, September 23, 2015, at 11 a.m. Eastern time, Copart will conduct a conference call to discuss the results for the quarter. The call will be webcast live at http://stream.conferenceamerica.com/copart092315. A replay of the call will be available through November 22, 2015 by calling (877) 919-4059 . Use confirmation code # 13231770. \nAbout Copart \nCopart, founded in 1982, provides vehicle sellers with a full range of remarketing services to process and sell salvage and clean title vehicles to dealers, dismantlers, rebuilders, exporters and, in some locations, to end users. Copart remarkets the vehicles through Internet sales utilizing its VB3 technology. Copart sells vehicles on behalf of insurance companies, banks, finance companies, fleet operators, dealers, car dealerships and others as well as cars sourced from the general public. The company currently operates in the United States and Canada (www.copart.com), the United Kingdom (www.copart.co.uk), Brazil (www.copart.com.br), Germany (www.copart.de), the United Arab Emirates, Oman and Bahrain (www.copartmea.com), India (www.copart.in), and Spain (www.autoresiduos.com). Copart links sellers to more than 750,000 members in over 150 countries worldwide through its multi-channel platform. Copart was recently ranked at the top of Deloitte's 'Exceptional 100' list of companies, which reviewed U.S. publicly traded companies based upon a multidimensional approach to measuring financial performance. For more information, or to become a member, visit www.copart.com. \nCautionary Note About Forward-Looking Statements \nThis press release contains forward-looking statements within the meaning of federal securities laws, and these forward-looking statements are subject to substantial risks and uncertainties. These forward-looking statements are subject to certain risks, trends and uncertainties that could cause actual results to differ materially from those projected or implied by our statements and comments. For a more complete discussion of the risks that could affect our business, please review the 'Management's Discussion and Analysis' and the other risks identified in Copart's latest Annual Report on Form 10-K, Quarterly Reports on Form 10-Q, and Current Reports on Form 8-K, as filed with the Securities and Exchange Commission. We encourage investors to review these disclosures carefully. We do not undertake to update any forward-looking statement that may be made from time to time on our behalf. Contact:", "external_links": [], "published": "2015-09-29T10:27:00.000+03:00", "crawled": "2015-09-29T10:54:30.939+03:00", "highlightTitle": ""}