{"organizations": [], "uuid": "8a100d60643a06d28bf4a43f35a32e1b3f667184", "thread": {"social": {"gplus": {"shares": 0}, "pinterest": {"shares": 0}, "vk": {"shares": 0}, "linkedin": {"shares": 0}, "facebook": {"likes": 0, "shares": 0, "comments": 0}, "stumbledupon": {"shares": 0}}, "site_full": "www.moneylife.in", "main_image": "http://moneylife.in/site/userimage/image/thumbnail/logo.gif", "site_section": "http://www.moneylife.in/site/rss.php", "section_title": "Moneylife Personal Finance Magazine", "url": "http://www.moneylife.in/article/insurance-fine-print/43477.html", "country": "IN", "title": "Insurance: Fine Print", "performance_score": 0, "site": "moneylife.in", "participants_count": 1, "title_full": "Insurance: Fine Print", "spam_score": 0.0, "site_type": "news", "published": "2015-09-28T10:11:00.000+03:00", "replies_count": 0, "uuid": "8a100d60643a06d28bf4a43f35a32e1b3f667184"}, "author": "Raj Pradhan", "url": "http://www.moneylife.in/article/insurance-fine-print/43477.html", "ord_in_thread": 0, "title": "Insurance: Fine Print", "locations": [], "entities": {"persons": [], "locations": [], "organizations": []}, "highlightText": "", "language": "english", "persons": [], "text": "Moneylife Magazine issues launched during the month Archives from 2006 Automatic membership of Moneylife.in to help you access the site, comment, create alerts Daily and weekly newsletters for news and views with a difference in your mailbox Automatic membership of Moneylife Foundation Automatic basic membership of Moneylife Smart Savers, our upcoming initiative Details of our initiatives, local events, deals & discounts Yearly Digital+Print Access", "external_links": [], "published": "2015-09-28T10:11:00.000+03:00", "crawled": "2015-09-30T11:17:45.185+03:00", "highlightTitle": ""}