{"organizations": [], "uuid": "c5f69672c65b68c3d45e30ad9d351d57c5c46170", "thread": {"social": {"gplus": {"shares": 0}, "pinterest": {"shares": 0}, "vk": {"shares": 0}, "linkedin": {"shares": 0}, "facebook": {"likes": 0, "shares": 0, "comments": 0}, "stumbledupon": {"shares": 0}}, "site_full": "business-news.thestreet.com", "main_image": "", "site_section": "http://business-news.thestreet.com/heritage-newspapers/rss/627", "section_title": "Heritage Newspapers : Personal Finance", "url": "http://business-news.thestreet.com/heritage-newspapers/story/10-worst-paying-college-degrees-that-could-cost-you-thousands-in-missed-wages/13284247", "country": "US", "title": "10 Worst-Paying College Degrees That Could Cost You Thousands in Missed Wages", "performance_score": 0, "site": "thestreet.com", "participants_count": 0, "title_full": "10 Worst-Paying College Degrees That Could Cost You Thousands in Missed Wages", "spam_score": 0.0, "site_type": "news", "published": "2015-09-10T20:27:00.000+03:00", "replies_count": 0, "uuid": "c5f69672c65b68c3d45e30ad9d351d57c5c46170"}, "author": "", "url": "http://business-news.thestreet.com/heritage-newspapers/story/10-worst-paying-college-degrees-that-could-cost-you-thousands-in-missed-wages/13284247", "ord_in_thread": 0, "title": "10 Worst-Paying College Degrees That Could Cost You Thousands in Missed Wages", "locations": [], "entities": {"persons": [], "locations": [], "organizations": []}, "highlightText": "", "language": "english", "persons": ["Laurie Kulikowski"], "text": "10 Worst-Paying College Degrees That Could Cost You Thousands in Missed Wages Written by: Laurie Kulikowski 09/10/15 - 1:27 PM EDT \nNEW YORK (TheStreet) -- Think that art history major is a good idea? Think again. The major ranks low on PayScale 's report on best- and worst-paying college degrees for future earning potential. \nSince having a career that is both rewarding and financially stable often starts in the classroom, it's important to know that there are many popular college majors that may seem interesting and cater to passions but aren't worth what you pay to get them. \nWorking with children and helping others in the form of counseling are some of several fields of study can that are not likely to produce big salary windfalls, according to data from PayScale's annual College Salary Report More Headlines 10 Celebrities Who are Rich, Famous and Also Weed Smokers \nPayScale's report, released last month, shows the best and worst bachelor's degrees by salary potential. PayScale is an online salary, benefits and compensation data company. \nWith school back in session -- for many that means picking a college major that will be the start of a successful career path. If making money is important to you, here are 10 college majors to avoid that have low earnings potential -- even 10 years into a career. \n10. Biblical Studies Median Early Career Salary: $34,900 Median Mid-Career Salary: $47,100 \nWhat is it? \nMajoring in Biblical studies means learning to examine the Bible. Biblical studies is a subset of theology studies. \nWhat kind of job can I get with the degree? \nThose who obtain degrees in Biblical studies go on to become church pastors, religious educators or professors, missionaries or religious counselors. \nThe outlook for becoming part of clergy is low, though. The projected percentage of annual growth in jobs from 2012 to 2022 is just 0.98%", "external_links": [], "published": "2015-09-10T20:27:00.000+03:00", "crawled": "2015-09-10T21:21:24.527+03:00", "highlightTitle": ""}