{"organizations": [], "uuid": "fe13264017f563a93e2f36051a497acacb285d42", "thread": {"social": {"gplus": {"shares": 0}, "pinterest": {"shares": 0}, "vk": {"shares": 0}, "linkedin": {"shares": 0}, "facebook": {"likes": 0, "shares": 0, "comments": 0}, "stumbledupon": {"shares": 0}}, "site_full": "uk.finance.yahoo.com", "main_image": "https://s1.yimg.com/bt/api/res/1.2/M7vS95b2fvSzHFeFStPk0A--/YXBwaWQ9eW5ld3NfbGVnbztxPTc1O3c9NjAw/http://l.yimg.com/os/mit/media/m/social/images/social_default_logo-1481777.png", "site_section": "https://uk.finance.yahoo.com/news/category-international/?format=rss", "section_title": "World Business News | Finance News - Yahoo! Finance UK", "url": "https://uk.finance.yahoo.com/news/business-events-scheduled-friday-140953518.html", "country": "GB", "title": "Business events scheduled for Friday", "performance_score": 0, "site": "yahoo.com", "participants_count": 0, "title_full": "Business events scheduled for Friday", "spam_score": 0.0, "site_type": "news", "published": "2015-09-24T20:18:00.000+03:00", "replies_count": 0, "uuid": "fe13264017f563a93e2f36051a497acacb285d42"}, "author": "", "url": "https://uk.finance.yahoo.com/news/business-events-scheduled-friday-140953518.html", "ord_in_thread": 0, "title": "Business events scheduled for Friday", "locations": [], "entities": {"persons": [], "locations": [], "organizations": []}, "highlightText": "", "language": "english", "persons": [], "text": "Tip : Use comma (,) to separate multiple quotes. Learn more... \nThu, Sep 24, 2015, 18:38 BST - UK Markets closed Business events scheduled for Friday Calendar of major business events scheduled for Friday By The Associated Press | Associated Press – 19 minutes ago \nMajor business and economic events scheduled for Friday: \nWASHINGTON — Commerce Department releases second-quarter gross domestic product, 8:30 a.m. Eastern. Tax cuts, pensions, childcare, online accounts and beer duty, here's … Related Stock Articles Follow the quotes you care about most. Access timely news and investment updates to stay on top of the market. … More » Yahoo UK & Ireland Finance Terms \nQuotes are real-time for NASDAQ, NYSE, and NYSEAmex when available. See also delay times for other exchanges . Quotes and other information supplied by independent providers identified on the Yahoo! Finance partner page . Quotes are updated automatically, but will be turned off after 25 minutes of inactivity. Quotes are delayed at least 15 minutes. All information provided \"as is\" for informational purposes only, not intended for trading purposes or advice. Neither Yahoo! nor any of independent providers is liable for any informational errors, incompleteness, or delays, or for any actions taken in reliance on information contained herein. By accessing the Yahoo! site, you agree not to redistribute the information found therein. \nFundamental company data provided by Capital IQ . Historical chart data and daily updates provided by Commodity Systems, Inc. (CSI) . International historical chart data and daily updates provided by Morningstar, Inc . Yahoo! - News Network", "external_links": [], "published": "2015-09-24T20:18:00.000+03:00", "crawled": "2015-09-24T20:42:19.187+03:00", "highlightTitle": ""}