{"organizations": [], "uuid": "76ab2bf1639c8560626eab72266c92a4d3ea67e3", "thread": {"social": {"gplus": {"shares": 0}, "pinterest": {"shares": 0}, "vk": {"shares": 0}, "linkedin": {"shares": 0}, "facebook": {"likes": 0, "shares": 0, "comments": 0}, "stumbledupon": {"shares": 0}}, "site_full": "imasaver.savingadvice.com", "main_image": "", "site_section": "http://imasaver.savingadvice.com/rss/", "section_title": "Ima Saver's Personal Finance Blog", "url": "http://imasaver.savingadvice.com/2015/09/27/my-biggest-visa-bill-ever-1699100_205974/", "country": "US", "title": "My biggest Visa bill ever, $16,991.00", "performance_score": 0, "site": "savingadvice.com", "participants_count": 1, "title_full": "My biggest Visa bill ever, $16,991.00", "spam_score": 0.0, "site_type": "news", "published": "2015-09-27T18:51:00.000+03:00", "replies_count": 0, "uuid": "76ab2bf1639c8560626eab72266c92a4d3ea67e3"}, "author": "Ima saver (julie is my real name)", "url": "http://imasaver.savingadvice.com/2015/09/27/my-biggest-visa-bill-ever-1699100_205974/", "ord_in_thread": 0, "title": "My biggest Visa bill ever, $16,991.00", "locations": [], "entities": {"persons": [], "locations": [], "organizations": []}, "highlightText": "", "language": "english", "persons": [], "text": " ", "external_links": [], "published": "2015-09-27T18:51:00.000+03:00", "crawled": "2015-09-28T01:52:50.167+03:00", "highlightTitle": ""}