{"organizations": [], "uuid": "dee45e0bcfe97b7cffd1dbd7ad2e615a0b5146b4", "thread": {"social": {"gplus": {"shares": 0}, "pinterest": {"shares": 0}, "vk": {"shares": 0}, "linkedin": {"shares": 0}, "facebook": {"likes": 0, "shares": 0, "comments": 0}, "stumbledupon": {"shares": 0}}, "site_full": "uk.finance.yahoo.com", "main_image": "https://s1.yimg.com/bt/api/res/1.2/M7vS95b2fvSzHFeFStPk0A--/YXBwaWQ9eW5ld3NfbGVnbztxPTc1O3c9NjAw/http://l.yimg.com/os/mit/media/m/social/images/social_default_logo-1481777.png", "site_section": "https://uk.finance.yahoo.com/news/provider-targetukfocus/?format=rss", "section_title": "Finance News | Reuters - UK Focus - Yahoo! UK & Ireland Finance", "url": "https://uk.finance.yahoo.com/news/britain-further-curb-over-allocation-132652600.html", "country": "US", "title": "Britain to further curb over-allocation of renewables subsidies", "performance_score": 0, "site": "yahoo.com", "participants_count": 0, "title_full": "Britain to further curb over-allocation of renewables subsidies", "spam_score": 0.0, "site_type": "news", "published": "2015-09-09T16:26:00.000+03:00", "replies_count": 0, "uuid": "dee45e0bcfe97b7cffd1dbd7ad2e615a0b5146b4"}, "author": "", "url": "https://uk.finance.yahoo.com/news/britain-further-curb-over-allocation-132652600.html", "ord_in_thread": 0, "title": "Britain to further curb over-allocation of renewables subsidies", "locations": ["Britain"], "entities": {"persons": [], "locations": [], "organizations": []}, "highlightText": "", "language": "english", "persons": [], "text": "Terms \nQuotes are real-time for NASDAQ, NYSE, and NYSEAmex when available. See also delay times for other exchanges . Quotes and other information supplied by independent providers identified on the Yahoo! Finance partner page . Quotes are updated automatically, but will be turned off after 25 minutes of inactivity. Quotes are delayed at least 15 minutes. All information provided \"as is\" for informational purposes only, not intended for trading purposes or advice. Neither Yahoo! nor any of independent providers is liable for any informational errors, incompleteness, or delays, or for any actions taken in reliance on information contained herein. By accessing the Yahoo! site, you agree not to redistribute the information found therein. \nFundamental company data provided by Capital IQ . Historical chart data and daily updates provided by Commodity Systems, Inc. (CSI) . International historical chart data and daily updates provided by Morningstar, Inc . Yahoo! - News Network", "external_links": [], "published": "2015-09-09T16:26:00.000+03:00", "crawled": "2015-09-09T16:32:10.608+03:00", "highlightTitle": ""}