{"organizations": [], "uuid": "9001d2b929eaa31feaf3a0911540d4c21d61ced4", "thread": {"social": {"gplus": {"shares": 0}, "pinterest": {"shares": 0}, "vk": {"shares": 0}, "linkedin": {"shares": 0}, "facebook": {"likes": 0, "shares": 0, "comments": 0}, "stumbledupon": {"shares": 0}}, "site_full": "uk.finance.yahoo.com", "main_image": "https://s1.yimg.com/bt/api/res/1.2/M7vS95b2fvSzHFeFStPk0A--/YXBwaWQ9eW5ld3NfbGVnbztxPTc1O3c9NjAw/http://l.yimg.com/os/mit/media/m/social/images/social_default_logo-1481777.png", "site_section": "https://uk.finance.yahoo.com/news/sector-basic-materials/?format=rss", "section_title": "Basic Resources News | Yahoo! Finance", "url": "https://uk.finance.yahoo.com/news/futures-sharply-lower-falling-oil-111851996.html", "country": "US", "title": "Stocks open lower on drop in oil, copper prices", "performance_score": 0, "site": "yahoo.com", "participants_count": 0, "title_full": "Stocks open lower on drop in oil, copper prices", "spam_score": 0.0, "site_type": "news", "published": "2015-09-22T16:43:00.000+03:00", "replies_count": 0, "uuid": "9001d2b929eaa31feaf3a0911540d4c21d61ced4"}, "author": "", "url": "https://uk.finance.yahoo.com/news/futures-sharply-lower-falling-oil-111851996.html", "ord_in_thread": 0, "title": "Stocks open lower on drop in oil, copper prices", "locations": [], "entities": {"persons": [], "locations": [], "organizations": []}, "highlightText": "", "language": "english", "persons": [], "text": "Tip : Use comma (,) to separate multiple quotes. Learn more... \nTue, Sep 22, 2015, 14:56 BST - UK Markets close in 1 hr 34 mins Stocks open lower on drop in oil, copper prices Reuters – 19 minutes ago View Photo \nTraders work on the floor of the New York Stock Exchange in New York August 26, 2015. REUTERS/Lucas … (Reuters) - Stocks opened lower on Tuesday, weighed down by a fall in copper and oil prices due to concerns about the outlook for the Chinese economy. \nThe Dow Jones industrial average (.DJI) fell 119.52 points, or 0.72 percent, to 16,390.67, the S&P 500 (.SPX) lost 16.06 points, or 0.82 percent, to 1,950.91 and the Nasdaq composite (.IXIC) dropped 64.20 points, or 1.33 percent, to 4,764.75. \n(Reporting by Abinaya Vijayaraghavan in Bengaluru; Editing by Savio D'Souza) Follow the quotes you care about most. Access timely news and investment updates to stay on top of the market. … More » Yahoo UK & Ireland Finance Terms \nQuotes are real-time for NASDAQ, NYSE, and NYSEAmex when available. See also delay times for other exchanges . Quotes and other information supplied by independent providers identified on the Yahoo! Finance partner page . Quotes are updated automatically, but will be turned off after 25 minutes of inactivity. Quotes are delayed at least 15 minutes. All information provided \"as is\" for informational purposes only, not intended for trading purposes or advice. Neither Yahoo! nor any of independent providers is liable for any informational errors, incompleteness, or delays, or for any actions taken in reliance on information contained herein. By accessing the Yahoo! site, you agree not to redistribute the information found therein. \nFundamental company data provided by Capital IQ . Historical chart data and daily updates provided by Commodity Systems, Inc. (CSI) . International historical chart data and daily updates provided by Morningstar, Inc . Yahoo! - News Network", "external_links": [], "published": "2015-09-22T16:43:00.000+03:00", "crawled": "2015-09-22T16:56:50.959+03:00", "highlightTitle": ""}