{"organizations": ["IPO"], "uuid": "27fd1734b857824a880ebdc73550c822ecbe8bbe", "thread": {"social": {"gplus": {"shares": 0}, "pinterest": {"shares": 0}, "vk": {"shares": 0}, "linkedin": {"shares": 0}, "facebook": {"likes": 0, "shares": 0, "comments": 0}, "stumbledupon": {"shares": 0}}, "site_full": "www.businessinsider.com", "main_image": "http://static4.businessinsider.com/image/55f0da169dd7cc11008b9452/nasdaq-lost-a-major-tech-ipo-to-the-nyse-right-after-its-ceo-boasted-about-getting-it.jpg", "site_section": "http://feeds.feedburner.com/TheMoneyGame\r", "section_title": "Finance", "url": "http://www.businessinsider.com/r-nasdaq-ceo-boasted-of-gaining-top-tech-ipo-then-lost-it-to-nyse-2015-9", "country": "US", "title": "Nasdaq CEO boasted of gaining top tech IPO, then lost it to NYSE", "performance_score": 0, "site": "businessinsider.com", "participants_count": 0, "title_full": "Nasdaq CEO boasted of gaining top tech IPO, then lost it to NYSE", "spam_score": 0.0, "site_type": "news", "published": "2015-09-10T03:55:00.000+03:00", "replies_count": 0, "uuid": "27fd1734b857824a880ebdc73550c822ecbe8bbe"}, "author": "", "url": "http://www.businessinsider.com/r-nasdaq-ceo-boasted-of-gaining-top-tech-ipo-then-lost-it-to-nyse-2015-9", "ord_in_thread": 0, "title": "Nasdaq CEO boasted of gaining top tech IPO, then lost it to NYSE", "locations": [], "entities": {"persons": [], "locations": [], "organizations": []}, "highlightText": "", "language": "english", "persons": [], "text": "The expected 'flight to safety' into bonds never took off, and prominent fund managers lost out \nNasdaq Chief Executive Robert Greifeld said in July he was delighted to have snared one of the hottest technology IPOs of the year. There was just one problem - the deal was not in the bag. \nThat became very apparent on Wednesday when the business technology startup Pure Storage said in a filing with the Securities and Exchange Commission that it would instead be listing on Nasdaq's fierce rival, the New York Stock Exchange. \nAccording to a source familiar with the matter, Greifeld angered Pure Storage's top executives when he prematurely announced that the company was going to list, and that the mandate had gone to Nasdaq. Greifeld made the announcement on Nasdaq's second quarter earnings call. \nGreifeld's remark - \"And we're also very happy to win Pure Storage a week or so ago\" - was made nearly a month before the company announced on Aug. 12 its intention to sell shares to the public. \nNasdaq declined to comment for this story. \nNasdaq-OMX Stock Market, Inc. CEO Robert Greifeld speaks during an interview on Fox Business. \nIt is not clear whether Pure Storage had signed any kind of agreement to list on Nasdaq, but the initial plan, before Greifeld spoke, was to go to Nasdaq, said the source, who declined to be identified. \nPure Storage and NYSE declined to comment. \nShare listings are hotly contested by exchanges for the fees and revenue from trading they generate and for the marketing opportunities they provide. \nA company’s opening day on the exchange is a big publicity event and one high-profile listing can often lead to others. \nPure Storage's IPO will be closely watched because a successful listing of the company, which was valued privately at over $3 billion in April, could encourage other similar technology firms to follow suit. \nThe company, founded in 2009, makes flash-based storage devices, which are typically much faster than storage that runs on hard disk drives. It competes with larger, established companies such as EMC Corp and NetApp Inc . \nThe company has raised over $470 million from venture capital investors including Sutter Hill, Greylock, Redpoint, Index Ventures, T. Rowe Price, Fidelity and Wellington Management. \n(Editing by Carmel Crimmins and Ken Wills) Read the original article on Reuters . Copyright 2015. Follow Reuters on Twitter . More from Reuters:", "external_links": [], "published": "2015-09-10T03:55:00.000+03:00", "crawled": "2015-09-10T04:27:21.156+03:00", "highlightTitle": ""}