{"organizations": [], "uuid": "1c33d6ff02f28a42ec48925892747d9425069dd6", "thread": {"social": {"gplus": {"shares": 0}, "pinterest": {"shares": 0}, "vk": {"shares": 0}, "linkedin": {"shares": 0}, "facebook": {"likes": 0, "shares": 0, "comments": 0}, "stumbledupon": {"shares": 0}}, "site_full": "money.cnn.com", "main_image": "http://i2.cdn.turner.com/money/dam/assets/150929083143-copenhagen-denmark-216x164.jpg", "site_section": "http://rss.cnn.com/rss/money_pf.rss", "section_title": "Personal finance news - CNNMoney.com", "url": "http://money.cnn.com/gallery/pf/2015/09/30/cities-with-shortest-work-hours/index.html", "country": "US", "title": "1. Paris 10 cities with the shortest working hours - CNNMoney", "performance_score": 1, "site": "cnn.com", "participants_count": 3, "title_full": "1. Paris - 10 cities with the shortest working hours - CNNMoney", "spam_score": 0.0, "site_type": "news", "published": "2015-09-30T03:00:00.000+03:00", "replies_count": 2, "uuid": "2f2811fd677a11dbcb12d1856065097a2ce5e1b4"}, "author": "Alanna Petroff", "url": "http://money.cnn.com/gallery/pf/2015/09/30/cities-with-shortest-work-hours/index.html#post-0", "ord_in_thread": 0, "title": "1. Paris 10 cities with the shortest working hours - CNNMoney", "locations": [], "entities": {"persons": [], "locations": [], "organizations": []}, "highlightText": "", "language": "english", "persons": [], "text": "Quelle surprise! Parisians have the most relaxed working schedule in the world.\nResidents in the French capital work just 1,604 hours each year, according to a UBS report that analyzes work and earning patterns in 71 global cities.\n\"Those who like time off should consider finding a job in Paris, where people work only around 35 hours per week ... and have 29 days of paid vacation,\" wrote UBS analysts.\nFrance introduced rules in 2000 enforcing a 35-hour work week to encourage companies to hire more people. While various reforms have softened these rules over time, they still seem effective at capping average working hours.\nRelated: How many hours do you have to work to afford an iPhone?\nBy contrast, Hong Kong is the hardest working city in the world. The average employee clocks in 2,606 hours per year, or over 50 hours per week.\nSeptember 30 2015 05:41 AM ET Source: UBS \"Prices and earnings 2015\" report.\nAverage annual working hours were calculated by tallying the number of hours worked per day, and the number of days worked per week. Vacation and legal holiday time were deducted to reach the final figures.\n1 of 10", "external_links": [], "published": "2015-09-30T03:00:00.000+03:00", "crawled": "2015-09-30T19:02:34.285+03:00", "highlightTitle": ""}