{"organizations": ["Reuters"], "uuid": "acae6880cfac6d09197a36bf584753c9bf92135f", "thread": {"social": {"gplus": {"shares": 0}, "pinterest": {"shares": 0}, "vk": {"shares": 0}, "linkedin": {"shares": 0}, "facebook": {"likes": 0, "shares": 0, "comments": 0}, "stumbledupon": {"shares": 0}}, "site_full": "uk.finance.yahoo.com", "main_image": "https://s1.yimg.com/bt/api/res/1.2/M7vS95b2fvSzHFeFStPk0A--/YXBwaWQ9eW5ld3NfbGVnbztxPTc1O3c9NjAw/http://l.yimg.com/os/mit/media/m/social/images/social_default_logo-1481777.png", "site_section": "https://uk.finance.yahoo.com/news/sector-basic-materials/?format=rss", "section_title": "Basic Resources News | Yahoo! Finance", "url": "https://uk.finance.yahoo.com/news/se-asia-stocks-fall-light-112623630.html", "country": "US", "title": "SE Asia Stocks -Fall in light volumes; Thai banks weak", "performance_score": 0, "site": "yahoo.com", "participants_count": 0, "title_full": "SE Asia Stocks -Fall in light volumes; Thai banks weak", "spam_score": 0.0, "site_type": "news", "published": "2015-09-22T14:26:00.000+03:00", "replies_count": 0, "uuid": "acae6880cfac6d09197a36bf584753c9bf92135f"}, "author": "", "url": "https://uk.finance.yahoo.com/news/se-asia-stocks-fall-light-112623630.html", "ord_in_thread": 0, "title": "SE Asia Stocks -Fall in light volumes; Thai banks weak", "locations": ["BANGKOK"], "entities": {"persons": [], "locations": [], "organizations": []}, "highlightText": "", "language": "english", "persons": [], "text": "BANGKOK, Sept 22 (Reuters) - Southeast Asian stock markets \nmostly fell in light volumes on Tuesday as energy shares tracked \nfalls in global oil prices, while weaknesses in banking shares \namid concerns about loans to an ailing steel firm sent the Thai \nindex to a one-week closing low. \nBangkok's SET index shed nearly 1 percent after four \nsessions of gains. The index closed at 1,379.32, its lowest \nclosing since Sept. 15. \nShares of Krung Thai Bank Pcl, the most actively \ntraded by turnover, dropped 2.8 percent to a near one-month low, \nreflecting potential impact of loans to Sahaviriya Steel \nIndustries Pcl on the bank's earnings. \nMaybank Kim Eng Securities downgraded Krung Thai Bank to \n\"hold\" from \"buy\". \n\"Even as exposure to SSI loans will be fully provisioned, \nKTB's NPL coverage will still be lower than 130 percent, the \ndesired level we think and hence the need for more provisioning \nin the following quarters,\" the broker said in a report. \nSSI shares plunged 20 percent and Siam Commercial Bank \n, among its creditors, dropped 1 percent. The steel firm \nand its three creditors agreed on Monday to consider options to \nrestructure debt worth over 50 billion baht ($1.40 \nbillion). \nStocks in Malaysia extended their slides for a third \nsession, Singapore gave up early gains and Indonesia \nhit a near one-week low, all with trading volumes below \nthe 30-day average ahead of a public holiday on Thursday. \nAmong top losers in the region, Indonesia's Perusahaan Gas \nNegara was down 4.4 percent and Singapore's Keppel \nCorp was down 2.5 percent as crude oil prices fell \namid uncertainty over global demand. \nFor Asian Companies click;", "external_links": [], "published": "2015-09-22T14:26:00.000+03:00", "crawled": "2015-09-22T14:47:37.007+03:00", "highlightTitle": ""}