{"organizations": [], "uuid": "0b3aafd50feb0c2727d50b9219c08bb4ac23ce97", "thread": {"social": {"gplus": {"shares": 0}, "pinterest": {"shares": 0}, "vk": {"shares": 0}, "linkedin": {"shares": 0}, "facebook": {"likes": 0, "shares": 0, "comments": 0}, "stumbledupon": {"shares": 0}}, "site_full": "www.gasworld.com", "main_image": "http://www.gasworld.com/Pictures/web/w/x/u/gasworldAdvertiseRange.png", "site_section": "http://www.gasworld.com/XmlServers/navsectionRSS.aspx?navsectioncode=2908", "section_title": "gasworld.com - Finance", "url": "http://www.gasworld.com/hot-topic-iran-middle-east-meets-westagain/2008273.article", "country": "GB", "title": "Hot topic – Iran: Middle East meets west...again", "performance_score": 0, "site": "gasworld.com", "participants_count": 1, "title_full": "Hot topic – Iran: Middle East meets west...again", "spam_score": 0.0, "site_type": "news", "published": "2015-09-28T14:57:00.000+03:00", "replies_count": 0, "uuid": "0b3aafd50feb0c2727d50b9219c08bb4ac23ce97"}, "author": "Stuart Radnedge|published in gasworld magazine", "url": "http://www.gasworld.com/hot-topic-iran-middle-east-meets-westagain/2008273.article", "ord_in_thread": 0, "title": "Hot topic – Iran: Middle East meets west...again", "locations": [], "entities": {"persons": [], "locations": [], "organizations": []}, "highlightText": "", "language": "english", "persons": [], "text": "Hot topic – Iran: Middle East meets west...again 28 Sep 2015 | By Stuart Radnedge , published in gasworld magazine \nPart 1. Iran could soon be open for trade with global markets as sanctions, first imposed 36 years ago, prohibiting the west from trading with the country look set to be dissolved. Here, gasworld’s focus on Iran looks at what potential might be unlocked. Get instant access to must-read content from top industry writers! \nSubscribe now to access this and hundreds more full length features from only $225 . Read this week's free feature to discover some of the in-depth content subscribers receive every month.", "external_links": [], "published": "2015-09-28T14:57:00.000+03:00", "crawled": "2015-09-28T14:11:35.644+03:00", "highlightTitle": ""}