{"organizations": [], "uuid": "5cddf7276b4083c5768bac38d4acea5df1a871f4", "thread": {"social": {"gplus": {"shares": 0}, "pinterest": {"shares": 0}, "vk": {"shares": 0}, "linkedin": {"shares": 0}, "facebook": {"likes": 0, "shares": 0, "comments": 0}, "stumbledupon": {"shares": 0}}, "site_full": "finance.yahoo.com", "main_image": "http://l3.yimg.com/bt/api/res/1.2/M7vS95b2fvSzHFeFStPk0A--/YXBwaWQ9eW5ld3NfbGVnbztxPTc1O3c9NjAw/http://l.yimg.com/os/mit/media/m/social/images/social_default_logo-1481777.png", "site_section": "http://finance.yahoo.com/rss/headline?s=CKSW", "section_title": "Yahoo! Finance: CKSW News", "url": "http://finance.yahoo.com/news/zacks-rank-5-additions-friday-133001420.html", "country": "US", "title": "Zacks Rank #5 Additions for Friday - Tale of the Tape", "performance_score": 0, "site": "yahoo.com", "participants_count": 2, "title_full": "Zacks Rank #5 Additions for Friday - Tale of the Tape - Yahoo Finance", "spam_score": 0.0, "site_type": "news", "published": "2015-09-27T03:00:00.000+03:00", "replies_count": 1, "uuid": "1ec29b847a3382fe612f5bcb4d51cb1af447ce51"}, "author": "Zacks Equity Research", "url": "http://finance.yahoo.com/news/zacks-rank-5-additions-friday-133001420.html#post-0", "ord_in_thread": 0, "title": "Zacks Rank #5 Additions for Friday - Tale of the Tape", "locations": [], "entities": {"persons": [], "locations": [], "organizations": []}, "highlightText": "", "language": "english", "persons": [], "text": "Here are 5 stocks added to the Zacks Rank #5 (Strong Sell) List today:\nAMAG Pharmaceuticals, Inc. ( AMAG )\nBristow Group Inc ( BRS )\nClicksoftware Technologies Ltd (CKSW )\nDean Foods Co (DF) \nDestination XL Group Inc (DXLG) \n\nView the entire Zacks Rank #5 List. \n\n \n\nWant the latest recommendations from Zacks Investment Research? Today, you can download 7 Best Stocks for the Next 30 Days. Click to get this free report \n \nAMAG PHARMA INC (AMAG): Free Stock Analysis Report \n \nBRISTOW GROUP (BRS): Free Stock Analysis Report \n \nCLICKSOFTWARE (CKSW): Free Stock Analysis Report \n \nDEAN FOODS CO (DF): Free Stock Analysis Report \n \nDESTINATION XL (DXLG): Free Stock Analysis Report \n \nTo read this article on Zacks.com click here. \nBristow Group Inc", "external_links": [], "published": "2015-09-27T03:00:00.000+03:00", "crawled": "2015-09-27T02:07:00.170+03:00", "highlightTitle": ""}