{"organizations": [], "uuid": "525ccdfe4f3fba71c33175e1df7bed223ee09bc8", "thread": {"social": {"gplus": {"shares": 0}, "pinterest": {"shares": 0}, "vk": {"shares": 0}, "linkedin": {"shares": 0}, "facebook": {"likes": 0, "shares": 0, "comments": 0}, "stumbledupon": {"shares": 0}}, "site_full": "www.business-standard.com", "main_image": "http://bsmedia.business-standard.com/_media/bs/img/article/2013-02/04/full/1359983636-0851.jpg", "site_section": "http://business-standard.com//rss/finance-103.rss", "section_title": "Finance", "url": "http://www.business-standard.com/article/management/bob-contributes-rs-2-cr-to-iim-a-for-case-research-in-banking-fin-services-115092801011_1.html", "country": "IN", "title": "BoB contributes Rs 2 cr to IIM-A for case research in banking, fin services", "performance_score": 0, "site": "business-standard.com", "participants_count": 1, "title_full": "BoB contributes Rs 2 cr to IIM-A for case research in banking, fin services | Business Standard News", "spam_score": 0.0, "site_type": "news", "published": "2015-09-28T03:00:00.000+03:00", "replies_count": 0, "uuid": "525ccdfe4f3fba71c33175e1df7bed223ee09bc8"}, "author": "BS Reporter", "url": "http://www.business-standard.com/article/management/bob-contributes-rs-2-cr-to-iim-a-for-case-research-in-banking-fin-services-115092801011_1.html", "ord_in_thread": 0, "title": "BoB contributes Rs 2 cr to IIM-A for case research in banking, fin services", "locations": [], "entities": {"persons": [], "locations": [], "organizations": []}, "highlightText": "", "language": "english", "persons": [], "text": "In its efforts to boost case research on banking and financial services, Bank of Baroda (BoB) on Monday announced a contribution of over Rs 2 crore to the Indian Institute of Management, Ahmedabad (IIM-A). The funding is part of the institute's effort to reach out to the industry and collaborate onfield-based research, IIM-A stated in an official communique.\n\"This fund will sustain development of cases in banking and financial sector. Case studies are a wonderful means to conducting cutting-edge field-based, inductive research.The case materials that are produced will be available for research and teaching not only at IIMA, but also to other institutions, as we have been doing in the past with our case research,\" said Ashish Nanda, Director, IIM-A.\nWhile Bank of Baroda has been keen on supporting quality research in the banking and finance sector, IIM-A is focusing intensively on strengthening its case centre.\nCommenting on the announcement, Ranjan Dhawan, Managing Director & CEO, Bank of Baroda said, \"One should not see Bank of Baroda's contribution in the light of only funding research output of IIM-A. It is an amalgamation of a shared vision to make a difference in the quality of available research cases to benefit the sector. Bank of Baroda, as a leading bank, has always been committed to quality internal training and has been supportive of similar initiatives.\"", "external_links": [], "published": "2015-09-28T03:00:00.000+03:00", "crawled": "2015-09-28T17:27:21.310+03:00", "highlightTitle": ""}