{"organizations": [], "uuid": "7c49d7e7c845d60c345054e880a4c3cebd0e1afb", "thread": {"social": {"gplus": {"shares": 0}, "pinterest": {"shares": 0}, "vk": {"shares": 0}, "linkedin": {"shares": 0}, "facebook": {"likes": 0, "shares": 0, "comments": 0}, "stumbledupon": {"shares": 0}}, "site_full": "uk.finance.yahoo.com", "main_image": "https://s1.yimg.com/bt/api/res/1.2/M7vS95b2fvSzHFeFStPk0A--/YXBwaWQ9eW5ld3NfbGVnbztxPTc1O3c9NjAw/http://l.yimg.com/os/mit/media/m/social/images/social_default_logo-1481777.png", "site_section": "https://uk.finance.yahoo.com/news/sector-basic-materials/?format=rss", "section_title": "Basic Resources News | Yahoo! Finance", "url": "https://uk.finance.yahoo.com/news/minerals-technologies-elects-andrew-jones-151701113.html", "country": "US", "title": "Minerals Technologies Elects Andrew Jones to Succeed Michael Johnson as Vice President & Managing Director of the Energy Services Business Segment", "performance_score": 0, "site": "yahoo.com", "participants_count": 0, "title_full": "Minerals Technologies Elects Andrew Jones to Succeed Michael Johnson as Vice President & Managing Director of the Energy Services Business Segment", "spam_score": 0.0, "site_type": "news", "published": "2015-09-28T18:17:00.000+03:00", "replies_count": 0, "uuid": "7c49d7e7c845d60c345054e880a4c3cebd0e1afb"}, "author": "", "url": "https://uk.finance.yahoo.com/news/minerals-technologies-elects-andrew-jones-151701113.html", "ord_in_thread": 0, "title": "Minerals Technologies Elects Andrew Jones to Succeed Michael Johnson as Vice President & Managing Director of the Energy Services Business Segment", "locations": [], "entities": {"persons": [], "locations": [], "organizations": []}, "highlightText": "", "language": "english", "persons": ["Andrew Jones", "Michael Johnson"], "text": "Tip : Use comma (,) to separate multiple quotes. Learn more... \nMon, Sep 28, 2015, 16:31 BST - UK Markets closed Minerals Technologies Elects Andrew Jones to Succeed Michael Johnson as Vice President & Managing Director of the Energy Services Business Segment Press Release : Minerals Technologies Inc – 14 minutes ago 49.37 -0.94 \nNEW YORK, September 28-Minerals Technologies Inc. (NYSE: MTX ) announced today that Andrew Jones, Vice President and Managing Director, Eastern Hemisphere, Energy Services, has been elected Vice President & Managing Director of the company`s Energy Services business segment. He will succeed Michael R. Johnson, who has chosen to pursue other interests. \n\"We are very pleased and fortunate to have someone of Andy Jones` caliber and extensive business experience in the oilfield services industry to take over our Energy Services business,\" said Joseph C. Muscari, chairman and chief executive officer. \"Andy has a wealth of knowledge about many facets of the oil and gas industry attained over more than 30 years.\" \nMr. Jones, in his present position, has been responsible for Energy Services` business in the Eastern Hemisphere, including West Africa, Nigeria, the United Kingdom, Saudi Arabia, Malaysia, Indonesia and Australia. Since being appointed to that position in 2014, he developed and implemented a strategy for international expansion, particularly in the Middle East, through both organic growth and acquisition opportunities. \nPrior to joining the company, Mr. Jones was Managing Director of Africa Oilfield Services Limited from 2009 to 2012. \nMr. Jones spent a total of 23 years with Schlumberger Oilfield Services, the world`s largest oilfield services company, where he assumed numerous roles of increasing responsibility. Starting as a field engineer, he also served as Business Development Manager - Middle East; and Vice President and General Manager - Well Completions & Productivity (WCP) - Middle East and Asia. \nHe also held the position of Region Director of Africa/former Soviet Union and the Middle East for Expro International. \nMr. Jones received a Bachelor of Science degree in Electrical and Electronic Engineering from Loughborough University of Technology. \nNew York-based Minerals Technologies Inc. is a resource- and technology-based growth company that develops, produces and markets worldwide a broad range of specialty mineral, mineral-based and synthetic mineral products and related systems and services. MTI serves the paper, foundry, steel, environmental, energy, polymer and consumer products industries. The company reported sales of $1.725 billion in 2014. For further information about Minerals Technologies Inc. look on the internet at http://www.mineralstech.com/", "external_links": [], "published": "2015-09-28T18:17:00.000+03:00", "crawled": "2015-09-28T18:32:11.672+03:00", "highlightTitle": ""}