{"organizations": [], "uuid": "139fb8d4be5dc2ff4a1420046b5ec0f9324c735e", "thread": {"social": {"gplus": {"shares": 0}, "pinterest": {"shares": 0}, "vk": {"shares": 0}, "linkedin": {"shares": 0}, "facebook": {"likes": 0, "shares": 0, "comments": 0}, "stumbledupon": {"shares": 0}}, "site_full": "www.reuters.com", "main_image": "", "site_section": "http://www.reuters.com/finance/personal-finance", "section_title": "Wealth, Personal Finance &amp; Money | Reuters.com", "url": "http://www.reuters.com/article/2015/09/30/italy-factors-september-idUSL5N11Z1QY20150930", "country": "US", "title": "Italy - Factors to watch on September 30", "performance_score": 0, "site": "reuters.com", "participants_count": 1, "title_full": "Italy - Factors to watch on September 30 | Reuters", "spam_score": 0.0, "site_type": "news", "published": "2015-09-30T10:41:00.000+03:00", "replies_count": 0, "uuid": "139fb8d4be5dc2ff4a1420046b5ec0f9324c735e"}, "author": "Reuters", "url": "http://www.reuters.com/article/2015/09/30/italy-factors-september-idUSL5N11Z1QY20150930", "ord_in_thread": 0, "title": "Italy - Factors to watch on September 30", "locations": [], "entities": {"persons": [], "locations": [], "organizations": []}, "highlightText": "", "language": "english", "persons": [], "text": "The following factors could affect Italian markets on Wednesday.\nReuters has not verified the newspaper reports, and cannot vouch for their accuracy. New items are marked with (*).\nFor a complete list of diary events in Italy please click on .\nGENERAL\nRome, the United Nations High Commissioner for Refugees (UNHCR) for Southern Europe Laurens Jolles speaks before Senate Migrants Committee (1200 GMT).\nECONOMY\nMilan, first session of two-day annual conference by IFSWF-International Forum of Sovereign Wealth Funds; expected attendees include state lender Cassa Depositi e Prestiti Chairman Claudio Costamagna, Economy Minister Pier Carlo Padoan, European Investment Bank Deputy Chairman Dario Scannapieco (0700 GMT).\nISTAT releases August unemployment data (0800 GMT) and September flash CPI and HICP data (0900 GMT).\nReuters releases September asset allocation poll (1100 GMT).\nCOMPANIES (*) MONTE DEI PASCHI DI SIENA\nCredit rating agency lowered Monte dei Paschi's senior-term rating to BB (high) from BB (low), the bank said on Wednesday.\n(*) BANCO POPOLARE\nDBRS has reduced the bank's long-term rating to BBB mid (negative trend) to BBB low (negative trend).\n(*) ENEL GREEN POWER\nThe company has signed an agreement with First State Wind Energy Investments for the sale of its Portuguese unit Finerge for a consideration of 900 million euros ($1 billion).\nFIAT CHRYSLER AUTOMOBILES\nTwo months after receiving a record $105 million fine for lapses in U.S. auto safety recalls, Fiat Chrysler on Tuesday revealed problems with safety data that could lead to additional financial penalties for the Italian-U.S. automaker.\nBANCA POPOLARE DI MILANO\nItaly's Banca Popolare di Milano said on Tuesday its management board had approved plans to transform the cooperative lender into a joint stock company by the end of June next year.\nPIRELLI\nAn investment vehicle controlled by China National Chemical Corp said on Tuesday it had bought shares in Pirelli that were held by investment management firm Paulson as part of a mandatory tender offer for the remaining stake in the Italian tyremaker.\nA2A, LINEA GROUP\nThe outcome of talks for a tie-up between Italy's biggest regional utility A2A and smaller peer Linea Group Holding are still uncertain given disagreements over price, two sources close to the matter told Reuters. While Linea wants to be valued at around 300 million euros, A2A has pitched a lower figure, one of the sources said, adding that if the parties could settle for a value of around 260 million euros a deal could be reached.\nPIAGGIO\nRatings agency Moody's has downgraded the corporate family rating of scooter maker Piaggio to \"B1\" from \"Ba3\" and changed the outlook on the ratings to stable from negative.\nPIRELLI, FINMECCANICA\nNorway's central bank Norway's central bank had 2.65 percent of Italian tyre maker Pirelli and 2.03 percent of Italian defence group Finmeccanica as of Sept. 23, according to filings with market regulator Consob.\nBANCA POPOLARE DI VICENZA IPO-BPVS.MI\nNews conference to present 2015-2020 industrial plan and re-launch strategy with CEO Francesco Iorio (1530 GMT). (*) According to several newspapers, the bank will announce 600 layoffs and the closure of 150 branches.\nTELECOM ITALIA MEDIA\nSavings shareholder meeting (1300 GMT); last day of trading on Milan Bourse main segment as a result of merger with Telecom Italia.\nTENARIS\nMeeting with analysts in London.\n(*) CTI BIOPHARMA\nThe group says has closed sale of 10 million shares to institutional investors in a registered direct offering Gross proceeds from the offering around $15.7 million.\n(*) SORGENTE RES IPO-SOR.MI\nThe its initial public offering of the real estate group started on Tuesday and will end on Oct. 9, the company said.\nIPO, ENAV\nThe listing of a 49 percent stake in air traffic control operator Enav is expected to take place in the first half of 2016, market permitting, the Treasury said in a statement on Tuesday. Barclays Capital, Credit Suisse and Mediobanca will serve as the offering's global coordinators and JP Morgan and UniCredit as joint book runners, it added.\nFor Italian market data and news, click on codes in brackets:\n20 biggest gainers (in percentage)\n20 biggest losers (in percentage)\nFTSE IT allshare index\nFTSE Mib index\nFTSE Allstars index...\nFTSE Mid Cap index....\nBlock trades\nStories on Italy IT-LEN\nFor pan-European market data and news, click on codes in brackets: European Equities speed guide FTSEurofirst 300 index DJ STOXX index Top 10 STOXX sectors Top 10 EUROSTOXX sectors Top 10 Eurofirst 300 sectors Top 25 European pct gainers Top 25 European pct losers Main stock markets: Dow Jones Wall Street report Nikkei 225 Tokyo report FTSE 100 London report Xetra DAX Frankfurt market stories CAC-40 Paris market stories... World Indices Reuters survey of world bourse outlook Western European IPO diary European Asset Allocation Reuters News at a Glance: Equities Main currency report:", "external_links": [], "published": "2015-09-30T10:41:00.000+03:00", "crawled": "2015-09-30T10:11:50.111+03:00", "highlightTitle": ""}