{"organizations": [], "uuid": "a237633ee128fcf82c936d0b22039ff4d225e8ae", "thread": {"social": {"gplus": {"shares": 0}, "pinterest": {"shares": 0}, "vk": {"shares": 0}, "linkedin": {"shares": 0}, "facebook": {"likes": 0, "shares": 0, "comments": 0}, "stumbledupon": {"shares": 0}}, "site_full": "finance.yahoo.com", "main_image": "http://l3.yimg.com/bt/api/res/1.2/M7vS95b2fvSzHFeFStPk0A--/YXBwaWQ9eW5ld3NfbGVnbztxPTc1O3c9NjAw/http://l.yimg.com/os/mit/media/m/social/images/social_default_logo-1481777.png", "site_section": "http://finance.yahoo.com/rss/headline?s=KMB", "section_title": "Yahoo! Finance: KMB News", "url": "http://finance.yahoo.com/news/mega-brands-set-dominate-p-150605610.html", "country": "US", "title": "Mega Brands Set to Dominate in P&G’s New Product Portfolio - Yahoo Finance", "performance_score": 0, "site": "yahoo.com", "participants_count": 1, "title_full": "Mega Brands Set to Dominate in P&G’s New Product Portfolio - Yahoo Finance", "spam_score": 0.0, "site_type": "news", "published": "2015-09-28T03:00:00.000+03:00", "replies_count": 0, "uuid": "a237633ee128fcf82c936d0b22039ff4d225e8ae"}, "author": "Penny Morgan", "url": "http://finance.yahoo.com/news/mega-brands-set-dominate-p-150605610.html", "ord_in_thread": 0, "title": "Mega Brands Set to Dominate in P&G’s New Product Portfolio - Yahoo Finance", "locations": [], "entities": {"persons": [], "locations": [], "organizations": []}, "highlightText": "", "language": "english", "persons": [], "text": "A Procter & Gamble Investor Update: Growth and Transformational Objectives \n( Continued from Prior Part )\nFocused product portfolio The Procter & Gamble Company (PG), or P&G, after the close if its beauty brands merger with Coty (COTY), will have a focused portfolio of 10 categories and about 65 brands. These categories are:\nbaby care feminine care family care fabric care home care hair care skin care and personal cleansing grooming oral care personal health care \nThe company plans to focus on superior brands in these 10 product categories. According to CFO Jon Moeller, the company expects one-third of its brands to see over $1 billion in annual sales and the other two-thirds to see around $0.5 billion in annual sales.\nConsumer and retailer expectations P&G peers like Unilever (UL), Kimberly-Clark (KMB), and Clorox (CLX) plan to focus on more product innovations to meet consumer as well as retailer expectations. For example, P&G introduced the use of hard tags to make it easier for consumers to shop as well as to help retailers move out of stock boxes on shelves and at checkout.\nThese introductions should help retail (XRT) stores use space more efficiently, reduce products that are out of stock, and better control shrinkage. It should also improve sales and help in profitability. P&G plans to roll out the hard tags in the coming year and has already made the change in 100 stores with excellent results, according to Moeller.\nFacilities in developing countries The company plans to move production closer to its major consumer populations and distribution hubs. P&G is currently in the middle of constructing 25 new manufacturing plants and production modules, out of which 18 are in developing countries, according to Moeller.\nP&G continues to strengthen its investments in critical capabilities, as well as in more in point-of-market entry trial and sampling programs, in order to improve sales and margins.\nP&G has exposure in the SPDR S&P 500 ETF (SPY), with 1.1% of the total weight of the portfolio, as of September 12, 2015.\nTo learn more about P&G’s business, please read the series Procter & Gamble: Your Guide to the Largest Consumer Staples Firm .\nFor more industry updates and analysis, please visit Market Realist’s Consumer Products page.\nBrowse this series on Market Realist: \nPart 1 - P&G Updates Investors on Growth and Transformational Objectives Part 2 - P&G Readies Its Divestiture of Beauty Brands to Coty Part 3 - P&G Attempts to Control FX Headwinds Geographically Consumer Discretionary", "external_links": [], "published": "2015-09-28T03:00:00.000+03:00", "crawled": "2015-09-28T23:18:25.198+03:00", "highlightTitle": ""}