{"organizations": [], "uuid": "2004fbedc6c876a7eb6af2c27145f9e7d3231ed7", "thread": {"social": {"gplus": {"shares": 0}, "pinterest": {"shares": 0}, "vk": {"shares": 0}, "linkedin": {"shares": 0}, "facebook": {"likes": 0, "shares": 0, "comments": 0}, "stumbledupon": {"shares": 0}}, "site_full": "www.marketwatch.com", "main_image": "http://s.wsj.net/public/resources/MWimages/MW-DR328_mw_soc_NS_20150801233302.png", "site_section": "http://finance.yahoo.com/news/provider-marketwatch/", "section_title": "MarketWatch News Archive - Yahoo! Finance", "url": "http://www.marketwatch.com/story/sabmiller-climbs-on-report-inbev-is-eyeing-106-billion-bid-2015-09-28", "country": "US", "title": "SABMiller climbs on report InBev is eyeing $106 billion bid", "performance_score": 0, "site": "marketwatch.com", "participants_count": 3, "title_full": "SABMiller climbs on report InBev is eyeing $106 billion bid - MarketWatch", "spam_score": 0.0, "site_type": "news", "published": "2015-09-28T03:00:00.000+03:00", "replies_count": 2, "uuid": "76ae0b378c5cd28e8302c004f69fd600cfe3e11a"}, "author": "Sara Sjolin", "url": "http://www.marketwatch.com/story/sabmiller-climbs-on-report-inbev-is-eyeing-106-billion-bid-2015-09-28#post-0", "ord_in_thread": 0, "title": "SABMiller climbs on report InBev is eyeing $106 billion bid", "locations": [], "entities": {"persons": [], "locations": [], "organizations": []}, "highlightText": "", "language": "english", "persons": [], "text": "Shares of SABMiller PLC SAB, +1.30% SBMRY, +1.74% climbed to the top of the FTSE 100 index UKX, -2.46% on Monday, up 3.1%, after a report Anheuser-Busch InBev SA ABI, -1.01% BUD, -2.90% is nearing a bid for the U.K.-listed brewer. The Sunday Times reported on Sunday that Budweiser owner InBev may bid 70 billion pounds ($106 billion) for SABMiller and that the offer could come as early as Monday. InBev said about two weeks ago it had approached its rival about a possible takeover, which could create the world's largest beer company. SABMiller was initially resistant about the approach, according to the Sunday Times report, but has now softened its position in a bid to secure a big premium.", "external_links": [], "published": "2015-09-28T03:00:00.000+03:00", "crawled": "2015-09-28T20:50:17.920+03:00", "highlightTitle": ""}