{"organizations": [], "uuid": "32a83c6be363e2792c81244bf227d5dc594a2fa6", "thread": {"social": {"gplus": {"shares": 0}, "pinterest": {"shares": 0}, "vk": {"shares": 0}, "linkedin": {"shares": 0}, "facebook": {"likes": 0, "shares": 0, "comments": 0}, "stumbledupon": {"shares": 0}}, "site_full": "www.wallstreetoasis.com", "main_image": "", "site_section": "http://www.wallstreetoasis.com/node/feed", "section_title": "Wall Street Oasis - Investment Banking & Finance Community", "url": "http://www.wallstreetoasis.com/jobs/credit-analyst-private-debt-fund-bdc-san-francisco-0", "country": "US", "title": "Credit Analyst – Private Debt Fund (BDC) – San Francisco", "performance_score": 0, "site": "wallstreetoasis.com", "participants_count": 1, "title_full": "Credit Analyst – Private Debt Fund (BDC) – San Francisco", "spam_score": 0.0, "site_type": "news", "published": "2015-09-30T13:00:00.000+03:00", "replies_count": 0, "uuid": "32a83c6be363e2792c81244bf227d5dc594a2fa6"}, "author": "edmcnally212", "url": "http://www.wallstreetoasis.com/jobs/credit-analyst-private-debt-fund-bdc-san-francisco-0", "ord_in_thread": 0, "title": "Credit Analyst – Private Debt Fund (BDC) – San Francisco", "locations": [], "entities": {"persons": [], "locations": [], "organizations": []}, "highlightText": "", "language": "english", "persons": [], "text": "Login to Start Application \nWell-established and highly regarded public BDC seeks a credit analyst with 18-36 months of experience to manage a portfolio of private debt and equity positions. General responsibilities will include fundamental credit analytics and account monitoring, and analysts will support the transaction structuring and due diligence process. A more detailed inventory of responsibilities includes periodic portfolio review; due diligence and financial modeling for existing and potential transactions; archiving the firm's library of documents for regulatory and audit compliance; portfolio level projects and quarterly performance metrics; interface with third party firms providing valuation, audit, and marketing services to the firm; and, most critically, the analyst will be a source of consistent and accurate information, and will be responsive to other members of the firm. The ideal candidate will have an undergraduate degree from a top-tier institution with distinctive academic performance (cum laude grades) and at least 18 months of experience in accounting, credit analytics or research, and a solid understanding of financial statements and metrics. Additionally, superior communication skills, an obvious strength for managing large quantities of abstract data, the ability to consistently deliver promised results in the face of challenging circumstances, and a commitment to learn and grow professionally. Strong performers will have the opportunity to move onto teams with originations responsibilities after a couple of years. Start Date:", "external_links": [], "published": "2015-09-30T13:00:00.000+03:00", "crawled": "2015-09-30T14:34:03.687+03:00", "highlightTitle": ""}