{"organizations": [], "uuid": "0c0a68164618b368990808b742101f58408c1085", "thread": {"social": {"gplus": {"shares": 0}, "pinterest": {"shares": 0}, "vk": {"shares": 0}, "linkedin": {"shares": 0}, "facebook": {"likes": 0, "shares": 0, "comments": 0}, "stumbledupon": {"shares": 0}}, "site_full": "www.smh.com.au", "main_image": "http://www.smh.com.au/content/dam/images/g/j/w/j/5/r/image.related.articleLeadwide.620x349.gjvqxk.png/1443433197513.jpg", "site_section": "http://www.smh.com.au/business/markets/sectors/share-listing/2550/consumer-discretionary/retailing", "section_title": "Business News, Economy, Finance &amp; ASX Market News", "url": "http://www.smh.com.au/comment/scott-morrison-off-to-a-jittery-start-as-treasurer-20150927-gjvqxk.html", "country": "AU", "title": "Scott Morrison off to a jittery start as Treasurer", "performance_score": 1, "site": "smh.com.au", "participants_count": 1, "title_full": "Scott Morrison off to a jittery start as Treasurer", "spam_score": 0.0, "site_type": "news", "published": "2015-09-29T03:00:00.000+03:00", "replies_count": 0, "uuid": "0c0a68164618b368990808b742101f58408c1085"}, "author": "Peter Martin", "url": "http://www.smh.com.au/comment/scott-morrison-off-to-a-jittery-start-as-treasurer-20150927-gjvqxk.html", "ord_in_thread": 0, "title": "Scott Morrison off to a jittery start as Treasurer", "locations": [], "entities": {"persons": [], "locations": [], "organizations": []}, "highlightText": "", "language": "english", "persons": [], "text": "Illustration: Andrew Dyson\nScott Morrison's first outings as Treasurer were woeful.\nOn the night of the spill, Malcolm Turnbull promised something different: \"a style of leadership that respects the people's intelligence, that explains these complex issues and then sets out the course of action we believe we should take, and makes a case for it\".\nWe are entitled to an open and honest conversation about how much we are prepared to pay for our services, as well as how much spending on them should be cut.\nTurnbull promised \"advocacy, not slogans\".\nIllustration: Simon Letch.\nMorrison gave us, \"work, save, invest\".\nAdvertisement And then this slogan: \"We have a spending problem, not a revenue problem.\"\nIt isn't even the truth. Australia does indeed have a revenue problem, as Morrison's predecessor was happy to acknowledge . From the turn of this century right through to the global financial crisis, the Australian government's income never dipped below 25 per cent of gross domestic product. Then it collapsed and hasn't fully recovered. We do indeed have a revenue problem, as well as a spending problem. Spending is 25.9 per cent of GDP, revenue is 24 per cent.\nScott Morrison must do more than recite slogans if he is to be a successful Treasurer. Photo: Mark Graham\nPressed by journalist Leigh Sales recently about the need to tackle both, Morrison replied that the budget forward estimates had revenue climbing back to a touch over 25 per cent of GDP by 2018-19, which meant things would be fine .\nExcept that it won't. The budget forecasts have revenue barely climbing at all, reaching just 24.2 per cent of GDP in 2016-17. After that, the budget projections have it climbing to a tad over 25 per cent. But projections aren't forecasts. The difference is enormously important, and a treasurer who could really explain complex issues would have pointed it out.\nForecasts are the Treasury's best guesses, taking everything into account. Each budget it produces forecasts for the following two financial years, and for the years beyond that, when it's too difficult to make forecasts, it produces \"projections\".\nThe projections come with a health warning. Here's how the Treasury spelt it out in the budget from which Morrison Quote: d : \"These projections are not forecasts, but rather are based on a set of medium-term assumptions.\"\nThe assumptions are odd, and they produce odd results, at times quite different to those of any reasonable forecast. They assume \"spare capacity in the economy is absorbed over five years\". That's a fancy way of saying they assume the unemployment rate will slide to 5 per cent.\nThat's right. They assume a slide in unemployment (which would indeed boost government revenue).\nTo get the fall in unemployment, the Treasury projections produce a very fast economic growth rate of 3.5 per cent a year (\"above trend\") for five consecutive years.\nNaturally, it boosts projected revenue. But it has no basis in reality. There's no particular reason to think it will happen. It's the automatic output of a blindly mechanical model. It's wishful thinking.\nRight now, Australia's economy is growing at an annual pace of just 2 per cent. For as long as that happens, we are indeed going to have a revenue problem, and also a spending problem.\nAnd for as long as commodity prices fall. The Reserve Bank's index of commodity prices has been sliding for the past four years. It's now only half what it was, and it is continuing to edge down. The news from China offers little hope. Commodity prices drive taxation revenue. Our government is both collecting too little for the amount it is spending and spending too much for the amount it is collecting. A treasurer able to address complex issues would talk about both. But Morrison has already shut down discussion.\n\"I'm not in that camp,\" he says, when asked about the need to tackle revenue.\nClosing off an option will limit our trust in the new Treasurer and make us feel he is not really prepared to govern in our interests.\nIt will also make it more difficult for him to manage the budget, should the downturn in revenue continue.\nIt's less than Turnbull had led us to hope for, but it's not too late.\nThe best thing for Morrison to say for the next few weeks is not that much, as he reads into the job. Then he should start a really open conversation about the budget and tax where all options are on the table (although some more preferred than others), including the option of raising more tax.\nThe most popular premier in the land will be pleased to help. Morrison's NSW colleague Mike Baird believes we will have to raise more in order to properly fund hospitals. Victoria's Labor Treasurer, Tim Pallas, believes the same thing. So does South Australia Premier Jay Weatherill​.\nTheir views shouldn't be instantly dismissed. They're going to be down $80 billion over the next 10 years because of a decision by Joe Hockey to cut their funding formula to tart up his first budget. They're the real victims of the slowdown in revenue. And they're the ones who are going to have to provide the services we need. We are entitled to an open and honest conversation about how much we are prepared to pay for our services, as well as how much spending on them should be cut.\nMorrison has the ability to transcend his past by opening up an intelligent conversation. It's what Turnbull led us to expect. Or he can revert to form and hide behind slogans. It's what we've become used to.\nPeter Martin is economics editor of The Age .\nFollow Peter Martin on Facebook", "external_links": ["http://budget.gov.au/2015-16/content/bp1/html/bp1_bs2-02.htm", "https://www.facebook.com/pages/Peter-Martin/713739465438660", "http://www.abc.net.au/7.30/content/2015/s4318562.htm", "http://jbh.ministers.treasury.gov.au/transcript/014-2015/"], "published": "2015-09-29T03:00:00.000+03:00", "crawled": "2015-09-28T21:53:51.638+03:00", "highlightTitle": ""}