{"organizations": [], "uuid": "1eab1861f8c9b6b4cff53f9fda32bd10275b9b9d", "thread": {"social": {"gplus": {"shares": 0}, "pinterest": {"shares": 0}, "vk": {"shares": 0}, "linkedin": {"shares": 0}, "facebook": {"likes": 0, "shares": 0, "comments": 0}, "stumbledupon": {"shares": 0}}, "site_full": "www.crainsnewyork.com", "main_image": "http://www.crainsnewyork.com/assets/logos/main-logo/C-200x200.jpg", "site_section": "http://feeds.crainsnewyork.com/crainsnewyork/finance", "section_title": "Finance - Crain's New York Business News Feed", "url": "http://www.crainsnewyork.com/article/20150917/ECONOMY/150919875", "country": "US", "title": "Number of unemployment applications drops to 264,000", "performance_score": 0, "site": "crainsnewyork.com", "participants_count": 1, "title_full": "Number of unemployment applications drops to 264,000", "spam_score": 0.0, "site_type": "news", "published": "2015-09-17T23:42:00.000+03:00", "replies_count": 0, "uuid": "1eab1861f8c9b6b4cff53f9fda32bd10275b9b9d"}, "author": "Associated Press", "url": "http://www.crainsnewyork.com/article/20150917/ECONOMY/150919875", "ord_in_thread": 0, "title": "Number of unemployment applications drops to 264,000", "locations": [], "entities": {"persons": [], "locations": [], "organizations": []}, "highlightText": "", "language": "english", "persons": [], "text": "September 17, 2015 Updated 09/17/2015 Number of unemployment applications drops to 264,000 With hiring strong, the unemployment rate is down to a five-year low of 5.1%. By Associated Press Comments Email Print × \nThe number of Americans seeking unemployment benefits fell last week to the lowest level in two months, suggesting employers remain confident enough in the economy to hold onto their workers. \nThe Labor Department said Thursday that weekly applications for unemployment aid dropped 11,000 to a seasonally adjusted 264,000. That's the lowest level since July, when applications plunged to a 41-year low. \nApplications are a proxy for layoffs, so the decline indicates that employers are cutting fewer jobs. Americans are enjoying strong job security: Applications have been below 300,000 for the past six months, which hasn't happened since 1973. \nEmployers have also been hiring at a solid pace, adding an average of 243,000 a month in the past 12 months. That has brought the unemployment rate down to 5.1%, a seven-year low. \nThe health of the job market will play a crucial role in the Federal Reserve's deliberations Thursday as it wraps up a two-day meeting. Fed policymakers may decide to raise the short-term interest rate they control for the first time in nine years. \nSome economists argue the job market has largely recovered from the Great Recession and can now withstand higher interest rates. But even so, many expect that other considerations, such as inflation that is stubbornly below the Fed's target of a 2% annual rate, may cause the Fed to hold off. \nNot all economists agree that hiring has fully recovered from the downturn. The number of people working part time but who would prefer full-time work is far higher than it was when the recession began in December 2007. And the percentage of Americans working or looking for work has fallen sharply since then. \nThe number of people receiving benefits fell 26,000 to 2.24 million, the government said. That figure has declined 8.8% in the past year. Many former recipients have gotten jobs, but some have used up all the benefits available to them.", "external_links": [], "published": "2015-09-17T23:42:00.000+03:00", "crawled": "2015-09-18T02:47:59.112+03:00", "highlightTitle": ""}