{"organizations": ["Kwik Auto Finance"], "uuid": "5ac2688c0c59fef5157b5b07da91eb1019adf6c7", "thread": {"social": {"gplus": {"shares": 0}, "pinterest": {"shares": 0}, "vk": {"shares": 0}, "linkedin": {"shares": 0}, "facebook": {"likes": 0, "shares": 0, "comments": 0}, "stumbledupon": {"shares": 0}}, "site_full": "www.kwikautofinance.com", "main_image": "http://www.dealercarsearch.com/Media/largenophoto.gif", "site_section": "http://kwikautofinance.com/RssFeed.aspx?gid=7f139a01-7953-4fcc-bec7-71c8e2a6b83b", "section_title": "Kwik Auto Finance Inventory Feed", "url": "http://www.kwikautofinance.com/2007-Chrysler-Pacifica/Used-SUV/KANSASCITY-MO/6523571/Details.aspx", "country": "US", "title": "Used 2007 Chrysler Pacifica Touring AWD in KANSAS CITY, MO 64133 for sale at Kwik Auto Finance", "performance_score": 0, "site": "kwikautofinance.com", "participants_count": 0, "title_full": "Used 2007 Chrysler Pacifica Touring AWD in KANSAS CITY, MO 64133 for sale at Kwik Auto Finance", "spam_score": 0.0, "site_type": "news", "published": "2015-09-26T22:40:00.000+03:00", "replies_count": 0, "uuid": "5ac2688c0c59fef5157b5b07da91eb1019adf6c7"}, "author": "", "url": "http://www.kwikautofinance.com/2007-Chrysler-Pacifica/Used-SUV/KANSASCITY-MO/6523571/Details.aspx", "ord_in_thread": 0, "title": "Used 2007 Chrysler Pacifica Touring AWD in KANSAS CITY, MO 64133 for sale at Kwik Auto Finance", "locations": ["KANSAS CITY"], "entities": {"persons": [], "locations": [], "organizations": []}, "highlightText": "", "language": "english", "persons": [], "text": "2007 Chrysler Pacifica Touring AWD   2007 Chrysler Pacifica Touring AWD \nYear: 2007", "external_links": [], "published": "2015-09-26T22:40:00.000+03:00", "crawled": "2015-09-27T04:34:22.102+03:00", "highlightTitle": ""}