{"organizations": [], "uuid": "02041b7b729a224ff33b8f36d66f8af2e10268a8", "thread": {"social": {"gplus": {"shares": 0}, "pinterest": {"shares": 0}, "vk": {"shares": 0}, "linkedin": {"shares": 0}, "facebook": {"likes": 0, "shares": 0, "comments": 0}, "stumbledupon": {"shares": 0}}, "site_full": "au.finance.yahoo.com", "main_image": "https://s1.yimg.com/bt/api/res/1.2/M7vS95b2fvSzHFeFStPk0A--/YXBwaWQ9eW5ld3NfbGVnbztxPTc1O3c9NjAw/http://l.yimg.com/os/mit/media/m/social/images/social_default_logo-1481777.png", "site_section": "https://au.finance.yahoo.com/news/topic-top-stories/?format=rss", "section_title": "Australian Business & World Finance News - Yahoo!7 Finance", "url": "https://au.finance.yahoo.com/news/former-mining-boss-faces-jail-065047123.html", "country": "GB", "title": "Former mining boss faces jail", "performance_score": 0, "site": "yahoo.com", "participants_count": 0, "title_full": "Former mining boss faces jail", "spam_score": 0.0, "site_type": "news", "published": "2015-09-16T11:25:00.000+03:00", "replies_count": 0, "uuid": "02041b7b729a224ff33b8f36d66f8af2e10268a8"}, "author": "", "url": "https://au.finance.yahoo.com/news/former-mining-boss-faces-jail-065047123.html", "ord_in_thread": 0, "title": "Former mining boss faces jail", "locations": ["Australia"], "entities": {"persons": [], "locations": [], "organizations": []}, "highlightText": "", "language": "english", "persons": [], "text": "Wed, Sep 16, 2015, 7:18 PM AEST - Australia Markets closed Former mining boss faces jail AAP – 53 minutes ago Print \nThe former boss of Kimberley Diamonds, Alexandre Alexander, is facing jail and a hefty fine for allegedly misleading the stock market. \nHe is accused of authorising false and misleading statements about Kimberley's earnings forecasts to the Australian Securities Exchange between October 2013 and March 2014. \nCommonwealth prosecutors allege Kimberley failed to disclose that its forecasts were based on assumptions it would obtain a 30 per cent price rise for its rare yellow diamonds. \nIn a statement to investors in May 2014, Kimberley said it had failed to secure higher prices during talks with a subsidiary of the famous US jeweller Tiffany & Co. \nAs a result, Kimberley slashed its earnings forecast for the final quarter of the 2014 financial year from $7.5 million to $1.5 million. \nThe price of Kimberley's shares plunged 41.5 per cent. \nMr Alexander was arrested on Wednesday following an investigation by the Australian Securities and Investments Commission. \nAustralian Federal Police officers arrested him at Sydney Airport as he returned from an overseas trip. \nHe faced Central Local Court via video link charged with four offences under the Corporations Act. \nEach charge carries a maximum penalty of five years jail or a $34,000 fine. \nMr Alexander was granted bail and ordered to reappear at Sydney's Downing Centre on November 10. \nKimberley Diamonds, which was one of the world's largest producers of precious yellow diamonds, shuttered its Ellendale Diamond Mine in north Western Australia in July. \nThe company's subsidiary Kimberley Diamond Company was placed into administration, resulting in dozens of job losses. \nThe company has previously said the Ellendale project is the world's leading source of rare yellow diamonds and makes up around 50 per cent of the world's supply. \nDiamonds were first discovered at the Ellendale Diamond Field in the west Kimberley 38 years ago. \nShares in Kimberley Diamonds closed 1.9 cents, or 23.75 per cent, lower at 6.1 cents. \nThe company late on Wednesday issued a brief statement, saying it had been informed by Mr Alexander that he denies the allegations and will fight all charges. @y7finance on Twitter, become a fan on Facebook Tatts boss has contract extended AAP \nGaming company Tatts chief executive Robbie Cooke has had his had his contract extended for three years. The Tatts …", "external_links": [], "published": "2015-09-16T11:25:00.000+03:00", "crawled": "2015-09-16T12:20:22.387+03:00", "highlightTitle": ""}