{"organizations": ["Reuters", "Supreme Court"], "uuid": "f99468f1c6318158724de579cceb83334ef963e1", "thread": {"social": {"gplus": {"shares": 0}, "pinterest": {"shares": 0}, "vk": {"shares": 0}, "linkedin": {"shares": 0}, "facebook": {"likes": 0, "shares": 0, "comments": 0}, "stumbledupon": {"shares": 0}}, "site_full": "uk.finance.yahoo.com", "main_image": "https://s1.yimg.com/bt/api/res/1.2/M7vS95b2fvSzHFeFStPk0A--/YXBwaWQ9eW5ld3NfbGVnbztxPTc1O3c9NjAw/http://l.yimg.com/os/mit/media/m/social/images/social_default_logo-1481777.png", "site_section": "https://uk.finance.yahoo.com/news/sector-conglomerates/?format=rss", "section_title": "Conglomerate Sector News | Yahoo! Finance", "url": "https://uk.finance.yahoo.com/news/supreme-court-gives-sahara-month-135402882.html", "country": "US", "title": "Supreme Court gives Sahara a month to detail objections to property auction plan", "performance_score": 0, "site": "yahoo.com", "participants_count": 0, "title_full": "Supreme Court gives Sahara a month to detail objections to property auction plan", "spam_score": 0.0, "site_type": "news", "published": "2015-09-28T16:54:00.000+03:00", "replies_count": 0, "uuid": "f99468f1c6318158724de579cceb83334ef963e1"}, "author": "", "url": "https://uk.finance.yahoo.com/news/supreme-court-gives-sahara-month-135402882.html", "ord_in_thread": 0, "title": "Supreme Court gives Sahara a month to detail objections to property auction plan", "locations": ["Sahara"], "entities": {"persons": [], "locations": [], "organizations": []}, "highlightText": "", "language": "english", "persons": [], "text": "  Supreme Court gives Sahara a month to detail objections to property auction plan Reuters – 6 hours ago Print \nNEW DELHI (Reuters) - The Supreme Court has given troubled conglomerate Sahara a month's time to explain why a receiver should not be appointed to auction off its properties to refund investors in its illegal bonds, a lawyer for the markets regulator said on Monday. \nSahara is a household name in India as the former main sponsor of the national cricket team. It also has major hotels overseas, including the Plaza in New York and the Grosvenor House in London. \nSahara founder Subrata Roy was arrested in March last year after the company failed to comply with a court order to refund money raised from millions of small investors by selling them bonds later ruled to be illegal. \nIn June, the court gave the group 18 months to pay the entire sum of $5.7 billion it says Sahara owes the investors. Sahara has previously said it had repaid 95 percent of its liability, which has not been accepted by the court. \nThe group has been trying to raise funds since Roy's arrest, but has failed in several of its bids in the past year to raise the money against its hotels and some other properties in India. \nLast month, the court had asked the regulator, the Securities and Exchange Board of India (SEBI), which is seeking redress for the bond investors, to submit an application for the appointment of a receiver for the property auction. \nOn Monday, the Supreme Court gave Sahara a month's time to respond to its show cause notice, after which SEBI will get two weeks to file a rejoinder, the lawyer told reporters after the court hearing. \nSahara did not immediately respond to a request for comment, but a lawyer for the group confirmed the court order. \n(Reporting by Aditi Shah and Suchitra Mohanty; Writing by Sumeet Chatterjee; Editing by Clarence Fernandez)", "external_links": [], "published": "2015-09-28T16:54:00.000+03:00", "crawled": "2015-09-28T23:33:37.866+03:00", "highlightTitle": ""}