{"organizations": [], "uuid": "4d0f66a4b202558fe09bfe50f43cdb949ff8f1ac", "thread": {"social": {"gplus": {"shares": 0}, "pinterest": {"shares": 0}, "vk": {"shares": 0}, "linkedin": {"shares": 0}, "facebook": {"likes": 0, "shares": 0, "comments": 0}, "stumbledupon": {"shares": 0}}, "site_full": "www.financialexpress.com", "main_image": "http://www.financialexpress.com/wp-content/uploads/2015/06/bill-gates-s-reuters.jpg", "site_section": "http://www.financialexpress.com/", "section_title": "The Financial Express | India News Today,Latest National News,Stock Market Today,SENSEX NIFTY,NSE BSE India,Finance News,Business News", "url": "http://www.financialexpress.com/article/industry/companies/bill-gates-richest-american-3-tech-chiefs-join-top-10-forbes/143644", "country": "IE", "title": "Bill Gates richest American, 3 tech chiefs join top 10: Forbes", "performance_score": 0, "site": "financialexpress.com", "participants_count": 1, "title_full": "Bill Gates richest American, 3 tech chiefs join top 10: Forbes | The Financial Express", "spam_score": 0.0, "site_type": "news", "published": "2015-09-30T08:32:00.000+03:00", "replies_count": 0, "uuid": "4d0f66a4b202558fe09bfe50f43cdb949ff8f1ac"}, "author": "financialexpress.com", "url": "http://www.financialexpress.com/article/industry/companies/bill-gates-richest-american-3-tech-chiefs-join-top-10-forbes/143644", "ord_in_thread": 0, "title": "Bill Gates richest American, 3 tech chiefs join top 10: Forbes", "locations": [], "entities": {"persons": [], "locations": [], "organizations": []}, "highlightText": "", "language": "english", "persons": [], "text": "Other Articles ISRO's Antrix Corp asked to pay $562 million in damages in Devas Multimedia dispute 2G case: Apex court dismisses Essar Tele, promoters’ appeals Paytm gets fresh funding from Alibaba, Ant Financial Microsoft founder Bill Gates retained his title as wealthiest American, while three founders of online companies joined the top 10, according to the Forbes 400 list released today.\nGates held onto the number-one spot in the annual list of the 400 wealthiest Americans for the 22nd straight year, with net worth of USD 76 billion, down USD 5 billion from 2014.\nWarren Buffett, the head of conglomerate Berkshire Hathaway, ranked second with USD 62 billion, while former Oracle chief executive Larry Ellison is third with USD 47.5 billion.\nForbes said the average net worth of the 400 members on the list stands at a record USD 5.8 billion, above the USD 5.7 billion last year. Total wealth is USD 2.34 trillion, up from USD 2.29 trillion in 2014.\nEntering the top 10 richest rank this year were three founders of e-businesses. Amazon founder Jeff Bezos bolted from 15th to fourth place at USD 47 billion, thanks to the surging value of Amazon stock.\nFacebook CEO Mark Zuckerberg, who jumped from 11th to seventh place, had net worth of USD 40.3 billion. And Larry Page, CEO of Google , moved from number 13 in 2014 to land the 10th spot, with USD 33.3 billion.\nThe business magazine also spotlighted Republican presidential contender Donald Trump, who has claimed wealth of at least USD 10 billion. Forbes came up with a lower figure, rating the billionaire in 121st place.\n“After interviewing more than 80 sources and devoting unprecedented resources to valuing a single fortune, we’re going with a figure less than half that — USD 4.5 billion, albeit still the highest figure we’ve ever had for him,” Forbes said.\n 30, 2015 12:32 am", "external_links": [], "published": "2015-09-30T08:32:00.000+03:00", "crawled": "2015-09-30T01:56:39.132+03:00", "highlightTitle": ""}