{"organizations": [], "uuid": "df5f39df24e34d4d59f4de9a342cc7668eebe858", "thread": {"social": {"gplus": {"shares": 0}, "pinterest": {"shares": 0}, "vk": {"shares": 0}, "linkedin": {"shares": 0}, "facebook": {"likes": 0, "shares": 0, "comments": 0}, "stumbledupon": {"shares": 0}}, "site_full": "www.financialexpress.com", "main_image": "http://www.financialexpress.com/wp-content/uploads/2015/05/Rupee-S.jpg", "site_section": "http://www.financialexpress.com/", "section_title": "The Financial Express | India News Today,Latest National News,Stock Market Today,SENSEX NIFTY,NSE BSE India,Finance News,Business News", "url": "http://www.financialexpress.com/article/industry/banking-finance/indian-rupee-up-19-paise-to-65-77-against-dollar-in-early-trade/143721", "country": "IE", "title": "Indian rupee up 19 paise to 65.77 against dollar in early trade", "performance_score": 0, "site": "financialexpress.com", "participants_count": 1, "title_full": "Indian rupee up 19 paise to 65.77 against dollar in early trade | The Financial Express", "spam_score": 0.0, "site_type": "news", "published": "2015-09-30T17:50:00.000+03:00", "replies_count": 0, "uuid": "df5f39df24e34d4d59f4de9a342cc7668eebe858"}, "author": "financialexpress.com", "url": "http://www.financialexpress.com/article/industry/banking-finance/indian-rupee-up-19-paise-to-65-77-against-dollar-in-early-trade/143721", "ord_in_thread": 0, "title": "Indian rupee up 19 paise to 65.77 against dollar in early trade", "locations": [], "entities": {"persons": [], "locations": [], "organizations": []}, "highlightText": "", "language": "english", "persons": [], "text": "Other Articles After 50 bps repo rate cut, Mohandas Pai says, 'Govt should direct banks to reduce interest rates' Cuts for thrust to economy State Bank takes the lead, slashes base rate by 40 bps The Indian rupee rose by 19 paise at 65.77 against the US dollar in early trade on Wednesday at the Interbank Foreign Exchange after the Reserve Bank cut interest rates by 0.50 per cent on Tuesday.\nForex dealers said besides a higher opening in domestic equity market, the dollar’s weakness against other currencies overseas, supported the rupee.\nThe domestic currency had gained nine paise to close at 65.96 against the US currency in yesterday’s trade on persistent selling of dollars by banks and exporters amid sustained capital inflows.\nMeanwhile, the benchmark BSE Sensex jumped 265.94 points, or 1.03 per cent, at 26,044.60 in early trade on Wednesday.\n 30, 2015 9:50 am", "external_links": [], "published": "2015-09-30T17:50:00.000+03:00", "crawled": "2015-09-30T11:17:27.935+03:00", "highlightTitle": ""}