{"organizations": [], "uuid": "31fcb1b311f63dab32d3e08adcfd40dfa681c1d9", "thread": {"social": {"gplus": {"shares": 0}, "pinterest": {"shares": 0}, "vk": {"shares": 0}, "linkedin": {"shares": 0}, "facebook": {"likes": 0, "shares": 0, "comments": 0}, "stumbledupon": {"shares": 0}}, "site_full": "finance.yahoo.com", "main_image": "http://l3.yimg.com/bt/api/res/1.2/M7vS95b2fvSzHFeFStPk0A--/YXBwaWQ9eW5ld3NfbGVnbztxPTc1O3c9NjAw/http://l.yimg.com/os/mit/media/m/social/images/social_default_logo-1481777.png", "site_section": "http://finance.yahoo.com/rss/headline?s=MAT", "section_title": "Yahoo! Finance: MAT News", "url": "http://finance.yahoo.com/news/mattel-enhances-leadership-team-drive-153200183.html", "country": "US", "title": "Mattel Enhances Leadership Team to Drive Creativity, Innovation and Growth - Yahoo Finance", "performance_score": 0, "site": "yahoo.com", "participants_count": 1, "title_full": "Mattel Enhances Leadership Team to Drive Creativity, Innovation and Growth - Yahoo Finance", "spam_score": 0.0, "site_type": "news", "published": "2015-09-22T03:00:00.000+03:00", "replies_count": 0, "uuid": "31fcb1b311f63dab32d3e08adcfd40dfa681c1d9"}, "author": "Mattel, Inc.", "url": "http://finance.yahoo.com/news/mattel-enhances-leadership-team-drive-153200183.html", "ord_in_thread": 0, "title": "Mattel Enhances Leadership Team to Drive Creativity, Innovation and Growth - Yahoo Finance", "locations": [], "entities": {"persons": [], "locations": [], "organizations": []}, "highlightText": "", "language": "english", "persons": [], "text": "EL SEGUNDO, Calif., Sept. 21, 2015 /PRNewswire/ -- Mattel, Inc. ( MAT ) today announced the appointment of four executives to key senior roles enhancing the company's leadership expertise as it implements its plan to deliver improved performance:\nRichard Gros, Chief Human Resources Officer Juliana Chugg, Global Core Brands Officer Catherine Balsam-Schwaber, Chief Content Officer John Vandemore, Chief Financial Officer, Global Brands and Commercial View photo\n. \"Today's announcement is an important step towards re-invigorating our culture and increasing accountability, as we accelerate our efforts to deliver enhanced creativity, innovation and financial performance,\" said Christopher Sinclair, Mattel Chairman and Chief Executive Officer. \nRichard Gros, Chief Human Resources Officer, will report to Mr. Sinclair and lead Mattel's efforts in becoming a more innovative and performance-driven organization. Mr. Gros has 30 years of experience in human resources with proven expertise in global talent acquisition and assessment, organizational strategy and development, succession planning and culture building. He spent nearly two decades at PepsiCo, including significant time in emerging markets, where he led the opening of offices in China, India and Russia. In addition, he has served as CHRO for publicly traded companies including Caribiner International, United Rentals and Cambridge Solutions, and founded an executive search consulting company targeted at Fortune 500 and emerging growth companies.\nJuliana Chugg, Global Core Brands Officer, will oversee all aspects of marketing strategy, creative execution and product development across Mattel's iconic brands and will be responsible for driving continued innovation throughout the portfolio. She will report to Richard Dickson, Mattel's President and Chief Operating Officer.\nMs. Chugg joins Mattel from General Mills, Inc., where she was a proven leader in operating multi-branded portfolios. Most recently she served as President of the company's Meals division, which includes brands such as Progresso, Old El Paso and Betty Crocker, where she managed all aspects of the multi-billion dollar business and oversaw impressive sales growth across the portfolio. She also served as President of the company's Pillsbury division. Ms. Chugg also serves on the Board of Directors of VF Corporation, one of the world's largest fashion companies. Earlier in her career, Ms. Chugg held product management and general management roles at Berri Australia.\nCatherine Balsam-Schwaber will join Mattel in the new role of Chief Content Officer, where she will lead Mattel's efforts to implement an integrated strategy for content creation and distribution, digital and media that connects consumers with the company's brands in meaningful and innovative ways. Ms. Balsam-Schwaber will report to Mr. Dickson.\nMs. Balsam-Schwaber joins Mattel from NBCUniversal, where she led the corporate content and innovation agency. As a recognized leader in the entertainment business, Ms. Balsam-Schwaber also directed transformative content strategies at AOL, Time Warner, MTV and iVillage. She began her career in the White House Communications Office and later joined NBC News as a producer for the flagship NBC Nightly News program. \nJohn Vandemore, Chief Financial Officer, Global Brands and Commercial, will lead a new Brand Finance Group, reporting to Mr. Dickson with a functional reporting line to Kevin Farr, Mattel's Chief Financial Officer. He will be responsible for financial strategy and performance metrics for the global brand portfolio, as well as the North America and International commercial organizations.\nMr. Vandemore most recently served as Chief Financial Officer and Treasurer of International Gaming Technology, where he was a member of the executive leadership team. Prior to that, he held leadership roles with The Walt Disney Company, including CFO of the Walt Disney Imagineering division. Previously he served as an associate with AlixPartners, where he helped guide numerous companies through successful turnarounds.\nRichard Dickson, Mattel President and Chief Operating Officer, said \"These proven leaders bring important skills and experience across the critical areas of talent development, content creation and delivery and performance measurement. Richard, Juliana, Catherine and John are highly respected, experienced leaders and we look forward to working closely with them to foster a high-performing, inventive and entrepreneurial culture at Mattel.\"\nAbout Mattel\nThe Mattel family of companies ( MAT ) is a worldwide leader in the design, manufacture and marketing of toys and family products. Mattel's portfolio of best-selling brands includes Barbie®, the most popular fashion doll ever produced, Hot Wheels®, Monster High®, American Girl®, Thomas & Friends®, Fisher-Price® brands and MEGA® Brands, as well as a wide array of entertainment-inspired toy lines. In 2014, Mattel was named one of the \"World's Most Ethical Companies\" by Ethisphere Magazine and in 2014 ranked No. 5 on Corporate Responsibility Magazine's \"100 Best Corporate Citizens\" list. With worldwide headquarters in El Segundo, Calif., Mattel's companies employ approximately 31,000 people in 40 countries and territories and sell products in more than 150 nations. Visit us at www.mattel.com , www.facebook.com/mattel or www.twitter.com/mattel .\nMAT-CORP\nLogo - http://photos.prnewswire.com/prnh/20150630/226835LOGO \n\nTo view the original version on PR Newswire, visit: http://www.prnewswire.com/news-releases/mattel-enhances-leadership-team-to-drive-creativity-innovation-and-growth-300146211.html \nConsumer Discretionary Richard Dickson Chief Human Resources Officer Mattel Chief Executive Officer", "external_links": [], "published": "2015-09-22T03:00:00.000+03:00", "crawled": "2015-09-22T01:14:12.464+03:00", "highlightTitle": ""}