{"organizations": ["Digital Media Ethiopia"], "uuid": "a6c9c1ebae4137907c805247b0ed121419deabab", "thread": {"social": {"gplus": {"shares": 0}, "pinterest": {"shares": 0}, "vk": {"shares": 0}, "linkedin": {"shares": 0}, "facebook": {"likes": 0, "shares": 0, "comments": 0}, "stumbledupon": {"shares": 0}}, "site_full": "allafrica.com", "main_image": "http://allafrica.com/static/images/structure/aa-logo-rgba-no-text-128x128.png", "site_section": "http://allafrica.com/tools/headlines/rdf/business/headlines.rdf", "section_title": "AllAfrica News: Economy, Business and Finance", "url": "http://allafrica.com/stories/201509280793.html", "country": "US", "title": "Africa: #demoafrica2015 - Bozza-Africa's Marketplace for Digital Media", "performance_score": 0, "site": "allafrica.com", "participants_count": 0, "title_full": "Africa: #demoafrica2015 - Bozza-Africa's Marketplace for Digital Media", "spam_score": 0.0, "site_type": "news", "published": "2015-09-28T12:18:00.000+03:00", "replies_count": 0, "uuid": "a6c9c1ebae4137907c805247b0ed121419deabab"}, "author": "", "url": "http://allafrica.com/stories/201509280793.html", "ord_in_thread": 0, "title": "Africa: #demoafrica2015 - Bozza-Africa's Marketplace for Digital Media", "locations": ["Africa"], "entities": {"persons": [], "locations": [], "organizations": []}, "highlightText": "", "language": "english", "persons": ["Bozza-Africa"], "text": "Ethiopia: Ethio-Telecom, Office Sign 8100 a SMS Service Accord By Staff Writer \nBozza is the marketplace for the next generation of African talent selling directly to anyone on a connected device. \nWith approximately 60 per cent of Africans under age 25; a deep culture of music and storytelling; and broad-scale, rising economic prosperity, young Africans represent one of the most promising consumer markets for entertainment today. \nThe size of the formal Film, Music and Television industry across just Nigeria, Kenya and South Africa is estimated at over billion. Bozza allows for any musician, filmmaker, poet across Africa the ability to self publish and sell directly to their audience, globally. Currently Bozza covers over 3,000 mobile devices and desktops. Africa \nAfrican Union chairman Robert Mugabe is Monday expected to push for the inclusion of the push to defer the case facing … see more » Copyright © 2015 CIO East Africa. All rights reserved. Distributed by AllAfrica Global Media ( allAfrica.com ). To contact the copyright holder directly for corrections — or for permission to republish or make other authorized use of this material, click here. AllAfrica publishes around 2,000 reports a day from more than 130 news organizations and over 200 other institutions and individuals , representing a diversity of positions on every topic. We publish news and views ranging from vigorous opponents of governments to government publications and spokespersons. Publishers named above each report are responsible for their own content, which AllAfrica does not have the legal right to edit or correct. Articles and commentaries that identify allAfrica.com as the publisher are produced or commissioned by AllAfrica . To address comments or complaints, please Contact us .", "external_links": [], "published": "2015-09-28T12:18:00.000+03:00", "crawled": "2015-09-28T13:06:24.177+03:00", "highlightTitle": ""}