{"organizations": ["Nigerian Army"], "uuid": "21ea1c63c8bf26cd077cf5cc5c83817c6da9ce05", "thread": {"social": {"gplus": {"shares": 0}, "pinterest": {"shares": 0}, "vk": {"shares": 0}, "linkedin": {"shares": 0}, "facebook": {"likes": 0, "shares": 0, "comments": 0}, "stumbledupon": {"shares": 0}}, "site_full": "allafrica.com", "main_image": "http://allafrica.com/static/images/structure/aa-logo-rgba-no-text-128x128.png", "site_section": "http://allafrica.com/tools/headlines/rdf/business/headlines.rdf", "section_title": "AllAfrica News: Economy, Business and Finance", "url": "http://allafrica.com/stories/201509282633.html", "country": "US", "title": "Nigeria: Army Seizes Eight Boats, 2.3 Million Litres of Stolen Diesel in Rivers", "performance_score": 0, "site": "allafrica.com", "participants_count": 0, "title_full": "Nigeria: Army Seizes Eight Boats, 2.3 Million Litres of Stolen Diesel in Rivers", "spam_score": 0.0, "site_type": "news", "published": "2015-09-28T16:53:00.000+03:00", "replies_count": 0, "uuid": "21ea1c63c8bf26cd077cf5cc5c83817c6da9ce05"}, "author": "", "url": "http://allafrica.com/stories/201509282633.html", "ord_in_thread": 0, "title": "Nigeria: Army Seizes Eight Boats, 2.3 Million Litres of Stolen Diesel in Rivers", "locations": ["Nigeria", "Port Harcourt"], "entities": {"persons": [], "locations": [], "organizations": []}, "highlightText": "", "language": "english", "persons": [], "text": "Troops of Operation Pulo Shield (OPS) of the Nigerian Army, Port Harcourt have seized 2.3 million litres of allegedly stolen diesel worth N3.45 million from an illegal bunker site in Rivers. \nThe petroleum product was siphoned from the pipelines belonging to the Nigerian National Petroleum Company (NNPC). \nMaj.-Gen. Alani Okunlola, the Commander of the operation, formerly known as the Joint Task Force, disclosed this to newsmen on Sunday at Tamunotonye Ama in Ogu-Bolo Local Government Area of Rivers. \nOkunlola said that two suspected oil thieves were arrested at the bunker site, while several equipment used by the operators of the illegal bunker were seized during the raid. \n\"On Sept. 23, troops of Sector 2 of OPS of 2 Brigade Army Port Harcourt stormed Tamunotonye-Ama community and discovered a very large bunkering site which operates illegally. \n\"Troops during the raid discovered and seized eight large metal badges laden with stolen Automated Gas Oil (AGO), commonly referred to as diesel, while another 23 empty barges were also seized. \n\"Two of the eight metal badges have estimated capacity of seven tanker trucks each,\" he said. \nThe OPS commander told newsmen that other items found at the site were 44 large plastic tanks, 22 illegal pumping dumps, 18 pumping machines, three speedboats, two outboard engines and a lengthy hose. \nHe added that 19 storage tanks filled with stolen crude oil were also seized from the site during the operation. \n\"Two suspects in our custody will be interrogated, while the barges have been towed to Ogoloma Jetty in Okirika Local Government Area of Rivers,\" he said. \nOkunlola said that investigation into the activities of the operators of the illegal bunkers had begun. \nHe said that the investigation should reveal how they were able to operate in the area without being spotted. \nThe OPS commander said that under his command, the operation had increased the frequency of raids in a bid to end oil theft and illegal bunkering in the Niger Delta region. \nThe site is located near the Onne Sea Port and the Onne Oil and Gas Free Zone where several multinational oil and gas companies are operating. Nigeria \nOnly 20 million out of the 52 million active bank accounts have registered for the Bank Verification Number (BVN) … see more » Copyright © 2015 Daily Trust. All rights reserved. Distributed by AllAfrica Global Media ( allAfrica.com ). To contact the copyright holder directly for corrections — or for permission to republish or make other authorized use of this material, click here. AllAfrica publishes around 2,000 reports a day from more than 130 news organizations and over 200 other institutions and individuals , representing a diversity of positions on every topic. We publish news and views ranging from vigorous opponents of governments to government publications and spokespersons. Publishers named above each report are responsible for their own content, which AllAfrica does not have the legal right to edit or correct. Articles and commentaries that identify allAfrica.com as the publisher are produced or commissioned by AllAfrica . To address comments or complaints, please Contact us .", "external_links": [], "published": "2015-09-28T16:53:00.000+03:00", "crawled": "2015-09-28T17:37:34.981+03:00", "highlightTitle": ""}