{"organizations": [], "uuid": "f8d46647673ed6e77283a1a5417b4f1d6e3bb5ed", "thread": {"social": {"gplus": {"shares": 0}, "pinterest": {"shares": 0}, "vk": {"shares": 0}, "linkedin": {"shares": 0}, "facebook": {"likes": 0, "shares": 0, "comments": 0}, "stumbledupon": {"shares": 0}}, "site_full": "allafrica.com", "main_image": "http://allafrica.com/static/images/structure/aa-logo-rgba-no-text-128x128.png", "site_section": "http://allafrica.com/tools/headlines/rdf/business/headlines.rdf", "section_title": "AllAfrica News: Economy, Business and Finance", "url": "http://allafrica.com/stories/201509282687.html", "country": "US", "title": "Malawi: Decent and Affordable Housing Program Rolled Out in Mulanje", "performance_score": 0, "site": "allafrica.com", "participants_count": 0, "title_full": "Malawi: Decent and Affordable Housing Program Rolled Out in Mulanje", "spam_score": 0.0, "site_type": "news", "published": "2015-09-28T17:03:00.000+03:00", "replies_count": 0, "uuid": "f8d46647673ed6e77283a1a5417b4f1d6e3bb5ed"}, "author": "", "url": "http://allafrica.com/stories/201509282687.html", "ord_in_thread": 0, "title": "Malawi: Decent and Affordable Housing Program Rolled Out in Mulanje", "locations": ["Mulanje Rwanda", "Malawi", "Kigali"], "entities": {"persons": [], "locations": [], "organizations": []}, "highlightText": "", "language": "english", "persons": ["Nellie Kanyemba"], "text": "Rwanda: The Price Paid in Kigali to Keep the City's Image Pristine By Nellie Kanyemba \nMulanje — The Decent and Affordable Housing (Cement and Iron Sheets) Program has been rolled out in Mulanje district. \nThe program is aimed at assisting poor people in rural areas by providing them with subsidized cement, iron sheets and other building materials to help them construct or improve their houses. \nSpeaking during the rolling out event in Mulanje, Minister of Lands, Housing and Urban Development Atupele Muluzi said it was government's wish to ensure that vulnerable and low income households no longer live in dilapidated houses. \nSaid Muluzi: \"Through this program 80 households per constituency are going to benefit every year and five of these will be constructed freely for five chosen most vulnerable households. \n\"This means by the end of five years 400 households are going to have good houses which is very exciting to note\",he explained. \nOn local level the program will be initiated by local councils who will also be collecting payments for the subsidized materials half down the initial price to be paid back within 36 months. \nAlso speaking, Minister of Local Government and Rural Development Kondwani Nankhumwa said since his ministry is the one piloting the program locally, he will ensure that things are being done in a transparent manner to make sure intended beneficiaries benefit from the program. \nOne of the beneficiaries Esnarth Chirambo who is a widow from Ng'oma Village, TA Chikumbu in the district expressed her heartfelt gratitude for being chosen saying a burden has been lifted off her shoulders as she was failing to construct herself a good house for herself and her three children. \nAbout 5440 households across the country are to benefit from the 7 billion Malawi Kwacha program which was approved by parliament in 2014. Malawi \nPresident Peter Mutharika has said government has put in place mechanisms aimed at addressing the plight of women in the …   Malawi News Agency.  ", "external_links": [], "published": "2015-09-28T17:03:00.000+03:00", "crawled": "2015-09-28T22:19:10.925+03:00", "highlightTitle": ""}