{"organizations": ["NUM"], "uuid": "b229e8be9905e1fb1a610cd91d15fccaf7cc50c5", "thread": {"social": {"gplus": {"shares": 0}, "pinterest": {"shares": 0}, "vk": {"shares": 0}, "linkedin": {"shares": 0}, "facebook": {"likes": 0, "shares": 0, "comments": 0}, "stumbledupon": {"shares": 0}}, "site_full": "uk.finance.yahoo.com", "main_image": "https://s1.yimg.com/bt/api/res/1.2/M7vS95b2fvSzHFeFStPk0A--/YXBwaWQ9eW5ld3NfbGVnbztxPTc1O3c9NjAw/http://l.yimg.com/os/mit/media/m/social/images/social_default_logo-1481777.png", "site_section": "https://uk.finance.yahoo.com/news/sector-basic-resources/?format=rss", "section_title": "Basic Resources News - Yahoo! Finance UK", "url": "https://uk.finance.yahoo.com/news/africas-national-union-mineworkers-call-134051569.html", "country": "US", "title": "South Africa's NUM union calls coal miners strike", "performance_score": 0, "site": "yahoo.com", "participants_count": 0, "title_full": "South Africa's NUM union calls coal miners strike", "spam_score": 0.0, "site_type": "news", "published": "2015-09-30T18:47:00.000+03:00", "replies_count": 0, "uuid": "b229e8be9905e1fb1a610cd91d15fccaf7cc50c5"}, "author": "", "url": "https://uk.finance.yahoo.com/news/africas-national-union-mineworkers-call-134051569.html", "ord_in_thread": 0, "title": "South Africa's NUM union calls coal miners strike", "locations": ["South Africa"], "entities": {"persons": [], "locations": [], "organizations": []}, "highlightText": "", "language": "english", "persons": [], "text": "Tip : Use comma (,) to separate multiple quotes. Learn more... \nWed, Sep 30, 2015, 17:47 BST - UK Markets closed South Africa's NUM union calls coal miners strike Reuters - UK Focus – 59 minutes ago \n* S (Other OTC: UBGXF - news ) .Africa's biggest coal union to strike \n* Strike could affect Eskom's coal-fired power plants \n* Eskom says has 30 day coal stockpile (Adds Eskom comment) \nBy Ed Stoddard and Peroshni Govender \nJOHANNESBURG, Sept 30 (Reuters) - South Africa's National Union of Mineworkers (NUM) said on Wednesday it would ask its members in the coal sector to strike after wage talks collapsed. \nAfrica's most advanced economy, beset by power shortages, relies on coal for its electricity and is also a major exporter to Europe and Asia. \nUtility Eskom's old and mostly coal-fired power plants struggle to produce enough electricity to meet demand. \n\"We have the certificate to strike and will give the companies 48-hour notice later,\" Peter Bailey, NUM's chief negotiator in the coal sector, told Reuters. \nNUM had been seeking wage hikes of up to 50 percent at one point but had scaled back and Bailey said its latest demand for its lowest-paid members was for increases of 1,000 rand ($72) a month, which he said amounted to about 13 percent. \nA spokeswoman for the Chamber of Mines, which represents Glencore (Xetra: A1JAGV - news ) , Anglo American Coal and Exxaro , said the coal producers had raised their offer to wage increases of up to 8.5 percent for the lowest-paid workers, from 8 percent previously. \nSouth African inflation is running at 4.6 percent. \nEskom said it only had enough coal to last up to a month. \n\"Most of our power stations have a 30 day supply of coal, if the strike goes beyond that period, we will have to make another plan,\" Eskom's spokesman Khulu Phasiwe told Reuters. \nOne option would be to truck coal directly from the mines to power stations. \nEskom has struggled to meet power demand, an important factor behind the economy's contraction in the second quarter. \nAbout 30,000 workers could take part in the strike by the NUM. Two smaller unions which represent mostly skilled workers and supervisors accepted the coal companies' offers last week. \nLike other mining sectors, coal has been hard hit by sliding commodity prices in the face of slowing Chinese growth, while power and labour costs in South Africa have been rising sharply. \nSouth Africa's mine workers have grown increasingly militant amid perceptions that wages for the mostly black labour force remain too low two decades after the end of apartheid rule. \n($1 = 13.8755 rand) (Editing by James Macharia and William Hardy)", "external_links": [], "published": "2015-09-30T18:47:00.000+03:00", "crawled": "2015-09-30T19:50:03.080+03:00", "highlightTitle": ""}