{"organizations": [], "uuid": "db6c6c28db8294d852d5fdab4f5c508843821d5b", "thread": {"social": {"gplus": {"shares": 0}, "pinterest": {"shares": 0}, "vk": {"shares": 0}, "linkedin": {"shares": 0}, "facebook": {"likes": 0, "shares": 0, "comments": 0}, "stumbledupon": {"shares": 0}}, "site_full": "finance.yahoo.com", "main_image": "http://l3.yimg.com/bt/api/res/1.2/M7vS95b2fvSzHFeFStPk0A--/YXBwaWQ9eW5ld3NfbGVnbztxPTc1O3c9NjAw/http://l.yimg.com/os/mit/media/m/social/images/social_default_logo-1481777.png", "site_section": "http://finance.yahoo.com/rss/HeavyConstruction", "section_title": "Yahoo! Finance: Heavy Construction Industry News", "url": "http://finance.yahoo.com/news/primoris-services-corporation-announces-industrial-113000040.html", "country": "GB", "title": "Primoris Services Corporation Announces Industrial Award Valued at $11 Million - Yahoo Finance", "performance_score": 0, "site": "yahoo.com", "participants_count": 1, "title_full": "Primoris Services Corporation Announces Industrial Award Valued at $11 Million - Yahoo Finance", "spam_score": 0.0, "site_type": "news", "published": "2015-09-30T03:00:00.000+03:00", "replies_count": 0, "uuid": "db6c6c28db8294d852d5fdab4f5c508843821d5b"}, "author": "Primoris Services Corporation", "url": "http://finance.yahoo.com/news/primoris-services-corporation-announces-industrial-113000040.html", "ord_in_thread": 0, "title": "Primoris Services Corporation Announces Industrial Award Valued at $11 Million - Yahoo Finance", "locations": [], "entities": {"persons": [], "locations": [], "organizations": []}, "highlightText": "", "language": "english", "persons": [], "text": "DALLAS--(BUSINESS WIRE)--\nPrimoris Services Corporation (NASDAQ Global Select: PRIM) (“Primoris” or “Company”) today announced a new industrial award valued at $11 million for a mining customer. The contract was secured by the Infrastructure & Maintenance (\"I&M\") division of Primoris' James Construction Group, part of the East Construction Services segment. \nThe award is for the construction and completion of a perimeter dam at a mine site in Central Florida. Construction on the project is scheduled to start in the third quarter of 2015, and completion is expected in the second quarter of 2016. ABOUT PRIMORIS \nFounded in 1960, Primoris, through various subsidiaries, has grown to become one of the largest publicly traded specialty construction and infrastructure companies in the United States. Serving diverse end-markets, Primoris provides a wide range of construction, fabrication, maintenance, replacement, water and wastewater, and engineering services to major public utilities, petrochemical companies, energy companies, municipalities, state departments of transportation, and other customers. Growing both organically and through acquisitions, the Company’s national footprint now extends nearly nationwide and into Canada. For additional information, please visit www.prim.com . \nFORWARD-LOOKING STATEMENTS \nThis press release contains certain forward-looking statements, including with regard to the Company’s future performance. Words such as \"estimated,\" \"believes,\" \"expects,\" \"projects,\" “may,” and \"future\" or similar expressions are intended to identify forward-looking statements. Forward-looking statements inherently involve known and unknown risks, uncertainties, and other factors, including without limitation, those described in this press release and those detailed in the \"Risk Factors\" section and other portions of our Annual Report on Form 10-K for the period ended December 31, 2014, and other filings with the Securities and Exchange Commission. Given these uncertainties, you should not place undue reliance on forward-looking statements. Primoris does not undertake any obligation to publicly update or revise any forward-looking statements, whether as a result of new information, future events or otherwise, except as may be required under applicable securities laws. \n\nView source version on businesswire.com: http://www.businesswire.com/news/home/20150930005283/en/ \nContact: Primoris Services Corporation\nKate Tholking , 214-740-5615\nDirector of Investor Relations \nktholking@prim.com", "external_links": [], "published": "2015-09-30T03:00:00.000+03:00", "crawled": "2015-09-30T17:28:43.429+03:00", "highlightTitle": ""}