{"organizations": [], "uuid": "25176bfe260016169851e40ac52cf0996f4c9b39", "thread": {"social": {"gplus": {"shares": 0}, "pinterest": {"shares": 0}, "vk": {"shares": 0}, "linkedin": {"shares": 0}, "facebook": {"likes": 0, "shares": 0, "comments": 0}, "stumbledupon": {"shares": 0}}, "site_full": "raffimax.tradepub.com", "main_image": "http://img.tradepub.com/free/w_verf01/images/w_verf01c8w.jpg", "site_section": "http://cts.tradepub.com/cts4/?ptnr=raffimax&tm=rss_Fi", "section_title": "Free Finance Magazines and Downloads from raffimax.tradepub.com", "url": "http://raffimax.tradepub.com/c/pubRD.mpl?sr=rss&_t=rss&qf=w_verf01", "country": "US", "title": "4 Reasons for Retailers to Automate the Tax Process", "performance_score": 0, "site": "tradepub.com", "participants_count": 0, "title_full": "4 Reasons for Retailers to Automate the Tax Process", "spam_score": 0.0, "site_type": "news", "published": "2015-08-31T10:00:00.000+03:00", "replies_count": 0, "uuid": "25176bfe260016169851e40ac52cf0996f4c9b39"}, "author": "", "url": "http://raffimax.tradepub.com/c/pubRD.mpl?sr=rss&_t=rss&qf=w_verf01", "ord_in_thread": 0, "title": "4 Reasons for Retailers to Automate the Tax Process", "locations": [], "entities": {"persons": [], "locations": [], "organizations": []}, "highlightText": "", "language": "english", "persons": [], "text": " ", "external_links": [], "published": "2015-08-31T10:00:00.000+03:00", "crawled": "2015-09-02T03:14:38.078+03:00", "highlightTitle": ""}