{"organizations": [], "uuid": "25a09e826e8fc3388900dd4c59a3c9d3dc879a45", "thread": {"social": {"gplus": {"shares": 0}, "pinterest": {"shares": 0}, "vk": {"shares": 0}, "linkedin": {"shares": 0}, "facebook": {"likes": 0, "shares": 0, "comments": 0}, "stumbledupon": {"shares": 0}}, "site_full": "finance-commerce.com", "main_image": "http://finance-commerce.com/files/2015/09/WEB-NorthLoop-photo-200x200.jpg", "site_section": "http://finance-commerce.com//feed/", "section_title": "Finance & Commerce", "url": "http://finance-commerce.com/2015/09/eatery-offices-planned-for-4-1m-north-loop-building/", "country": "US", "title": "Eatery, offices planned for $4.1M North Loop building", "performance_score": 0, "site": "finance-commerce.com", "participants_count": 1, "title_full": "Eatery, offices planned for $4.1M North Loop building", "spam_score": 0.0, "site_type": "news", "published": "2015-09-28T21:58:00.000+03:00", "replies_count": 0, "uuid": "25a09e826e8fc3388900dd4c59a3c9d3dc879a45"}, "author": "Karlee Weinmann", "url": "http://finance-commerce.com/2015/09/eatery-offices-planned-for-4-1m-north-loop-building/", "ord_in_thread": 0, "title": "Eatery, offices planned for $4.1M North Loop building", "locations": [], "entities": {"persons": [], "locations": [], "organizations": []}, "highlightText": "", "language": "english", "persons": [], "text": "Apartment Sales Tracker Home / News / Eatery, offices planned for $4.1M North Loop building Twin Cities restaurateur Paul Dzubnar forked over $4.1 million for a three-story office building in Minneapolis’ North Loop neighborhood, the future home of a new eatery that has two floors of sought-after office space above it. (Submitted photo: CoStar) Eatery, offices planned for $4.1M North Loop building By: Karlee Weinmann September 28, 2015 1:58 pm 0 Restaurateur Paul Dzubnar, who runs Green Mill Restaurants, paid $4.1 million for a three-floor office building in the trendy North Loop section of Minneapolis. The purchase, outlined in a certificate of real estate value made public late last week, clears the way for a new eatery at 424 Washington Ave. N., at the intersection of Fifth ... User Name/E-mail: Password: \nEnter your user name and password in the fields above to gain access to the subscriber content on this site. \nYour subscription includes one set of login credentials for your exclusive use. Security features have been integrated on this site: If someone signs in with your credentials while you are logged in, the site will automatically close your ongoing login and you will lose access at that time. To inquire about group subscriptions for your organization, contact Disa McClellan . If you feel your login credentials are being used by a second party, contact customer service at 800-451-9998 for assistance in changing your password.\nAlready a paid subscriber but not registered for online access yet? For instructions on how to get premium web access, click here .", "external_links": [], "published": "2015-09-28T21:58:00.000+03:00", "crawled": "2015-09-28T22:34:56.193+03:00", "highlightTitle": ""}