{"organizations": [], "uuid": "be525cbecdafe30a1a64a3de6ece8cc43fb16d7a", "thread": {"social": {"gplus": {"shares": 0}, "pinterest": {"shares": 0}, "vk": {"shares": 0}, "linkedin": {"shares": 0}, "facebook": {"likes": 0, "shares": 0, "comments": 0}, "stumbledupon": {"shares": 0}}, "site_full": "uk.finance.yahoo.com", "main_image": "https://s.yimg.com/bt/api/res/1.2/CrAlHGaj.Wwtn.OmoPzOMw--/YXBwaWQ9eW5ld3NfbGVnbztpbD1wbGFuZTtxPTc1O3c9NjAw/http://globalfinance.zenfs.com/images/UK_AHTTP_SKYNEWS_LIVE_1/rbi-1-400x240_original.jpg", "site_section": "https://uk.finance.yahoo.com/news/provider-skynews/?format=rss", "section_title": "Finance News | Sky News - Yahoo! UK & Ireland Finance", "url": "https://uk.finance.yahoo.com/news/india-cuts-rates-0-5-071000019.html", "country": "GB", "title": "India Cuts Rates By 0.5% To Boost Growth", "performance_score": 0, "site": "yahoo.com", "participants_count": 0, "title_full": "India Cuts Rates By 0.5% To Boost Growth", "spam_score": 0.0, "site_type": "news", "published": "2015-09-29T10:10:00.000+03:00", "replies_count": 0, "uuid": "be525cbecdafe30a1a64a3de6ece8cc43fb16d7a"}, "author": "", "url": "https://uk.finance.yahoo.com/news/india-cuts-rates-0-5-071000019.html", "ord_in_thread": 0, "title": "India Cuts Rates By 0.5% To Boost Growth", "locations": ["India"], "entities": {"persons": [], "locations": [], "organizations": []}, "highlightText": "", "language": "english", "persons": [], "text": "Tip : Use comma (,) to separate multiple quotes. Learn more... \nTue, Sep 29, 2015, 08:53 BST - UK Markets close in 7 hrs 37 mins India Cuts Rates By 0.5% To Boost Growth By (c) Sky News 2015 | Sky News – 43 minutes ago View Photo \n\nIndia's central bank has cut its core interest rate for the fourth time this year as it looks to help kick-start economic growth. \nThe benchmark repo rate - the level at which it lends to banks - was slashed by 50 basis points to 6.75% by the Reserve Bank of India (RBI). \nIt (Other OTC: ITGL - news ) was the most aggressive of the RBI's rate reductions, following three previous cuts of 0.25%, and reflected growing concern that the country's economic recovery was running out of steam. \nThe RBI was under pressure to act as falls in inflation gather pace - with the annual rate hitting a near-year low of 3.6% in August versus a target of 6%. \nEconomic growth was last measured at an annual rate of 7% - down from 7.5% in the previous quarter. \nIn announcing the monetary policy response, RBI governor Raghuram Rajan said the central bank had also lowered India's growth forecasts. \n\"A tentative economic recovery is underway, but is still far from robust. \n\"Investment is likely to respond more strongly if there is more certainty about the extent of monetary stimulus in the pipeline, even if transmission is slow. \n\"Therefore, the Reserve Bank has front-loaded policy action by a reduction in the policy rate by 50 basis points.\" \nThe bank highlighted a number of risks, including the slowdown in emerging markets as trade weakens.", "external_links": [], "published": "2015-09-29T10:10:00.000+03:00", "crawled": "2015-09-29T10:52:49.605+03:00", "highlightTitle": ""}