{"organizations": [], "uuid": "019a1b74faf201a84222b0ed14669c47d1c55236", "thread": {"social": {"gplus": {"shares": 0}, "pinterest": {"shares": 0}, "vk": {"shares": 0}, "linkedin": {"shares": 0}, "facebook": {"likes": 0, "shares": 0, "comments": 0}, "stumbledupon": {"shares": 0}}, "site_full": "uk.finance.yahoo.com", "main_image": "https://s1.yimg.com/bt/api/res/1.2/M7vS95b2fvSzHFeFStPk0A--/YXBwaWQ9eW5ld3NfbGVnbztxPTc1O3c9NjAw/http://l.yimg.com/os/mit/media/m/social/images/social_default_logo-1481777.png", "site_section": "https://uk.finance.yahoo.com/news/sector-basic-materials/?format=rss", "section_title": "Basic Resources News | Yahoo! Finance", "url": "https://uk.finance.yahoo.com/news/research-markets-united-kingdom-market-165100778.html", "country": "US", "title": "Research and Markets: The United Kingdom: Market of Gas Filtering and Purification Equipment 2015", "performance_score": 0, "site": "yahoo.com", "participants_count": 0, "title_full": "Research and Markets: The United Kingdom: Market of Gas Filtering and Purification Equipment 2015", "spam_score": 0.0, "site_type": "news", "published": "2015-09-29T19:51:00.000+03:00", "replies_count": 0, "uuid": "019a1b74faf201a84222b0ed14669c47d1c55236"}, "author": "", "url": "https://uk.finance.yahoo.com/news/research-markets-united-kingdom-market-165100778.html", "ord_in_thread": 0, "title": "Research and Markets: The United Kingdom: Market of Gas Filtering and Purification Equipment 2015", "locations": ["United Kingdom"], "entities": {"persons": [], "locations": [], "organizations": []}, "highlightText": "", "language": "english", "persons": [], "text": "3. Characteristics of gas filtering and purification equipment \n4. Characteristics of raw materials \n5. State of the economy of the United Kingdom \n6. Overview and analysis of the gas filtering and purification equipment market in the United Kingdom \n7. Overview and analysis of the domestic production of gas filtering and purification equipment in the United Kingdom \n8. Characteristics and analysis of the prices of gas filtering and purification equipment in the United Kingdom \n9. Foreign trade operations of gas filtering and purification equipment in the United Kingdom \n10. Overview and analysis of the imports of gas filtering and purification equipment to the British market \n11. Overview and analysis of the British exports of gas filtering and purification equipment \n12. Characteristics of the consumption of gas filtering and purification equipment in the United Kingdom \n13. Forecast for development of the gas filtering and purification equipment market in the United Kingdom for the next 5 years \nFor more information visit http://www.researchandmarkets.com/research/px5lz8/the_united View source version on businesswire.com: http://www.businesswire.com/news/home/20150929006604/en/ Contact:", "external_links": [], "published": "2015-09-29T19:51:00.000+03:00", "crawled": "2015-09-29T20:16:52.577+03:00", "highlightTitle": ""}