{"organizations": ["Glencore"], "uuid": "594ac9b2b807b30e09f720e58c7ba5c70d5194c8", "thread": {"social": {"gplus": {"shares": 0}, "pinterest": {"shares": 0}, "vk": {"shares": 0}, "linkedin": {"shares": 0}, "facebook": {"likes": 0, "shares": 0, "comments": 0}, "stumbledupon": {"shares": 0}}, "site_full": "uk.finance.yahoo.com", "main_image": "https://s1.yimg.com/bt/api/res/1.2/M7vS95b2fvSzHFeFStPk0A--/YXBwaWQ9eW5ld3NfbGVnbztxPTc1O3c9NjAw/http://l.yimg.com/os/mit/media/m/social/images/social_default_logo-1481777.png", "site_section": "https://uk.finance.yahoo.com/news/sector-basic-materials/?format=rss", "section_title": "Basic Resources News | Yahoo! Finance", "url": "https://uk.finance.yahoo.com/news/glencore-credit-default-swaps-surge-121758209.html", "country": "US", "title": "Glencore credit default swaps surge to record high above 700 bps", "performance_score": 0, "site": "yahoo.com", "participants_count": 0, "title_full": "Glencore credit default swaps surge to record high above 700 bps", "spam_score": 0.0, "site_type": "news", "published": "2015-09-28T15:17:00.000+03:00", "replies_count": 0, "uuid": "594ac9b2b807b30e09f720e58c7ba5c70d5194c8"}, "author": "", "url": "https://uk.finance.yahoo.com/news/glencore-credit-default-swaps-surge-121758209.html", "ord_in_thread": 0, "title": "Glencore credit default swaps surge to record high above 700 bps", "locations": [], "entities": {"persons": [], "locations": [], "organizations": []}, "highlightText": "", "language": "english", "persons": [], "text": "Tip : Use comma (,) to separate multiple quotes. Learn more... \nMon, Sep 28, 2015, 13:35 BST - UK Markets close in 2 hrs 55 mins Glencore credit default swaps surge to record high above 700 bps Reuters – 17 minutes ago Print LONDON (Reuters) - The cost of insuring exposure to the debt of mining firm Glencore hit record highs on Monday as fears grew about the company's ability to withstand the prolonged fall in global metals prices. \nData provider Markit said five-year credit default swaps (CDS) in Glencore rose 154 basis points from Friday's close to 708 basis points. This outstrips the previous highs of around 670 bps hit in October 2011. \nGlencore shares are also at record lows, down 25 percent on Monday with 3.5 billion pounds wiped off its market value. The company has embarked on a drive to sell assets and raise cash to cut its $30 billion debt pile after a crunch in coal and copper prices. \n(Reporting by Sujata Rao; editing by Karin Strohecker) Follow the quotes you care about most. Access timely news and investment updates to stay on top of the market. … More » Yahoo UK & Ireland Finance Terms \nQuotes are real-time for NASDAQ, NYSE, and NYSEAmex when available. See also delay times for other exchanges . Quotes and other information supplied by independent providers identified on the Yahoo! Finance partner page . Quotes are updated automatically, but will be turned off after 25 minutes of inactivity. Quotes are delayed at least 15 minutes. All information provided \"as is\" for informational purposes only, not intended for trading purposes or advice. Neither Yahoo! nor any of independent providers is liable for any informational errors, incompleteness, or delays, or for any actions taken in reliance on information contained herein. By accessing the Yahoo! site, you agree not to redistribute the information found therein. \nFundamental company data provided by Capital IQ . Historical chart data and daily updates provided by Commodity Systems, Inc. (CSI) . International historical chart data and daily updates provided by Morningstar, Inc . Yahoo! - News Network", "external_links": [], "published": "2015-09-28T15:17:00.000+03:00", "crawled": "2015-09-28T15:35:37.914+03:00", "highlightTitle": ""}