{"organizations": [], "uuid": "77628700bbf12f13b1d25ce34b3cf22ba077abca", "thread": {"social": {"gplus": {"shares": 0}, "pinterest": {"shares": 0}, "vk": {"shares": 0}, "linkedin": {"shares": 0}, "facebook": {"likes": 0, "shares": 0, "comments": 0}, "stumbledupon": {"shares": 0}}, "site_full": "www.wsj.com", "main_image": "http://si.wsj.net/public/resources/images/BN-KO139_BLACKC_G_20150930073804.jpg", "site_section": "http://www.wsj.com/news/business", "section_title": "Business &amp; Finance News - Wall Street Journal", "url": "http://www.wsj.com/articles/uber-faces-new-threat-in-london-1443614283", "country": "US", "title": "Uber Faces New Threat in London", "performance_score": 0, "site": "wsj.com", "participants_count": 1, "title_full": "Uber Faces New Threat in London - WSJ", "spam_score": 0.0, "site_type": "news", "published": "2015-09-30T15:58:00.000+03:00", "replies_count": 0, "uuid": "77628700bbf12f13b1d25ce34b3cf22ba077abca"}, "author": "Amir Mizroch", "url": "http://www.wsj.com/articles/uber-faces-new-threat-in-london-1443614283", "ord_in_thread": 0, "title": "Uber Faces New Threat in London", "locations": [], "entities": {"persons": [], "locations": [], "organizations": []}, "highlightText": "", "language": "english", "persons": [], "text": "LONDON—Uber Technologies Inc. faced a fresh threat in Europe after London’s top transportation agency proposed stiff new rules for online car-sharing services—a surprise lane change in a capital that had offered a relatively warm embrace to Uber and its competitors.\nTransport for London—which oversees public transportation like the Underground and the capital’s fleet of red double-decker buses and black cabs as well as other licensed cars services—outlined new rules Wednesday that would significantly stiffen requirements... To Read the Full Story, Subscribe or Sign In", "external_links": [], "published": "2015-09-30T15:58:00.000+03:00", "crawled": "2015-09-30T15:35:18.397+03:00", "highlightTitle": ""}