{"organizations": ["LIFEPOINT", "SEC"], "uuid": "e40d42d062cfdbdd9f987153b7084cf89d34b2bd", "thread": {"social": {"gplus": {"shares": 0}, "pinterest": {"shares": 0}, "vk": {"shares": 0}, "linkedin": {"shares": 0}, "facebook": {"likes": 0, "shares": 0, "comments": 0}, "stumbledupon": {"shares": 0}}, "site_full": "us.rd.yahoo.com", "main_image": "", "site_section": "http://finance.yahoo.com/rss/headline?s=LPNT", "section_title": "Yahoo! Finance: LPNT News", "url": "http://us.rd.yahoo.com/finance/news/rss/story/*http://biz.yahoo.com/e/150831/lpnt8-k.html", "country": "GB", "title": "LIFEPOINT HEALTH, INC. Files SEC form 8-K, Other Events, Financial Statements and Exhibits", "performance_score": 0, "site": "yahoo.com", "participants_count": 0, "title_full": "LIFEPOINT HEALTH, INC. Files SEC form 8-K, Other Events, Financial Statements and Exhibits", "spam_score": 0.0, "site_type": "news", "published": "2015-08-31T23:22:00.000+03:00", "replies_count": 0, "uuid": "e40d42d062cfdbdd9f987153b7084cf89d34b2bd"}, "author": "", "url": "http://us.rd.yahoo.com/finance/news/rss/story/*http://biz.yahoo.com/e/150831/lpnt8-k.html", "ord_in_thread": 0, "title": "LIFEPOINT HEALTH, INC. Files SEC form 8-K, Other Events, Financial Statements and Exhibits", "locations": [], "entities": {"persons": [], "locations": [], "organizations": []}, "highlightText": "", "language": "english", "persons": [], "text": "Show all filings for LIFEPOINT HEALTH, INC. \nForm 8-K for LIFEPOINT HEALTH, INC. \n31-Aug-2015 \nOther Events, Financial Statements and Exhibits Item 8.01 Other Events \nOn August 31, 2015, LifePoint Health, Inc. (the \"Company\") filed a prospectus supplement (the \"Prospectus Supplement\") for the purpose of registering for resale from time to time 290,514 shares (the \"Shares\") of the Company's common stock underlying a warrant currently held by 1889-CHS Foundation, Inc. (the \"Selling Stockholder\"). The Prospectus Supplement forms a part of the Company's effective registration statement on Form S-3 (No. 333-202368) filed by the Company with the U.S. Securities and Exchange Commission on February 27, 2015. The Company will not receive any proceeds from the sale of the Shares by the Selling Stockholder. Item 9.01 Financial Statements and Exhibits \n(d) Exhibits. \nExhibit No. Description 5.1 Opinion of White & Case LLP 23.1 Consent of White & Case LLP (included as part of its opinion filed as Exhibit 5.1 hereto)", "external_links": [], "published": "2015-08-31T23:22:00.000+03:00", "crawled": "2015-09-01T08:30:00.455+03:00", "highlightTitle": ""}