{"organizations": [], "uuid": "f0e51f0388f312aca168162519d04591026cecce", "thread": {"social": {"gplus": {"shares": 0}, "pinterest": {"shares": 0}, "vk": {"shares": 0}, "linkedin": {"shares": 0}, "facebook": {"likes": 0, "shares": 0, "comments": 0}, "stumbledupon": {"shares": 0}}, "site_full": "www.jdsupra.com", "main_image": "http://www.jdsupra.com/showThumbnail.aspx?img=78_5838.jpg&size=og", "site_section": "http://www.jdsupra.com/resources/syndication/docsRSSfeed.aspx?ftype=FinanceBanking&premium=1", "section_title": "Finance & Banking RSS Feed | JD Supra Law News", "url": "http://www.jdsupra.com/legalnews/sec-proposes-rules-to-require-funds-to-81610/", "country": "US", "title": "SEC Proposes Rules to Require Funds to Adopt Liquidity Risk Management Programs; Allow “Swing Pricing”", "performance_score": 0, "site": "jdsupra.com", "participants_count": 1, "title_full": "SEC Proposes Rules to Require Funds to Adopt Liquidity Risk Management Programs; Allow “Swing Pricing”", "spam_score": 0.0, "site_type": "news", "published": "2015-09-24T00:41:00.000+03:00", "replies_count": 0, "uuid": "f0e51f0388f312aca168162519d04591026cecce"}, "author": "Morrison &amp; Foerster LLP", "url": "http://www.jdsupra.com/legalnews/sec-proposes-rules-to-require-funds-to-81610/", "ord_in_thread": 0, "title": "SEC Proposes Rules to Require Funds to Adopt Liquidity Risk Management Programs; Allow “Swing Pricing”", "locations": [], "entities": {"persons": [], "locations": [], "organizations": []}, "highlightText": "", "language": "english", "persons": [], "text": "<iframe src=\"http://www.jdsupra.com/post/contentViewerEmbed.aspx?fid=7456840c-81e1-440e-9f98-1465fc23dd9b\" width=\"100%\" height=\"620\" frameborder=\"1\" style=\"border: 2px solid #ccc; overflow-x:hidden !important; overflow:hidden;\" scrolling=\"auto\">", "external_links": [], "published": "2015-09-24T00:41:00.000+03:00", "crawled": "2015-09-24T00:52:26.842+03:00", "highlightTitle": ""}