{"organizations": [], "uuid": "fec511105a9523bdd2f7014cc53b95772ac4a30c", "thread": {"social": {"gplus": {"shares": 0}, "pinterest": {"shares": 0}, "vk": {"shares": 0}, "linkedin": {"shares": 0}, "facebook": {"likes": 0, "shares": 0, "comments": 0}, "stumbledupon": {"shares": 0}}, "site_full": "www.financialexpress.com", "main_image": "http://www.financialexpress.com/wp-content/uploads/2015/09/iPhone-6-Plus-Re300.jpg", "site_section": "http://www.financialexpress.com/", "section_title": "The Financial Express | India News Today,Latest National News,Stock Market Today,SENSEX NIFTY,NSE BSE India,Finance News,Business News", "url": "http://www.financialexpress.com/article/industry/tech/record-13-mn-iphone-6s-iphone-6s-plus-sales-logged-in-first-weekend-apple-inc/142768", "country": "IE", "title": "Record 13 mn iPhone 6S, iPhone 6S Plus sales logged in first weekend: Apple Inc", "performance_score": 0, "site": "financialexpress.com", "participants_count": 1, "title_full": "Record 13 mn iPhone 6S, iPhone 6S Plus sales logged in first weekend: Apple Inc | The Financial Express", "spam_score": 0.0, "site_type": "news", "published": "2015-09-29T03:05:00.000+03:00", "replies_count": 0, "uuid": "fec511105a9523bdd2f7014cc53b95772ac4a30c"}, "author": "financialexpress.com", "url": "http://www.financialexpress.com/article/industry/tech/record-13-mn-iphone-6s-iphone-6s-plus-sales-logged-in-first-weekend-apple-inc/142768", "ord_in_thread": 0, "title": "Record 13 mn iPhone 6S, iPhone 6S Plus sales logged in first weekend: Apple Inc", "locations": [], "entities": {"persons": [], "locations": [], "organizations": []}, "highlightText": "", "language": "english", "persons": [], "text": "Other Articles iBall Andi HD6 smartphone review: A large screen Android phone for basic use Housing.com appoints Keerthi Kiran as VP realty projects division Lanco Infratech aims to repay Rs 18000 crore worth of loans by 2018 Apple Inc said on Monday it sold more than 13 million iPhone 6s and 6s Plus during the first weekend on the market, a new record for its marquee product.\nThe company improved its previous record of 10 million iPhones sold in the first weekend of 2014, benefiting from the inclusion of the Chinese market, where the gadget’s debut was delayed last year by regulatory issues.\nAnalysts had expected the company to sell 12 million to 13 million phones during the first weekend.\n“Sales for iPhone 6s and iPhone 6s Plus have been phenomenal, blowing past any previous first weekend sales results in Apple’s history,” Tim Cook, Apple’s chief executive, said in a statement.\n“Customers’ feedback is incredible and they are loving 3D Touch and Live Photos, and we can’t wait to bring iPhone 6s and iPhone 6s Plus to customers in even more countries on October 9.”\nApple said the new iPhones will be available in more than 40 additional countries starting Oct. 9, reaching more than 130 countries by the end of the year.\nThe iPhone 6s and 6s Plus arrived in stores Friday, kicking off a sales cycle that will be scrutinized for signs of how much allure remains for Apple’s marquee product.\nThe company relies heavily on the sale of its flagship iPhones, which generated nearly two-thirds of its revenue in the latest quarter.\n 28, 2015 7:05 pm", "external_links": [], "published": "2015-09-29T03:05:00.000+03:00", "crawled": "2015-09-28T20:27:01.312+03:00", "highlightTitle": ""}