{"organizations": [], "uuid": "33537192f39bccb879bad81b35619a0071c0879b", "thread": {"social": {"gplus": {"shares": 0}, "pinterest": {"shares": 0}, "vk": {"shares": 0}, "linkedin": {"shares": 0}, "facebook": {"likes": 0, "shares": 0, "comments": 0}, "stumbledupon": {"shares": 0}}, "site_full": "www.wsj.com", "main_image": "http://si.wsj.net/public/resources/images/BN-KM940_comcas_G_20150928020203.jpg", "site_section": "http://www.wsj.com/news/business", "section_title": "Business &amp; Finance News - Wall Street Journal", "url": "http://www.wsj.com/articles/comcast-to-buy-majority-stake-in-universal-studios-japan-1443421329", "country": "", "title": "Comcast to Buy Majority Stake in Universal Studios Japan", "performance_score": 0, "site": "wsj.com", "participants_count": 1, "title_full": "Comcast to Buy Majority Stake in Universal Studios Japan - WSJ", "spam_score": 0.0, "site_type": "news", "published": "2015-09-28T10:22:00.000+03:00", "replies_count": 0, "uuid": "33537192f39bccb879bad81b35619a0071c0879b"}, "author": "Atsuko Fukase", "url": "http://www.wsj.com/articles/comcast-to-buy-majority-stake-in-universal-studios-japan-1443421329", "ord_in_thread": 0, "title": "Comcast to Buy Majority Stake in Universal Studios Japan", "locations": [], "entities": {"persons": [], "locations": [], "organizations": []}, "highlightText": "", "language": "english", "persons": [], "text": "TOKYO—Comcast, the largest U.S. cable operator, said Monday it will acquire a 51% stake in the holding company of Universal Studios Japan for $1.5 billion through NBCUniversal, in a deal that would help the media giant seek further growth internationally.\nThe enterprise value of USJ is ¥750 billion ($6.2 billion), including debts of ¥400... To Read the Full Story, Subscribe or Sign In", "external_links": [], "published": "2015-09-28T10:22:00.000+03:00", "crawled": "2015-09-28T09:29:19.768+03:00", "highlightTitle": ""}