{"organizations": [], "uuid": "13d9c395f54dd6c2c6793d3e16b543de901c035b", "thread": {"social": {"gplus": {"shares": 0}, "pinterest": {"shares": 0}, "vk": {"shares": 0}, "linkedin": {"shares": 0}, "facebook": {"likes": 0, "shares": 0, "comments": 0}, "stumbledupon": {"shares": 0}}, "site_full": "www.telegraph.co.uk", "main_image": "http://i.telegraph.co.uk/multimedia/archive/03422/Apples-YEO_3422497k.jpg", "site_section": "http://www.telegraph.co.uk/finance/", "section_title": "Finance - Business news and market updates - Telegraph - Telegraph", "url": "http://www.telegraph.co.uk/finance/newsbysector/retailandconsumer/11831398/Yeo-Valley-launches-fruit-quest-to-find-UKs-organic-growers.html", "country": "GB", "title": "Yeo Valley launches 'fruit quest' to find UK's organic growers", "performance_score": 0, "site": "telegraph.co.uk", "participants_count": 4, "title_full": "Yeo Valley launches 'fruit quest' to find UK's organic growers - Telegraph", "spam_score": 0.0, "site_type": "news", "published": "2015-08-29T22:35:00.000+03:00", "replies_count": 3, "uuid": "fc88f3438493f1489d60764b4b0d440b1b6057d7"}, "author": "Rebecca Burn-Callander , Enterprise Editor", "url": "http://www.telegraph.co.uk/finance/newsbysector/retailandconsumer/11831398/Yeo-Valley-launches-fruit-quest-to-find-UKs-organic-growers.html#post-0", "ord_in_thread": 0, "title": "Yeo Valley launches 'fruit quest' to find UK's organic growers", "locations": [], "entities": {"persons": [], "locations": [], "organizations": []}, "highlightText": "", "language": "english", "persons": [], "text": " ", "external_links": [], "published": "2015-08-29T22:35:00.000+03:00", "crawled": "2015-09-02T04:29:16.533+03:00", "highlightTitle": ""}