{"organizations": [], "uuid": "dd47207948f1de322bc082b59ed1f3316b8ca68f", "thread": {"social": {"gplus": {"shares": 0}, "pinterest": {"shares": 0}, "vk": {"shares": 0}, "linkedin": {"shares": 0}, "facebook": {"likes": 0, "shares": 0, "comments": 0}, "stumbledupon": {"shares": 0}}, "site_full": "business-news.thestreet.com", "main_image": "", "site_section": "http://business-news.thestreet.com/source-newspapers/rss/627", "section_title": "Source Newspapers : Personal Finance", "url": "http://business-news.thestreet.com/source-newspapers/story/whole-foods-cutting-1500-jobs-as-overcharging-scandal-takes-toll/13303656", "country": "US", "title": "Whole Foods Cutting 1,500 Jobs as Overcharging Scandal Takes Toll", "performance_score": 0, "site": "thestreet.com", "participants_count": 0, "title_full": "Whole Foods Cutting 1,500 Jobs as Overcharging Scandal Takes Toll", "spam_score": 0.0, "site_type": "news", "published": "2015-09-28T21:40:00.000+03:00", "replies_count": 0, "uuid": "dd47207948f1de322bc082b59ed1f3316b8ca68f"}, "author": "", "url": "http://business-news.thestreet.com/source-newspapers/story/whole-foods-cutting-1500-jobs-as-overcharging-scandal-takes-toll/13303656", "ord_in_thread": 0, "title": "Whole Foods Cutting 1,500 Jobs as Overcharging Scandal Takes Toll", "locations": [], "entities": {"persons": [], "locations": [], "organizations": []}, "highlightText": "", "language": "english", "persons": [], "text": "Whole Foods Cutting 1,500 Jobs as Overcharging Scandal Takes Toll Written by: U-Jin Lee 09/28/15 - 2:40 PM EDT Tickers in this article: WFM \nNEW YORK (TheStreet) -- Upscale supermarket chain Whole Foods Market announced Monday that it's slashing 1,500 jobs from its organization, or 1.6% of its total, over the next two months. The company cited several reasons for the layoffs: to reduce prices for its customers, invest in technology upgrades, and improve its cost structure. \n\"We believe this is an important step to evolve Whole Foods Market in a rapidly changing marketplace,\" Co-CEO Walter Robb said in a statement. Additionally, he said that the job cuts will be managed through natural attrition and that the company will offer its employees severance, transition pay, or help them find other jobs within the company. Specifically, the company expects many of the affected workers to find jobs from among the 2,000 open positions available currently at the company, or through new jobs in more than 100 new stores in development. \n\"This is a very difficult decision, and we are committed to treating affected Team Members in a caring and respectful manner,\" Robb added. More Headlines", "external_links": [], "published": "2015-09-28T21:40:00.000+03:00", "crawled": "2015-09-28T22:34:40.441+03:00", "highlightTitle": ""}