{"organizations": [], "uuid": "0d6391bf469e1f837dfb11b9eed5d1e2e0bd5bb3", "thread": {"social": {"gplus": {"shares": 0}, "pinterest": {"shares": 0}, "vk": {"shares": 0}, "linkedin": {"shares": 0}, "facebook": {"likes": 0, "shares": 0, "comments": 0}, "stumbledupon": {"shares": 0}}, "site_full": "www.moneylife.in", "main_image": "http://moneylife.in/site/userimage/image/thumbnail/Modi0018915.jpg", "site_section": "http://moneylife.in/site/rss.php", "section_title": "Moneylife Personal Finance Magazine", "url": "http://www.moneylife.in/article/garibi-hatao-has-remained-mere-political-slogan-modi/43415.html", "country": "IN", "title": "Garibi Hatao has remained mere political slogan: Modi", "performance_score": 0, "site": "moneylife.in", "participants_count": 1, "title_full": "Garibi Hatao has remained mere political slogan: Modi", "spam_score": 0.0, "site_type": "news", "published": "2015-09-18T11:45:00.000+03:00", "replies_count": 0, "uuid": "0d6391bf469e1f837dfb11b9eed5d1e2e0bd5bb3"}, "author": "IANS", "url": "http://www.moneylife.in/article/garibi-hatao-has-remained-mere-political-slogan-modi/43415.html", "ord_in_thread": 0, "title": "Garibi Hatao has remained mere political slogan: Modi", "locations": [], "entities": {"persons": [], "locations": [], "organizations": []}, "highlightText": "", "language": "english", "persons": [], "text": "Moneylife » Garibi Hatao has remained mere political slogan: Modi 43415 Garibi Hatao has remained mere political slogan: Modi 0 Comments, Be the first to comment + COMMENT IANS | 18/09/2015 02:15 PM | \nThe BJP-led central government was committed to making basic changes in government schemes so that the poor were actually benefited, the prime minister said in his address after distributing e-rickshaws to the poor \nPrime Minister Narendra Modi on Friday said that 'Garibi Hatao' (remove poverty) had sadly remained a mere slogan for the past many decades and that efforts for a turnaround in the lives of the poor had failed to bear fruit. \"Chunav ke dauran gareebi ki maala japte rehna ek aam baat hai (it is normal to speak of poverty during poll campaigning),\" he said while addressing a gathering of rickshaw pullers in his Varanasi parliamentary constituency. The BJP-led central government was committed to making basic changes in government schemes so that the poor were actually benefited, the prime minister said in his address after distributing e-rickshaws to the poor. \"We have initiated many things, including skill development, which will enable the poor to begin their lives afresh and in a much better, financially sustainable manner,\" the prime minister said. He said he however did not wish to blame any previous government or political party for the pitiable condition of the poor in the country. 'Garibi Hatao' slogan was coined in the early 70s by the then prime minister Indira Gandhi and the Congress. Modi, a first-time Lok Sabha MP from the temple town, also urged the people to send their children to school as \"education was a great weapon in fighting poverty.\" He also pointed out how the Jan Dhan scheme launched by the NDA government had benefited the poor and almost 18 crore accounts had been opened. Earlier, the prime minister was received by Uttar Pradesh Governor Ram Naik, state cabinet minister Balram Yadav and district officials. More in Moneylife", "external_links": [], "published": "2015-09-18T11:45:00.000+03:00", "crawled": "2015-09-18T15:57:13.984+03:00", "highlightTitle": ""}