{"organizations": [], "uuid": "15b4871994c09f744ae6fbc7ebf4255f9fa7ed3b", "thread": {"social": {"gplus": {"shares": 0}, "pinterest": {"shares": 0}, "vk": {"shares": 0}, "linkedin": {"shares": 0}, "facebook": {"likes": 0, "shares": 0, "comments": 0}, "stumbledupon": {"shares": 0}}, "site_full": "www.financialexpress.com", "main_image": "http://www.financialexpress.com/wp-content/uploads/2015/09/narendra-modi-sap-ani-S.jpg", "site_section": "http://www.financialexpress.com/", "section_title": "The Financial Express | India News Today,Latest National News,Stock Market Today,SENSEX NIFTY,NSE BSE India,Finance News,Business News", "url": "http://www.financialexpress.com/article/economy/narendra-modi-at-sap-centre-across-the-world-a-new-image-of-india-has-emerged-says-pm/142387", "country": "IE", "title": "Narendra Modi at SAP Center: It is believed that 21st century is India’s century, says PM", "performance_score": 0, "site": "financialexpress.com", "participants_count": 1, "title_full": "Narendra Modi at SAP Center: It is believed that 21st century is India’s century, says PM | The Financial Express", "spam_score": 0.0, "site_type": "news", "published": "2015-09-28T15:56:00.000+03:00", "replies_count": 0, "uuid": "15b4871994c09f744ae6fbc7ebf4255f9fa7ed3b"}, "author": "financialexpress.com", "url": "http://www.financialexpress.com/article/economy/narendra-modi-at-sap-centre-across-the-world-a-new-image-of-india-has-emerged-says-pm/142387", "ord_in_thread": 0, "title": "Narendra Modi at SAP Center: It is believed that 21st century is India’s century, says PM", "locations": [], "entities": {"persons": [], "locations": [], "organizations": []}, "highlightText": "", "language": "english", "persons": [], "text": "Other Articles Bilateral talks: Narendra Modi, Barack Obama to push strategic cooperation India signs $3 bn deal to buy 15 Chinook, 22 Apache helicopters from US PM Narendra Modi, Prez Barack Obama hold talks PM Narendra Modi addresses Indian community at SAP Center in San Jose (California). He begins his speech by remembering martyr Bhagat Singh on his birthday today and moved on to Indian economy, saying that every research agency including Moody’s and World Bank agree that India is the fastest growing economy in the world.\nHere are the highlights from his speech:\n* It’s 28th September in India, today was martyr Bhagat Singh’s birthday, I bow down to him\n* Today in the entire world India has a new identity, a new image. The old image has been forced down, and there is a reason\n* Be it World Bank, Moody’s or any other research agency, everyone is saying India is the fastest growing economy in the world\n* India is only nation which succeeded in its ‘Mars orbiter mission’ in just one attempt, look at commitment & capability of nation\n* Brain drain can become brain gain\n* E-Governance is easy, effective and economical governance\n* Penetration of technology is immense. Everybody has mobile phones\n* PM Modi explains the JAM concept. J = Jan Dhan financial inclusion program, A = Aadhaar unique identity card M = Mobile Governance\n* Aadhaar has helped save subsidy wastage on 5 crore gas cylinders every month. Now subsidy only on 13 crore units.\n* 30 lakh people have given up LPG subsidy in the #GiveItUp campaign.\n* Across the world a new image of India has emerged. The old thoughts about India are going away\n* Your fingers created magic on the keyboard and the computer and this gave India a new identity. Your skill & commitment is wonderful\n* We would hear- we need to stop this brain drain. But India is Bahuratna Vasundhara, there will be many brains there\n* Our Sikh brothers came here years ago & began living here. When Indian wanted freedom here too there was a movement for India’s freedom\n* Jayaprakash Narayan ji who led the movement when emergency was imposed in India in 1975, studied from California, this is the bond we’ve shared with this place\n* I am trying my best to live up to everyone’s expectations. Today, India is looked up to with hopes and dreams.\n* It’s asked all around, who does 21st century belong to? It is being believed that the 21st century is India’s century\n* I had assured you I will work round the clock for the well-being of the people\n* I have faith in the nation because India is youthful. 65% of our population is under the age of 35\n* Two main challenges facing the world are Terrorism and Global warming\n* Terrorism is terrorism. There is no good terrorism & bad terrorism\n* Direct Air India flight from Delhi to San-Francisco will fly thrice a week from December 02, 2015\n 28, 2015 7:56 am © The Indian Express Online Media Pvt Ltd", "external_links": [], "published": "2015-09-28T15:56:00.000+03:00", "crawled": "2015-09-28T20:52:53.596+03:00", "highlightTitle": ""}