{"organizations": ["Wake Village New Walmart", "Walmart"], "uuid": "dd4ac7918c3970a077754c9f46acee98d797c00c", "thread": {"social": {"gplus": {"shares": 0}, "pinterest": {"shares": 0}, "vk": {"shares": 0}, "linkedin": {"shares": 0}, "facebook": {"likes": 0, "shares": 0, "comments": 0}, "stumbledupon": {"shares": 0}}, "site_full": "us.rd.yahoo.com", "main_image": "", "site_section": "http://finance.yahoo.com/rss/headline?s=WMT", "section_title": "Yahoo! Finance: WMT News", "url": "http://us.rd.yahoo.com/finance/external/noodlsaunz/rss/SIG=1253922in/*http://www.noodls.com/view/9030CE3B9CB144CE59490441657024FD69F61694", "country": "GB", "title": "Walmart Neighborhood Market Brings New Jobs and Fresh Groceries to Wake Village", "performance_score": 0, "site": "yahoo.com", "participants_count": 0, "title_full": "Walmart Neighborhood Market Brings New Jobs and Fresh Groceries to Wake Village", "spam_score": 0.0, "site_type": "news", "published": "2015-09-09T15:45:00.000+03:00", "replies_count": 0, "uuid": "dd4ac7918c3970a077754c9f46acee98d797c00c"}, "author": "", "url": "http://us.rd.yahoo.com/finance/external/noodlsaunz/rss/SIG=1253922in/*http://www.noodls.com/view/9030CE3B9CB144CE59490441657024FD69F61694", "ord_in_thread": 0, "title": "Walmart Neighborhood Market Brings New Jobs and Fresh Groceries to Wake Village", "locations": ["Wake Village Road Wake Village"], "entities": {"persons": [], "locations": [], "organizations": []}, "highlightText": "", "language": "english", "persons": [], "text": "New Walmart Neighborhood Market located at 200 Wake Village Road Wake Village Walmart creates about 95 new jobs Store open 24 hours a day, seven days a week Grand opening event Wednesday, Sept. 9, 7:30 a.m. Local Facebook page: www.facebook.com/walmart4373 \nWAKE VILLAGE, Texas, Sept. 9, 2015 - The new Walmart Neighborhood Market in Wake Village will open to the community Wednesday, Sept. 9, bringing a broad assortment of fresh, affordable groceries at Walmart's everyday low prices. Customers will also enjoy the convenience of on-site services such as a full pharmacy and fuel station and a free store pickup service providing an easy way to shop millions of products on Walmart.com. The new store will employ up to 95 full- and part-time associates. \n\"We are proud to be a part of the Wake Village community,\" said store manager John Hardaway. \"Our aim is to not only provide our customers with their everyday merchandise, but to become a part of their daily routine that they look forward to.\" \nFresh, Affordable Produce, Meat and Groceries The store offers fresh produce and meat, pantry staples and a full line of groceries from leading brands. \nIn addition to organics and nutritious food choices, customers will also find a full-service deli and in-store bakery offering custom cakes and fresh baked breads. Customers will be able to find local T J Blackburn Syrup Works. \nFull Service Pharmacy The Neighborhood Market includes a pharmacy with a full range of products, immunizations and services and Walmart pharmacists ready to assist customers with product and prescription questions. Wake Village residents can easily transfer prescriptions and order refills on the go with the Walmart mobile app. A drive thru pharmacy window makes prescription drop off and pick up quick and easy. \nMillions of Items with Seamless Digital and In-Store Shopping The store is approximately 41,000 square feet and offers a wide assortment of products to meet the needs of Wake Village residents. Customers will find health and beauty aids, pet products and cleaning supplies. Shopping is more convenient than ever as Wake Village residents can shop seven million items on Walmart.com, many of which can be shipped for free to any Walmart store through Walmart Pickup. \nThe Walmart mobile app for iPhone and Android makes shopping easier than ever. Customers can refill prescription medications, create shopping lists, search the location of items in their store, check weekly ads and prices, save eReceipts and shop Walmart.com through the app. \nJob Opportunities at Walmart The store will employ up to 95 associates for full- and part-time positions within the store. Applicants interested in careers at Walmart can apply at a store's hiring kiosk or online at Walmartcareers.com . \nAt Walmart, more than 75 percent of store management teams started as hourly associates. In 2014, 160,000 associates are promoted, and 40 percent of those promotions go to associates within the first year of their employment. Earlier this year Walmart announced it would be making more than a $1B investment in higher wages and training and other enhancements for its associates. \nTwo Celebration Events: Grand Opening and A Big Family Welcome Local associates will provide a special welcome to members of Wake Village at two public events. Store associates will host a brief ribbon-cutting ceremony on grand opening day, Sept. 9, at 7:30 a.m. The following Saturday, Sept. 12, local residents are invited to A Big Family Welcome, which will give customers a chance to meet Hardaway and enjoy fun family activities and free food samples while supplies last. Join the celebration from noon to 3 p.m. \nAbout Walmart Wal-Mart Stores, Inc. (NYSE: WMT) helps people around the world save money and live better - anytime and anywhere - in retail stores, online, and through their mobile devices. Each week, we serve nearly 260 million customers who visit our 11,532 stores under 65 banners in 28 countries and e-commerce websites in 11 countries. With fiscal year 2015 revenue of $486 billion, Walmart employs more than 2 million associates worldwide. Walmart continues to be a leader in sustainability, corporate philanthropy and employment opportunity. Additional information about Walmart can be found by visiting http://corporate.walmart.com on Facebook at http://facebook.com/walmart and on Twitter at http://twitter.com/walmart . Online merchandise sales are available at http://www.walmart.com and http://www.samsclub.com . \nFACT SHEET Wake Village Walmart Neighborhood Market \nStore Facts Location: 200 Wake Village Road, Wake Village, Texas Size: Approximately 41,000 square feet Store manager: John Hardaway Hours: 24 hours a day, seven days a week Grand opening: Wednesday, Sept. 9, following a brief ribbon-cutting ceremony at 7:30 a.m. \nGreater Convenience and More Ways to Shop: Free store pickup program: Customers can shop millions of items on Walmart.com with free shipping to the local store. Many items are available for pickup the same day. Walmart Mobile App: Customer can refill prescription medications, create shopping lists, search the location of items within the store, check weekly ads and prices, save eReceipts and shop Walmart.com. Fuel station: Customers paying with Walmart gift card receive discount of 3 cents per gallon, etc. Financial services Bluebird: A product by American Express that provides an alternative to traditional checking and debit accounts Access to starter kits for Green Dot's \" GoBank \" checking account services Money Transfers, Money Orders, and Express Bill Pay offered through MoneyGram Walmart Money Card offered through Green Dot Bill Payment offered through CheckFreePay Walmart2Walmart Money Transfers offered through RIA Gift Cards for use at any Walmart store or at Walmart.com. \nFor more information Media contact: John Engleman, Mitchell Communications Group, 479-305-1665 Walmart Media Relations, 800-331-0085 Walmart information online: www.corporate.walmart.com ; merchandise sales: www.walmart.com \n###", "external_links": [], "published": "2015-09-09T15:45:00.000+03:00", "crawled": "2015-09-10T00:27:33.146+03:00", "highlightTitle": ""}