{"organizations": ["NZST"], "uuid": "1c6b013dbc1b1ae35a0cb8d7ed9c8126baa38174", "thread": {"social": {"gplus": {"shares": 0}, "pinterest": {"shares": 0}, "vk": {"shares": 0}, "linkedin": {"shares": 0}, "facebook": {"likes": 0, "shares": 0, "comments": 0}, "stumbledupon": {"shares": 0}}, "site_full": "nz.finance.yahoo.com", "main_image": "https://s1.yimg.com/bt/api/res/1.2/M7vS95b2fvSzHFeFStPk0A--/YXBwaWQ9eW5ld3NfbGVnbztxPTc1O3c9NjAw/http://l.yimg.com/os/mit/media/m/social/images/social_default_logo-1481777.png", "site_section": "https://nz.finance.yahoo.com/news/topic-top-stories/?format=rss", "section_title": "Latest business and finance news from New Zealand and the world's key markets - Yahoo New Zealand Finance", "url": "https://nz.finance.yahoo.com/news/kimberley-diamonds-former-boss-charged-050050740.html", "country": "US", "title": "Kimberley Diamonds former boss charged", "performance_score": 0, "site": "yahoo.com", "participants_count": 0, "title_full": "Kimberley Diamonds former boss charged", "spam_score": 0.0, "site_type": "news", "published": "2015-09-16T08:24:00.000+03:00", "replies_count": 0, "uuid": "1c6b013dbc1b1ae35a0cb8d7ed9c8126baa38174"}, "author": "", "url": "https://nz.finance.yahoo.com/news/kimberley-diamonds-former-boss-charged-050050740.html", "ord_in_thread": 0, "title": "Kimberley Diamonds former boss charged", "locations": ["New Zealand"], "entities": {"persons": [], "locations": [], "organizations": []}, "highlightText": "", "language": "english", "persons": [], "text": "Wed, Sep 16, 2015, 5:39 PM NZST - New Zealand Markets closed Kimberley Diamonds former boss charged AAP – 39 minutes ago Print \nThe former boss of Kimberley Diamonds, Alexandre Alexander, has been charged with misleading the stock market in relation to earnings forecasts for the mining company. \nMr Alexander appeared in Sydney's Central Local Court via video link on Wednesday charged with four offences relating to false and misleading statements made by Kimberley to the Australian Securities Exchange between October 2013 and March 2014. \nProsecutors allege Mr Alexander authorised Kimberley to issue earnings forecasts that failed to disclose assumptions the company would obtain a 30 per cent price increase for its rare yellow diamonds in the final quarter of the 2014 financial year. \nHe was charged following an investigation by the Australian Securities and Investments Commission. @YahooNZBusiness on Twitter, become a fan on Facebook US rate rise coming, be ready: RBA AAP \nA Reserve Bank official has warned that a US interest rate rise is definitely coming and no one should be surprised. …", "external_links": [], "published": "2015-09-16T08:24:00.000+03:00", "crawled": "2015-09-16T08:44:19.259+03:00", "highlightTitle": ""}