{"organizations": [], "uuid": "2ee3362818e0a550bd18bc7a9716085e015ab485", "thread": {"social": {"gplus": {"shares": 0}, "pinterest": {"shares": 0}, "vk": {"shares": 0}, "linkedin": {"shares": 0}, "facebook": {"likes": 0, "shares": 0, "comments": 0}, "stumbledupon": {"shares": 0}}, "site_full": "finance.yahoo.com", "main_image": "http://l3.yimg.com/bt/api/res/1.2/M7vS95b2fvSzHFeFStPk0A--/YXBwaWQ9eW5ld3NfbGVnbztxPTc1O3c9NjAw/http://l.yimg.com/os/mit/media/m/social/images/social_default_logo-1481777.png", "site_section": "http://finance.yahoo.com/rss/AdvertisingAgencies", "section_title": "Yahoo! Finance: Advertising Agencies Industry News", "url": "http://finance.yahoo.com/news/omnicom-takes-top-honors-2015-120000479.html", "country": "US", "title": "Omnicom Takes Top Honors at 2015 Spikes Asia Festival", "performance_score": 0, "site": "yahoo.com", "participants_count": 1, "title_full": "Omnicom Takes Top Honors at 2015 Spikes Asia Festival - Yahoo Finance", "spam_score": 0.0, "site_type": "news", "published": "2015-09-21T03:00:00.000+03:00", "replies_count": 0, "uuid": "2ee3362818e0a550bd18bc7a9716085e015ab485"}, "author": "Omnicom Group Inc.", "url": "http://finance.yahoo.com/news/omnicom-takes-top-honors-2015-120000479.html", "ord_in_thread": 0, "title": "Omnicom Takes Top Honors at 2015 Spikes Asia Festival", "locations": [], "entities": {"persons": [], "locations": [], "organizations": []}, "highlightText": "", "language": "english", "persons": [], "text": "NEW YORK and SINGAPORE, Sept. 14, 2015 /PRNewswire/ -- At the annual Spikes Asia Festival of Creativity, Omnicom ( OMC ) agencies continue to be the most creatively awarded in the industry. BBDO received the night's top honor, Network of the Year, for the second consecutive year, with DDB placing third. The award comes on the heels of BBDO winning the Cannes Lions APAC Network of the Year. Colenso BBDO won Agency of the Year and DDB Group New Zealand placed third. OMD China was among the top three Media Agencies of the Year.\nIn total, over 40 Omnicom agencies in 12 countries contributed to nearly 150 Spike awards. More than any other holding company, Omnicom agencies won 4 Grand Prix awards in Design, Digital, Direct, and Promo and Activation, as well as 3 Creative Effectiveness awards.\nColenso BBDO's \"Reduce Speed Dial\" innovative campaign for Volkswagen was a multiple award-winner taking the top prize in Digital and Direct. WhybinTBWA won a Grand Prix and two Golds for their \"It's Your Call\" campaign for 3AW. DDB Group New Zealand was among the top three agencies and won two Grand Prix awards, the highest honor, in Design, Promo and Activation.\n\"Omnicom once again had a great showing at Spikes and it's especially gratifying to see our networks and agencies continue their winning streak in an incredibly competitive region,\" said John Wren, President and CEO, Omnicom Group. \"I am extremely proud of the recognition, the work that earned it, and the people that made it happen.\"\nAbout Spikes Asia \nBuilding on 28 years of the illustrious Spikes Awards, the Spikes Asia Festival of Creativity is the result of a collaboration between the Lions Festivals, organizers of Cannes Lions, Lions Health, Dubai Lynx and Eurobest, and Haymarket, publishers of Campaign Asia Pacific. The Festival provides the region's growing creative and advertising industry with a platform to network and exchange ideas, bringing together some of the finest creative thinkers from across the region and around the world.\nThe Awards, judged by leading international and regional creatives, honor the best creative work in the categories of Film, Print, Outdoor, Radio, Digital, Integrated, Direct, Promo & Activation, Media, Print Craft, Film Craft, Design, Mobile, PR, Branded Content & Entertainment, Innovation and Healthcare.\nAbout Omnicom Group Inc .\nOmnicom Group Inc. ( OMC ) is a leading global marketing and corporate communications company. Omnicom's branded networks and numerous specialty firms provide advertising, strategic media planning and buying, digital and interactive marketing, direct and promotional marketing, public relations and other specialty communications services to over 5,000 clients in more than 100 countries.\nTwitter: @Omnicom | Instagram: @Omnicom\nTo view the original version on PR Newswire, visit: http://www.prnewswire.com/news-releases/omnicom-takes-top-honors-at-2015-spikes-asia-festival-300142070.html \nProfessional Services Singapore International News Omnicom", "external_links": [], "published": "2015-09-21T03:00:00.000+03:00", "crawled": "2015-09-21T04:24:52.213+03:00", "highlightTitle": ""}