{"organizations": [], "uuid": "edde0dd145c51520df0deda01003833c40293fea", "thread": {"social": {"gplus": {"shares": 0}, "pinterest": {"shares": 0}, "vk": {"shares": 0}, "linkedin": {"shares": 0}, "facebook": {"likes": 0, "shares": 0, "comments": 0}, "stumbledupon": {"shares": 0}}, "site_full": "www.cbs8.com", "main_image": "", "site_section": "http://www.cbs8.com/category/272461/business-finance", "section_title": "Business: Finance - CBS News 8 - San Diego, CA News Station - KFMB Channel 8", "url": "http://www.cbs8.com/story/29987580/yerba-buena-wealth-advisors-llc-ybwa-presents-planned-giving-trends-for-non-profits", "country": "US", "title": "Yerba Buena Wealth Advisors, LLC. (YBWA) Presents Planned Giving Trends for Non Profits", "performance_score": 0, "site": "cbs8.com", "participants_count": 1, "title_full": "Yerba Buena Wealth Advisors, LLC. (YBWA) Presents Planned Giving Trends for Non Profits - CBS News 8 - San Diego, CA News Station - KFMB Channel 8", "spam_score": 0.0, "site_type": "news", "published": "2015-09-09T14:30:00.000+03:00", "replies_count": 0, "uuid": "edde0dd145c51520df0deda01003833c40293fea"}, "author": "cbs8", "url": "http://www.cbs8.com/story/29987580/yerba-buena-wealth-advisors-llc-ybwa-presents-planned-giving-trends-for-non-profits", "ord_in_thread": 0, "title": "Yerba Buena Wealth Advisors, LLC. (YBWA) Presents Planned Giving Trends for Non Profits", "locations": [], "entities": {"persons": [], "locations": [], "organizations": []}, "highlightText": "", "language": "english", "persons": [], "text": "YBWA shares the Donor Motivation Program® to Support Bay Area Non-Profits’ Planned Giving Efforts\nSan Rafael, CA (PRWEB) September 09, 2015\nYerba Buena Wealth Advisors, LLC, the exclusive provider of The Donor Motivation Program® for Northern California, will present “The 7 Most Influential Planned Giving Trends And How Concerned Non-profits Can Take Action Now” for the third time this year.\nThis private presentation is scheduled for September 29th and September 30th, in Millbrae and San Rafael, respectively. The research that will be presented uncovers the latest insights on the challenges non-profits face as they continue to fund raise in today’s environment, as well as key donor concerns, and how to respond appropriately.\nThe presentation has been presented to over 40 non-profit organizations in the bay area this year and has been described as providing “current and valuable information about planned giving” by the founder of a community non-profit organization. Many attendees describe their biggest concern is how to build a successful and cost effective planned giving program.\nThe presentations given in February, April, and June were sold out and had Executive Director, Planned Giving Officers and Development Directors with local and regional representation in attendance. The 7 Most Influential Planned Giving Trends And How Concerned Non-profits Can Take Action Now is an “excellent compilation of prior giving statistics presented in an organized fashion. It leads me to believe our biggest successes are in developing a planned giving program” said Treasurer of Bay Area Health Care Foundation.\n“The response we are receiving from the introduction of The Donor Motivation Program® into the San Francisco Bay Area has been phenomenal,” says Bruce Frankel, Managing Partner of Yerba Buena Wealth Advisors, the provider of the Donor Motivation Program® in the Bay Area. “This is a proven and successful research-based program in the United States and Canada.”\nMr. Frankel continued, “When Executive Directors, Development Directors and Planned Giving Officers see critical and common mistakes made by non-profits in their approach to creating and managing a sustained planned giving program for their organization, it resonates with them in their environment. We then illustrate some eye-opening trends and best practices for planned giving. Whether large or small, established or new, non-profits are beginning to realize how planned giving can be the perfect complement, not a competitor, to current year gifting programs because of its donor-centricity. In a well-established planned giving program, the needs of the donor are the primary concern, and what’s good for the donor is good for the charity as well. “\nThe September presentations are scheduled as follows:\nWhen: 11:30 AM – 1:00 PM Tuesday, September 29th, 2015\nWhere: Green Hills Country Club\n 500 Ludeman Lane, Millbrae, CA 94030\n Complimentary Lunch Provided\nWhen: 11:30 AM – 1:00 PM Wednesday, September 30th, 2015\nWhere: 1101 Fifth Avenue, Suite 310 – San Rafael, CA 94901\n Complimentary Lunch Provided\nTo RSVP please call Kelley at 925-219-0080, or RSVP at info(at)donormotivationnorcal(dot)com\nAbout Yerba Buena Wealth Advisors, LLC\nBased in San Rafael, CA Yerba Buena Wealth Advisors, LLC consultancy firm specializes in helping their non-profit clients, their donors, entrepreneurs, and accredited investors make an even greater impact on the people and causes they care about deeply. Yerba Buena Wealth Advisors is the exclusive provider of the Donor Motivation Program® for Northern California. Our work with Non Profits and their donors brings focus to giving and sparks incredible outcomes on charitable causes, the community, and the donor’s legacy.\nAbout The Donor Motivation Program®\nThe Donor Motivation Program® is based on 20 years of research and provides a systemized process with proven tools designed to help Non Profits enhance their existing planned giving program or establish one for the first time. The Donor Motivation Program® educates and consults Non Profits based on the current trends of donors.\nThe Donor Motivation Program® and financial planning offered through Yerba Buena Wealth Advisors, LLC, a Registered Investment Advisor and separate entity from LPL Financial. Bruce Frankel is a registered representatives with, and securities offered through, LPL Financial, Member FINRA / SIPC . © 2014. Donor Motivation Northern California. All Rights Reserved.\n //www.prweb.com/releases/Nonprofittrends/2015/prweb12929260.htm\n ", "external_links": ["http://www.prweb.com/releases/Nonprofittrends/2015/prweb12929260.htm"], "published": "2015-09-09T14:30:00.000+03:00", "crawled": "2015-09-09T13:53:20.082+03:00", "highlightTitle": ""}