{"organizations": [], "uuid": "7c97e2336e6abdc1c4c8f93f016540d12bbb68b4", "thread": {"social": {"gplus": {"shares": 0}, "pinterest": {"shares": 0}, "vk": {"shares": 0}, "linkedin": {"shares": 0}, "facebook": {"likes": 0, "shares": 0, "comments": 0}, "stumbledupon": {"shares": 0}}, "site_full": "allafrica.com", "main_image": "http://allafrica.com/static/images/structure/aa-logo-rgba-no-text-128x128.png", "site_section": "http://allafrica.com/tools/headlines/rdf/business/headlines.rdf", "section_title": "AllAfrica News: Economy, Business and Finance", "url": "http://allafrica.com/stories/201509280840.html", "country": "US", "title": "Ethiopia: Ethio-Telecom, Office Sign 8100 a SMS Service Accord", "performance_score": 0, "site": "allafrica.com", "participants_count": 0, "title_full": "Ethiopia: Ethio-Telecom, Office Sign 8100 a SMS Service Accord", "spam_score": 0.0, "site_type": "news", "published": "2015-09-28T12:23:00.000+03:00", "replies_count": 0, "uuid": "7c97e2336e6abdc1c4c8f93f016540d12bbb68b4"}, "author": "", "url": "http://allafrica.com/stories/201509280840.html", "ord_in_thread": 0, "title": "Ethiopia: Ethio-Telecom, Office Sign 8100 a SMS Service Accord", "locations": ["Ethiopia"], "entities": {"persons": [], "locations": [], "organizations": []}, "highlightText": "", "language": "english", "persons": ["Robel Yohannes"], "text": "By Robel Yohannes \nThe involvement of entities like ethio-telecom guarantees the successful completion of the project. \nEthio-telecom and National Council for the Coordination of Public Participation for the Construction of the Grand Ethiopian Renaissance Dam (GERD) yesterday signed an agreement providing for facilitating the second round 8100 A SMS service to raise funds for the construction of the am. The former has contributed 33,385,994 Birr in the first round SMS service. \nSigning the agreement on behalf of ethio-telecom, CEO Andualem Admassie said that the company will contribute 40 per cent and 100 per cent proceeds from the mobile lottery and the service rendered respectively to support GERD. \nHe added that the Auto Replay Message service will be given for free by the telecom company. Furthermore, the CEO said that the company is planning the third round bond purchase for the Dam worth 31,425,634 Birr. \nAccording to Andualem, ethio-telecom has contributed over 33 million Birr from the first round of 8100 A SMS service, which is pooled from gifts of 364 mobile accessories and 364,000 Birr worth mobile cards along with 40 per cent of the proceeds from the SMS service. \nHe also noted that the company has given more than 61 million Birr in bond purchase from the previous two rounds. Andualem concluded his statement saying that the company will carry out its institutional, national and social responsibilities, and continue providing support for the project until its completion. \nOffice Deputy Director General Zadig Abraha on the occasion said that ethio-telecom is one of the grand institutions that shoulder huge responsibility towards realizing the renaissance of the country. Lauding the company's contribution so far, Zadig said that the involvement of entities like ethio-telecom guarantees the successful completion of the project. \nOn the occasion, the company handed over mobile accessories and 13,000 music CD copies sponsored by ethio-telecom. It was also learnt that the service charge for 8100 A SMS, scheduled to be launched next week, will remain the same. Ethiopia \nThis week, Fana Corporate signed an agreement with office of National Council for the Coordination of Public … see more » Copyright © 2015 The Ethiopian Herald. All rights reserved. Distributed by AllAfrica Global Media ( allAfrica.com ). To contact the copyright holder directly for corrections — or for permission to republish or make other authorized use of this material, click here. AllAfrica publishes around 2,000 reports a day from more than 130 news organizations and over 200 other institutions and individuals , representing a diversity of positions on every topic. We publish news and views ranging from vigorous opponents of governments to government publications and spokespersons. Publishers named above each report are responsible for their own content, which AllAfrica does not have the legal right to edit or correct. Articles and commentaries that identify allAfrica.com as the publisher are produced or commissioned by AllAfrica . To address comments or complaints, please Contact us .", "external_links": [], "published": "2015-09-28T12:23:00.000+03:00", "crawled": "2015-09-28T13:06:11.211+03:00", "highlightTitle": ""}