{"organizations": [], "uuid": "9446611b8f468a3756eba2858bd38d843cf17b6d", "thread": {"social": {"gplus": {"shares": 0}, "pinterest": {"shares": 0}, "vk": {"shares": 0}, "linkedin": {"shares": 0}, "facebook": {"likes": 0, "shares": 0, "comments": 0}, "stumbledupon": {"shares": 0}}, "site_full": "finance.yahoo.com", "main_image": "http://l3.yimg.com/bt/api/res/1.2/M7vS95b2fvSzHFeFStPk0A--/YXBwaWQ9eW5ld3NfbGVnbztxPTc1O3c9NjAw/http://l.yimg.com/os/mit/media/m/social/images/social_default_logo-1481777.png", "site_section": "http://finance.yahoo.com/rss/headline?s=LPNT", "section_title": "Yahoo! Finance: LPNT News", "url": "http://finance.yahoo.com/news/lifepoint-beats-street-2q-forecasts-110929576.html", "country": "GB", "title": "LifePoint beats Street 2Q forecasts - Yahoo Finance", "performance_score": 0, "site": "yahoo.com", "participants_count": 1, "title_full": "LifePoint beats Street 2Q forecasts - Yahoo Finance", "spam_score": 0.0, "site_type": "news", "published": "2015-09-27T03:00:00.000+03:00", "replies_count": 0, "uuid": "9446611b8f468a3756eba2858bd38d843cf17b6d"}, "author": "yahoo", "url": "http://finance.yahoo.com/news/lifepoint-beats-street-2q-forecasts-110929576.html", "ord_in_thread": 0, "title": "LifePoint beats Street 2Q forecasts - Yahoo Finance", "locations": [], "entities": {"persons": [], "locations": [], "organizations": []}, "highlightText": "", "language": "english", "persons": [], "text": "BRENTWOOD, Tenn. (AP) _ LifePoint Hospitals Inc. (LPNT) on Friday reported second-quarter net income of $46.4 million.\nThe Brentwood, Tennessee-based company said it had profit of $1 per share.\nThe results exceeded Wall Street expectations. The average estimate of 13 analysts surveyed by Zacks Investment Research was for earnings of 98 cents per share.\nThe rural hospital operator posted revenue of $1.27 billion in the period, also topping Street forecasts. Eleven analysts surveyed by Zacks expected $1.23 billion.\nLifePoint expects full-year earnings in the range of $3.75 to $4.06 per share, with revenue in the range of $5.15 billion to $5.25 billion.\nLifePoint shares have climbed 20 percent since the beginning of the year. The stock has increased 17 percent in the last 12 months.", "external_links": [], "published": "2015-09-27T03:00:00.000+03:00", "crawled": "2015-09-27T15:27:48.640+03:00", "highlightTitle": ""}