{"organizations": ["Diamond Estates Wines and Spirits Inc", "ET Diamond Estates Wines and Spirits Inc", "Diamond Estates Wines & Spirits Inc"], "uuid": "a77c67df7952a869a52a8be5915ab3cc074d55d7", "thread": {"social": {"gplus": {"shares": 0}, "pinterest": {"shares": 0}, "vk": {"shares": 0}, "linkedin": {"shares": 0}, "facebook": {"likes": 0, "shares": 0, "comments": 0}, "stumbledupon": {"shares": 0}}, "site_full": "www.marketwired.com", "main_image": "http://www.marketwire.com/library/MwGo/2015/9/28/11G060393/mw19dnmomrr622u8paun211141ta-1339418263979.jpg", "site_section": "http://www.marketwire.com/rss/mwFSPF.xml", "section_title": "Marketwired - Personal Finance", "url": "http://www.marketwired.com/press-release/diamond-estates-wines-spirits-inc-announces-results-annual-general-special-meeting-including-tsx-venture-dws-2059030.htm", "country": "CA", "title": "Diamond Estates Wines and Spirits Inc. Announces Results of Annual General and Special Meeting Including the Adoption of a Deferred Share Unit Plan and a Reduction in Stated Capital", "performance_score": 0, "site": "marketwired.com", "participants_count": 0, "title_full": "Diamond Estates Wines and Spirits Inc. Announces Results of Annual General and Special Meeting Including the Adoption of a Deferred Share Unit Plan and a Reduction in Stated Capital", "spam_score": 0.0, "site_type": "news", "published": "2015-09-28T23:30:00.000+03:00", "replies_count": 0, "uuid": "a77c67df7952a869a52a8be5915ab3cc074d55d7"}, "author": "", "url": "http://www.marketwired.com/press-release/diamond-estates-wines-spirits-inc-announces-results-annual-general-special-meeting-including-tsx-venture-dws-2059030.htm", "ord_in_thread": 0, "title": "Diamond Estates Wines and Spirits Inc. Announces Results of Annual General and Special Meeting Including the Adoption of a Deferred Share Unit Plan and a Reduction in Stated Capital", "locations": [], "entities": {"persons": [], "locations": [], "organizations": []}, "highlightText": "", "language": "english", "persons": [], "text": "SOURCE: Diamond Estates Wines & Spirits Inc. September 28, 2015 16:30 ET Diamond Estates Wines and Spirits Inc. Announces Results of Annual General and Special Meeting Including the Adoption of a Deferred Share Unit Plan and a Reduction in Stated Capital \nNIAGARA-ON-THE-LAKE, ON --(Marketwired - September 28, 2015) - Diamond Estates Wines & Spirits Inc. (\"Diamond Estates\" or \"the Company\") (TSX VENTURE: DWS ) is pleased to announce the successful completion of its annual general and special meeting of shareholders held on September 22, 2015 (the \"Meeting\"). The Company had 52,266,763 or 52.2% of its issued and outstanding common shares represented at the Meeting either in person or by proxy and 99% of votes received were in favour of all of the items on the agenda for the Meeting. \nAt the Meeting, shareholders voted to approve the Company's stock option plan, which is done annually, approved the re-appointment of MNP LLP, Chartered Accountants, Licensed Public Accountants as auditors of the Company for the ensuing year, and appointed J. Murray Souter, Harold Wolkin, John Hick, John De Sousa, David Beutel, Keith Harris and Craig Graham as the directors of the Company, each to hold office until the next annual general shareholders' meeting or until his successor is elected or appointed. In addition, a majority of disinterested shareholders approved the adoption of a deferred share unit (\"DSU\") plan, subject to approval from the TSX Venture Exchange. Furthermore, shareholders approved a reduction in the Corporation's stated capital in the amount of $34,104,032. The reduction in the stated capital account of the common shares will be offset by an equal reduction in the accumulated deficit such that the net effect on total shareholders' equity is $nil. \n\"We are pleased with the overwhelming support demonstrated by our shareholders at the Meeting.\" said J. Murray Souter, President and CEO of Diamond Estates. \"We are forging a path that we believe will cement Diamond Estates' long-term sustainability and realize value for our shareholders.\" \nThe Company would also like to announce that a slide presentation delivered at the Meeting by President and CEO, Murray Souter, is available on the Company's website at: http://www.diamondestates.ca/site/2015-agm . \nAbout Diamond Estates Wines and Spirits Inc. \nDiamond Estates Wines and Spirits Inc. is a producer of high quality wines and a sales agent for over 120 beverage alcohol brands across Canada. The company operates two wineries in the Niagara region of Ontario producing VQA and blended wines under such well-known brand names as 20 Bees, EastDell Estates, Lakeview Cellars, Dois Amigos, Dan Aykroyd, Riders Valley, Benchmark and Seasons. Through its partnership, Kirkwood Diamond Canada, the Company is the sales agent for top selling international brands in all regions of the country as well as being a distributor in the western provinces. These recognizable brands include Fat Bastard wines from France, Fireball Whiskey Shooter from Canada, Hpnotiq Liqueur from France, Anciano wines from Spain, Francois Lurton wines from France and Argentina, Brick Brewing from Canada, Buffalo Trace Bourbon from USA, Flor de Cana rum from Nicaragua, Iceberg Vodka from Canada and many others. For further information on the company, please visit the company's SEDAR profile a t www.sedar.com. \nDiamond Estates Wines & Spirits Inc. common shares trade on the TSX Venture Exchange (symbol: DWS). \nNeither the TSX Venture Exchange nor its Regulation Services Provider (as that term is defined in the policies of the TSX Venture Exchange) accepts responsibility for the adequacy or accuracy of this release. Contact Information", "external_links": [], "published": "2015-09-28T23:30:00.000+03:00", "crawled": "2015-09-29T00:03:09.841+03:00", "highlightTitle": ""}