{"organizations": [], "uuid": "dd853adf2743188c6bab3d26903405241369329e", "thread": {"social": {"gplus": {"shares": 0}, "pinterest": {"shares": 0}, "vk": {"shares": 0}, "linkedin": {"shares": 0}, "facebook": {"likes": 0, "shares": 0, "comments": 0}, "stumbledupon": {"shares": 0}}, "site_full": "www.reuters.com", "main_image": "", "site_section": "http://www.reuters.com/finance/personal-finance", "section_title": "Wealth, Personal Finance &amp; Money | Reuters.com", "url": "http://www.reuters.com/article/2015/09/30/brazil-fuel-petrobras-idUSE5N0XX02H20150930", "country": "US", "title": "Brazil's Petrobras to raise prices of gasoline, diesel", "performance_score": 0, "site": "reuters.com", "participants_count": 1, "title_full": "Brazil's Petrobras to raise prices of gasoline, diesel | Reuters", "spam_score": 0.0, "site_type": "news", "published": "2015-09-30T06:29:00.000+03:00", "replies_count": 0, "uuid": "dd853adf2743188c6bab3d26903405241369329e"}, "author": "Reuters", "url": "http://www.reuters.com/article/2015/09/30/brazil-fuel-petrobras-idUSE5N0XX02H20150930", "ord_in_thread": 0, "title": "Brazil's Petrobras to raise prices of gasoline, diesel", "locations": [], "entities": {"persons": [], "locations": [], "organizations": []}, "highlightText": "", "language": "english", "persons": [], "text": "RIO DE JANEIRO, Sept 29 Brazil's state-run oil company Petroleo Brasileiro said on Tuesday it will raise the price of gasoline by 6 percent, and diesel by 4 percent, at refineries in Brazil.\nThe price change will take effect on Sept. 30.\n(Reporting by Stephen Eisenhammer; Editing by Paul Tait )", "external_links": [], "published": "2015-09-30T06:29:00.000+03:00", "crawled": "2015-09-30T05:51:40.867+03:00", "highlightTitle": ""}