{"organizations": [], "uuid": "a1413ef23294641004b534aadcc5fdbc675015f5", "thread": {"social": {"gplus": {"shares": 0}, "pinterest": {"shares": 0}, "vk": {"shares": 0}, "linkedin": {"shares": 0}, "facebook": {"likes": 0, "shares": 0, "comments": 0}, "stumbledupon": {"shares": 0}}, "site_full": "www.afr.com", "main_image": "http://www.afr.com/content/dam/images/g/i/w/5/r/a/image.related.afrArticleLead.620x365.gjvqm4.png/1443349315670.png", "site_section": "http://www.afr.com/", "section_title": "Financial Review - Business, Finance and Investment News | afr.com", "url": "http://www.afr.com/street-talk/flexigroup-to-take-out-fisher--paykel-finance-auction-20150926-gjvqm4", "country": "AU", "title": "FlexiGroup to take out Fisher & Paykel Finance auction", "performance_score": 0, "site": "afr.com", "participants_count": 1, "title_full": "FlexiGroup to take out Fisher & Paykel Finance auction | afr.com", "spam_score": 0.0, "site_type": "news", "published": "2015-09-27T22:15:00.000+03:00", "replies_count": 0, "uuid": "a1413ef23294641004b534aadcc5fdbc675015f5"}, "author": "afr.com", "url": "http://www.afr.com/street-talk/flexigroup-to-take-out-fisher--paykel-finance-auction-20150926-gjvqm4", "ord_in_thread": 0, "title": "FlexiGroup to take out Fisher & Paykel Finance auction", "locations": [], "entities": {"persons": [], "locations": [], "organizations": []}, "highlightText": "", "language": "english", "persons": [], "text": "Company founder Andrew Abercrombie is looking to restore stability at FlexiGroup. Paul Jones by Sarah Thompson Anthony Macdonald Jake Mitchell FlexiGroup is poised to secure Fisher & Paykel Finance, with a deal expected to be signed this week.​\nFund manager sources said ASX-listed FlexiGroup and its adviser Citi were working on the details for an equity raising to fund the acquisition. The company is expected to tap equity markets in coming weeks.\nFlexiGroup saw off the likes of KKR & Co and Kiwi buyout group Maui Capital, which had teamed up with Archer Capital and later CHAMP Private Equity, as revealed by Street Talk .\nBoth FlexiGroup and Fisher & Paykel, advised by Credit Suisse affiliate First NZ Capital, are believed to be happy with the terms of the offer and are working out the final details of the deal.\nThe offer was said to be around the $NZ300 million mark.\nThe Auckland-based finance company provides credit products including the Q-card and a credit card associated with Farmers, along with business finance.\nFlexiGroup had been regarded as the frontrunner to take out Fisher & Paykel but the leasing group has been rocked by a string of high-profile exits.\nFormer chief executive Tarek Robbiati left FlexiGroup in June, while former chairman Chris Beare and director Anne Ward both stepped down last month, prompting the share price to tank 17 per cent.\nElsewhere, as revealed by Street Talk Online , Brookfield Infrastructure Partners syndicated a $1.9 billion debt facility to finance its $8.9 billion Asciano takeover on Thursday night.\n ANZ Banking Group, Barclays, Citigroup, Deutsche Bank and HSBC were the mandated lead arrangers on the acquisition facility.\nIt's understood half the debt matures in five years time, while the other half is due in three years.\nThe facility was said to be heavily oversubscribed. Sources said the mandated lead arrangers locked in a number of underlying investors, while retaining some of the debt on their balance sheets.\nThe $9.15 a share cash and scrip offer, foreshadowed by Street Talk , was recommended by Asciano's board last month\nElsewhere, seatbelt and pool gate group Lockliv Corporation has launched an investor roadshow as it seeks to raise capital for its next stage of development.\nThe company behind the Buckle Me Up wireless seatbelt reminder will consider an initial public offering after this funding round.\nLockliv intends to expand the distribution of the Buckle Me Up and other products through aftermarket car accessory retailers, specialist child retailers and major department stores.", "external_links": [], "published": "2015-09-27T22:15:00.000+03:00", "crawled": "2015-09-28T02:06:07.643+03:00", "highlightTitle": ""}